doc_id,customer_id,company_name,segment,churn_category,specific_reason,arr,tenure_months,risk_score,feature_adoption,support_tickets_30d,last_engagement_days,is_churned,document
ANALYSIS-0001,CUST-0001,AnalyticsCo LLC,Commercial,Competition,Competitor has better features,92400,39,77,21,4,74,1,"# Churn Risk Analysis: AnalyticsCo LLC

## Executive Summary
AnalyticsCo LLC (CUST-0001) is a Commercial customer in Education with $92,400 ARR and 39 months of tenure. Current risk score: 77%. Status: CHURNED on 2025-03-10.

## Risk Factors
1. **Primary Concern:** Competitor has better features
2. **Feature Adoption:** 21% (below the Commercial benchmark of 70%)
3. **Support Activity:** 4 tickets per 30 days
4. **Engagement:** last interaction 74 days ago

## Detailed Analysis

### Churn Category: Competition
This account shows the classic pattern of competition, specifically: competitor has better features.

### Behavioural Patterns
- Feature adoption plateaued at 21%
- Support volume steady
- Engagement declining

### Segment-Specific Insight
For Commercial accounts, competition typically calls for focused customer success effort.

## Recommended Actions

### Immediate (7 days)
1. Schedule a customer success call
2. Address competitor has better features directly
3. Prioritise open support tickets

### Short-term (30 days)
1. Lift feature adoption from 21% toward 46%
2. Reduce support load by better documentation
3. Establish a weekly check-in cadence

### Long-term (90 days)
1. Rebuild executive relationships
2. Explore expansion once health recovers

## Historical Context
Comparable Commercial accounts that received improved product based on feedback showed moderate improvement in retention metrics.

---
*Customer ID: CUST-0001*
*Risk Score: 77%*
*Segment: Commercial*"
ANALYSIS-0002,CUST-0006,AuditPro LLC,Commercial,Competition,Better UX elsewhere,55700,37,24,70,3,13,1,"# Churn Risk Analysis: AuditPro LLC

## Executive Summary
AuditPro LLC (CUST-0006) is a Commercial customer in Public Sector with $55,700 ARR and 37 months of tenure. Current risk score: 24%. Status: CHURNED on 2026-05-20.

## Risk Factors
1. **Primary Concern:** Better UX elsewhere
2. **Feature Adoption:** 70% (below the Commercial benchmark of 70%)
3. **Support Activity:** 3 tickets per 30 days
4. **Engagement:** last interaction 13 days ago

## Detailed Analysis

### Churn Category: Competition
This account shows the classic pattern of competition, specifically: better ux elsewhere.

### Behavioural Patterns
- Feature adoption plateaued at 70%
- Support volume steady
- Engagement stable

### Segment-Specific Insight
For Commercial accounts, competition typically calls for focused customer success effort.

## Recommended Actions

### Immediate (7 days)
1. Schedule a customer success call
2. Address better ux elsewhere directly
3. Prioritise open support tickets

### Short-term (30 days)
1. Lift feature adoption from 70% toward 85%
2. Reduce support load by better documentation
3. Establish a bi-weekly check-in cadence

### Long-term (90 days)
1. Rebuild executive relationships
2. Explore expansion once health recovers

## Historical Context
Comparable Commercial accounts that received improved product based on feedback showed significant improvement in retention metrics.

---
*Customer ID: CUST-0006*
*Risk Score: 24%*
*Segment: Commercial*"
ANALYSIS-0003,CUST-0008,DevTools Inc,Commercial,Support Issues,Unresolved bugs,95700,39,100,0,9,57,1,"# Churn Risk Analysis: DevTools Inc

## Executive Summary
DevTools Inc (CUST-0008) is a Commercial customer in Retail with $95,700 ARR and 39 months of tenure. Current risk score: 100%. Status: CHURNED on 2025-06-08.

## Risk Factors
1. **Primary Concern:** Unresolved bugs
2. **Feature Adoption:** 0% (below the Commercial benchmark of 70%)
3. **Support Activity:** 9 tickets per 30 days
4. **Engagement:** last interaction 57 days ago

## Detailed Analysis

### Churn Category: Support Issues
This account shows the classic pattern of support issues, specifically: unresolved bugs.

### Behavioural Patterns
- Feature adoption plateaued at 0%
- Support volume rising
- Engagement declining

### Segment-Specific Insight
For Commercial accounts, support issues typically calls for focused customer success effort.

## Recommended Actions

### Immediate (7 days)
1. Schedule a customer success call
2. Address unresolved bugs directly
3. Prioritise open support tickets

### Short-term (30 days)
1. Lift feature adoption from 0% toward 25%
2. Reduce support load by proactive monitoring
3. Establish a weekly check-in cadence

### Long-term (90 days)
1. Rebuild executive relationships
2. Explore expansion once health recovers

## Historical Context
Comparable Commercial accounts that received assigned dedicated success manager showed moderate improvement in retention metrics.

---
*Customer ID: CUST-0008*
*Risk Score: 100%*
*Segment: Commercial*"
ANALYSIS-0004,CUST-0009,CacheMaster Labs,Commercial,Support Issues,Unresolved bugs,87000,39,55,41,6,55,1,"# Churn Risk Analysis: CacheMaster Labs

## Executive Summary
CacheMaster Labs (CUST-0009) is a Commercial customer in Healthcare with $87,000 ARR and 39 months of tenure. Current risk score: 55%. Status: CHURNED on 2026-05-25.

## Risk Factors
1. **Primary Concern:** Unresolved bugs
2. **Feature Adoption:** 41% (below the Commercial benchmark of 70%)
3. **Support Activity:** 6 tickets per 30 days
4. **Engagement:** last interaction 55 days ago

## Detailed Analysis

### Churn Category: Support Issues
This account shows the classic pattern of support issues, specifically: unresolved bugs.

### Behavioural Patterns
- Feature adoption plateaued at 41%
- Support volume steady
- Engagement declining

### Segment-Specific Insight
For Commercial accounts, support issues typically calls for focused customer success effort.

## Recommended Actions

### Immediate (7 days)
1. Schedule a customer success call
2. Address unresolved bugs directly
3. Prioritise open support tickets

### Short-term (30 days)
1. Lift feature adoption from 41% toward 66%
2. Reduce support load by better documentation
3. Establish a bi-weekly check-in cadence

### Long-term (90 days)
1. Rebuild executive relationships
2. Explore expansion once health recovers

## Historical Context
Comparable Commercial accounts that received set up weekly check-ins showed significant improvement in retention metrics.

---
*Customer ID: CUST-0009*
*Risk Score: 55%*
*Segment: Commercial*"
ANALYSIS-0005,CUST-0010,AnalyticsCo Inc,Commercial,Pricing Concerns,ROI not clear,76400,22,100,0,21,69,1,"# Churn Risk Analysis: AnalyticsCo Inc

## Executive Summary
AnalyticsCo Inc (CUST-0010) is a Commercial customer in Healthcare with $76,400 ARR and 22 months of tenure. Current risk score: 100%. Status: CHURNED on 2026-06-09.

## Risk Factors
1. **Primary Concern:** ROI not clear
2. **Feature Adoption:** 0% (below the Commercial benchmark of 70%)
3. **Support Activity:** 21 tickets per 30 days
4. **Engagement:** last interaction 69 days ago

## Detailed Analysis

### Churn Category: Pricing Concerns
This account shows the classic pattern of pricing concerns, specifically: roi not clear.

### Behavioural Patterns
- Feature adoption plateaued at 0%
- Support volume rising
- Engagement declining

### Segment-Specific Insight
For Commercial accounts, pricing concerns typically calls for focused customer success effort.

## Recommended Actions

### Immediate (7 days)
1. Schedule a customer success call
2. Address roi not clear directly
3. Prioritise open support tickets

### Short-term (30 days)
1. Lift feature adoption from 0% toward 25%
2. Reduce support load by proactive monitoring
3. Establish a weekly check-in cadence

### Long-term (90 days)
1. Rebuild executive relationships
2. Explore expansion once health recovers

## Historical Context
Comparable Commercial accounts that received provided credits for referrals showed moderate improvement in retention metrics.

---
*Customer ID: CUST-0010*
*Risk Score: 100%*
*Segment: Commercial*"
ANALYSIS-0006,CUST-0012,AuditPro Solutions,SMB,Competition,Better UX elsewhere,15600,24,100,0,11,58,1,"# Churn Risk Analysis: AuditPro Solutions

## Executive Summary
AuditPro Solutions (CUST-0012) is a SMB customer in Public Sector with $15,600 ARR and 24 months of tenure. Current risk score: 100%. Status: CHURNED on 2026-03-26.

## Risk Factors
1. **Primary Concern:** Better UX elsewhere
2. **Feature Adoption:** 0% (below the SMB benchmark of 70%)
3. **Support Activity:** 11 tickets per 30 days
4. **Engagement:** last interaction 58 days ago

## Detailed Analysis

### Churn Category: Competition
This account shows the classic pattern of competition, specifically: better ux elsewhere.

### Behavioural Patterns
- Feature adoption plateaued at 0%
- Support volume rising
- Engagement declining

### Segment-Specific Insight
For SMB accounts, competition typically calls for product education and training.

## Recommended Actions

### Immediate (7 days)
1. Schedule a customer success call
2. Address better ux elsewhere directly
3. Prioritise open support tickets

### Short-term (30 days)
1. Lift feature adoption from 0% toward 25%
2. Reduce support load by proactive monitoring
3. Establish a weekly check-in cadence

### Long-term (90 days)
1. Rebuild executive relationships
2. Explore expansion once health recovers

## Historical Context
Comparable SMB accounts that received matched competitor pricing showed moderate improvement in retention metrics.

---
*Customer ID: CUST-0012*
*Risk Score: 100%*
*Segment: SMB*"
ANALYSIS-0007,CUST-0013,InnovateLabs LLC,SMB,Support Issues,Poor documentation,20500,26,79,19,12,23,1,"# Churn Risk Analysis: InnovateLabs LLC

## Executive Summary
InnovateLabs LLC (CUST-0013) is a SMB customer in Financial Services with $20,500 ARR and 26 months of tenure. Current risk score: 79%. Status: CHURNED on 2026-05-25.

## Risk Factors
1. **Primary Concern:** Poor documentation
2. **Feature Adoption:** 19% (below the SMB benchmark of 70%)
3. **Support Activity:** 12 tickets per 30 days
4. **Engagement:** last interaction 23 days ago

## Detailed Analysis

### Churn Category: Support Issues
This account shows the classic pattern of support issues, specifically: poor documentation.

### Behavioural Patterns
- Feature adoption plateaued at 19%
- Support volume rising
- Engagement stable

### Segment-Specific Insight
For SMB accounts, support issues typically calls for product education and training.

## Recommended Actions

### Immediate (7 days)
1. Schedule a customer success call
2. Address poor documentation directly
3. Prioritise open support tickets

### Short-term (30 days)
1. Lift feature adoption from 19% toward 44%
2. Reduce support load by proactive monitoring
3. Establish a weekly check-in cadence

### Long-term (90 days)
1. Rebuild executive relationships
2. Explore expansion once health recovers

## Historical Context
Comparable SMB accounts that received created custom training program showed moderate improvement in retention metrics.

---
*Customer ID: CUST-0013*
*Risk Score: 79%*
*Segment: SMB*"
ANALYSIS-0008,CUST-0015,DataBridge Corp,Commercial,Product Fit,Doesn't scale,135900,29,100,0,11,54,0,"# Churn Risk Analysis: DataBridge Corp

## Executive Summary
DataBridge Corp (CUST-0015) is a Commercial customer in Education with $135,900 ARR and 29 months of tenure. Current risk score: 100%. Status: ACTIVE - at risk.

## Risk Factors
1. **Primary Concern:** Doesn't scale
2. **Feature Adoption:** 0% (below the Commercial benchmark of 70%)
3. **Support Activity:** 11 tickets per 30 days
4. **Engagement:** last interaction 54 days ago

## Detailed Analysis

### Churn Category: Product Fit
This account shows the classic pattern of product fit, specifically: doesn't scale.

### Behavioural Patterns
- Feature adoption plateaued at 0%
- Support volume rising
- Engagement declining

### Segment-Specific Insight
For Commercial accounts, product fit typically calls for focused customer success effort.

## Recommended Actions

### Immediate (7 days)
1. Schedule a customer success call
2. Address doesn't scale directly
3. Prioritise open support tickets

### Short-term (30 days)
1. Lift feature adoption from 0% toward 25%
2. Reduce support load by proactive monitoring
3. Establish a weekly check-in cadence

### Long-term (90 days)
1. Rebuild executive relationships
2. Explore expansion once health recovers

## Historical Context
Comparable Commercial accounts that received built custom integration showed moderate improvement in retention metrics.

---
*Customer ID: CUST-0015*
*Risk Score: 100%*
*Segment: Commercial*"
ANALYSIS-0009,CUST-0019,ComplianceHub Group,Commercial,Adoption Challenges,Too hard to onboard,112300,3,68,29,60,68,0,"# Churn Risk Analysis: ComplianceHub Group

## Executive Summary
ComplianceHub Group (CUST-0019) is a Commercial customer in Healthcare with $112,300 ARR and 3 months of tenure. Current risk score: 68%. Status: ACTIVE - at risk.

## Risk Factors
1. **Primary Concern:** Too hard to onboard
2. **Feature Adoption:** 29% (below the Commercial benchmark of 70%)
3. **Support Activity:** 60 tickets per 30 days
4. **Engagement:** last interaction 68 days ago

## Detailed Analysis

### Churn Category: Adoption Challenges
This account shows the classic pattern of adoption challenges, specifically: too hard to onboard.

### Behavioural Patterns
- Feature adoption plateaued at 29%
- Support volume rising
- Engagement declining

### Segment-Specific Insight
For Commercial accounts, adoption challenges typically calls for focused customer success effort.

## Recommended Actions

### Immediate (7 days)
1. Schedule a customer success call
2. Address too hard to onboard directly
3. Prioritise open support tickets

### Short-term (30 days)
1. Lift feature adoption from 29% toward 54%
2. Reduce support load by proactive monitoring
3. Establish a bi-weekly check-in cadence

### Long-term (90 days)
1. Rebuild executive relationships
2. Explore expansion once health recovers

## Historical Context
Comparable Commercial accounts that received provided implementation support showed moderate improvement in retention metrics.

---
*Customer ID: CUST-0019*
*Risk Score: 68%*
*Segment: Commercial*"
ANALYSIS-0010,CUST-0020,BackupCloud Group,Commercial,Support Issues,Unresolved bugs,111600,22,70,27,12,72,1,"# Churn Risk Analysis: BackupCloud Group

## Executive Summary
BackupCloud Group (CUST-0020) is a Commercial customer in Education with $111,600 ARR and 22 months of tenure. Current risk score: 70%. Status: CHURNED on 2025-11-01.

## Risk Factors
1. **Primary Concern:** Unresolved bugs
2. **Feature Adoption:** 27% (below the Commercial benchmark of 70%)
3. **Support Activity:** 12 tickets per 30 days
4. **Engagement:** last interaction 72 days ago

## Detailed Analysis

### Churn Category: Support Issues
This account shows the classic pattern of support issues, specifically: unresolved bugs.

### Behavioural Patterns
- Feature adoption plateaued at 27%
- Support volume rising
- Engagement declining

### Segment-Specific Insight
For Commercial accounts, support issues typically calls for focused customer success effort.

## Recommended Actions

### Immediate (7 days)
1. Schedule a customer success call
2. Address unresolved bugs directly
3. Prioritise open support tickets

### Short-term (30 days)
1. Lift feature adoption from 27% toward 52%
2. Reduce support load by proactive monitoring
3. Establish a bi-weekly check-in cadence

### Long-term (90 days)
1. Rebuild executive relationships
2. Explore expansion once health recovers

## Historical Context
Comparable Commercial accounts that received improved response sla showed moderate improvement in retention metrics.

---
*Customer ID: CUST-0020*
*Risk Score: 70%*
*Segment: Commercial*"
ANALYSIS-0011,CUST-0022,SecurityFirst Systems,Enterprise,Support Issues,No training,189900,13,63,34,20,69,0,"# Churn Risk Analysis: SecurityFirst Systems

## Executive Summary
SecurityFirst Systems (CUST-0022) is a Enterprise customer in Manufacturing with $189,900 ARR and 13 months of tenure. Current risk score: 63%. Status: ACTIVE - at risk.

## Risk Factors
1. **Primary Concern:** No training
2. **Feature Adoption:** 34% (below the Enterprise benchmark of 70%)
3. **Support Activity:** 20 tickets per 30 days
4. **Engagement:** last interaction 69 days ago

## Detailed Analysis

### Churn Category: Support Issues
This account shows the classic pattern of support issues, specifically: no training.

### Behavioural Patterns
- Feature adoption plateaued at 34%
- Support volume rising
- Engagement declining

### Segment-Specific Insight
For Enterprise accounts, support issues typically calls for executive intervention.

## Recommended Actions

### Immediate (7 days)
1. Schedule an executive business review
2. Address no training directly
3. Assign a dedicated technical account manager

### Short-term (30 days)
1. Lift feature adoption from 34% toward 59%
2. Reduce support load by proactive monitoring
3. Establish a bi-weekly check-in cadence

### Long-term (90 days)
1. Rebuild executive relationships
2. Explore expansion once health recovers

## Historical Context
Comparable Enterprise accounts that received improved response sla showed moderate improvement in retention metrics.

---
*Customer ID: CUST-0022*
*Risk Score: 63%*
*Segment: Enterprise*"
ANALYSIS-0012,CUST-0025,MicroServe LLC,SMB,Product Fit,Missing features,50800,10,67,30,27,50,0,"# Churn Risk Analysis: MicroServe LLC

## Executive Summary
MicroServe LLC (CUST-0025) is a SMB customer in Energy with $50,800 ARR and 10 months of tenure. Current risk score: 67%. Status: ACTIVE - at risk.

## Risk Factors
1. **Primary Concern:** Missing features
2. **Feature Adoption:** 30% (below the SMB benchmark of 70%)
3. **Support Activity:** 27 tickets per 30 days
4. **Engagement:** last interaction 50 days ago

## Detailed Analysis

### Churn Category: Product Fit
This account shows the classic pattern of product fit, specifically: missing features.

### Behavioural Patterns
- Feature adoption plateaued at 30%
- Support volume rising
- Engagement declining

### Segment-Specific Insight
For SMB accounts, product fit typically calls for product education and training.

## Recommended Actions

### Immediate (7 days)
1. Schedule a customer success call
2. Address missing features directly
3. Prioritise open support tickets

### Short-term (30 days)
1. Lift feature adoption from 30% toward 55%
2. Reduce support load by proactive monitoring
3. Establish a bi-weekly check-in cadence

### Long-term (90 days)
1. Rebuild executive relationships
2. Explore expansion once health recovers

## Historical Context
Comparable SMB accounts that received simplified workflow with automation showed moderate improvement in retention metrics.

---
*Customer ID: CUST-0025*
*Risk Score: 67%*
*Segment: SMB*"
ANALYSIS-0013,CUST-0026,LoadBalance Group,SMB,Adoption Challenges,Lack of champions,34200,38,61,35,6,60,0,"# Churn Risk Analysis: LoadBalance Group

## Executive Summary
LoadBalance Group (CUST-0026) is a SMB customer in Media with $34,200 ARR and 38 months of tenure. Current risk score: 61%. Status: ACTIVE - at risk.

## Risk Factors
1. **Primary Concern:** Lack of champions
2. **Feature Adoption:** 35% (below the SMB benchmark of 70%)
3. **Support Activity:** 6 tickets per 30 days
4. **Engagement:** last interaction 60 days ago

## Detailed Analysis

### Churn Category: Adoption Challenges
This account shows the classic pattern of adoption challenges, specifically: lack of champions.

### Behavioural Patterns
- Feature adoption plateaued at 35%
- Support volume steady
- Engagement declining

### Segment-Specific Insight
For SMB accounts, adoption challenges typically calls for product education and training.

## Recommended Actions

### Immediate (7 days)
1. Schedule a customer success call
2. Address lack of champions directly
3. Prioritise open support tickets

### Short-term (30 days)
1. Lift feature adoption from 35% toward 60%
2. Reduce support load by better documentation
3. Establish a bi-weekly check-in cadence

### Long-term (90 days)
1. Rebuild executive relationships
2. Explore expansion once health recovers

## Historical Context
Comparable SMB accounts that received simplified user interface showed moderate improvement in retention metrics.

---
*Customer ID: CUST-0026*
*Risk Score: 61%*
*Segment: SMB*"
ANALYSIS-0014,CUST-0027,ScaleSystems Inc,SMB,Adoption Challenges,Team not using it,44700,7,53,43,21,27,1,"# Churn Risk Analysis: ScaleSystems Inc

## Executive Summary
ScaleSystems Inc (CUST-0027) is a SMB customer in Manufacturing with $44,700 ARR and 7 months of tenure. Current risk score: 53%. Status: CHURNED on 2026-04-09.

## Risk Factors
1. **Primary Concern:** Team not using it
2. **Feature Adoption:** 43% (below the SMB benchmark of 70%)
3. **Support Activity:** 21 tickets per 30 days
4. **Engagement:** last interaction 27 days ago

## Detailed Analysis

### Churn Category: Adoption Challenges
This account shows the classic pattern of adoption challenges, specifically: team not using it.

### Behavioural Patterns
- Feature adoption plateaued at 43%
- Support volume rising
- Engagement stable

### Segment-Specific Insight
For SMB accounts, adoption challenges typically calls for product education and training.

## Recommended Actions

### Immediate (7 days)
1. Schedule a customer success call
2. Address team not using it directly
3. Prioritise open support tickets

### Short-term (30 days)
1. Lift feature adoption from 43% toward 68%
2. Reduce support load by proactive monitoring
3. Establish a bi-weekly check-in cadence

### Long-term (90 days)
1. Rebuild executive relationships
2. Explore expansion once health recovers

## Historical Context
Comparable SMB accounts that received provided implementation support showed significant improvement in retention metrics.

---
*Customer ID: CUST-0027*
*Risk Score: 53%*
*Segment: SMB*"
ANALYSIS-0015,CUST-0028,CacheMaster Inc,SMB,Competition,Competitor cheaper,52800,24,85,13,11,26,1,"# Churn Risk Analysis: CacheMaster Inc

## Executive Summary
CacheMaster Inc (CUST-0028) is a SMB customer in Technology with $52,800 ARR and 24 months of tenure. Current risk score: 85%. Status: CHURNED on 2026-05-30.

## Risk Factors
1. **Primary Concern:** Competitor cheaper
2. **Feature Adoption:** 13% (below the SMB benchmark of 70%)
3. **Support Activity:** 11 tickets per 30 days
4. **Engagement:** last interaction 26 days ago

## Detailed Analysis

### Churn Category: Competition
This account shows the classic pattern of competition, specifically: competitor cheaper.

### Behavioural Patterns
- Feature adoption plateaued at 13%
- Support volume rising
- Engagement stable

### Segment-Specific Insight
For SMB accounts, competition typically calls for product education and training.

## Recommended Actions

### Immediate (7 days)
1. Schedule a customer success call
2. Address competitor cheaper directly
3. Prioritise open support tickets

### Short-term (30 days)
1. Lift feature adoption from 13% toward 38%
2. Reduce support load by proactive monitoring
3. Establish a weekly check-in cadence

### Long-term (90 days)
1. Rebuild executive relationships
2. Explore expansion once health recovers

## Historical Context
Comparable SMB accounts that received added requested features quickly showed moderate improvement in retention metrics.

---
*Customer ID: CUST-0028*
*Risk Score: 85%*
*Segment: SMB*"
ANALYSIS-0016,CUST-0033,CodeCraft Solutions,SMB,Competition,Better UX elsewhere,21900,7,61,35,42,71,0,"# Churn Risk Analysis: CodeCraft Solutions

## Executive Summary
CodeCraft Solutions (CUST-0033) is a SMB customer in Technology with $21,900 ARR and 7 months of tenure. Current risk score: 61%. Status: ACTIVE - at risk.

## Risk Factors
1. **Primary Concern:** Better UX elsewhere
2. **Feature Adoption:** 35% (below the SMB benchmark of 70%)
3. **Support Activity:** 42 tickets per 30 days
4. **Engagement:** last interaction 71 days ago

## Detailed Analysis

### Churn Category: Competition
This account shows the classic pattern of competition, specifically: better ux elsewhere.

### Behavioural Patterns
- Feature adoption plateaued at 35%
- Support volume rising
- Engagement declining

### Segment-Specific Insight
For SMB accounts, competition typically calls for product education and training.

## Recommended Actions

### Immediate (7 days)
1. Schedule a customer success call
2. Address better ux elsewhere directly
3. Prioritise open support tickets

### Short-term (30 days)
1. Lift feature adoption from 35% toward 60%
2. Reduce support load by proactive monitoring
3. Establish a bi-weekly check-in cadence

### Long-term (90 days)
1. Rebuild executive relationships
2. Explore expansion once health recovers

## Historical Context
Comparable SMB accounts that received improved product based on feedback showed moderate improvement in retention metrics.

---
*Customer ID: CUST-0033*
*Risk Score: 61%*
*Segment: SMB*"
ANALYSIS-0017,CUST-0034,QueueManager Solutions,Commercial,Support Issues,Unresolved bugs,146500,39,62,34,5,55,1,"# Churn Risk Analysis: QueueManager Solutions

## Executive Summary
QueueManager Solutions (CUST-0034) is a Commercial customer in Healthcare with $146,500 ARR and 39 months of tenure. Current risk score: 62%. Status: CHURNED on 2025-12-04.

## Risk Factors
1. **Primary Concern:** Unresolved bugs
2. **Feature Adoption:** 34% (below the Commercial benchmark of 70%)
3. **Support Activity:** 5 tickets per 30 days
4. **Engagement:** last interaction 55 days ago

## Detailed Analysis

### Churn Category: Support Issues
This account shows the classic pattern of support issues, specifically: unresolved bugs.

### Behavioural Patterns
- Feature adoption plateaued at 34%
- Support volume steady
- Engagement declining

### Segment-Specific Insight
For Commercial accounts, support issues typically calls for focused customer success effort.

## Recommended Actions

### Immediate (7 days)
1. Schedule a customer success call
2. Address unresolved bugs directly
3. Prioritise open support tickets

### Short-term (30 days)
1. Lift feature adoption from 34% toward 59%
2. Reduce support load by better documentation
3. Establish a bi-weekly check-in cadence

### Long-term (90 days)
1. Rebuild executive relationships
2. Explore expansion once health recovers

## Historical Context
Comparable Commercial accounts that received set up weekly check-ins showed moderate improvement in retention metrics.

---
*Customer ID: CUST-0034*
*Risk Score: 62%*
*Segment: Commercial*"
ANALYSIS-0018,CUST-0036,QueueManager Labs,Commercial,Support Issues,Slow response,93400,25,88,11,16,25,1,"# Churn Risk Analysis: QueueManager Labs

## Executive Summary
QueueManager Labs (CUST-0036) is a Commercial customer in Energy with $93,400 ARR and 25 months of tenure. Current risk score: 88%. Status: CHURNED on 2026-05-10.

## Risk Factors
1. **Primary Concern:** Slow response
2. **Feature Adoption:** 11% (below the Commercial benchmark of 70%)
3. **Support Activity:** 16 tickets per 30 days
4. **Engagement:** last interaction 25 days ago

## Detailed Analysis

### Churn Category: Support Issues
This account shows the classic pattern of support issues, specifically: slow response.

### Behavioural Patterns
- Feature adoption plateaued at 11%
- Support volume rising
- Engagement stable

### Segment-Specific Insight
For Commercial accounts, support issues typically calls for focused customer success effort.

## Recommended Actions

### Immediate (7 days)
1. Schedule a customer success call
2. Address slow response directly
3. Prioritise open support tickets

### Short-term (30 days)
1. Lift feature adoption from 11% toward 36%
2. Reduce support load by proactive monitoring
3. Establish a weekly check-in cadence

### Long-term (90 days)
1. Rebuild executive relationships
2. Explore expansion once health recovers

## Historical Context
Comparable Commercial accounts that received assigned dedicated success manager showed moderate improvement in retention metrics.

---
*Customer ID: CUST-0036*
*Risk Score: 88%*
*Segment: Commercial*"
ANALYSIS-0019,CUST-0038,InnovateLabs Corp,SMB,Competition,Better UX elsewhere,26800,18,63,33,10,49,0,"# Churn Risk Analysis: InnovateLabs Corp

## Executive Summary
InnovateLabs Corp (CUST-0038) is a SMB customer in Technology with $26,800 ARR and 18 months of tenure. Current risk score: 63%. Status: ACTIVE - at risk.

## Risk Factors
1. **Primary Concern:** Better UX elsewhere
2. **Feature Adoption:** 33% (below the SMB benchmark of 70%)
3. **Support Activity:** 10 tickets per 30 days
4. **Engagement:** last interaction 49 days ago

## Detailed Analysis

### Churn Category: Competition
This account shows the classic pattern of competition, specifically: better ux elsewhere.

### Behavioural Patterns
- Feature adoption plateaued at 33%
- Support volume rising
- Engagement declining

### Segment-Specific Insight
For SMB accounts, competition typically calls for product education and training.

## Recommended Actions

### Immediate (7 days)
1. Schedule a customer success call
2. Address better ux elsewhere directly
3. Prioritise open support tickets

### Short-term (30 days)
1. Lift feature adoption from 33% toward 58%
2. Reduce support load by proactive monitoring
3. Establish a bi-weekly check-in cadence

### Long-term (90 days)
1. Rebuild executive relationships
2. Explore expansion once health recovers

## Historical Context
Comparable SMB accounts that received added requested features quickly showed moderate improvement in retention metrics.

---
*Customer ID: CUST-0038*
*Risk Score: 63%*
*Segment: SMB*"
ANALYSIS-0020,CUST-0039,BackupCloud Solutions,Enterprise,Support Issues,Poor documentation,134200,14,51,45,17,27,1,"# Churn Risk Analysis: BackupCloud Solutions

## Executive Summary
BackupCloud Solutions (CUST-0039) is a Enterprise customer in Public Sector with $134,200 ARR and 14 months of tenure. Current risk score: 51%. Status: CHURNED on 2026-04-07.

## Risk Factors
1. **Primary Concern:** Poor documentation
2. **Feature Adoption:** 45% (below the Enterprise benchmark of 70%)
3. **Support Activity:** 17 tickets per 30 days
4. **Engagement:** last interaction 27 days ago

## Detailed Analysis

### Churn Category: Support Issues
This account shows the classic pattern of support issues, specifically: poor documentation.

### Behavioural Patterns
- Feature adoption plateaued at 45%
- Support volume rising
- Engagement stable

### Segment-Specific Insight
For Enterprise accounts, support issues typically calls for executive intervention.

## Recommended Actions

### Immediate (7 days)
1. Schedule an executive business review
2. Address poor documentation directly
3. Assign a dedicated technical account manager

### Short-term (30 days)
1. Lift feature adoption from 45% toward 70%
2. Reduce support load by proactive monitoring
3. Establish a bi-weekly check-in cadence

### Long-term (90 days)
1. Rebuild executive relationships
2. Explore expansion once health recovers

## Historical Context
Comparable Enterprise accounts that received set up weekly check-ins showed significant improvement in retention metrics.

---
*Customer ID: CUST-0039*
*Risk Score: 51%*
*Segment: Enterprise*"
ANALYSIS-0021,CUST-0040,IntegrationHQ LLC,Commercial,Pricing Concerns,Too expensive,80600,18,84,14,13,29,1,"# Churn Risk Analysis: IntegrationHQ LLC

## Executive Summary
IntegrationHQ LLC (CUST-0040) is a Commercial customer in Education with $80,600 ARR and 18 months of tenure. Current risk score: 84%. Status: CHURNED on 2026-01-09.

## Risk Factors
1. **Primary Concern:** Too expensive
2. **Feature Adoption:** 14% (below the Commercial benchmark of 70%)
3. **Support Activity:** 13 tickets per 30 days
4. **Engagement:** last interaction 29 days ago

## Detailed Analysis

### Churn Category: Pricing Concerns
This account shows the classic pattern of pricing concerns, specifically: too expensive.

### Behavioural Patterns
- Feature adoption plateaued at 14%
- Support volume rising
- Engagement stable

### Segment-Specific Insight
For Commercial accounts, pricing concerns typically calls for focused customer success effort.

## Recommended Actions

### Immediate (7 days)
1. Schedule a customer success call
2. Address too expensive directly
3. Prioritise open support tickets

### Short-term (30 days)
1. Lift feature adoption from 14% toward 39%
2. Reduce support load by proactive monitoring
3. Establish a weekly check-in cadence

### Long-term (90 days)
1. Rebuild executive relationships
2. Explore expansion once health recovers

## Historical Context
Comparable Commercial accounts that received offered discount for annual commitment showed moderate improvement in retention metrics.

---
*Customer ID: CUST-0040*
*Risk Score: 84%*
*Segment: Commercial*"
ANALYSIS-0022,CUST-0042,DataSync Technologies,SMB,Competition,Competitor cheaper,24100,37,69,28,9,74,1,"# Churn Risk Analysis: DataSync Technologies

## Executive Summary
DataSync Technologies (CUST-0042) is a SMB customer in Public Sector with $24,100 ARR and 37 months of tenure. Current risk score: 69%. Status: CHURNED on 2026-02-12.

## Risk Factors
1. **Primary Concern:** Competitor cheaper
2. **Feature Adoption:** 28% (below the SMB benchmark of 70%)
3. **Support Activity:** 9 tickets per 30 days
4. **Engagement:** last interaction 74 days ago

## Detailed Analysis

### Churn Category: Competition
This account shows the classic pattern of competition, specifically: competitor cheaper.

### Behavioural Patterns
- Feature adoption plateaued at 28%
- Support volume rising
- Engagement declining

### Segment-Specific Insight
For SMB accounts, competition typically calls for product education and training.

## Recommended Actions

### Immediate (7 days)
1. Schedule a customer success call
2. Address competitor cheaper directly
3. Prioritise open support tickets

### Short-term (30 days)
1. Lift feature adoption from 28% toward 53%
2. Reduce support load by proactive monitoring
3. Establish a bi-weekly check-in cadence

### Long-term (90 days)
1. Rebuild executive relationships
2. Explore expansion once health recovers

## Historical Context
Comparable SMB accounts that received matched competitor pricing showed moderate improvement in retention metrics.

---
*Customer ID: CUST-0042*
*Risk Score: 69%*
*Segment: SMB*"
ANALYSIS-0023,CUST-0044,InnovateLabs Group,Commercial,Product Fit,Missing features,132200,3,55,41,70,41,1,"# Churn Risk Analysis: InnovateLabs Group

## Executive Summary
InnovateLabs Group (CUST-0044) is a Commercial customer in Energy with $132,200 ARR and 3 months of tenure. Current risk score: 55%. Status: CHURNED on 2026-05-30.

## Risk Factors
1. **Primary Concern:** Missing features
2. **Feature Adoption:** 41% (below the Commercial benchmark of 70%)
3. **Support Activity:** 70 tickets per 30 days
4. **Engagement:** last interaction 41 days ago

## Detailed Analysis

### Churn Category: Product Fit
This account shows the classic pattern of product fit, specifically: missing features.

### Behavioural Patterns
- Feature adoption plateaued at 41%
- Support volume rising
- Engagement declining

### Segment-Specific Insight
For Commercial accounts, product fit typically calls for focused customer success effort.

## Recommended Actions

### Immediate (7 days)
1. Schedule a customer success call
2. Address missing features directly
3. Prioritise open support tickets

### Short-term (30 days)
1. Lift feature adoption from 41% toward 66%
2. Reduce support load by proactive monitoring
3. Establish a bi-weekly check-in cadence

### Long-term (90 days)
1. Rebuild executive relationships
2. Explore expansion once health recovers

## Historical Context
Comparable Commercial accounts that received fast-tracked feature request showed significant improvement in retention metrics.

---
*Customer ID: CUST-0044*
*Risk Score: 55%*
*Segment: Commercial*"
ANALYSIS-0024,CUST-0047,WorkflowPro Labs,SMB,Product Fit,Too complex,30400,16,73,25,15,52,1,"# Churn Risk Analysis: WorkflowPro Labs

## Executive Summary
WorkflowPro Labs (CUST-0047) is a SMB customer in Retail with $30,400 ARR and 16 months of tenure. Current risk score: 73%. Status: CHURNED on 2026-03-25.

## Risk Factors
1. **Primary Concern:** Too complex
2. **Feature Adoption:** 25% (below the SMB benchmark of 70%)
3. **Support Activity:** 15 tickets per 30 days
4. **Engagement:** last interaction 52 days ago

## Detailed Analysis

### Churn Category: Product Fit
This account shows the classic pattern of product fit, specifically: too complex.

### Behavioural Patterns
- Feature adoption plateaued at 25%
- Support volume rising
- Engagement declining

### Segment-Specific Insight
For SMB accounts, product fit typically calls for product education and training.

## Recommended Actions

### Immediate (7 days)
1. Schedule a customer success call
2. Address too complex directly
3. Prioritise open support tickets

### Short-term (30 days)
1. Lift feature adoption from 25% toward 50%
2. Reduce support load by proactive monitoring
3. Establish a weekly check-in cadence

### Long-term (90 days)
1. Rebuild executive relationships
2. Explore expansion once health recovers

## Historical Context
Comparable SMB accounts that received built custom integration showed moderate improvement in retention metrics.

---
*Customer ID: CUST-0047*
*Risk Score: 73%*
*Segment: SMB*"
ANALYSIS-0025,CUST-0048,MetricsDash Solutions,SMB,Product Fit,Doesn't scale,31300,21,100,0,17,68,1,"# Churn Risk Analysis: MetricsDash Solutions

## Executive Summary
MetricsDash Solutions (CUST-0048) is a SMB customer in Technology with $31,300 ARR and 21 months of tenure. Current risk score: 100%. Status: CHURNED on 2026-04-30.

## Risk Factors
1. **Primary Concern:** Doesn't scale
2. **Feature Adoption:** 0% (below the SMB benchmark of 70%)
3. **Support Activity:** 17 tickets per 30 days
4. **Engagement:** last interaction 68 days ago

## Detailed Analysis

### Churn Category: Product Fit
This account shows the classic pattern of product fit, specifically: doesn't scale.

### Behavioural Patterns
- Feature adoption plateaued at 0%
- Support volume rising
- Engagement declining

### Segment-Specific Insight
For SMB accounts, product fit typically calls for product education and training.

## Recommended Actions

### Immediate (7 days)
1. Schedule a customer success call
2. Address doesn't scale directly
3. Prioritise open support tickets

### Short-term (30 days)
1. Lift feature adoption from 0% toward 25%
2. Reduce support load by proactive monitoring
3. Establish a weekly check-in cadence

### Long-term (90 days)
1. Rebuild executive relationships
2. Explore expansion once health recovers

## Historical Context
Comparable SMB accounts that received provided api access for customization showed moderate improvement in retention metrics.

---
*Customer ID: CUST-0048*
*Risk Score: 100%*
*Segment: SMB*"
ANALYSIS-0026,CUST-0049,TechFlow Inc,SMB,Support Issues,Poor documentation,45000,20,59,38,15,53,1,"# Churn Risk Analysis: TechFlow Inc

## Executive Summary
TechFlow Inc (CUST-0049) is a SMB customer in Energy with $45,000 ARR and 20 months of tenure. Current risk score: 59%. Status: CHURNED on 2026-01-29.

## Risk Factors
1. **Primary Concern:** Poor documentation
2. **Feature Adoption:** 38% (below the SMB benchmark of 70%)
3. **Support Activity:** 15 tickets per 30 days
4. **Engagement:** last interaction 53 days ago

## Detailed Analysis

### Churn Category: Support Issues
This account shows the classic pattern of support issues, specifically: poor documentation.

### Behavioural Patterns
- Feature adoption plateaued at 38%
- Support volume rising
- Engagement declining

### Segment-Specific Insight
For SMB accounts, support issues typically calls for product education and training.

## Recommended Actions

### Immediate (7 days)
1. Schedule a customer success call
2. Address poor documentation directly
3. Prioritise open support tickets

### Short-term (30 days)
1. Lift feature adoption from 38% toward 63%
2. Reduce support load by proactive monitoring
3. Establish a bi-weekly check-in cadence

### Long-term (90 days)
1. Rebuild executive relationships
2. Explore expansion once health recovers

## Historical Context
Comparable SMB accounts that received improved response sla showed significant improvement in retention metrics.

---
*Customer ID: CUST-0049*
*Risk Score: 59%*
*Segment: SMB*"
ANALYSIS-0027,CUST-0051,CloudScale Systems,Enterprise,Competition,Competitor cheaper,172600,46,100,0,7,21,0,"# Churn Risk Analysis: CloudScale Systems

## Executive Summary
CloudScale Systems (CUST-0051) is a Enterprise customer in Energy with $172,600 ARR and 46 months of tenure. Current risk score: 100%. Status: ACTIVE - at risk.

## Risk Factors
1. **Primary Concern:** Competitor cheaper
2. **Feature Adoption:** 0% (below the Enterprise benchmark of 70%)
3. **Support Activity:** 7 tickets per 30 days
4. **Engagement:** last interaction 21 days ago

## Detailed Analysis

### Churn Category: Competition
This account shows the classic pattern of competition, specifically: competitor cheaper.

### Behavioural Patterns
- Feature adoption plateaued at 0%
- Support volume rising
- Engagement stable

### Segment-Specific Insight
For Enterprise accounts, competition typically calls for executive intervention.

## Recommended Actions

### Immediate (7 days)
1. Schedule an executive business review
2. Address competitor cheaper directly
3. Assign a dedicated technical account manager

### Short-term (30 days)
1. Lift feature adoption from 0% toward 25%
2. Reduce support load by proactive monitoring
3. Establish a weekly check-in cadence

### Long-term (90 days)
1. Rebuild executive relationships
2. Explore expansion once health recovers

## Historical Context
Comparable Enterprise accounts that received added requested features quickly showed moderate improvement in retention metrics.

---
*Customer ID: CUST-0051*
*Risk Score: 100%*
*Segment: Enterprise*"
ANALYSIS-0028,CUST-0052,DevOpsHub Inc,SMB,Adoption Challenges,Too hard to onboard,44700,34,60,36,8,39,0,"# Churn Risk Analysis: DevOpsHub Inc

## Executive Summary
DevOpsHub Inc (CUST-0052) is a SMB customer in Logistics with $44,700 ARR and 34 months of tenure. Current risk score: 60%. Status: ACTIVE - at risk.

## Risk Factors
1. **Primary Concern:** Too hard to onboard
2. **Feature Adoption:** 36% (below the SMB benchmark of 70%)
3. **Support Activity:** 8 tickets per 30 days
4. **Engagement:** last interaction 39 days ago

## Detailed Analysis

### Churn Category: Adoption Challenges
This account shows the classic pattern of adoption challenges, specifically: too hard to onboard.

### Behavioural Patterns
- Feature adoption plateaued at 36%
- Support volume rising
- Engagement declining

### Segment-Specific Insight
For SMB accounts, adoption challenges typically calls for product education and training.

## Recommended Actions

### Immediate (7 days)
1. Schedule a customer success call
2. Address too hard to onboard directly
3. Prioritise open support tickets

### Short-term (30 days)
1. Lift feature adoption from 36% toward 61%
2. Reduce support load by proactive monitoring
3. Establish a bi-weekly check-in cadence

### Long-term (90 days)
1. Rebuild executive relationships
2. Explore expansion once health recovers

## Historical Context
Comparable SMB accounts that received simplified user interface showed moderate improvement in retention metrics.

---
*Customer ID: CUST-0052*
*Risk Score: 60%*
*Segment: SMB*"
ANALYSIS-0029,CUST-0053,TechFlow LLC,Commercial,Support Issues,Poor documentation,132500,28,84,14,13,25,1,"# Churn Risk Analysis: TechFlow LLC

## Executive Summary
TechFlow LLC (CUST-0053) is a Commercial customer in Education with $132,500 ARR and 28 months of tenure. Current risk score: 84%. Status: CHURNED on 2025-10-17.

## Risk Factors
1. **Primary Concern:** Poor documentation
2. **Feature Adoption:** 14% (below the Commercial benchmark of 70%)
3. **Support Activity:** 13 tickets per 30 days
4. **Engagement:** last interaction 25 days ago

## Detailed Analysis

### Churn Category: Support Issues
This account shows the classic pattern of support issues, specifically: poor documentation.

### Behavioural Patterns
- Feature adoption plateaued at 14%
- Support volume rising
- Engagement stable

### Segment-Specific Insight
For Commercial accounts, support issues typically calls for focused customer success effort.

## Recommended Actions

### Immediate (7 days)
1. Schedule a customer success call
2. Address poor documentation directly
3. Prioritise open support tickets

### Short-term (30 days)
1. Lift feature adoption from 14% toward 39%
2. Reduce support load by proactive monitoring
3. Establish a weekly check-in cadence

### Long-term (90 days)
1. Rebuild executive relationships
2. Explore expansion once health recovers

## Historical Context
Comparable Commercial accounts that received assigned dedicated success manager showed moderate improvement in retention metrics.

---
*Customer ID: CUST-0053*
*Risk Score: 84%*
*Segment: Commercial*"
ANALYSIS-0030,CUST-0055,SecureNet Inc,SMB,Product Fit,Doesn't scale,37600,47,74,23,7,71,0,"# Churn Risk Analysis: SecureNet Inc

## Executive Summary
SecureNet Inc (CUST-0055) is a SMB customer in Public Sector with $37,600 ARR and 47 months of tenure. Current risk score: 74%. Status: ACTIVE - at risk.

## Risk Factors
1. **Primary Concern:** Doesn't scale
2. **Feature Adoption:** 23% (below the SMB benchmark of 70%)
3. **Support Activity:** 7 tickets per 30 days
4. **Engagement:** last interaction 71 days ago

## Detailed Analysis

### Churn Category: Product Fit
This account shows the classic pattern of product fit, specifically: doesn't scale.

### Behavioural Patterns
- Feature adoption plateaued at 23%
- Support volume rising
- Engagement declining

### Segment-Specific Insight
For SMB accounts, product fit typically calls for product education and training.

## Recommended Actions

### Immediate (7 days)
1. Schedule a customer success call
2. Address doesn't scale directly
3. Prioritise open support tickets

### Short-term (30 days)
1. Lift feature adoption from 23% toward 48%
2. Reduce support load by proactive monitoring
3. Establish a weekly check-in cadence

### Long-term (90 days)
1. Rebuild executive relationships
2. Explore expansion once health recovers

## Historical Context
Comparable SMB accounts that received built custom integration showed moderate improvement in retention metrics.

---
*Customer ID: CUST-0055*
*Risk Score: 74%*
*Segment: SMB*"
ANALYSIS-0031,CUST-0057,DataSync Labs,Enterprise,Adoption Challenges,Lack of champions,210500,18,44,51,8,62,1,"# Churn Risk Analysis: DataSync Labs

## Executive Summary
DataSync Labs (CUST-0057) is a Enterprise customer in Retail with $210,500 ARR and 18 months of tenure. Current risk score: 44%. Status: CHURNED on 2026-04-29.

## Risk Factors
1. **Primary Concern:** Lack of champions
2. **Feature Adoption:** 51% (below the Enterprise benchmark of 70%)
3. **Support Activity:** 8 tickets per 30 days
4. **Engagement:** last interaction 62 days ago

## Detailed Analysis

### Churn Category: Adoption Challenges
This account shows the classic pattern of adoption challenges, specifically: lack of champions.

### Behavioural Patterns
- Feature adoption plateaued at 51%
- Support volume rising
- Engagement declining

### Segment-Specific Insight
For Enterprise accounts, adoption challenges typically calls for executive intervention.

## Recommended Actions

### Immediate (7 days)
1. Schedule an executive business review
2. Address lack of champions directly
3. Assign a dedicated technical account manager

### Short-term (30 days)
1. Lift feature adoption from 51% toward 76%
2. Reduce support load by proactive monitoring
3. Establish a bi-weekly check-in cadence

### Long-term (90 days)
1. Rebuild executive relationships
2. Explore expansion once health recovers

## Historical Context
Comparable Enterprise accounts that received provided implementation support showed significant improvement in retention metrics.

---
*Customer ID: CUST-0057*
*Risk Score: 44%*
*Segment: Enterprise*"
ANALYSIS-0032,CUST-0062,AuditPro Systems,SMB,Adoption Challenges,Too hard to onboard,11800,47,55,41,5,63,1,"# Churn Risk Analysis: AuditPro Systems

## Executive Summary
AuditPro Systems (CUST-0062) is a SMB customer in Energy with $11,800 ARR and 47 months of tenure. Current risk score: 55%. Status: CHURNED on 2026-05-31.

## Risk Factors
1. **Primary Concern:** Too hard to onboard
2. **Feature Adoption:** 41% (below the SMB benchmark of 70%)
3. **Support Activity:** 5 tickets per 30 days
4. **Engagement:** last interaction 63 days ago

## Detailed Analysis

### Churn Category: Adoption Challenges
This account shows the classic pattern of adoption challenges, specifically: too hard to onboard.

### Behavioural Patterns
- Feature adoption plateaued at 41%
- Support volume steady
- Engagement declining

### Segment-Specific Insight
For SMB accounts, adoption challenges typically calls for product education and training.

## Recommended Actions

### Immediate (7 days)
1. Schedule a customer success call
2. Address too hard to onboard directly
3. Prioritise open support tickets

### Short-term (30 days)
1. Lift feature adoption from 41% toward 66%
2. Reduce support load by better documentation
3. Establish a bi-weekly check-in cadence

### Long-term (90 days)
1. Rebuild executive relationships
2. Explore expansion once health recovers

## Historical Context
Comparable SMB accounts that received conducted onboarding workshops showed significant improvement in retention metrics.

---
*Customer ID: CUST-0062*
*Risk Score: 55%*
*Segment: SMB*"
ANALYSIS-0033,CUST-0064,BackupCloud Corp,SMB,Adoption Challenges,Too hard to onboard,18800,6,41,54,25,21,1,"# Churn Risk Analysis: BackupCloud Corp

## Executive Summary
BackupCloud Corp (CUST-0064) is a SMB customer in Retail with $18,800 ARR and 6 months of tenure. Current risk score: 41%. Status: CHURNED on 2026-05-25.

## Risk Factors
1. **Primary Concern:** Too hard to onboard
2. **Feature Adoption:** 54% (below the SMB benchmark of 70%)
3. **Support Activity:** 25 tickets per 30 days
4. **Engagement:** last interaction 21 days ago

## Detailed Analysis

### Churn Category: Adoption Challenges
This account shows the classic pattern of adoption challenges, specifically: too hard to onboard.

### Behavioural Patterns
- Feature adoption plateaued at 54%
- Support volume rising
- Engagement stable

### Segment-Specific Insight
For SMB accounts, adoption challenges typically calls for product education and training.

## Recommended Actions

### Immediate (7 days)
1. Schedule a customer success call
2. Address too hard to onboard directly
3. Prioritise open support tickets

### Short-term (30 days)
1. Lift feature adoption from 54% toward 79%
2. Reduce support load by proactive monitoring
3. Establish a bi-weekly check-in cadence

### Long-term (90 days)
1. Rebuild executive relationships
2. Explore expansion once health recovers

## Historical Context
Comparable SMB accounts that received provided implementation support showed significant improvement in retention metrics.

---
*Customer ID: CUST-0064*
*Risk Score: 41%*
*Segment: SMB*"
ANALYSIS-0034,CUST-0065,TechFlow Technologies,Commercial,Adoption Challenges,Team not using it,140100,34,69,28,6,58,0,"# Churn Risk Analysis: TechFlow Technologies

## Executive Summary
TechFlow Technologies (CUST-0065) is a Commercial customer in Financial Services with $140,100 ARR and 34 months of tenure. Current risk score: 69%. Status: ACTIVE - at risk.

## Risk Factors
1. **Primary Concern:** Team not using it
2. **Feature Adoption:** 28% (below the Commercial benchmark of 70%)
3. **Support Activity:** 6 tickets per 30 days
4. **Engagement:** last interaction 58 days ago

## Detailed Analysis

### Churn Category: Adoption Challenges
This account shows the classic pattern of adoption challenges, specifically: team not using it.

### Behavioural Patterns
- Feature adoption plateaued at 28%
- Support volume steady
- Engagement declining

### Segment-Specific Insight
For Commercial accounts, adoption challenges typically calls for focused customer success effort.

## Recommended Actions

### Immediate (7 days)
1. Schedule a customer success call
2. Address team not using it directly
3. Prioritise open support tickets

### Short-term (30 days)
1. Lift feature adoption from 28% toward 53%
2. Reduce support load by better documentation
3. Establish a bi-weekly check-in cadence

### Long-term (90 days)
1. Rebuild executive relationships
2. Explore expansion once health recovers

## Historical Context
Comparable Commercial accounts that received conducted onboarding workshops showed moderate improvement in retention metrics.

---
*Customer ID: CUST-0065*
*Risk Score: 69%*
*Segment: Commercial*"
ANALYSIS-0035,CUST-0066,ContainerOps Systems,SMB,Competition,Better UX elsewhere,60000,31,53,43,6,58,1,"# Churn Risk Analysis: ContainerOps Systems

## Executive Summary
ContainerOps Systems (CUST-0066) is a SMB customer in Media with $60,000 ARR and 31 months of tenure. Current risk score: 53%. Status: CHURNED on 2025-08-20.

## Risk Factors
1. **Primary Concern:** Better UX elsewhere
2. **Feature Adoption:** 43% (below the SMB benchmark of 70%)
3. **Support Activity:** 6 tickets per 30 days
4. **Engagement:** last interaction 58 days ago

## Detailed Analysis

### Churn Category: Competition
This account shows the classic pattern of competition, specifically: better ux elsewhere.

### Behavioural Patterns
- Feature adoption plateaued at 43%
- Support volume steady
- Engagement declining

### Segment-Specific Insight
For SMB accounts, competition typically calls for product education and training.

## Recommended Actions

### Immediate (7 days)
1. Schedule a customer success call
2. Address better ux elsewhere directly
3. Prioritise open support tickets

### Short-term (30 days)
1. Lift feature adoption from 43% toward 68%
2. Reduce support load by better documentation
3. Establish a bi-weekly check-in cadence

### Long-term (90 days)
1. Rebuild executive relationships
2. Explore expansion once health recovers

## Historical Context
Comparable SMB accounts that received matched competitor pricing showed significant improvement in retention metrics.

---
*Customer ID: CUST-0066*
*Risk Score: 53%*
*Segment: SMB*"
ANALYSIS-0036,CUST-0067,CacheMaster Solutions,SMB,Competition,Competitor cheaper,47300,25,100,0,19,58,1,"# Churn Risk Analysis: CacheMaster Solutions

## Executive Summary
CacheMaster Solutions (CUST-0067) is a SMB customer in Financial Services with $47,300 ARR and 25 months of tenure. Current risk score: 100%. Status: CHURNED on 2025-07-30.

## Risk Factors
1. **Primary Concern:** Competitor cheaper
2. **Feature Adoption:** 0% (below the SMB benchmark of 70%)
3. **Support Activity:** 19 tickets per 30 days
4. **Engagement:** last interaction 58 days ago

## Detailed Analysis

### Churn Category: Competition
This account shows the classic pattern of competition, specifically: competitor cheaper.

### Behavioural Patterns
- Feature adoption plateaued at 0%
- Support volume rising
- Engagement declining

### Segment-Specific Insight
For SMB accounts, competition typically calls for product education and training.

## Recommended Actions

### Immediate (7 days)
1. Schedule a customer success call
2. Address competitor cheaper directly
3. Prioritise open support tickets

### Short-term (30 days)
1. Lift feature adoption from 0% toward 25%
2. Reduce support load by proactive monitoring
3. Establish a weekly check-in cadence

### Long-term (90 days)
1. Rebuild executive relationships
2. Explore expansion once health recovers

## Historical Context
Comparable SMB accounts that received highlighted unique differentiators showed moderate improvement in retention metrics.

---
*Customer ID: CUST-0067*
*Risk Score: 100%*
*Segment: SMB*"
ANALYSIS-0037,CUST-0071,MicroServe Solutions,Enterprise,Support Issues,Poor documentation,314600,46,59,37,3,29,0,"# Churn Risk Analysis: MicroServe Solutions

## Executive Summary
MicroServe Solutions (CUST-0071) is a Enterprise customer in Financial Services with $314,600 ARR and 46 months of tenure. Current risk score: 59%. Status: ACTIVE - at risk.

## Risk Factors
1. **Primary Concern:** Poor documentation
2. **Feature Adoption:** 37% (below the Enterprise benchmark of 70%)
3. **Support Activity:** 3 tickets per 30 days
4. **Engagement:** last interaction 29 days ago

## Detailed Analysis

### Churn Category: Support Issues
This account shows the classic pattern of support issues, specifically: poor documentation.

### Behavioural Patterns
- Feature adoption plateaued at 37%
- Support volume steady
- Engagement stable

### Segment-Specific Insight
For Enterprise accounts, support issues typically calls for executive intervention.

## Recommended Actions

### Immediate (7 days)
1. Schedule an executive business review
2. Address poor documentation directly
3. Assign a dedicated technical account manager

### Short-term (30 days)
1. Lift feature adoption from 37% toward 62%
2. Reduce support load by better documentation
3. Establish a bi-weekly check-in cadence

### Long-term (90 days)
1. Rebuild executive relationships
2. Explore expansion once health recovers

## Historical Context
Comparable Enterprise accounts that received assigned dedicated success manager showed significant improvement in retention metrics.

---
*Customer ID: CUST-0071*
*Risk Score: 59%*
*Segment: Enterprise*"
ANALYSIS-0038,CUST-0077,DataSync LLC,Enterprise,Pricing Concerns,Too expensive,414800,8,64,33,37,48,1,"# Churn Risk Analysis: DataSync LLC

## Executive Summary
DataSync LLC (CUST-0077) is a Enterprise customer in Manufacturing with $414,800 ARR and 8 months of tenure. Current risk score: 64%. Status: CHURNED on 2026-06-06.

## Risk Factors
1. **Primary Concern:** Too expensive
2. **Feature Adoption:** 33% (below the Enterprise benchmark of 70%)
3. **Support Activity:** 37 tickets per 30 days
4. **Engagement:** last interaction 48 days ago

## Detailed Analysis

### Churn Category: Pricing Concerns
This account shows the classic pattern of pricing concerns, specifically: too expensive.

### Behavioural Patterns
- Feature adoption plateaued at 33%
- Support volume rising
- Engagement declining

### Segment-Specific Insight
For Enterprise accounts, pricing concerns typically calls for executive intervention.

## Recommended Actions

### Immediate (7 days)
1. Schedule an executive business review
2. Address too expensive directly
3. Assign a dedicated technical account manager

### Short-term (30 days)
1. Lift feature adoption from 33% toward 58%
2. Reduce support load by proactive monitoring
3. Establish a bi-weekly check-in cadence

### Long-term (90 days)
1. Rebuild executive relationships
2. Explore expansion once health recovers

## Historical Context
Comparable Enterprise accounts that received provided credits for referrals showed moderate improvement in retention metrics.

---
*Customer ID: CUST-0077*
*Risk Score: 64%*
*Segment: Enterprise*"
ANALYSIS-0039,CUST-0078,CodeCraft Labs,Commercial,Product Fit,Missing features,104000,16,88,11,15,31,1,"# Churn Risk Analysis: CodeCraft Labs

## Executive Summary
CodeCraft Labs (CUST-0078) is a Commercial customer in Retail with $104,000 ARR and 16 months of tenure. Current risk score: 88%. Status: CHURNED on 2026-01-24.

## Risk Factors
1. **Primary Concern:** Missing features
2. **Feature Adoption:** 11% (below the Commercial benchmark of 70%)
3. **Support Activity:** 15 tickets per 30 days
4. **Engagement:** last interaction 31 days ago

## Detailed Analysis

### Churn Category: Product Fit
This account shows the classic pattern of product fit, specifically: missing features.

### Behavioural Patterns
- Feature adoption plateaued at 11%
- Support volume rising
- Engagement declining

### Segment-Specific Insight
For Commercial accounts, product fit typically calls for focused customer success effort.

## Recommended Actions

### Immediate (7 days)
1. Schedule a customer success call
2. Address missing features directly
3. Prioritise open support tickets

### Short-term (30 days)
1. Lift feature adoption from 11% toward 36%
2. Reduce support load by proactive monitoring
3. Establish a weekly check-in cadence

### Long-term (90 days)
1. Rebuild executive relationships
2. Explore expansion once health recovers

## Historical Context
Comparable Commercial accounts that received simplified workflow with automation showed moderate improvement in retention metrics.

---
*Customer ID: CUST-0078*
*Risk Score: 88%*
*Segment: Commercial*"
ANALYSIS-0040,CUST-0080,AIForge Systems,Commercial,Pricing Concerns,Budget cuts,122700,7,64,32,34,54,1,"# Churn Risk Analysis: AIForge Systems

## Executive Summary
AIForge Systems (CUST-0080) is a Commercial customer in Technology with $122,700 ARR and 7 months of tenure. Current risk score: 64%. Status: CHURNED on 2026-05-14.

## Risk Factors
1. **Primary Concern:** Budget cuts
2. **Feature Adoption:** 32% (below the Commercial benchmark of 70%)
3. **Support Activity:** 34 tickets per 30 days
4. **Engagement:** last interaction 54 days ago

## Detailed Analysis

### Churn Category: Pricing Concerns
This account shows the classic pattern of pricing concerns, specifically: budget cuts.

### Behavioural Patterns
- Feature adoption plateaued at 32%
- Support volume rising
- Engagement declining

### Segment-Specific Insight
For Commercial accounts, pricing concerns typically calls for focused customer success effort.

## Recommended Actions

### Immediate (7 days)
1. Schedule a customer success call
2. Address budget cuts directly
3. Prioritise open support tickets

### Short-term (30 days)
1. Lift feature adoption from 32% toward 57%
2. Reduce support load by proactive monitoring
3. Establish a bi-weekly check-in cadence

### Long-term (90 days)
1. Rebuild executive relationships
2. Explore expansion once health recovers

## Historical Context
Comparable Commercial accounts that received provided credits for referrals showed moderate improvement in retention metrics.

---
*Customer ID: CUST-0080*
*Risk Score: 64%*
*Segment: Commercial*"
ANALYSIS-0041,CUST-0082,TechFlow Systems,SMB,Competition,Better UX elsewhere,40300,20,96,4,22,37,1,"# Churn Risk Analysis: TechFlow Systems

## Executive Summary
TechFlow Systems (CUST-0082) is a SMB customer in Energy with $40,300 ARR and 20 months of tenure. Current risk score: 96%. Status: CHURNED on 2026-02-23.

## Risk Factors
1. **Primary Concern:** Better UX elsewhere
2. **Feature Adoption:** 4% (below the SMB benchmark of 70%)
3. **Support Activity:** 22 tickets per 30 days
4. **Engagement:** last interaction 37 days ago

## Detailed Analysis

### Churn Category: Competition
This account shows the classic pattern of competition, specifically: better ux elsewhere.

### Behavioural Patterns
- Feature adoption plateaued at 4%
- Support volume rising
- Engagement declining

### Segment-Specific Insight
For SMB accounts, competition typically calls for product education and training.

## Recommended Actions

### Immediate (7 days)
1. Schedule a customer success call
2. Address better ux elsewhere directly
3. Prioritise open support tickets

### Short-term (30 days)
1. Lift feature adoption from 4% toward 29%
2. Reduce support load by proactive monitoring
3. Establish a weekly check-in cadence

### Long-term (90 days)
1. Rebuild executive relationships
2. Explore expansion once health recovers

## Historical Context
Comparable SMB accounts that received added requested features quickly showed moderate improvement in retention metrics.

---
*Customer ID: CUST-0082*
*Risk Score: 96%*
*Segment: SMB*"
ANALYSIS-0042,CUST-0083,DisasterRecovery Labs,Enterprise,Adoption Challenges,Lack of champions,431000,44,100,0,8,56,0,"# Churn Risk Analysis: DisasterRecovery Labs

## Executive Summary
DisasterRecovery Labs (CUST-0083) is a Enterprise customer in Education with $431,000 ARR and 44 months of tenure. Current risk score: 100%. Status: ACTIVE - at risk.

## Risk Factors
1. **Primary Concern:** Lack of champions
2. **Feature Adoption:** 0% (below the Enterprise benchmark of 70%)
3. **Support Activity:** 8 tickets per 30 days
4. **Engagement:** last interaction 56 days ago

## Detailed Analysis

### Churn Category: Adoption Challenges
This account shows the classic pattern of adoption challenges, specifically: lack of champions.

### Behavioural Patterns
- Feature adoption plateaued at 0%
- Support volume rising
- Engagement declining

### Segment-Specific Insight
For Enterprise accounts, adoption challenges typically calls for executive intervention.

## Recommended Actions

### Immediate (7 days)
1. Schedule an executive business review
2. Address lack of champions directly
3. Assign a dedicated technical account manager

### Short-term (30 days)
1. Lift feature adoption from 0% toward 25%
2. Reduce support load by proactive monitoring
3. Establish a weekly check-in cadence

### Long-term (90 days)
1. Rebuild executive relationships
2. Explore expansion once health recovers

## Historical Context
Comparable Enterprise accounts that received conducted onboarding workshops showed moderate improvement in retention metrics.

---
*Customer ID: CUST-0083*
*Risk Score: 100%*
*Segment: Enterprise*"
ANALYSIS-0043,CUST-0084,BackupCloud Systems,SMB,Product Fit,Poor integration,31600,9,43,52,16,74,1,"# Churn Risk Analysis: BackupCloud Systems

## Executive Summary
BackupCloud Systems (CUST-0084) is a SMB customer in Healthcare with $31,600 ARR and 9 months of tenure. Current risk score: 43%. Status: CHURNED on 2026-03-08.

## Risk Factors
1. **Primary Concern:** Poor integration
2. **Feature Adoption:** 52% (below the SMB benchmark of 70%)
3. **Support Activity:** 16 tickets per 30 days
4. **Engagement:** last interaction 74 days ago

## Detailed Analysis

### Churn Category: Product Fit
This account shows the classic pattern of product fit, specifically: poor integration.

### Behavioural Patterns
- Feature adoption plateaued at 52%
- Support volume rising
- Engagement declining

### Segment-Specific Insight
For SMB accounts, product fit typically calls for product education and training.

## Recommended Actions

### Immediate (7 days)
1. Schedule a customer success call
2. Address poor integration directly
3. Prioritise open support tickets

### Short-term (30 days)
1. Lift feature adoption from 52% toward 77%
2. Reduce support load by proactive monitoring
3. Establish a bi-weekly check-in cadence

### Long-term (90 days)
1. Rebuild executive relationships
2. Explore expansion once health recovers

## Historical Context
Comparable SMB accounts that received simplified workflow with automation showed significant improvement in retention metrics.

---
*Customer ID: CUST-0084*
*Risk Score: 43%*
*Segment: SMB*"
ANALYSIS-0044,CUST-0085,AuditPro Inc,Commercial,Support Issues,Slow response,110000,40,69,28,5,57,0,"# Churn Risk Analysis: AuditPro Inc

## Executive Summary
AuditPro Inc (CUST-0085) is a Commercial customer in Financial Services with $110,000 ARR and 40 months of tenure. Current risk score: 69%. Status: ACTIVE - at risk.

## Risk Factors
1. **Primary Concern:** Slow response
2. **Feature Adoption:** 28% (below the Commercial benchmark of 70%)
3. **Support Activity:** 5 tickets per 30 days
4. **Engagement:** last interaction 57 days ago

## Detailed Analysis

### Churn Category: Support Issues
This account shows the classic pattern of support issues, specifically: slow response.

### Behavioural Patterns
- Feature adoption plateaued at 28%
- Support volume steady
- Engagement declining

### Segment-Specific Insight
For Commercial accounts, support issues typically calls for focused customer success effort.

## Recommended Actions

### Immediate (7 days)
1. Schedule a customer success call
2. Address slow response directly
3. Prioritise open support tickets

### Short-term (30 days)
1. Lift feature adoption from 28% toward 53%
2. Reduce support load by better documentation
3. Establish a bi-weekly check-in cadence

### Long-term (90 days)
1. Rebuild executive relationships
2. Explore expansion once health recovers

## Historical Context
Comparable Commercial accounts that received improved response sla showed moderate improvement in retention metrics.

---
*Customer ID: CUST-0085*
*Risk Score: 69%*
*Segment: Commercial*"
ANALYSIS-0045,CUST-0087,MonitorPlus Solutions,SMB,Support Issues,Unresolved bugs,40400,30,100,0,15,50,0,"# Churn Risk Analysis: MonitorPlus Solutions

## Executive Summary
MonitorPlus Solutions (CUST-0087) is a SMB customer in Public Sector with $40,400 ARR and 30 months of tenure. Current risk score: 100%. Status: ACTIVE - at risk.

## Risk Factors
1. **Primary Concern:** Unresolved bugs
2. **Feature Adoption:** 0% (below the SMB benchmark of 70%)
3. **Support Activity:** 15 tickets per 30 days
4. **Engagement:** last interaction 50 days ago

## Detailed Analysis

### Churn Category: Support Issues
This account shows the classic pattern of support issues, specifically: unresolved bugs.

### Behavioural Patterns
- Feature adoption plateaued at 0%
- Support volume rising
- Engagement declining

### Segment-Specific Insight
For SMB accounts, support issues typically calls for product education and training.

## Recommended Actions

### Immediate (7 days)
1. Schedule a customer success call
2. Address unresolved bugs directly
3. Prioritise open support tickets

### Short-term (30 days)
1. Lift feature adoption from 0% toward 25%
2. Reduce support load by proactive monitoring
3. Establish a weekly check-in cadence

### Long-term (90 days)
1. Rebuild executive relationships
2. Explore expansion once health recovers

## Historical Context
Comparable SMB accounts that received set up weekly check-ins showed moderate improvement in retention metrics.

---
*Customer ID: CUST-0087*
*Risk Score: 100%*
*Segment: SMB*"
ANALYSIS-0046,CUST-0089,ScaleSystems Technologies,SMB,Product Fit,Missing features,28500,43,69,28,7,23,0,"# Churn Risk Analysis: ScaleSystems Technologies

## Executive Summary
ScaleSystems Technologies (CUST-0089) is a SMB customer in Logistics with $28,500 ARR and 43 months of tenure. Current risk score: 69%. Status: ACTIVE - at risk.

## Risk Factors
1. **Primary Concern:** Missing features
2. **Feature Adoption:** 28% (below the SMB benchmark of 70%)
3. **Support Activity:** 7 tickets per 30 days
4. **Engagement:** last interaction 23 days ago

## Detailed Analysis

### Churn Category: Product Fit
This account shows the classic pattern of product fit, specifically: missing features.

### Behavioural Patterns
- Feature adoption plateaued at 28%
- Support volume rising
- Engagement stable

### Segment-Specific Insight
For SMB accounts, product fit typically calls for product education and training.

## Recommended Actions

### Immediate (7 days)
1. Schedule a customer success call
2. Address missing features directly
3. Prioritise open support tickets

### Short-term (30 days)
1. Lift feature adoption from 28% toward 53%
2. Reduce support load by proactive monitoring
3. Establish a bi-weekly check-in cadence

### Long-term (90 days)
1. Rebuild executive relationships
2. Explore expansion once health recovers

## Historical Context
Comparable SMB accounts that received provided api access for customization showed moderate improvement in retention metrics.

---
*Customer ID: CUST-0089*
*Risk Score: 69%*
*Segment: SMB*"
ANALYSIS-0047,CUST-0090,StreamPro Technologies,SMB,Adoption Challenges,Team not using it,43100,39,100,0,10,71,1,"# Churn Risk Analysis: StreamPro Technologies

## Executive Summary
StreamPro Technologies (CUST-0090) is a SMB customer in Media with $43,100 ARR and 39 months of tenure. Current risk score: 100%. Status: CHURNED on 2026-01-09.

## Risk Factors
1. **Primary Concern:** Team not using it
2. **Feature Adoption:** 0% (below the SMB benchmark of 70%)
3. **Support Activity:** 10 tickets per 30 days
4. **Engagement:** last interaction 71 days ago

## Detailed Analysis

### Churn Category: Adoption Challenges
This account shows the classic pattern of adoption challenges, specifically: team not using it.

### Behavioural Patterns
- Feature adoption plateaued at 0%
- Support volume rising
- Engagement declining

### Segment-Specific Insight
For SMB accounts, adoption challenges typically calls for product education and training.

## Recommended Actions

### Immediate (7 days)
1. Schedule a customer success call
2. Address team not using it directly
3. Prioritise open support tickets

### Short-term (30 days)
1. Lift feature adoption from 0% toward 25%
2. Reduce support load by proactive monitoring
3. Establish a weekly check-in cadence

### Long-term (90 days)
1. Rebuild executive relationships
2. Explore expansion once health recovers

## Historical Context
Comparable SMB accounts that received conducted onboarding workshops showed moderate improvement in retention metrics.

---
*Customer ID: CUST-0090*
*Risk Score: 100%*
*Segment: SMB*"
ANALYSIS-0048,CUST-0092,ContainerOps Labs,SMB,Support Issues,Poor documentation,47400,16,39,56,13,8,1,"# Churn Risk Analysis: ContainerOps Labs

## Executive Summary
ContainerOps Labs (CUST-0092) is a SMB customer in Financial Services with $47,400 ARR and 16 months of tenure. Current risk score: 39%. Status: CHURNED on 2026-02-04.

## Risk Factors
1. **Primary Concern:** Poor documentation
2. **Feature Adoption:** 56% (below the SMB benchmark of 70%)
3. **Support Activity:** 13 tickets per 30 days
4. **Engagement:** last interaction 8 days ago

## Detailed Analysis

### Churn Category: Support Issues
This account shows the classic pattern of support issues, specifically: poor documentation.

### Behavioural Patterns
- Feature adoption plateaued at 56%
- Support volume rising
- Engagement stable

### Segment-Specific Insight
For SMB accounts, support issues typically calls for product education and training.

## Recommended Actions

### Immediate (7 days)
1. Schedule a customer success call
2. Address poor documentation directly
3. Prioritise open support tickets

### Short-term (30 days)
1. Lift feature adoption from 56% toward 81%
2. Reduce support load by proactive monitoring
3. Establish a bi-weekly check-in cadence

### Long-term (90 days)
1. Rebuild executive relationships
2. Explore expansion once health recovers

## Historical Context
Comparable SMB accounts that received assigned dedicated success manager showed significant improvement in retention metrics.

---
*Customer ID: CUST-0092*
*Risk Score: 39%*
*Segment: SMB*"
ANALYSIS-0049,CUST-0093,IntegrationHQ Labs,Commercial,Product Fit,Doesn't scale,96000,17,77,20,17,46,0,"# Churn Risk Analysis: IntegrationHQ Labs

## Executive Summary
IntegrationHQ Labs (CUST-0093) is a Commercial customer in Education with $96,000 ARR and 17 months of tenure. Current risk score: 77%. Status: ACTIVE - at risk.

## Risk Factors
1. **Primary Concern:** Doesn't scale
2. **Feature Adoption:** 20% (below the Commercial benchmark of 70%)
3. **Support Activity:** 17 tickets per 30 days
4. **Engagement:** last interaction 46 days ago

## Detailed Analysis

### Churn Category: Product Fit
This account shows the classic pattern of product fit, specifically: doesn't scale.

### Behavioural Patterns
- Feature adoption plateaued at 20%
- Support volume rising
- Engagement declining

### Segment-Specific Insight
For Commercial accounts, product fit typically calls for focused customer success effort.

## Recommended Actions

### Immediate (7 days)
1. Schedule a customer success call
2. Address doesn't scale directly
3. Prioritise open support tickets

### Short-term (30 days)
1. Lift feature adoption from 20% toward 45%
2. Reduce support load by proactive monitoring
3. Establish a weekly check-in cadence

### Long-term (90 days)
1. Rebuild executive relationships
2. Explore expansion once health recovers

## Historical Context
Comparable Commercial accounts that received built custom integration showed moderate improvement in retention metrics.

---
*Customer ID: CUST-0093*
*Risk Score: 77%*
*Segment: Commercial*"
ANALYSIS-0050,CUST-0095,IntegrationHQ Technologies,Commercial,Product Fit,Doesn't scale,57900,47,79,19,6,30,0,"# Churn Risk Analysis: IntegrationHQ Technologies

## Executive Summary
IntegrationHQ Technologies (CUST-0095) is a Commercial customer in Education with $57,900 ARR and 47 months of tenure. Current risk score: 79%. Status: ACTIVE - at risk.

## Risk Factors
1. **Primary Concern:** Doesn't scale
2. **Feature Adoption:** 19% (below the Commercial benchmark of 70%)
3. **Support Activity:** 6 tickets per 30 days
4. **Engagement:** last interaction 30 days ago

## Detailed Analysis

### Churn Category: Product Fit
This account shows the classic pattern of product fit, specifically: doesn't scale.

### Behavioural Patterns
- Feature adoption plateaued at 19%
- Support volume steady
- Engagement stable

### Segment-Specific Insight
For Commercial accounts, product fit typically calls for focused customer success effort.

## Recommended Actions

### Immediate (7 days)
1. Schedule a customer success call
2. Address doesn't scale directly
3. Prioritise open support tickets

### Short-term (30 days)
1. Lift feature adoption from 19% toward 44%
2. Reduce support load by better documentation
3. Establish a weekly check-in cadence

### Long-term (90 days)
1. Rebuild executive relationships
2. Explore expansion once health recovers

## Historical Context
Comparable Commercial accounts that received provided api access for customization showed moderate improvement in retention metrics.

---
*Customer ID: CUST-0095*
*Risk Score: 79%*
*Segment: Commercial*"
ANALYSIS-0051,CUST-0097,QueueManager Corp,SMB,Product Fit,Poor integration,32400,14,91,8,21,32,1,"# Churn Risk Analysis: QueueManager Corp

## Executive Summary
QueueManager Corp (CUST-0097) is a SMB customer in Technology with $32,400 ARR and 14 months of tenure. Current risk score: 91%. Status: CHURNED on 2026-03-20.

## Risk Factors
1. **Primary Concern:** Poor integration
2. **Feature Adoption:** 8% (below the SMB benchmark of 70%)
3. **Support Activity:** 21 tickets per 30 days
4. **Engagement:** last interaction 32 days ago

## Detailed Analysis

### Churn Category: Product Fit
This account shows the classic pattern of product fit, specifically: poor integration.

### Behavioural Patterns
- Feature adoption plateaued at 8%
- Support volume rising
- Engagement declining

### Segment-Specific Insight
For SMB accounts, product fit typically calls for product education and training.

## Recommended Actions

### Immediate (7 days)
1. Schedule a customer success call
2. Address poor integration directly
3. Prioritise open support tickets

### Short-term (30 days)
1. Lift feature adoption from 8% toward 33%
2. Reduce support load by proactive monitoring
3. Establish a weekly check-in cadence

### Long-term (90 days)
1. Rebuild executive relationships
2. Explore expansion once health recovers

## Historical Context
Comparable SMB accounts that received simplified workflow with automation showed moderate improvement in retention metrics.

---
*Customer ID: CUST-0097*
*Risk Score: 91%*
*Segment: SMB*"
ANALYSIS-0052,CUST-0100,DisasterRecovery Inc,SMB,Product Fit,Missing features,35200,39,100,0,6,25,1,"# Churn Risk Analysis: DisasterRecovery Inc

## Executive Summary
DisasterRecovery Inc (CUST-0100) is a SMB customer in Logistics with $35,200 ARR and 39 months of tenure. Current risk score: 100%. Status: CHURNED on 2025-09-13.

## Risk Factors
1. **Primary Concern:** Missing features
2. **Feature Adoption:** 0% (below the SMB benchmark of 70%)
3. **Support Activity:** 6 tickets per 30 days
4. **Engagement:** last interaction 25 days ago

## Detailed Analysis

### Churn Category: Product Fit
This account shows the classic pattern of product fit, specifically: missing features.

### Behavioural Patterns
- Feature adoption plateaued at 0%
- Support volume steady
- Engagement stable

### Segment-Specific Insight
For SMB accounts, product fit typically calls for product education and training.

## Recommended Actions

### Immediate (7 days)
1. Schedule a customer success call
2. Address missing features directly
3. Prioritise open support tickets

### Short-term (30 days)
1. Lift feature adoption from 0% toward 25%
2. Reduce support load by better documentation
3. Establish a weekly check-in cadence

### Long-term (90 days)
1. Rebuild executive relationships
2. Explore expansion once health recovers

## Historical Context
Comparable SMB accounts that received simplified workflow with automation showed moderate improvement in retention metrics.

---
*Customer ID: CUST-0100*
*Risk Score: 100%*
*Segment: SMB*"
ANALYSIS-0053,CUST-0101,IntegrationHQ Systems,Commercial,Support Issues,No training,55200,31,81,17,8,69,1,"# Churn Risk Analysis: IntegrationHQ Systems

## Executive Summary
IntegrationHQ Systems (CUST-0101) is a Commercial customer in Logistics with $55,200 ARR and 31 months of tenure. Current risk score: 81%. Status: CHURNED on 2025-10-25.

## Risk Factors
1. **Primary Concern:** No training
2. **Feature Adoption:** 17% (below the Commercial benchmark of 70%)
3. **Support Activity:** 8 tickets per 30 days
4. **Engagement:** last interaction 69 days ago

## Detailed Analysis

### Churn Category: Support Issues
This account shows the classic pattern of support issues, specifically: no training.

### Behavioural Patterns
- Feature adoption plateaued at 17%
- Support volume rising
- Engagement declining

### Segment-Specific Insight
For Commercial accounts, support issues typically calls for focused customer success effort.

## Recommended Actions

### Immediate (7 days)
1. Schedule a customer success call
2. Address no training directly
3. Prioritise open support tickets

### Short-term (30 days)
1. Lift feature adoption from 17% toward 42%
2. Reduce support load by proactive monitoring
3. Establish a weekly check-in cadence

### Long-term (90 days)
1. Rebuild executive relationships
2. Explore expansion once health recovers

## Historical Context
Comparable Commercial accounts that received created custom training program showed moderate improvement in retention metrics.

---
*Customer ID: CUST-0101*
*Risk Score: 81%*
*Segment: Commercial*"
ANALYSIS-0054,CUST-0102,DevOpsHub Systems,SMB,Adoption Challenges,Team not using it,55800,38,100,0,11,26,1,"# Churn Risk Analysis: DevOpsHub Systems

## Executive Summary
DevOpsHub Systems (CUST-0102) is a SMB customer in Technology with $55,800 ARR and 38 months of tenure. Current risk score: 100%. Status: CHURNED on 2025-07-23.

## Risk Factors
1. **Primary Concern:** Team not using it
2. **Feature Adoption:** 0% (below the SMB benchmark of 70%)
3. **Support Activity:** 11 tickets per 30 days
4. **Engagement:** last interaction 26 days ago

## Detailed Analysis

### Churn Category: Adoption Challenges
This account shows the classic pattern of adoption challenges, specifically: team not using it.

### Behavioural Patterns
- Feature adoption plateaued at 0%
- Support volume rising
- Engagement stable

### Segment-Specific Insight
For SMB accounts, adoption challenges typically calls for product education and training.

## Recommended Actions

### Immediate (7 days)
1. Schedule a customer success call
2. Address team not using it directly
3. Prioritise open support tickets

### Short-term (30 days)
1. Lift feature adoption from 0% toward 25%
2. Reduce support load by proactive monitoring
3. Establish a weekly check-in cadence

### Long-term (90 days)
1. Rebuild executive relationships
2. Explore expansion once health recovers

## Historical Context
Comparable SMB accounts that received created internal champions program showed moderate improvement in retention metrics.

---
*Customer ID: CUST-0102*
*Risk Score: 100%*
*Segment: SMB*"
ANALYSIS-0055,CUST-0103,CacheMaster LLC,Commercial,Competition,Better UX elsewhere,59300,11,99,0,21,55,1,"# Churn Risk Analysis: CacheMaster LLC

## Executive Summary
CacheMaster LLC (CUST-0103) is a Commercial customer in Retail with $59,300 ARR and 11 months of tenure. Current risk score: 99%. Status: CHURNED on 2026-05-30.

## Risk Factors
1. **Primary Concern:** Better UX elsewhere
2. **Feature Adoption:** 0% (below the Commercial benchmark of 70%)
3. **Support Activity:** 21 tickets per 30 days
4. **Engagement:** last interaction 55 days ago

## Detailed Analysis

### Churn Category: Competition
This account shows the classic pattern of competition, specifically: better ux elsewhere.

### Behavioural Patterns
- Feature adoption plateaued at 0%
- Support volume rising
- Engagement declining

### Segment-Specific Insight
For Commercial accounts, competition typically calls for focused customer success effort.

## Recommended Actions

### Immediate (7 days)
1. Schedule a customer success call
2. Address better ux elsewhere directly
3. Prioritise open support tickets

### Short-term (30 days)
1. Lift feature adoption from 0% toward 25%
2. Reduce support load by proactive monitoring
3. Establish a weekly check-in cadence

### Long-term (90 days)
1. Rebuild executive relationships
2. Explore expansion once health recovers

## Historical Context
Comparable Commercial accounts that received improved product based on feedback showed moderate improvement in retention metrics.

---
*Customer ID: CUST-0103*
*Risk Score: 99%*
*Segment: Commercial*"
ANALYSIS-0056,CUST-0105,CodeCraft Inc,SMB,Support Issues,Unresolved bugs,19000,37,100,0,10,50,1,"# Churn Risk Analysis: CodeCraft Inc

## Executive Summary
CodeCraft Inc (CUST-0105) is a SMB customer in Retail with $19,000 ARR and 37 months of tenure. Current risk score: 100%. Status: CHURNED on 2025-12-10.

## Risk Factors
1. **Primary Concern:** Unresolved bugs
2. **Feature Adoption:** 0% (below the SMB benchmark of 70%)
3. **Support Activity:** 10 tickets per 30 days
4. **Engagement:** last interaction 50 days ago

## Detailed Analysis

### Churn Category: Support Issues
This account shows the classic pattern of support issues, specifically: unresolved bugs.

### Behavioural Patterns
- Feature adoption plateaued at 0%
- Support volume rising
- Engagement declining

### Segment-Specific Insight
For SMB accounts, support issues typically calls for product education and training.

## Recommended Actions

### Immediate (7 days)
1. Schedule a customer success call
2. Address unresolved bugs directly
3. Prioritise open support tickets

### Short-term (30 days)
1. Lift feature adoption from 0% toward 25%
2. Reduce support load by proactive monitoring
3. Establish a weekly check-in cadence

### Long-term (90 days)
1. Rebuild executive relationships
2. Explore expansion once health recovers

## Historical Context
Comparable SMB accounts that received set up weekly check-ins showed moderate improvement in retention metrics.

---
*Customer ID: CUST-0105*
*Risk Score: 100%*
*Segment: SMB*"
ANALYSIS-0057,CUST-0106,CloudScale Inc,Commercial,Competition,Better UX elsewhere,103400,5,53,42,42,26,1,"# Churn Risk Analysis: CloudScale Inc

## Executive Summary
CloudScale Inc (CUST-0106) is a Commercial customer in Energy with $103,400 ARR and 5 months of tenure. Current risk score: 53%. Status: CHURNED on 2026-05-12.

## Risk Factors
1. **Primary Concern:** Better UX elsewhere
2. **Feature Adoption:** 42% (below the Commercial benchmark of 70%)
3. **Support Activity:** 42 tickets per 30 days
4. **Engagement:** last interaction 26 days ago

## Detailed Analysis

### Churn Category: Competition
This account shows the classic pattern of competition, specifically: better ux elsewhere.

### Behavioural Patterns
- Feature adoption plateaued at 42%
- Support volume rising
- Engagement stable

### Segment-Specific Insight
For Commercial accounts, competition typically calls for focused customer success effort.

## Recommended Actions

### Immediate (7 days)
1. Schedule a customer success call
2. Address better ux elsewhere directly
3. Prioritise open support tickets

### Short-term (30 days)
1. Lift feature adoption from 42% toward 67%
2. Reduce support load by proactive monitoring
3. Establish a bi-weekly check-in cadence

### Long-term (90 days)
1. Rebuild executive relationships
2. Explore expansion once health recovers

## Historical Context
Comparable Commercial accounts that received improved product based on feedback showed significant improvement in retention metrics.

---
*Customer ID: CUST-0106*
*Risk Score: 53%*
*Segment: Commercial*"
ANALYSIS-0058,CUST-0110,ContainerOps Solutions,SMB,Pricing Concerns,ROI not clear,24300,27,44,51,7,74,1,"# Churn Risk Analysis: ContainerOps Solutions

## Executive Summary
ContainerOps Solutions (CUST-0110) is a SMB customer in Retail with $24,300 ARR and 27 months of tenure. Current risk score: 44%. Status: CHURNED on 2026-04-14.

## Risk Factors
1. **Primary Concern:** ROI not clear
2. **Feature Adoption:** 51% (below the SMB benchmark of 70%)
3. **Support Activity:** 7 tickets per 30 days
4. **Engagement:** last interaction 74 days ago

## Detailed Analysis

### Churn Category: Pricing Concerns
This account shows the classic pattern of pricing concerns, specifically: roi not clear.

### Behavioural Patterns
- Feature adoption plateaued at 51%
- Support volume rising
- Engagement declining

### Segment-Specific Insight
For SMB accounts, pricing concerns typically calls for product education and training.

## Recommended Actions

### Immediate (7 days)
1. Schedule a customer success call
2. Address roi not clear directly
3. Prioritise open support tickets

### Short-term (30 days)
1. Lift feature adoption from 51% toward 76%
2. Reduce support load by proactive monitoring
3. Establish a bi-weekly check-in cadence

### Long-term (90 days)
1. Rebuild executive relationships
2. Explore expansion once health recovers

## Historical Context
Comparable SMB accounts that received offered discount for annual commitment showed significant improvement in retention metrics.

---
*Customer ID: CUST-0110*
*Risk Score: 44%*
*Segment: SMB*"
ANALYSIS-0059,CUST-0111,CloudVision Corp,Commercial,Support Issues,Unresolved bugs,102800,33,55,41,4,36,1,"# Churn Risk Analysis: CloudVision Corp

## Executive Summary
CloudVision Corp (CUST-0111) is a Commercial customer in Public Sector with $102,800 ARR and 33 months of tenure. Current risk score: 55%. Status: CHURNED on 2026-04-17.

## Risk Factors
1. **Primary Concern:** Unresolved bugs
2. **Feature Adoption:** 41% (below the Commercial benchmark of 70%)
3. **Support Activity:** 4 tickets per 30 days
4. **Engagement:** last interaction 36 days ago

## Detailed Analysis

### Churn Category: Support Issues
This account shows the classic pattern of support issues, specifically: unresolved bugs.

### Behavioural Patterns
- Feature adoption plateaued at 41%
- Support volume steady
- Engagement declining

### Segment-Specific Insight
For Commercial accounts, support issues typically calls for focused customer success effort.

## Recommended Actions

### Immediate (7 days)
1. Schedule a customer success call
2. Address unresolved bugs directly
3. Prioritise open support tickets

### Short-term (30 days)
1. Lift feature adoption from 41% toward 66%
2. Reduce support load by better documentation
3. Establish a bi-weekly check-in cadence

### Long-term (90 days)
1. Rebuild executive relationships
2. Explore expansion once health recovers

## Historical Context
Comparable Commercial accounts that received set up weekly check-ins showed significant improvement in retention metrics.

---
*Customer ID: CUST-0111*
*Risk Score: 55%*
*Segment: Commercial*"
ANALYSIS-0060,CUST-0114,LoadBalance Systems,Enterprise,Competition,Competitor cheaper,201500,37,97,2,11,52,1,"# Churn Risk Analysis: LoadBalance Systems

## Executive Summary
LoadBalance Systems (CUST-0114) is a Enterprise customer in Education with $201,500 ARR and 37 months of tenure. Current risk score: 97%. Status: CHURNED on 2025-03-09.

## Risk Factors
1. **Primary Concern:** Competitor cheaper
2. **Feature Adoption:** 2% (below the Enterprise benchmark of 70%)
3. **Support Activity:** 11 tickets per 30 days
4. **Engagement:** last interaction 52 days ago

## Detailed Analysis

### Churn Category: Competition
This account shows the classic pattern of competition, specifically: competitor cheaper.

### Behavioural Patterns
- Feature adoption plateaued at 2%
- Support volume rising
- Engagement declining

### Segment-Specific Insight
For Enterprise accounts, competition typically calls for executive intervention.

## Recommended Actions

### Immediate (7 days)
1. Schedule an executive business review
2. Address competitor cheaper directly
3. Assign a dedicated technical account manager

### Short-term (30 days)
1. Lift feature adoption from 2% toward 27%
2. Reduce support load by proactive monitoring
3. Establish a weekly check-in cadence

### Long-term (90 days)
1. Rebuild executive relationships
2. Explore expansion once health recovers

## Historical Context
Comparable Enterprise accounts that received added requested features quickly showed moderate improvement in retention metrics.

---
*Customer ID: CUST-0114*
*Risk Score: 97%*
*Segment: Enterprise*"
ANALYSIS-0061,CUST-0115,SecurityFirst LLC,SMB,Adoption Challenges,Team not using it,26900,18,100,0,15,67,0,"# Churn Risk Analysis: SecurityFirst LLC

## Executive Summary
SecurityFirst LLC (CUST-0115) is a SMB customer in Logistics with $26,900 ARR and 18 months of tenure. Current risk score: 100%. Status: ACTIVE - at risk.

## Risk Factors
1. **Primary Concern:** Team not using it
2. **Feature Adoption:** 0% (below the SMB benchmark of 70%)
3. **Support Activity:** 15 tickets per 30 days
4. **Engagement:** last interaction 67 days ago

## Detailed Analysis

### Churn Category: Adoption Challenges
This account shows the classic pattern of adoption challenges, specifically: team not using it.

### Behavioural Patterns
- Feature adoption plateaued at 0%
- Support volume rising
- Engagement declining

### Segment-Specific Insight
For SMB accounts, adoption challenges typically calls for product education and training.

## Recommended Actions

### Immediate (7 days)
1. Schedule a customer success call
2. Address team not using it directly
3. Prioritise open support tickets

### Short-term (30 days)
1. Lift feature adoption from 0% toward 25%
2. Reduce support load by proactive monitoring
3. Establish a weekly check-in cadence

### Long-term (90 days)
1. Rebuild executive relationships
2. Explore expansion once health recovers

## Historical Context
Comparable SMB accounts that received provided implementation support showed moderate improvement in retention metrics.

---
*Customer ID: CUST-0115*
*Risk Score: 100%*
*Segment: SMB*"
ANALYSIS-0062,CUST-0116,LogStream Corp,SMB,Product Fit,Doesn't scale,20100,46,65,31,6,24,0,"# Churn Risk Analysis: LogStream Corp

## Executive Summary
LogStream Corp (CUST-0116) is a SMB customer in Financial Services with $20,100 ARR and 46 months of tenure. Current risk score: 65%. Status: ACTIVE - at risk.

## Risk Factors
1. **Primary Concern:** Doesn't scale
2. **Feature Adoption:** 31% (below the SMB benchmark of 70%)
3. **Support Activity:** 6 tickets per 30 days
4. **Engagement:** last interaction 24 days ago

## Detailed Analysis

### Churn Category: Product Fit
This account shows the classic pattern of product fit, specifically: doesn't scale.

### Behavioural Patterns
- Feature adoption plateaued at 31%
- Support volume steady
- Engagement stable

### Segment-Specific Insight
For SMB accounts, product fit typically calls for product education and training.

## Recommended Actions

### Immediate (7 days)
1. Schedule a customer success call
2. Address doesn't scale directly
3. Prioritise open support tickets

### Short-term (30 days)
1. Lift feature adoption from 31% toward 56%
2. Reduce support load by better documentation
3. Establish a bi-weekly check-in cadence

### Long-term (90 days)
1. Rebuild executive relationships
2. Explore expansion once health recovers

## Historical Context
Comparable SMB accounts that received simplified workflow with automation showed moderate improvement in retention metrics.

---
*Customer ID: CUST-0116*
*Risk Score: 65%*
*Segment: SMB*"
ANALYSIS-0063,CUST-0117,DevTools Systems,SMB,Adoption Challenges,Too hard to onboard,27800,5,45,50,24,71,1,"# Churn Risk Analysis: DevTools Systems

## Executive Summary
DevTools Systems (CUST-0117) is a SMB customer in Manufacturing with $27,800 ARR and 5 months of tenure. Current risk score: 45%. Status: CHURNED on 2026-05-10.

## Risk Factors
1. **Primary Concern:** Too hard to onboard
2. **Feature Adoption:** 50% (below the SMB benchmark of 70%)
3. **Support Activity:** 24 tickets per 30 days
4. **Engagement:** last interaction 71 days ago

## Detailed Analysis

### Churn Category: Adoption Challenges
This account shows the classic pattern of adoption challenges, specifically: too hard to onboard.

### Behavioural Patterns
- Feature adoption plateaued at 50%
- Support volume rising
- Engagement declining

### Segment-Specific Insight
For SMB accounts, adoption challenges typically calls for product education and training.

## Recommended Actions

### Immediate (7 days)
1. Schedule a customer success call
2. Address too hard to onboard directly
3. Prioritise open support tickets

### Short-term (30 days)
1. Lift feature adoption from 50% toward 75%
2. Reduce support load by proactive monitoring
3. Establish a bi-weekly check-in cadence

### Long-term (90 days)
1. Rebuild executive relationships
2. Explore expansion once health recovers

## Historical Context
Comparable SMB accounts that received provided implementation support showed significant improvement in retention metrics.

---
*Customer ID: CUST-0117*
*Risk Score: 45%*
*Segment: SMB*"
ANALYSIS-0064,CUST-0124,BackupCloud Labs,SMB,Support Issues,Poor documentation,32600,19,82,16,11,53,0,"# Churn Risk Analysis: BackupCloud Labs

## Executive Summary
BackupCloud Labs (CUST-0124) is a SMB customer in Retail with $32,600 ARR and 19 months of tenure. Current risk score: 82%. Status: ACTIVE - at risk.

## Risk Factors
1. **Primary Concern:** Poor documentation
2. **Feature Adoption:** 16% (below the SMB benchmark of 70%)
3. **Support Activity:** 11 tickets per 30 days
4. **Engagement:** last interaction 53 days ago

## Detailed Analysis

### Churn Category: Support Issues
This account shows the classic pattern of support issues, specifically: poor documentation.

### Behavioural Patterns
- Feature adoption plateaued at 16%
- Support volume rising
- Engagement declining

### Segment-Specific Insight
For SMB accounts, support issues typically calls for product education and training.

## Recommended Actions

### Immediate (7 days)
1. Schedule a customer success call
2. Address poor documentation directly
3. Prioritise open support tickets

### Short-term (30 days)
1. Lift feature adoption from 16% toward 41%
2. Reduce support load by proactive monitoring
3. Establish a weekly check-in cadence

### Long-term (90 days)
1. Rebuild executive relationships
2. Explore expansion once health recovers

## Historical Context
Comparable SMB accounts that received improved response sla showed moderate improvement in retention metrics.

---
*Customer ID: CUST-0124*
*Risk Score: 82%*
*Segment: SMB*"
ANALYSIS-0065,CUST-0125,DevTools Labs,SMB,Competition,Competitor has better features,54600,8,69,28,22,25,0,"# Churn Risk Analysis: DevTools Labs

## Executive Summary
DevTools Labs (CUST-0125) is a SMB customer in Public Sector with $54,600 ARR and 8 months of tenure. Current risk score: 69%. Status: ACTIVE - at risk.

## Risk Factors
1. **Primary Concern:** Competitor has better features
2. **Feature Adoption:** 28% (below the SMB benchmark of 70%)
3. **Support Activity:** 22 tickets per 30 days
4. **Engagement:** last interaction 25 days ago

## Detailed Analysis

### Churn Category: Competition
This account shows the classic pattern of competition, specifically: competitor has better features.

### Behavioural Patterns
- Feature adoption plateaued at 28%
- Support volume rising
- Engagement stable

### Segment-Specific Insight
For SMB accounts, competition typically calls for product education and training.

## Recommended Actions

### Immediate (7 days)
1. Schedule a customer success call
2. Address competitor has better features directly
3. Prioritise open support tickets

### Short-term (30 days)
1. Lift feature adoption from 28% toward 53%
2. Reduce support load by proactive monitoring
3. Establish a bi-weekly check-in cadence

### Long-term (90 days)
1. Rebuild executive relationships
2. Explore expansion once health recovers

## Historical Context
Comparable SMB accounts that received added requested features quickly showed moderate improvement in retention metrics.

---
*Customer ID: CUST-0125*
*Risk Score: 69%*
*Segment: SMB*"
ANALYSIS-0066,CUST-0126,LogStream Systems,Commercial,Pricing Concerns,Better pricing elsewhere,52600,47,100,0,6,74,1,"# Churn Risk Analysis: LogStream Systems

## Executive Summary
LogStream Systems (CUST-0126) is a Commercial customer in Manufacturing with $52,600 ARR and 47 months of tenure. Current risk score: 100%. Status: CHURNED on 2026-02-18.

## Risk Factors
1. **Primary Concern:** Better pricing elsewhere
2. **Feature Adoption:** 0% (below the Commercial benchmark of 70%)
3. **Support Activity:** 6 tickets per 30 days
4. **Engagement:** last interaction 74 days ago

## Detailed Analysis

### Churn Category: Pricing Concerns
This account shows the classic pattern of pricing concerns, specifically: better pricing elsewhere.

### Behavioural Patterns
- Feature adoption plateaued at 0%
- Support volume steady
- Engagement declining

### Segment-Specific Insight
For Commercial accounts, pricing concerns typically calls for focused customer success effort.

## Recommended Actions

### Immediate (7 days)
1. Schedule a customer success call
2. Address better pricing elsewhere directly
3. Prioritise open support tickets

### Short-term (30 days)
1. Lift feature adoption from 0% toward 25%
2. Reduce support load by better documentation
3. Establish a weekly check-in cadence

### Long-term (90 days)
1. Rebuild executive relationships
2. Explore expansion once health recovers

## Historical Context
Comparable Commercial accounts that received demonstrated roi with detailed analytics showed moderate improvement in retention metrics.

---
*Customer ID: CUST-0126*
*Risk Score: 100%*
*Segment: Commercial*"
ANALYSIS-0067,CUST-0129,SecureNet Labs,SMB,Product Fit,Doesn't scale,57400,6,48,47,30,69,1,"# Churn Risk Analysis: SecureNet Labs

## Executive Summary
SecureNet Labs (CUST-0129) is a SMB customer in Manufacturing with $57,400 ARR and 6 months of tenure. Current risk score: 48%. Status: CHURNED on 2026-06-24.

## Risk Factors
1. **Primary Concern:** Doesn't scale
2. **Feature Adoption:** 47% (below the SMB benchmark of 70%)
3. **Support Activity:** 30 tickets per 30 days
4. **Engagement:** last interaction 69 days ago

## Detailed Analysis

### Churn Category: Product Fit
This account shows the classic pattern of product fit, specifically: doesn't scale.

### Behavioural Patterns
- Feature adoption plateaued at 47%
- Support volume rising
- Engagement declining

### Segment-Specific Insight
For SMB accounts, product fit typically calls for product education and training.

## Recommended Actions

### Immediate (7 days)
1. Schedule a customer success call
2. Address doesn't scale directly
3. Prioritise open support tickets

### Short-term (30 days)
1. Lift feature adoption from 47% toward 72%
2. Reduce support load by proactive monitoring
3. Establish a bi-weekly check-in cadence

### Long-term (90 days)
1. Rebuild executive relationships
2. Explore expansion once health recovers

## Historical Context
Comparable SMB accounts that received built custom integration showed significant improvement in retention metrics.

---
*Customer ID: CUST-0129*
*Risk Score: 48%*
*Segment: SMB*"
ANALYSIS-0068,CUST-0130,QueueManager Systems,SMB,Adoption Challenges,Lack of champions,39600,43,75,22,5,70,0,"# Churn Risk Analysis: QueueManager Systems

## Executive Summary
QueueManager Systems (CUST-0130) is a SMB customer in Public Sector with $39,600 ARR and 43 months of tenure. Current risk score: 75%. Status: ACTIVE - at risk.

## Risk Factors
1. **Primary Concern:** Lack of champions
2. **Feature Adoption:** 22% (below the SMB benchmark of 70%)
3. **Support Activity:** 5 tickets per 30 days
4. **Engagement:** last interaction 70 days ago

## Detailed Analysis

### Churn Category: Adoption Challenges
This account shows the classic pattern of adoption challenges, specifically: lack of champions.

### Behavioural Patterns
- Feature adoption plateaued at 22%
- Support volume steady
- Engagement declining

### Segment-Specific Insight
For SMB accounts, adoption challenges typically calls for product education and training.

## Recommended Actions

### Immediate (7 days)
1. Schedule a customer success call
2. Address lack of champions directly
3. Prioritise open support tickets

### Short-term (30 days)
1. Lift feature adoption from 22% toward 47%
2. Reduce support load by better documentation
3. Establish a weekly check-in cadence

### Long-term (90 days)
1. Rebuild executive relationships
2. Explore expansion once health recovers

## Historical Context
Comparable SMB accounts that received created internal champions program showed moderate improvement in retention metrics.

---
*Customer ID: CUST-0130*
*Risk Score: 75%*
*Segment: SMB*"
ANALYSIS-0069,CUST-0131,ComplianceHub Technologies,SMB,Adoption Challenges,Team not using it,12300,45,100,0,6,66,1,"# Churn Risk Analysis: ComplianceHub Technologies

## Executive Summary
ComplianceHub Technologies (CUST-0131) is a SMB customer in Financial Services with $12,300 ARR and 45 months of tenure. Current risk score: 100%. Status: CHURNED on 2026-03-15.

## Risk Factors
1. **Primary Concern:** Team not using it
2. **Feature Adoption:** 0% (below the SMB benchmark of 70%)
3. **Support Activity:** 6 tickets per 30 days
4. **Engagement:** last interaction 66 days ago

## Detailed Analysis

### Churn Category: Adoption Challenges
This account shows the classic pattern of adoption challenges, specifically: team not using it.

### Behavioural Patterns
- Feature adoption plateaued at 0%
- Support volume steady
- Engagement declining

### Segment-Specific Insight
For SMB accounts, adoption challenges typically calls for product education and training.

## Recommended Actions

### Immediate (7 days)
1. Schedule a customer success call
2. Address team not using it directly
3. Prioritise open support tickets

### Short-term (30 days)
1. Lift feature adoption from 0% toward 25%
2. Reduce support load by better documentation
3. Establish a weekly check-in cadence

### Long-term (90 days)
1. Rebuild executive relationships
2. Explore expansion once health recovers

## Historical Context
Comparable SMB accounts that received created internal champions program showed moderate improvement in retention metrics.

---
*Customer ID: CUST-0131*
*Risk Score: 100%*
*Segment: SMB*"
ANALYSIS-0070,CUST-0133,ComplianceHub Systems,SMB,Competition,Competitor has better features,53100,7,54,42,38,64,1,"# Churn Risk Analysis: ComplianceHub Systems

## Executive Summary
ComplianceHub Systems (CUST-0133) is a SMB customer in Retail with $53,100 ARR and 7 months of tenure. Current risk score: 54%. Status: CHURNED on 2026-04-28.

## Risk Factors
1. **Primary Concern:** Competitor has better features
2. **Feature Adoption:** 42% (below the SMB benchmark of 70%)
3. **Support Activity:** 38 tickets per 30 days
4. **Engagement:** last interaction 64 days ago

## Detailed Analysis

### Churn Category: Competition
This account shows the classic pattern of competition, specifically: competitor has better features.

### Behavioural Patterns
- Feature adoption plateaued at 42%
- Support volume rising
- Engagement declining

### Segment-Specific Insight
For SMB accounts, competition typically calls for product education and training.

## Recommended Actions

### Immediate (7 days)
1. Schedule a customer success call
2. Address competitor has better features directly
3. Prioritise open support tickets

### Short-term (30 days)
1. Lift feature adoption from 42% toward 67%
2. Reduce support load by proactive monitoring
3. Establish a bi-weekly check-in cadence

### Long-term (90 days)
1. Rebuild executive relationships
2. Explore expansion once health recovers

## Historical Context
Comparable SMB accounts that received highlighted unique differentiators showed significant improvement in retention metrics.

---
*Customer ID: CUST-0133*
*Risk Score: 54%*
*Segment: SMB*"
ANALYSIS-0071,CUST-0134,WorkflowPro LLC,Enterprise,Product Fit,Poor integration,156400,11,48,47,19,61,1,"# Churn Risk Analysis: WorkflowPro LLC

## Executive Summary
WorkflowPro LLC (CUST-0134) is a Enterprise customer in Energy with $156,400 ARR and 11 months of tenure. Current risk score: 48%. Status: CHURNED on 2026-02-19.

## Risk Factors
1. **Primary Concern:** Poor integration
2. **Feature Adoption:** 47% (below the Enterprise benchmark of 70%)
3. **Support Activity:** 19 tickets per 30 days
4. **Engagement:** last interaction 61 days ago

## Detailed Analysis

### Churn Category: Product Fit
This account shows the classic pattern of product fit, specifically: poor integration.

### Behavioural Patterns
- Feature adoption plateaued at 47%
- Support volume rising
- Engagement declining

### Segment-Specific Insight
For Enterprise accounts, product fit typically calls for executive intervention.

## Recommended Actions

### Immediate (7 days)
1. Schedule an executive business review
2. Address poor integration directly
3. Assign a dedicated technical account manager

### Short-term (30 days)
1. Lift feature adoption from 47% toward 72%
2. Reduce support load by proactive monitoring
3. Establish a bi-weekly check-in cadence

### Long-term (90 days)
1. Rebuild executive relationships
2. Explore expansion once health recovers

## Historical Context
Comparable Enterprise accounts that received simplified workflow with automation showed significant improvement in retention metrics.

---
*Customer ID: CUST-0134*
*Risk Score: 48%*
*Segment: Enterprise*"
ANALYSIS-0072,CUST-0137,DisasterRecovery Corp,Commercial,Pricing Concerns,Budget cuts,126400,44,97,2,5,38,1,"# Churn Risk Analysis: DisasterRecovery Corp

## Executive Summary
DisasterRecovery Corp (CUST-0137) is a Commercial customer in Media with $126,400 ARR and 44 months of tenure. Current risk score: 97%. Status: CHURNED on 2025-01-31.

## Risk Factors
1. **Primary Concern:** Budget cuts
2. **Feature Adoption:** 2% (below the Commercial benchmark of 70%)
3. **Support Activity:** 5 tickets per 30 days
4. **Engagement:** last interaction 38 days ago

## Detailed Analysis

### Churn Category: Pricing Concerns
This account shows the classic pattern of pricing concerns, specifically: budget cuts.

### Behavioural Patterns
- Feature adoption plateaued at 2%
- Support volume steady
- Engagement declining

### Segment-Specific Insight
For Commercial accounts, pricing concerns typically calls for focused customer success effort.

## Recommended Actions

### Immediate (7 days)
1. Schedule a customer success call
2. Address budget cuts directly
3. Prioritise open support tickets

### Short-term (30 days)
1. Lift feature adoption from 2% toward 27%
2. Reduce support load by better documentation
3. Establish a weekly check-in cadence

### Long-term (90 days)
1. Rebuild executive relationships
2. Explore expansion once health recovers

## Historical Context
Comparable Commercial accounts that received offered discount for annual commitment showed moderate improvement in retention metrics.

---
*Customer ID: CUST-0137*
*Risk Score: 97%*
*Segment: Commercial*"
ANALYSIS-0073,CUST-0139,CloudVision Systems,SMB,Support Issues,Unresolved bugs,35000,9,56,40,23,72,1,"# Churn Risk Analysis: CloudVision Systems

## Executive Summary
CloudVision Systems (CUST-0139) is a SMB customer in Public Sector with $35,000 ARR and 9 months of tenure. Current risk score: 56%. Status: CHURNED on 2026-03-24.

## Risk Factors
1. **Primary Concern:** Unresolved bugs
2. **Feature Adoption:** 40% (below the SMB benchmark of 70%)
3. **Support Activity:** 23 tickets per 30 days
4. **Engagement:** last interaction 72 days ago

## Detailed Analysis

### Churn Category: Support Issues
This account shows the classic pattern of support issues, specifically: unresolved bugs.

### Behavioural Patterns
- Feature adoption plateaued at 40%
- Support volume rising
- Engagement declining

### Segment-Specific Insight
For SMB accounts, support issues typically calls for product education and training.

## Recommended Actions

### Immediate (7 days)
1. Schedule a customer success call
2. Address unresolved bugs directly
3. Prioritise open support tickets

### Short-term (30 days)
1. Lift feature adoption from 40% toward 65%
2. Reduce support load by proactive monitoring
3. Establish a bi-weekly check-in cadence

### Long-term (90 days)
1. Rebuild executive relationships
2. Explore expansion once health recovers

## Historical Context
Comparable SMB accounts that received set up weekly check-ins showed significant improvement in retention metrics.

---
*Customer ID: CUST-0139*
*Risk Score: 56%*
*Segment: SMB*"
ANALYSIS-0074,CUST-0140,ContainerOps Inc,Commercial,Adoption Challenges,Team not using it,89300,33,71,27,9,73,0,"# Churn Risk Analysis: ContainerOps Inc

## Executive Summary
ContainerOps Inc (CUST-0140) is a Commercial customer in Logistics with $89,300 ARR and 33 months of tenure. Current risk score: 71%. Status: ACTIVE - at risk.

## Risk Factors
1. **Primary Concern:** Team not using it
2. **Feature Adoption:** 27% (below the Commercial benchmark of 70%)
3. **Support Activity:** 9 tickets per 30 days
4. **Engagement:** last interaction 73 days ago

## Detailed Analysis

### Churn Category: Adoption Challenges
This account shows the classic pattern of adoption challenges, specifically: team not using it.

### Behavioural Patterns
- Feature adoption plateaued at 27%
- Support volume rising
- Engagement declining

### Segment-Specific Insight
For Commercial accounts, adoption challenges typically calls for focused customer success effort.

## Recommended Actions

### Immediate (7 days)
1. Schedule a customer success call
2. Address team not using it directly
3. Prioritise open support tickets

### Short-term (30 days)
1. Lift feature adoption from 27% toward 52%
2. Reduce support load by proactive monitoring
3. Establish a weekly check-in cadence

### Long-term (90 days)
1. Rebuild executive relationships
2. Explore expansion once health recovers

## Historical Context
Comparable Commercial accounts that received created internal champions program showed moderate improvement in retention metrics.

---
*Customer ID: CUST-0140*
*Risk Score: 71%*
*Segment: Commercial*"
ANALYSIS-0075,CUST-0141,WorkflowPro Group,Commercial,Competition,Better UX elsewhere,86800,22,86,13,17,33,1,"# Churn Risk Analysis: WorkflowPro Group

## Executive Summary
WorkflowPro Group (CUST-0141) is a Commercial customer in Energy with $86,800 ARR and 22 months of tenure. Current risk score: 86%. Status: CHURNED on 2026-02-20.

## Risk Factors
1. **Primary Concern:** Better UX elsewhere
2. **Feature Adoption:** 13% (below the Commercial benchmark of 70%)
3. **Support Activity:** 17 tickets per 30 days
4. **Engagement:** last interaction 33 days ago

## Detailed Analysis

### Churn Category: Competition
This account shows the classic pattern of competition, specifically: better ux elsewhere.

### Behavioural Patterns
- Feature adoption plateaued at 13%
- Support volume rising
- Engagement declining

### Segment-Specific Insight
For Commercial accounts, competition typically calls for focused customer success effort.

## Recommended Actions

### Immediate (7 days)
1. Schedule a customer success call
2. Address better ux elsewhere directly
3. Prioritise open support tickets

### Short-term (30 days)
1. Lift feature adoption from 13% toward 38%
2. Reduce support load by proactive monitoring
3. Establish a weekly check-in cadence

### Long-term (90 days)
1. Rebuild executive relationships
2. Explore expansion once health recovers

## Historical Context
Comparable Commercial accounts that received improved product based on feedback showed moderate improvement in retention metrics.

---
*Customer ID: CUST-0141*
*Risk Score: 86%*
*Segment: Commercial*"
ANALYSIS-0076,CUST-0142,ScaleSystems Systems,SMB,Adoption Challenges,Lack of champions,34000,47,100,0,5,49,1,"# Churn Risk Analysis: ScaleSystems Systems

## Executive Summary
ScaleSystems Systems (CUST-0142) is a SMB customer in Financial Services with $34,000 ARR and 47 months of tenure. Current risk score: 100%. Status: CHURNED on 2025-02-24.

## Risk Factors
1. **Primary Concern:** Lack of champions
2. **Feature Adoption:** 0% (below the SMB benchmark of 70%)
3. **Support Activity:** 5 tickets per 30 days
4. **Engagement:** last interaction 49 days ago

## Detailed Analysis

### Churn Category: Adoption Challenges
This account shows the classic pattern of adoption challenges, specifically: lack of champions.

### Behavioural Patterns
- Feature adoption plateaued at 0%
- Support volume steady
- Engagement declining

### Segment-Specific Insight
For SMB accounts, adoption challenges typically calls for product education and training.

## Recommended Actions

### Immediate (7 days)
1. Schedule a customer success call
2. Address lack of champions directly
3. Prioritise open support tickets

### Short-term (30 days)
1. Lift feature adoption from 0% toward 25%
2. Reduce support load by better documentation
3. Establish a weekly check-in cadence

### Long-term (90 days)
1. Rebuild executive relationships
2. Explore expansion once health recovers

## Historical Context
Comparable SMB accounts that received created internal champions program showed moderate improvement in retention metrics.

---
*Customer ID: CUST-0142*
*Risk Score: 100%*
*Segment: SMB*"
ANALYSIS-0077,CUST-0144,LogStream Technologies,Commercial,Pricing Concerns,Better pricing elsewhere,149800,29,73,24,6,57,1,"# Churn Risk Analysis: LogStream Technologies

## Executive Summary
LogStream Technologies (CUST-0144) is a Commercial customer in Public Sector with $149,800 ARR and 29 months of tenure. Current risk score: 73%. Status: CHURNED on 2025-12-23.

## Risk Factors
1. **Primary Concern:** Better pricing elsewhere
2. **Feature Adoption:** 24% (below the Commercial benchmark of 70%)
3. **Support Activity:** 6 tickets per 30 days
4. **Engagement:** last interaction 57 days ago

## Detailed Analysis

### Churn Category: Pricing Concerns
This account shows the classic pattern of pricing concerns, specifically: better pricing elsewhere.

### Behavioural Patterns
- Feature adoption plateaued at 24%
- Support volume steady
- Engagement declining

### Segment-Specific Insight
For Commercial accounts, pricing concerns typically calls for focused customer success effort.

## Recommended Actions

### Immediate (7 days)
1. Schedule a customer success call
2. Address better pricing elsewhere directly
3. Prioritise open support tickets

### Short-term (30 days)
1. Lift feature adoption from 24% toward 49%
2. Reduce support load by better documentation
3. Establish a weekly check-in cadence

### Long-term (90 days)
1. Rebuild executive relationships
2. Explore expansion once health recovers

## Historical Context
Comparable Commercial accounts that received provided credits for referrals showed moderate improvement in retention metrics.

---
*Customer ID: CUST-0144*
*Risk Score: 73%*
*Segment: Commercial*"
ANALYSIS-0078,CUST-0145,DataSync Group,Enterprise,Support Issues,No training,323200,32,49,46,5,58,1,"# Churn Risk Analysis: DataSync Group

## Executive Summary
DataSync Group (CUST-0145) is a Enterprise customer in Manufacturing with $323,200 ARR and 32 months of tenure. Current risk score: 49%. Status: CHURNED on 2025-07-16.

## Risk Factors
1. **Primary Concern:** No training
2. **Feature Adoption:** 46% (below the Enterprise benchmark of 70%)
3. **Support Activity:** 5 tickets per 30 days
4. **Engagement:** last interaction 58 days ago

## Detailed Analysis

### Churn Category: Support Issues
This account shows the classic pattern of support issues, specifically: no training.

### Behavioural Patterns
- Feature adoption plateaued at 46%
- Support volume steady
- Engagement declining

### Segment-Specific Insight
For Enterprise accounts, support issues typically calls for executive intervention.

## Recommended Actions

### Immediate (7 days)
1. Schedule an executive business review
2. Address no training directly
3. Assign a dedicated technical account manager

### Short-term (30 days)
1. Lift feature adoption from 46% toward 71%
2. Reduce support load by better documentation
3. Establish a bi-weekly check-in cadence

### Long-term (90 days)
1. Rebuild executive relationships
2. Explore expansion once health recovers

## Historical Context
Comparable Enterprise accounts that received improved response sla showed significant improvement in retention metrics.

---
*Customer ID: CUST-0145*
*Risk Score: 49%*
*Segment: Enterprise*"
ANALYSIS-0079,CUST-0147,DisasterRecovery Systems,Enterprise,Pricing Concerns,Budget cuts,469600,28,100,0,17,21,0,"# Churn Risk Analysis: DisasterRecovery Systems

## Executive Summary
DisasterRecovery Systems (CUST-0147) is a Enterprise customer in Healthcare with $469,600 ARR and 28 months of tenure. Current risk score: 100%. Status: ACTIVE - at risk.

## Risk Factors
1. **Primary Concern:** Budget cuts
2. **Feature Adoption:** 0% (below the Enterprise benchmark of 70%)
3. **Support Activity:** 17 tickets per 30 days
4. **Engagement:** last interaction 21 days ago

## Detailed Analysis

### Churn Category: Pricing Concerns
This account shows the classic pattern of pricing concerns, specifically: budget cuts.

### Behavioural Patterns
- Feature adoption plateaued at 0%
- Support volume rising
- Engagement stable

### Segment-Specific Insight
For Enterprise accounts, pricing concerns typically calls for executive intervention.

## Recommended Actions

### Immediate (7 days)
1. Schedule an executive business review
2. Address budget cuts directly
3. Assign a dedicated technical account manager

### Short-term (30 days)
1. Lift feature adoption from 0% toward 25%
2. Reduce support load by proactive monitoring
3. Establish a weekly check-in cadence

### Long-term (90 days)
1. Rebuild executive relationships
2. Explore expansion once health recovers

## Historical Context
Comparable Enterprise accounts that received offered discount for annual commitment showed moderate improvement in retention metrics.

---
*Customer ID: CUST-0147*
*Risk Score: 100%*
*Segment: Enterprise*"
ANALYSIS-0080,CUST-0149,AIForge LLC,SMB,Competition,Better UX elsewhere,15000,6,68,29,30,61,0,"# Churn Risk Analysis: AIForge LLC

## Executive Summary
AIForge LLC (CUST-0149) is a SMB customer in Logistics with $15,000 ARR and 6 months of tenure. Current risk score: 68%. Status: ACTIVE - at risk.

## Risk Factors
1. **Primary Concern:** Better UX elsewhere
2. **Feature Adoption:** 29% (below the SMB benchmark of 70%)
3. **Support Activity:** 30 tickets per 30 days
4. **Engagement:** last interaction 61 days ago

## Detailed Analysis

### Churn Category: Competition
This account shows the classic pattern of competition, specifically: better ux elsewhere.

### Behavioural Patterns
- Feature adoption plateaued at 29%
- Support volume rising
- Engagement declining

### Segment-Specific Insight
For SMB accounts, competition typically calls for product education and training.

## Recommended Actions

### Immediate (7 days)
1. Schedule a customer success call
2. Address better ux elsewhere directly
3. Prioritise open support tickets

### Short-term (30 days)
1. Lift feature adoption from 29% toward 54%
2. Reduce support load by proactive monitoring
3. Establish a bi-weekly check-in cadence

### Long-term (90 days)
1. Rebuild executive relationships
2. Explore expansion once health recovers

## Historical Context
Comparable SMB accounts that received highlighted unique differentiators showed moderate improvement in retention metrics.

---
*Customer ID: CUST-0149*
*Risk Score: 68%*
*Segment: SMB*"
ANALYSIS-0081,CUST-0150,MonitorPlus Inc,SMB,Adoption Challenges,Lack of champions,26100,38,63,33,5,38,0,"# Churn Risk Analysis: MonitorPlus Inc

## Executive Summary
MonitorPlus Inc (CUST-0150) is a SMB customer in Manufacturing with $26,100 ARR and 38 months of tenure. Current risk score: 63%. Status: ACTIVE - at risk.

## Risk Factors
1. **Primary Concern:** Lack of champions
2. **Feature Adoption:** 33% (below the SMB benchmark of 70%)
3. **Support Activity:** 5 tickets per 30 days
4. **Engagement:** last interaction 38 days ago

## Detailed Analysis

### Churn Category: Adoption Challenges
This account shows the classic pattern of adoption challenges, specifically: lack of champions.

### Behavioural Patterns
- Feature adoption plateaued at 33%
- Support volume steady
- Engagement declining

### Segment-Specific Insight
For SMB accounts, adoption challenges typically calls for product education and training.

## Recommended Actions

### Immediate (7 days)
1. Schedule a customer success call
2. Address lack of champions directly
3. Prioritise open support tickets

### Short-term (30 days)
1. Lift feature adoption from 33% toward 58%
2. Reduce support load by better documentation
3. Establish a bi-weekly check-in cadence

### Long-term (90 days)
1. Rebuild executive relationships
2. Explore expansion once health recovers

## Historical Context
Comparable SMB accounts that received conducted onboarding workshops showed moderate improvement in retention metrics.

---
*Customer ID: CUST-0150*
*Risk Score: 63%*
*Segment: SMB*"
ANALYSIS-0082,CUST-0151,DataBridge Group,SMB,Product Fit,Too complex,59900,8,63,34,30,33,0,"# Churn Risk Analysis: DataBridge Group

## Executive Summary
DataBridge Group (CUST-0151) is a SMB customer in Retail with $59,900 ARR and 8 months of tenure. Current risk score: 63%. Status: ACTIVE - at risk.

## Risk Factors
1. **Primary Concern:** Too complex
2. **Feature Adoption:** 34% (below the SMB benchmark of 70%)
3. **Support Activity:** 30 tickets per 30 days
4. **Engagement:** last interaction 33 days ago

## Detailed Analysis

### Churn Category: Product Fit
This account shows the classic pattern of product fit, specifically: too complex.

### Behavioural Patterns
- Feature adoption plateaued at 34%
- Support volume rising
- Engagement declining

### Segment-Specific Insight
For SMB accounts, product fit typically calls for product education and training.

## Recommended Actions

### Immediate (7 days)
1. Schedule a customer success call
2. Address too complex directly
3. Prioritise open support tickets

### Short-term (30 days)
1. Lift feature adoption from 34% toward 59%
2. Reduce support load by proactive monitoring
3. Establish a bi-weekly check-in cadence

### Long-term (90 days)
1. Rebuild executive relationships
2. Explore expansion once health recovers

## Historical Context
Comparable SMB accounts that received provided api access for customization showed moderate improvement in retention metrics.

---
*Customer ID: CUST-0151*
*Risk Score: 63%*
*Segment: SMB*"
ANALYSIS-0083,CUST-0153,QueueManager Technologies,SMB,Pricing Concerns,Better pricing elsewhere,26500,44,100,0,9,32,0,"# Churn Risk Analysis: QueueManager Technologies

## Executive Summary
QueueManager Technologies (CUST-0153) is a SMB customer in Manufacturing with $26,500 ARR and 44 months of tenure. Current risk score: 100%. Status: ACTIVE - at risk.

## Risk Factors
1. **Primary Concern:** Better pricing elsewhere
2. **Feature Adoption:** 0% (below the SMB benchmark of 70%)
3. **Support Activity:** 9 tickets per 30 days
4. **Engagement:** last interaction 32 days ago

## Detailed Analysis

### Churn Category: Pricing Concerns
This account shows the classic pattern of pricing concerns, specifically: better pricing elsewhere.

### Behavioural Patterns
- Feature adoption plateaued at 0%
- Support volume rising
- Engagement declining

### Segment-Specific Insight
For SMB accounts, pricing concerns typically calls for product education and training.

## Recommended Actions

### Immediate (7 days)
1. Schedule a customer success call
2. Address better pricing elsewhere directly
3. Prioritise open support tickets

### Short-term (30 days)
1. Lift feature adoption from 0% toward 25%
2. Reduce support load by proactive monitoring
3. Establish a weekly check-in cadence

### Long-term (90 days)
1. Rebuild executive relationships
2. Explore expansion once health recovers

## Historical Context
Comparable SMB accounts that received demonstrated roi with detailed analytics showed moderate improvement in retention metrics.

---
*Customer ID: CUST-0153*
*Risk Score: 100%*
*Segment: SMB*"
ANALYSIS-0084,CUST-0155,AnalyticsCo Corp,SMB,Support Issues,Unresolved bugs,32300,28,74,24,11,61,1,"# Churn Risk Analysis: AnalyticsCo Corp

## Executive Summary
AnalyticsCo Corp (CUST-0155) is a SMB customer in Education with $32,300 ARR and 28 months of tenure. Current risk score: 74%. Status: CHURNED on 2025-06-19.

## Risk Factors
1. **Primary Concern:** Unresolved bugs
2. **Feature Adoption:** 24% (below the SMB benchmark of 70%)
3. **Support Activity:** 11 tickets per 30 days
4. **Engagement:** last interaction 61 days ago

## Detailed Analysis

### Churn Category: Support Issues
This account shows the classic pattern of support issues, specifically: unresolved bugs.

### Behavioural Patterns
- Feature adoption plateaued at 24%
- Support volume rising
- Engagement declining

### Segment-Specific Insight
For SMB accounts, support issues typically calls for product education and training.

## Recommended Actions

### Immediate (7 days)
1. Schedule a customer success call
2. Address unresolved bugs directly
3. Prioritise open support tickets

### Short-term (30 days)
1. Lift feature adoption from 24% toward 49%
2. Reduce support load by proactive monitoring
3. Establish a weekly check-in cadence

### Long-term (90 days)
1. Rebuild executive relationships
2. Explore expansion once health recovers

## Historical Context
Comparable SMB accounts that received assigned dedicated success manager showed moderate improvement in retention metrics.

---
*Customer ID: CUST-0155*
*Risk Score: 74%*
*Segment: SMB*"
ANALYSIS-0085,CUST-0157,AIForge Inc,Enterprise,Support Issues,Poor documentation,291300,48,100,0,8,69,1,"# Churn Risk Analysis: AIForge Inc

## Executive Summary
AIForge Inc (CUST-0157) is a Enterprise customer in Manufacturing with $291,300 ARR and 48 months of tenure. Current risk score: 100%. Status: CHURNED on 2025-10-23.

## Risk Factors
1. **Primary Concern:** Poor documentation
2. **Feature Adoption:** 0% (below the Enterprise benchmark of 70%)
3. **Support Activity:** 8 tickets per 30 days
4. **Engagement:** last interaction 69 days ago

## Detailed Analysis

### Churn Category: Support Issues
This account shows the classic pattern of support issues, specifically: poor documentation.

### Behavioural Patterns
- Feature adoption plateaued at 0%
- Support volume rising
- Engagement declining

### Segment-Specific Insight
For Enterprise accounts, support issues typically calls for executive intervention.

## Recommended Actions

### Immediate (7 days)
1. Schedule an executive business review
2. Address poor documentation directly
3. Assign a dedicated technical account manager

### Short-term (30 days)
1. Lift feature adoption from 0% toward 25%
2. Reduce support load by proactive monitoring
3. Establish a weekly check-in cadence

### Long-term (90 days)
1. Rebuild executive relationships
2. Explore expansion once health recovers

## Historical Context
Comparable Enterprise accounts that received improved response sla showed moderate improvement in retention metrics.

---
*Customer ID: CUST-0157*
*Risk Score: 100%*
*Segment: Enterprise*"
ANALYSIS-0086,CUST-0158,DevOpsHub LLC,SMB,Product Fit,Too complex,36300,47,100,0,7,48,1,"# Churn Risk Analysis: DevOpsHub LLC

## Executive Summary
DevOpsHub LLC (CUST-0158) is a SMB customer in Technology with $36,300 ARR and 47 months of tenure. Current risk score: 100%. Status: CHURNED on 2025-12-09.

## Risk Factors
1. **Primary Concern:** Too complex
2. **Feature Adoption:** 0% (below the SMB benchmark of 70%)
3. **Support Activity:** 7 tickets per 30 days
4. **Engagement:** last interaction 48 days ago

## Detailed Analysis

### Churn Category: Product Fit
This account shows the classic pattern of product fit, specifically: too complex.

### Behavioural Patterns
- Feature adoption plateaued at 0%
- Support volume rising
- Engagement declining

### Segment-Specific Insight
For SMB accounts, product fit typically calls for product education and training.

## Recommended Actions

### Immediate (7 days)
1. Schedule a customer success call
2. Address too complex directly
3. Prioritise open support tickets

### Short-term (30 days)
1. Lift feature adoption from 0% toward 25%
2. Reduce support load by proactive monitoring
3. Establish a weekly check-in cadence

### Long-term (90 days)
1. Rebuild executive relationships
2. Explore expansion once health recovers

## Historical Context
Comparable SMB accounts that received provided api access for customization showed moderate improvement in retention metrics.

---
*Customer ID: CUST-0158*
*Risk Score: 100%*
*Segment: SMB*"
ANALYSIS-0087,CUST-0160,MetricsDash Group,SMB,Adoption Challenges,Team not using it,30800,16,91,8,15,58,0,"# Churn Risk Analysis: MetricsDash Group

## Executive Summary
MetricsDash Group (CUST-0160) is a SMB customer in Retail with $30,800 ARR and 16 months of tenure. Current risk score: 91%. Status: ACTIVE - at risk.

## Risk Factors
1. **Primary Concern:** Team not using it
2. **Feature Adoption:** 8% (below the SMB benchmark of 70%)
3. **Support Activity:** 15 tickets per 30 days
4. **Engagement:** last interaction 58 days ago

## Detailed Analysis

### Churn Category: Adoption Challenges
This account shows the classic pattern of adoption challenges, specifically: team not using it.

### Behavioural Patterns
- Feature adoption plateaued at 8%
- Support volume rising
- Engagement declining

### Segment-Specific Insight
For SMB accounts, adoption challenges typically calls for product education and training.

## Recommended Actions

### Immediate (7 days)
1. Schedule a customer success call
2. Address team not using it directly
3. Prioritise open support tickets

### Short-term (30 days)
1. Lift feature adoption from 8% toward 33%
2. Reduce support load by proactive monitoring
3. Establish a weekly check-in cadence

### Long-term (90 days)
1. Rebuild executive relationships
2. Explore expansion once health recovers

## Historical Context
Comparable SMB accounts that received provided implementation support showed moderate improvement in retention metrics.

---
*Customer ID: CUST-0160*
*Risk Score: 91%*
*Segment: SMB*"
ANALYSIS-0088,CUST-0161,AnalyticsCo Solutions,SMB,Support Issues,Slow response,12300,32,100,0,14,75,1,"# Churn Risk Analysis: AnalyticsCo Solutions

## Executive Summary
AnalyticsCo Solutions (CUST-0161) is a SMB customer in Technology with $12,300 ARR and 32 months of tenure. Current risk score: 100%. Status: CHURNED on 2026-03-12.

## Risk Factors
1. **Primary Concern:** Slow response
2. **Feature Adoption:** 0% (below the SMB benchmark of 70%)
3. **Support Activity:** 14 tickets per 30 days
4. **Engagement:** last interaction 75 days ago

## Detailed Analysis

### Churn Category: Support Issues
This account shows the classic pattern of support issues, specifically: slow response.

### Behavioural Patterns
- Feature adoption plateaued at 0%
- Support volume rising
- Engagement declining

### Segment-Specific Insight
For SMB accounts, support issues typically calls for product education and training.

## Recommended Actions

### Immediate (7 days)
1. Schedule a customer success call
2. Address slow response directly
3. Prioritise open support tickets

### Short-term (30 days)
1. Lift feature adoption from 0% toward 25%
2. Reduce support load by proactive monitoring
3. Establish a weekly check-in cadence

### Long-term (90 days)
1. Rebuild executive relationships
2. Explore expansion once health recovers

## Historical Context
Comparable SMB accounts that received improved response sla showed moderate improvement in retention metrics.

---
*Customer ID: CUST-0161*
*Risk Score: 100%*
*Segment: SMB*"
ANALYSIS-0089,CUST-0164,AuditPro Group,SMB,Pricing Concerns,ROI not clear,36600,11,60,36,19,62,1,"# Churn Risk Analysis: AuditPro Group

## Executive Summary
AuditPro Group (CUST-0164) is a SMB customer in Public Sector with $36,600 ARR and 11 months of tenure. Current risk score: 60%. Status: CHURNED on 2026-04-11.

## Risk Factors
1. **Primary Concern:** ROI not clear
2. **Feature Adoption:** 36% (below the SMB benchmark of 70%)
3. **Support Activity:** 19 tickets per 30 days
4. **Engagement:** last interaction 62 days ago

## Detailed Analysis

### Churn Category: Pricing Concerns
This account shows the classic pattern of pricing concerns, specifically: roi not clear.

### Behavioural Patterns
- Feature adoption plateaued at 36%
- Support volume rising
- Engagement declining

### Segment-Specific Insight
For SMB accounts, pricing concerns typically calls for product education and training.

## Recommended Actions

### Immediate (7 days)
1. Schedule a customer success call
2. Address roi not clear directly
3. Prioritise open support tickets

### Short-term (30 days)
1. Lift feature adoption from 36% toward 61%
2. Reduce support load by proactive monitoring
3. Establish a bi-weekly check-in cadence

### Long-term (90 days)
1. Rebuild executive relationships
2. Explore expansion once health recovers

## Historical Context
Comparable SMB accounts that received offered discount for annual commitment showed moderate improvement in retention metrics.

---
*Customer ID: CUST-0164*
*Risk Score: 60%*
*Segment: SMB*"
ANALYSIS-0090,CUST-0166,InnovateLabs Solutions,Commercial,Pricing Concerns,Budget cuts,125400,31,100,0,13,35,1,"# Churn Risk Analysis: InnovateLabs Solutions

## Executive Summary
InnovateLabs Solutions (CUST-0166) is a Commercial customer in Public Sector with $125,400 ARR and 31 months of tenure. Current risk score: 100%. Status: CHURNED on 2025-11-07.

## Risk Factors
1. **Primary Concern:** Budget cuts
2. **Feature Adoption:** 0% (below the Commercial benchmark of 70%)
3. **Support Activity:** 13 tickets per 30 days
4. **Engagement:** last interaction 35 days ago

## Detailed Analysis

### Churn Category: Pricing Concerns
This account shows the classic pattern of pricing concerns, specifically: budget cuts.

### Behavioural Patterns
- Feature adoption plateaued at 0%
- Support volume rising
- Engagement declining

### Segment-Specific Insight
For Commercial accounts, pricing concerns typically calls for focused customer success effort.

## Recommended Actions

### Immediate (7 days)
1. Schedule a customer success call
2. Address budget cuts directly
3. Prioritise open support tickets

### Short-term (30 days)
1. Lift feature adoption from 0% toward 25%
2. Reduce support load by proactive monitoring
3. Establish a weekly check-in cadence

### Long-term (90 days)
1. Rebuild executive relationships
2. Explore expansion once health recovers

## Historical Context
Comparable Commercial accounts that received offered discount for annual commitment showed moderate improvement in retention metrics.

---
*Customer ID: CUST-0166*
*Risk Score: 100%*
*Segment: Commercial*"
ANALYSIS-0091,CUST-0167,LoadBalance Corp,Enterprise,Adoption Challenges,Lack of champions,450500,17,74,23,14,55,1,"# Churn Risk Analysis: LoadBalance Corp

## Executive Summary
LoadBalance Corp (CUST-0167) is a Enterprise customer in Manufacturing with $450,500 ARR and 17 months of tenure. Current risk score: 74%. Status: CHURNED on 2026-05-19.

## Risk Factors
1. **Primary Concern:** Lack of champions
2. **Feature Adoption:** 23% (below the Enterprise benchmark of 70%)
3. **Support Activity:** 14 tickets per 30 days
4. **Engagement:** last interaction 55 days ago

## Detailed Analysis

### Churn Category: Adoption Challenges
This account shows the classic pattern of adoption challenges, specifically: lack of champions.

### Behavioural Patterns
- Feature adoption plateaued at 23%
- Support volume rising
- Engagement declining

### Segment-Specific Insight
For Enterprise accounts, adoption challenges typically calls for executive intervention.

## Recommended Actions

### Immediate (7 days)
1. Schedule an executive business review
2. Address lack of champions directly
3. Assign a dedicated technical account manager

### Short-term (30 days)
1. Lift feature adoption from 23% toward 48%
2. Reduce support load by proactive monitoring
3. Establish a weekly check-in cadence

### Long-term (90 days)
1. Rebuild executive relationships
2. Explore expansion once health recovers

## Historical Context
Comparable Enterprise accounts that received simplified user interface showed moderate improvement in retention metrics.

---
*Customer ID: CUST-0167*
*Risk Score: 74%*
*Segment: Enterprise*"
ANALYSIS-0092,CUST-0168,SecurityFirst Inc,SMB,Pricing Concerns,ROI not clear,58600,6,71,26,30,74,0,"# Churn Risk Analysis: SecurityFirst Inc

## Executive Summary
SecurityFirst Inc (CUST-0168) is a SMB customer in Energy with $58,600 ARR and 6 months of tenure. Current risk score: 71%. Status: ACTIVE - at risk.

## Risk Factors
1. **Primary Concern:** ROI not clear
2. **Feature Adoption:** 26% (below the SMB benchmark of 70%)
3. **Support Activity:** 30 tickets per 30 days
4. **Engagement:** last interaction 74 days ago

## Detailed Analysis

### Churn Category: Pricing Concerns
This account shows the classic pattern of pricing concerns, specifically: roi not clear.

### Behavioural Patterns
- Feature adoption plateaued at 26%
- Support volume rising
- Engagement declining

### Segment-Specific Insight
For SMB accounts, pricing concerns typically calls for product education and training.

## Recommended Actions

### Immediate (7 days)
1. Schedule a customer success call
2. Address roi not clear directly
3. Prioritise open support tickets

### Short-term (30 days)
1. Lift feature adoption from 26% toward 51%
2. Reduce support load by proactive monitoring
3. Establish a weekly check-in cadence

### Long-term (90 days)
1. Rebuild executive relationships
2. Explore expansion once health recovers

## Historical Context
Comparable SMB accounts that received demonstrated roi with detailed analytics showed moderate improvement in retention metrics.

---
*Customer ID: CUST-0168*
*Risk Score: 71%*
*Segment: SMB*"
ANALYSIS-0093,CUST-0170,SecureNet Technologies,Enterprise,Support Issues,Slow response,197100,12,74,24,27,29,0,"# Churn Risk Analysis: SecureNet Technologies

## Executive Summary
SecureNet Technologies (CUST-0170) is a Enterprise customer in Retail with $197,100 ARR and 12 months of tenure. Current risk score: 74%. Status: ACTIVE - at risk.

## Risk Factors
1. **Primary Concern:** Slow response
2. **Feature Adoption:** 24% (below the Enterprise benchmark of 70%)
3. **Support Activity:** 27 tickets per 30 days
4. **Engagement:** last interaction 29 days ago

## Detailed Analysis

### Churn Category: Support Issues
This account shows the classic pattern of support issues, specifically: slow response.

### Behavioural Patterns
- Feature adoption plateaued at 24%
- Support volume rising
- Engagement stable

### Segment-Specific Insight
For Enterprise accounts, support issues typically calls for executive intervention.

## Recommended Actions

### Immediate (7 days)
1. Schedule an executive business review
2. Address slow response directly
3. Assign a dedicated technical account manager

### Short-term (30 days)
1. Lift feature adoption from 24% toward 49%
2. Reduce support load by proactive monitoring
3. Establish a weekly check-in cadence

### Long-term (90 days)
1. Rebuild executive relationships
2. Explore expansion once health recovers

## Historical Context
Comparable Enterprise accounts that received assigned dedicated success manager showed moderate improvement in retention metrics.

---
*Customer ID: CUST-0170*
*Risk Score: 74%*
*Segment: Enterprise*"
ANALYSIS-0094,CUST-0171,LogStream Solutions,SMB,Product Fit,Missing features,12000,8,27,66,15,7,1,"# Churn Risk Analysis: LogStream Solutions

## Executive Summary
LogStream Solutions (CUST-0171) is a SMB customer in Technology with $12,000 ARR and 8 months of tenure. Current risk score: 27%. Status: CHURNED on 2026-04-11.

## Risk Factors
1. **Primary Concern:** Missing features
2. **Feature Adoption:** 66% (below the SMB benchmark of 70%)
3. **Support Activity:** 15 tickets per 30 days
4. **Engagement:** last interaction 7 days ago

## Detailed Analysis

### Churn Category: Product Fit
This account shows the classic pattern of product fit, specifically: missing features.

### Behavioural Patterns
- Feature adoption plateaued at 66%
- Support volume rising
- Engagement stable

### Segment-Specific Insight
For SMB accounts, product fit typically calls for product education and training.

## Recommended Actions

### Immediate (7 days)
1. Schedule a customer success call
2. Address missing features directly
3. Prioritise open support tickets

### Short-term (30 days)
1. Lift feature adoption from 66% toward 85%
2. Reduce support load by proactive monitoring
3. Establish a bi-weekly check-in cadence

### Long-term (90 days)
1. Rebuild executive relationships
2. Explore expansion once health recovers

## Historical Context
Comparable SMB accounts that received built custom integration showed significant improvement in retention metrics.

---
*Customer ID: CUST-0171*
*Risk Score: 27%*
*Segment: SMB*"
ANALYSIS-0095,CUST-0172,ComplianceHub Solutions,Commercial,Product Fit,Missing features,146200,45,100,0,8,50,0,"# Churn Risk Analysis: ComplianceHub Solutions

## Executive Summary
ComplianceHub Solutions (CUST-0172) is a Commercial customer in Manufacturing with $146,200 ARR and 45 months of tenure. Current risk score: 100%. Status: ACTIVE - at risk.

## Risk Factors
1. **Primary Concern:** Missing features
2. **Feature Adoption:** 0% (below the Commercial benchmark of 70%)
3. **Support Activity:** 8 tickets per 30 days
4. **Engagement:** last interaction 50 days ago

## Detailed Analysis

### Churn Category: Product Fit
This account shows the classic pattern of product fit, specifically: missing features.

### Behavioural Patterns
- Feature adoption plateaued at 0%
- Support volume rising
- Engagement declining

### Segment-Specific Insight
For Commercial accounts, product fit typically calls for focused customer success effort.

## Recommended Actions

### Immediate (7 days)
1. Schedule a customer success call
2. Address missing features directly
3. Prioritise open support tickets

### Short-term (30 days)
1. Lift feature adoption from 0% toward 25%
2. Reduce support load by proactive monitoring
3. Establish a weekly check-in cadence

### Long-term (90 days)
1. Rebuild executive relationships
2. Explore expansion once health recovers

## Historical Context
Comparable Commercial accounts that received simplified workflow with automation showed moderate improvement in retention metrics.

---
*Customer ID: CUST-0172*
*Risk Score: 100%*
*Segment: Commercial*"
ANALYSIS-0096,CUST-0173,CloudVision Solutions,Commercial,Product Fit,Missing features,88100,33,86,12,9,38,0,"# Churn Risk Analysis: CloudVision Solutions

## Executive Summary
CloudVision Solutions (CUST-0173) is a Commercial customer in Logistics with $88,100 ARR and 33 months of tenure. Current risk score: 86%. Status: ACTIVE - at risk.

## Risk Factors
1. **Primary Concern:** Missing features
2. **Feature Adoption:** 12% (below the Commercial benchmark of 70%)
3. **Support Activity:** 9 tickets per 30 days
4. **Engagement:** last interaction 38 days ago

## Detailed Analysis

### Churn Category: Product Fit
This account shows the classic pattern of product fit, specifically: missing features.

### Behavioural Patterns
- Feature adoption plateaued at 12%
- Support volume rising
- Engagement declining

### Segment-Specific Insight
For Commercial accounts, product fit typically calls for focused customer success effort.

## Recommended Actions

### Immediate (7 days)
1. Schedule a customer success call
2. Address missing features directly
3. Prioritise open support tickets

### Short-term (30 days)
1. Lift feature adoption from 12% toward 37%
2. Reduce support load by proactive monitoring
3. Establish a weekly check-in cadence

### Long-term (90 days)
1. Rebuild executive relationships
2. Explore expansion once health recovers

## Historical Context
Comparable Commercial accounts that received built custom integration showed moderate improvement in retention metrics.

---
*Customer ID: CUST-0173*
*Risk Score: 86%*
*Segment: Commercial*"
ANALYSIS-0097,CUST-0176,MetricsDash Inc,SMB,Adoption Challenges,Lack of champions,18400,18,77,21,15,42,0,"# Churn Risk Analysis: MetricsDash Inc

## Executive Summary
MetricsDash Inc (CUST-0176) is a SMB customer in Energy with $18,400 ARR and 18 months of tenure. Current risk score: 77%. Status: ACTIVE - at risk.

## Risk Factors
1. **Primary Concern:** Lack of champions
2. **Feature Adoption:** 21% (below the SMB benchmark of 70%)
3. **Support Activity:** 15 tickets per 30 days
4. **Engagement:** last interaction 42 days ago

## Detailed Analysis

### Churn Category: Adoption Challenges
This account shows the classic pattern of adoption challenges, specifically: lack of champions.

### Behavioural Patterns
- Feature adoption plateaued at 21%
- Support volume rising
- Engagement declining

### Segment-Specific Insight
For SMB accounts, adoption challenges typically calls for product education and training.

## Recommended Actions

### Immediate (7 days)
1. Schedule a customer success call
2. Address lack of champions directly
3. Prioritise open support tickets

### Short-term (30 days)
1. Lift feature adoption from 21% toward 46%
2. Reduce support load by proactive monitoring
3. Establish a weekly check-in cadence

### Long-term (90 days)
1. Rebuild executive relationships
2. Explore expansion once health recovers

## Historical Context
Comparable SMB accounts that received provided implementation support showed moderate improvement in retention metrics.

---
*Customer ID: CUST-0176*
*Risk Score: 77%*
*Segment: SMB*"
ANALYSIS-0098,CUST-0177,ContainerOps Group,SMB,Competition,Competitor cheaper,52000,11,77,21,24,23,0,"# Churn Risk Analysis: ContainerOps Group

## Executive Summary
ContainerOps Group (CUST-0177) is a SMB customer in Public Sector with $52,000 ARR and 11 months of tenure. Current risk score: 77%. Status: ACTIVE - at risk.

## Risk Factors
1. **Primary Concern:** Competitor cheaper
2. **Feature Adoption:** 21% (below the SMB benchmark of 70%)
3. **Support Activity:** 24 tickets per 30 days
4. **Engagement:** last interaction 23 days ago

## Detailed Analysis

### Churn Category: Competition
This account shows the classic pattern of competition, specifically: competitor cheaper.

### Behavioural Patterns
- Feature adoption plateaued at 21%
- Support volume rising
- Engagement stable

### Segment-Specific Insight
For SMB accounts, competition typically calls for product education and training.

## Recommended Actions

### Immediate (7 days)
1. Schedule a customer success call
2. Address competitor cheaper directly
3. Prioritise open support tickets

### Short-term (30 days)
1. Lift feature adoption from 21% toward 46%
2. Reduce support load by proactive monitoring
3. Establish a weekly check-in cadence

### Long-term (90 days)
1. Rebuild executive relationships
2. Explore expansion once health recovers

## Historical Context
Comparable SMB accounts that received improved product based on feedback showed moderate improvement in retention metrics.

---
*Customer ID: CUST-0177*
*Risk Score: 77%*
*Segment: SMB*"
ANALYSIS-0099,CUST-0178,MonitorPlus Systems,Enterprise,Product Fit,Missing features,302300,45,51,45,4,70,1,"# Churn Risk Analysis: MonitorPlus Systems

## Executive Summary
MonitorPlus Systems (CUST-0178) is a Enterprise customer in Financial Services with $302,300 ARR and 45 months of tenure. Current risk score: 51%. Status: CHURNED on 2026-01-03.

## Risk Factors
1. **Primary Concern:** Missing features
2. **Feature Adoption:** 45% (below the Enterprise benchmark of 70%)
3. **Support Activity:** 4 tickets per 30 days
4. **Engagement:** last interaction 70 days ago

## Detailed Analysis

### Churn Category: Product Fit
This account shows the classic pattern of product fit, specifically: missing features.

### Behavioural Patterns
- Feature adoption plateaued at 45%
- Support volume steady
- Engagement declining

### Segment-Specific Insight
For Enterprise accounts, product fit typically calls for executive intervention.

## Recommended Actions

### Immediate (7 days)
1. Schedule an executive business review
2. Address missing features directly
3. Assign a dedicated technical account manager

### Short-term (30 days)
1. Lift feature adoption from 45% toward 70%
2. Reduce support load by better documentation
3. Establish a bi-weekly check-in cadence

### Long-term (90 days)
1. Rebuild executive relationships
2. Explore expansion once health recovers

## Historical Context
Comparable Enterprise accounts that received fast-tracked feature request showed significant improvement in retention metrics.

---
*Customer ID: CUST-0178*
*Risk Score: 51%*
*Segment: Enterprise*"
ANALYSIS-0100,CUST-0179,CodeCraft Corp,Commercial,Adoption Challenges,Lack of champions,122200,42,81,17,8,31,1,"# Churn Risk Analysis: CodeCraft Corp

## Executive Summary
CodeCraft Corp (CUST-0179) is a Commercial customer in Financial Services with $122,200 ARR and 42 months of tenure. Current risk score: 81%. Status: CHURNED on 2025-07-31.

## Risk Factors
1. **Primary Concern:** Lack of champions
2. **Feature Adoption:** 17% (below the Commercial benchmark of 70%)
3. **Support Activity:** 8 tickets per 30 days
4. **Engagement:** last interaction 31 days ago

## Detailed Analysis

### Churn Category: Adoption Challenges
This account shows the classic pattern of adoption challenges, specifically: lack of champions.

### Behavioural Patterns
- Feature adoption plateaued at 17%
- Support volume rising
- Engagement declining

### Segment-Specific Insight
For Commercial accounts, adoption challenges typically calls for focused customer success effort.

## Recommended Actions

### Immediate (7 days)
1. Schedule a customer success call
2. Address lack of champions directly
3. Prioritise open support tickets

### Short-term (30 days)
1. Lift feature adoption from 17% toward 42%
2. Reduce support load by proactive monitoring
3. Establish a weekly check-in cadence

### Long-term (90 days)
1. Rebuild executive relationships
2. Explore expansion once health recovers

## Historical Context
Comparable Commercial accounts that received simplified user interface showed moderate improvement in retention metrics.

---
*Customer ID: CUST-0179*
*Risk Score: 81%*
*Segment: Commercial*"
ANALYSIS-0101,CUST-0180,APIGateway LLC,Commercial,Support Issues,Unresolved bugs,69200,47,100,0,7,37,0,"# Churn Risk Analysis: APIGateway LLC

## Executive Summary
APIGateway LLC (CUST-0180) is a Commercial customer in Retail with $69,200 ARR and 47 months of tenure. Current risk score: 100%. Status: ACTIVE - at risk.

## Risk Factors
1. **Primary Concern:** Unresolved bugs
2. **Feature Adoption:** 0% (below the Commercial benchmark of 70%)
3. **Support Activity:** 7 tickets per 30 days
4. **Engagement:** last interaction 37 days ago

## Detailed Analysis

### Churn Category: Support Issues
This account shows the classic pattern of support issues, specifically: unresolved bugs.

### Behavioural Patterns
- Feature adoption plateaued at 0%
- Support volume rising
- Engagement declining

### Segment-Specific Insight
For Commercial accounts, support issues typically calls for focused customer success effort.

## Recommended Actions

### Immediate (7 days)
1. Schedule a customer success call
2. Address unresolved bugs directly
3. Prioritise open support tickets

### Short-term (30 days)
1. Lift feature adoption from 0% toward 25%
2. Reduce support load by proactive monitoring
3. Establish a weekly check-in cadence

### Long-term (90 days)
1. Rebuild executive relationships
2. Explore expansion once health recovers

## Historical Context
Comparable Commercial accounts that received assigned dedicated success manager showed moderate improvement in retention metrics.

---
*Customer ID: CUST-0180*
*Risk Score: 100%*
*Segment: Commercial*"
ANALYSIS-0102,CUST-0182,WorkflowPro Systems,Commercial,Adoption Challenges,Too hard to onboard,58300,44,73,24,5,57,1,"# Churn Risk Analysis: WorkflowPro Systems

## Executive Summary
WorkflowPro Systems (CUST-0182) is a Commercial customer in Financial Services with $58,300 ARR and 44 months of tenure. Current risk score: 73%. Status: CHURNED on 2024-12-16.

## Risk Factors
1. **Primary Concern:** Too hard to onboard
2. **Feature Adoption:** 24% (below the Commercial benchmark of 70%)
3. **Support Activity:** 5 tickets per 30 days
4. **Engagement:** last interaction 57 days ago

## Detailed Analysis

### Churn Category: Adoption Challenges
This account shows the classic pattern of adoption challenges, specifically: too hard to onboard.

### Behavioural Patterns
- Feature adoption plateaued at 24%
- Support volume steady
- Engagement declining

### Segment-Specific Insight
For Commercial accounts, adoption challenges typically calls for focused customer success effort.

## Recommended Actions

### Immediate (7 days)
1. Schedule a customer success call
2. Address too hard to onboard directly
3. Prioritise open support tickets

### Short-term (30 days)
1. Lift feature adoption from 24% toward 49%
2. Reduce support load by better documentation
3. Establish a weekly check-in cadence

### Long-term (90 days)
1. Rebuild executive relationships
2. Explore expansion once health recovers

## Historical Context
Comparable Commercial accounts that received conducted onboarding workshops showed moderate improvement in retention metrics.

---
*Customer ID: CUST-0182*
*Risk Score: 73%*
*Segment: Commercial*"
ANALYSIS-0103,CUST-0183,InnovateLabs Labs,Commercial,Adoption Challenges,Too hard to onboard,139900,9,28,66,10,12,1,"# Churn Risk Analysis: InnovateLabs Labs

## Executive Summary
InnovateLabs Labs (CUST-0183) is a Commercial customer in Healthcare with $139,900 ARR and 9 months of tenure. Current risk score: 28%. Status: CHURNED on 2026-04-02.

## Risk Factors
1. **Primary Concern:** Too hard to onboard
2. **Feature Adoption:** 66% (below the Commercial benchmark of 70%)
3. **Support Activity:** 10 tickets per 30 days
4. **Engagement:** last interaction 12 days ago

## Detailed Analysis

### Churn Category: Adoption Challenges
This account shows the classic pattern of adoption challenges, specifically: too hard to onboard.

### Behavioural Patterns
- Feature adoption plateaued at 66%
- Support volume rising
- Engagement stable

### Segment-Specific Insight
For Commercial accounts, adoption challenges typically calls for focused customer success effort.

## Recommended Actions

### Immediate (7 days)
1. Schedule a customer success call
2. Address too hard to onboard directly
3. Prioritise open support tickets

### Short-term (30 days)
1. Lift feature adoption from 66% toward 85%
2. Reduce support load by proactive monitoring
3. Establish a bi-weekly check-in cadence

### Long-term (90 days)
1. Rebuild executive relationships
2. Explore expansion once health recovers

## Historical Context
Comparable Commercial accounts that received conducted onboarding workshops showed significant improvement in retention metrics.

---
*Customer ID: CUST-0183*
*Risk Score: 28%*
*Segment: Commercial*"
ANALYSIS-0104,CUST-0185,DataBridge LLC,Enterprise,Support Issues,Poor documentation,139100,46,96,3,9,55,0,"# Churn Risk Analysis: DataBridge LLC

## Executive Summary
DataBridge LLC (CUST-0185) is a Enterprise customer in Logistics with $139,100 ARR and 46 months of tenure. Current risk score: 96%. Status: ACTIVE - at risk.

## Risk Factors
1. **Primary Concern:** Poor documentation
2. **Feature Adoption:** 3% (below the Enterprise benchmark of 70%)
3. **Support Activity:** 9 tickets per 30 days
4. **Engagement:** last interaction 55 days ago

## Detailed Analysis

### Churn Category: Support Issues
This account shows the classic pattern of support issues, specifically: poor documentation.

### Behavioural Patterns
- Feature adoption plateaued at 3%
- Support volume rising
- Engagement declining

### Segment-Specific Insight
For Enterprise accounts, support issues typically calls for executive intervention.

## Recommended Actions

### Immediate (7 days)
1. Schedule an executive business review
2. Address poor documentation directly
3. Assign a dedicated technical account manager

### Short-term (30 days)
1. Lift feature adoption from 3% toward 28%
2. Reduce support load by proactive monitoring
3. Establish a weekly check-in cadence

### Long-term (90 days)
1. Rebuild executive relationships
2. Explore expansion once health recovers

## Historical Context
Comparable Enterprise accounts that received assigned dedicated success manager showed moderate improvement in retention metrics.

---
*Customer ID: CUST-0185*
*Risk Score: 96%*
*Segment: Enterprise*"
ANALYSIS-0105,CUST-0186,DataSync Corp,Enterprise,Support Issues,Slow response,191300,24,93,6,12,61,1,"# Churn Risk Analysis: DataSync Corp

## Executive Summary
DataSync Corp (CUST-0186) is a Enterprise customer in Energy with $191,300 ARR and 24 months of tenure. Current risk score: 93%. Status: CHURNED on 2026-03-03.

## Risk Factors
1. **Primary Concern:** Slow response
2. **Feature Adoption:** 6% (below the Enterprise benchmark of 70%)
3. **Support Activity:** 12 tickets per 30 days
4. **Engagement:** last interaction 61 days ago

## Detailed Analysis

### Churn Category: Support Issues
This account shows the classic pattern of support issues, specifically: slow response.

### Behavioural Patterns
- Feature adoption plateaued at 6%
- Support volume rising
- Engagement declining

### Segment-Specific Insight
For Enterprise accounts, support issues typically calls for executive intervention.

## Recommended Actions

### Immediate (7 days)
1. Schedule an executive business review
2. Address slow response directly
3. Assign a dedicated technical account manager

### Short-term (30 days)
1. Lift feature adoption from 6% toward 31%
2. Reduce support load by proactive monitoring
3. Establish a weekly check-in cadence

### Long-term (90 days)
1. Rebuild executive relationships
2. Explore expansion once health recovers

## Historical Context
Comparable Enterprise accounts that received set up weekly check-ins showed moderate improvement in retention metrics.

---
*Customer ID: CUST-0186*
*Risk Score: 93%*
*Segment: Enterprise*"
ANALYSIS-0106,CUST-0187,AIForge Corp,SMB,Product Fit,Missing features,45600,40,77,21,7,63,1,"# Churn Risk Analysis: AIForge Corp

## Executive Summary
AIForge Corp (CUST-0187) is a SMB customer in Retail with $45,600 ARR and 40 months of tenure. Current risk score: 77%. Status: CHURNED on 2025-02-19.

## Risk Factors
1. **Primary Concern:** Missing features
2. **Feature Adoption:** 21% (below the SMB benchmark of 70%)
3. **Support Activity:** 7 tickets per 30 days
4. **Engagement:** last interaction 63 days ago

## Detailed Analysis

### Churn Category: Product Fit
This account shows the classic pattern of product fit, specifically: missing features.

### Behavioural Patterns
- Feature adoption plateaued at 21%
- Support volume rising
- Engagement declining

### Segment-Specific Insight
For SMB accounts, product fit typically calls for product education and training.

## Recommended Actions

### Immediate (7 days)
1. Schedule a customer success call
2. Address missing features directly
3. Prioritise open support tickets

### Short-term (30 days)
1. Lift feature adoption from 21% toward 46%
2. Reduce support load by proactive monitoring
3. Establish a weekly check-in cadence

### Long-term (90 days)
1. Rebuild executive relationships
2. Explore expansion once health recovers

## Historical Context
Comparable SMB accounts that received fast-tracked feature request showed moderate improvement in retention metrics.

---
*Customer ID: CUST-0187*
*Risk Score: 77%*
*Segment: SMB*"
ANALYSIS-0107,CUST-0188,LoadBalance Solutions,SMB,Support Issues,Poor documentation,31500,26,49,47,9,23,1,"# Churn Risk Analysis: LoadBalance Solutions

## Executive Summary
LoadBalance Solutions (CUST-0188) is a SMB customer in Healthcare with $31,500 ARR and 26 months of tenure. Current risk score: 49%. Status: CHURNED on 2025-08-18.

## Risk Factors
1. **Primary Concern:** Poor documentation
2. **Feature Adoption:** 47% (below the SMB benchmark of 70%)
3. **Support Activity:** 9 tickets per 30 days
4. **Engagement:** last interaction 23 days ago

## Detailed Analysis

### Churn Category: Support Issues
This account shows the classic pattern of support issues, specifically: poor documentation.

### Behavioural Patterns
- Feature adoption plateaued at 47%
- Support volume rising
- Engagement stable

### Segment-Specific Insight
For SMB accounts, support issues typically calls for product education and training.

## Recommended Actions

### Immediate (7 days)
1. Schedule a customer success call
2. Address poor documentation directly
3. Prioritise open support tickets

### Short-term (30 days)
1. Lift feature adoption from 47% toward 72%
2. Reduce support load by proactive monitoring
3. Establish a bi-weekly check-in cadence

### Long-term (90 days)
1. Rebuild executive relationships
2. Explore expansion once health recovers

## Historical Context
Comparable SMB accounts that received set up weekly check-ins showed significant improvement in retention metrics.

---
*Customer ID: CUST-0188*
*Risk Score: 49%*
*Segment: SMB*"
ANALYSIS-0108,CUST-0190,MetricsDash Corp,Commercial,Product Fit,Poor integration,76800,38,86,12,10,25,1,"# Churn Risk Analysis: MetricsDash Corp

## Executive Summary
MetricsDash Corp (CUST-0190) is a Commercial customer in Media with $76,800 ARR and 38 months of tenure. Current risk score: 86%. Status: CHURNED on 2025-04-29.

## Risk Factors
1. **Primary Concern:** Poor integration
2. **Feature Adoption:** 12% (below the Commercial benchmark of 70%)
3. **Support Activity:** 10 tickets per 30 days
4. **Engagement:** last interaction 25 days ago

## Detailed Analysis

### Churn Category: Product Fit
This account shows the classic pattern of product fit, specifically: poor integration.

### Behavioural Patterns
- Feature adoption plateaued at 12%
- Support volume rising
- Engagement stable

### Segment-Specific Insight
For Commercial accounts, product fit typically calls for focused customer success effort.

## Recommended Actions

### Immediate (7 days)
1. Schedule a customer success call
2. Address poor integration directly
3. Prioritise open support tickets

### Short-term (30 days)
1. Lift feature adoption from 12% toward 37%
2. Reduce support load by proactive monitoring
3. Establish a weekly check-in cadence

### Long-term (90 days)
1. Rebuild executive relationships
2. Explore expansion once health recovers

## Historical Context
Comparable Commercial accounts that received provided api access for customization showed moderate improvement in retention metrics.

---
*Customer ID: CUST-0190*
*Risk Score: 86%*
*Segment: Commercial*"
ANALYSIS-0109,CUST-0195,ScaleSystems Group,SMB,Support Issues,Slow response,22100,21,66,31,15,52,0,"# Churn Risk Analysis: ScaleSystems Group

## Executive Summary
ScaleSystems Group (CUST-0195) is a SMB customer in Retail with $22,100 ARR and 21 months of tenure. Current risk score: 66%. Status: ACTIVE - at risk.

## Risk Factors
1. **Primary Concern:** Slow response
2. **Feature Adoption:** 31% (below the SMB benchmark of 70%)
3. **Support Activity:** 15 tickets per 30 days
4. **Engagement:** last interaction 52 days ago

## Detailed Analysis

### Churn Category: Support Issues
This account shows the classic pattern of support issues, specifically: slow response.

### Behavioural Patterns
- Feature adoption plateaued at 31%
- Support volume rising
- Engagement declining

### Segment-Specific Insight
For SMB accounts, support issues typically calls for product education and training.

## Recommended Actions

### Immediate (7 days)
1. Schedule a customer success call
2. Address slow response directly
3. Prioritise open support tickets

### Short-term (30 days)
1. Lift feature adoption from 31% toward 56%
2. Reduce support load by proactive monitoring
3. Establish a bi-weekly check-in cadence

### Long-term (90 days)
1. Rebuild executive relationships
2. Explore expansion once health recovers

## Historical Context
Comparable SMB accounts that received set up weekly check-ins showed moderate improvement in retention metrics.

---
*Customer ID: CUST-0195*
*Risk Score: 66%*
*Segment: SMB*"
ANALYSIS-0110,CUST-0196,AuditPro Corp,SMB,Adoption Challenges,Team not using it,56200,30,82,16,8,28,0,"# Churn Risk Analysis: AuditPro Corp

## Executive Summary
AuditPro Corp (CUST-0196) is a SMB customer in Public Sector with $56,200 ARR and 30 months of tenure. Current risk score: 82%. Status: ACTIVE - at risk.

## Risk Factors
1. **Primary Concern:** Team not using it
2. **Feature Adoption:** 16% (below the SMB benchmark of 70%)
3. **Support Activity:** 8 tickets per 30 days
4. **Engagement:** last interaction 28 days ago

## Detailed Analysis

### Churn Category: Adoption Challenges
This account shows the classic pattern of adoption challenges, specifically: team not using it.

### Behavioural Patterns
- Feature adoption plateaued at 16%
- Support volume rising
- Engagement stable

### Segment-Specific Insight
For SMB accounts, adoption challenges typically calls for product education and training.

## Recommended Actions

### Immediate (7 days)
1. Schedule a customer success call
2. Address team not using it directly
3. Prioritise open support tickets

### Short-term (30 days)
1. Lift feature adoption from 16% toward 41%
2. Reduce support load by proactive monitoring
3. Establish a weekly check-in cadence

### Long-term (90 days)
1. Rebuild executive relationships
2. Explore expansion once health recovers

## Historical Context
Comparable SMB accounts that received simplified user interface showed moderate improvement in retention metrics.

---
*Customer ID: CUST-0196*
*Risk Score: 82%*
*Segment: SMB*"
ANALYSIS-0111,CUST-0199,BackupCloud LLC,Commercial,Support Issues,No training,65100,36,100,0,9,36,1,"# Churn Risk Analysis: BackupCloud LLC

## Executive Summary
BackupCloud LLC (CUST-0199) is a Commercial customer in Technology with $65,100 ARR and 36 months of tenure. Current risk score: 100%. Status: CHURNED on 2025-10-12.

## Risk Factors
1. **Primary Concern:** No training
2. **Feature Adoption:** 0% (below the Commercial benchmark of 70%)
3. **Support Activity:** 9 tickets per 30 days
4. **Engagement:** last interaction 36 days ago

## Detailed Analysis

### Churn Category: Support Issues
This account shows the classic pattern of support issues, specifically: no training.

### Behavioural Patterns
- Feature adoption plateaued at 0%
- Support volume rising
- Engagement declining

### Segment-Specific Insight
For Commercial accounts, support issues typically calls for focused customer success effort.

## Recommended Actions

### Immediate (7 days)
1. Schedule a customer success call
2. Address no training directly
3. Prioritise open support tickets

### Short-term (30 days)
1. Lift feature adoption from 0% toward 25%
2. Reduce support load by proactive monitoring
3. Establish a weekly check-in cadence

### Long-term (90 days)
1. Rebuild executive relationships
2. Explore expansion once health recovers

## Historical Context
Comparable Commercial accounts that received assigned dedicated success manager showed moderate improvement in retention metrics.

---
*Customer ID: CUST-0199*
*Risk Score: 100%*
*Segment: Commercial*"
