customer_id,company_name,segment,interaction_date,interaction_type,content,customer_tenure_months
CUST-0023,AIForge Technologies,SMB,2026-06-30,Email,Communication with AIForge Technologies regarding usage tips.,5
CUST-0148,APIGateway Group,SMB,2026-06-30,Support Ticket,APIGateway Group reported integration help. Sentiment: Satisfied.,33
CUST-0159,MetricsDash Technologies,Enterprise,2026-06-30,Email,Communication with MetricsDash Technologies regarding feedback request.,10
CUST-0025,MicroServe LLC,SMB,2026-06-29,Product Feedback,Communication with MicroServe LLC regarding billing.,10
CUST-0045,AnalyticsCo Technologies,Commercial,2026-06-29,Email,Communication with AnalyticsCo Technologies regarding usage tips.,6
CUST-0095,IntegrationHQ Technologies,Commercial,2026-06-29,Call,Issue escalation call with IntegrationHQ Technologies. 57 minutes. Needs follow-up outcome.,47
CUST-0152,SecurityFirst Solutions,Commercial,2026-06-29,Support Ticket,SecurityFirst Solutions reported bug report. Sentiment: Neutral.,14
CUST-0156,CloudVision Technologies,Commercial,2026-06-29,Email,Communication with CloudVision Technologies regarding billing.,39
CUST-0189,MetricsDash Systems,SMB,2026-06-28,Email,Communication with MetricsDash Systems regarding product updates.,8
CUST-0200,ScaleSystems Labs,SMB,2026-06-28,Email,Communication with ScaleSystems Labs regarding product updates.,8
CUST-0033,CodeCraft Solutions,SMB,2026-06-27,Support Ticket,CodeCraft Solutions reported feature request. Sentiment: Frustrated.,7
CUST-0058,CodeCraft Systems,Enterprise,2026-06-27,Email,Communication with CodeCraft Systems regarding feedback request.,35
CUST-0023,AIForge Technologies,SMB,2026-06-26,Call,Expansion discussion call with AIForge Technologies. 41 minutes. Positive outcome.,5
CUST-0112,MicroServe Systems,SMB,2026-06-26,Meeting,Feature demo with MicroServe Systems. 4 attendees. Discussed roadmap and usage.,6
CUST-0152,SecurityFirst Solutions,Commercial,2026-06-26,Product Feedback,Communication with SecurityFirst Solutions regarding product updates.,14
CUST-0197,LoadBalance Inc,SMB,2026-06-26,Call,Expansion discussion call with LoadBalance Inc. 41 minutes. Positive outcome.,5
CUST-0197,LoadBalance Inc,SMB,2026-06-26,Product Feedback,Communication with LoadBalance Inc regarding product updates.,5
CUST-0030,DataBridge Labs,SMB,2026-06-25,Email,Communication with DataBridge Labs regarding billing.,4
CUST-0045,AnalyticsCo Technologies,Commercial,2026-06-25,Call,Feature question call with AnalyticsCo Technologies. 16 minutes. Positive outcome.,6
CUST-0055,SecureNet Inc,SMB,2026-06-25,Support Ticket,SecureNet Inc reported integration help. Sentiment: Frustrated.,47
CUST-0099,DevTools Group,Commercial,2026-06-25,Product Feedback,Communication with DevTools Group regarding billing.,5
CUST-0136,DisasterRecovery LLC,Commercial,2026-06-25,Support Ticket,DisasterRecovery LLC reported integration help. Sentiment: Neutral.,22
CUST-0159,MetricsDash Technologies,Enterprise,2026-06-25,Email,Communication with MetricsDash Technologies regarding usage tips.,10
CUST-0189,MetricsDash Systems,SMB,2026-06-25,Support Ticket,MetricsDash Systems reported performance issue. Sentiment: Neutral.,8
CUST-0014,CodeCraft Group,Commercial,2026-06-24,Support Ticket,CodeCraft Group reported performance issue. Sentiment: Neutral.,29
CUST-0019,ComplianceHub Group,Commercial,2026-06-24,Call,Issue escalation call with ComplianceHub Group. 50 minutes. Needs follow-up outcome.,3
CUST-0022,SecurityFirst Systems,Enterprise,2026-06-24,Call,Issue escalation call with SecurityFirst Systems. 59 minutes. Needs follow-up outcome.,13
CUST-0096,BackupCloud Inc,Commercial,2026-06-24,Call,Expansion discussion call with BackupCloud Inc. 47 minutes. Positive outcome.,17
CUST-0129,SecureNet Labs,SMB,2026-06-24,Call,Feature question call with SecureNet Labs. 19 minutes. Positive outcome.,6
CUST-0149,AIForge LLC,SMB,2026-06-24,Product Feedback,Communication with AIForge LLC regarding feedback request.,6
CUST-0197,LoadBalance Inc,SMB,2026-06-24,Email,Communication with LoadBalance Inc regarding usage tips.,5
CUST-0024,CloudScale Technologies,Commercial,2026-06-23,Meeting,Training session with CloudScale Technologies. 2 attendees. Discussed roadmap and usage.,18
CUST-0030,DataBridge Labs,SMB,2026-06-23,Call,Issue escalation call with DataBridge Labs. 15 minutes. Needs follow-up outcome.,4
CUST-0058,CodeCraft Systems,Enterprise,2026-06-23,Email,Communication with CodeCraft Systems regarding billing.,35
CUST-0120,QueueManager Group,SMB,2026-06-23,Meeting,Training session with QueueManager Group. 8 attendees. Discussed roadmap and usage.,21
CUST-0200,ScaleSystems Labs,SMB,2026-06-23,Meeting,Renewal discussion with ScaleSystems Labs. 6 attendees. Discussed roadmap and usage.,8
CUST-0021,ContainerOps Corp,Enterprise,2026-06-22,Support Ticket,ContainerOps Corp reported bug report. Sentiment: Satisfied.,22
CUST-0030,DataBridge Labs,SMB,2026-06-22,Support Ticket,DataBridge Labs reported bug report. Sentiment: Neutral.,4
CUST-0030,DataBridge Labs,SMB,2026-06-21,Call,Issue escalation call with DataBridge Labs. 45 minutes. Needs follow-up outcome.,4
CUST-0035,DataSync Inc,Commercial,2026-06-21,Email,Communication with DataSync Inc regarding usage tips.,27
CUST-0168,SecurityFirst Inc,SMB,2026-06-21,Product Feedback,Communication with SecurityFirst Inc regarding billing.,6
CUST-0196,AuditPro Corp,SMB,2026-06-21,Call,Issue escalation call with AuditPro Corp. 24 minutes. Needs follow-up outcome.,30
CUST-0200,ScaleSystems Labs,SMB,2026-06-21,Support Ticket,ScaleSystems Labs reported bug report. Sentiment: Satisfied.,8
CUST-0030,DataBridge Labs,SMB,2026-06-20,Meeting,Quarterly business review with DataBridge Labs. 6 attendees. Discussed roadmap and usage.,4
CUST-0061,MicroServe Technologies,Enterprise,2026-06-20,Email,Communication with MicroServe Technologies regarding product updates.,31
CUST-0087,MonitorPlus Solutions,SMB,2026-06-20,Support Ticket,MonitorPlus Solutions reported bug report. Sentiment: Frustrated.,30
CUST-0099,DevTools Group,Commercial,2026-06-20,Email,Communication with DevTools Group regarding billing.,5
CUST-0174,DevOpsHub Solutions,Commercial,2026-06-20,Product Feedback,Communication with DevOpsHub Solutions regarding product updates.,22
CUST-0197,LoadBalance Inc,SMB,2026-06-20,Email,Communication with LoadBalance Inc regarding product updates.,5
CUST-0033,CodeCraft Solutions,SMB,2026-06-19,Call,Issue escalation call with CodeCraft Solutions. 42 minutes. Needs follow-up outcome.,7
CUST-0038,InnovateLabs Corp,SMB,2026-06-19,Support Ticket,InnovateLabs Corp reported bug report. Sentiment: Frustrated.,18
CUST-0197,LoadBalance Inc,SMB,2026-06-19,Call,Expansion discussion call with LoadBalance Inc. 21 minutes. Positive outcome.,5
CUST-0037,WorkflowPro Inc,Commercial,2026-06-18,Meeting,Renewal discussion with WorkflowPro Inc. 7 attendees. Discussed roadmap and usage.,30
CUST-0054,DevTools Corp,Commercial,2026-06-18,Support Ticket,DevTools Corp reported bug report. Sentiment: Satisfied.,6
CUST-0121,AnalyticsCo Group,SMB,2026-06-18,Meeting,Feature demo with AnalyticsCo Group. 2 attendees. Discussed roadmap and usage.,6
CUST-0148,APIGateway Group,SMB,2026-06-18,Call,Feature question call with APIGateway Group. 23 minutes. Positive outcome.,33
CUST-0181,CloudVision Inc,SMB,2026-06-17,Call,Expansion discussion call with CloudVision Inc. 51 minutes. Positive outcome.,25
CUST-0196,AuditPro Corp,SMB,2026-06-17,Meeting,Training session with AuditPro Corp. 4 attendees. Discussed roadmap and usage.,30
CUST-0108,DevTools LLC,Enterprise,2026-06-16,Email,Communication with DevTools LLC regarding feedback request.,41
CUST-0112,MicroServe Systems,SMB,2026-06-16,Product Feedback,Communication with MicroServe Systems regarding product updates.,6
CUST-0162,MetricsDash LLC,Enterprise,2026-06-16,Meeting,Training session with MetricsDash LLC. 3 attendees. Discussed roadmap and usage.,7
CUST-0189,MetricsDash Systems,SMB,2026-06-16,Meeting,Quarterly business review with MetricsDash Systems. 3 attendees. Discussed roadmap and usage.,8
CUST-0014,CodeCraft Group,Commercial,2026-06-15,Email,Communication with CodeCraft Group regarding product updates.,29
CUST-0030,DataBridge Labs,SMB,2026-06-15,Support Ticket,DataBridge Labs reported bug report. Sentiment: Neutral.,4
CUST-0079,CacheMaster Technologies,Enterprise,2026-06-15,Product Feedback,Communication with CacheMaster Technologies regarding feedback request.,11
CUST-0159,MetricsDash Technologies,Enterprise,2026-06-15,Product Feedback,Communication with MetricsDash Technologies regarding billing.,10
CUST-0168,SecurityFirst Inc,SMB,2026-06-15,Email,Communication with SecurityFirst Inc regarding feedback request.,6
CUST-0200,ScaleSystems Labs,SMB,2026-06-15,Product Feedback,Communication with ScaleSystems Labs regarding billing.,8
CUST-0069,WorkflowPro Technologies,Commercial,2026-06-14,Product Feedback,Communication with WorkflowPro Technologies regarding feedback request.,11
CUST-0081,StreamPro Solutions,Commercial,2026-06-14,Meeting,Training session with StreamPro Solutions. 3 attendees. Discussed roadmap and usage.,4
CUST-0104,LogStream Group,SMB,2026-06-14,Call,Feature question call with LogStream Group. 45 minutes. Positive outcome.,14
CUST-0189,MetricsDash Systems,SMB,2026-06-14,Product Feedback,Communication with MetricsDash Systems regarding usage tips.,8
CUST-0045,AnalyticsCo Technologies,Commercial,2026-06-13,Email,Communication with AnalyticsCo Technologies regarding product updates.,6
CUST-0096,BackupCloud Inc,Commercial,2026-06-13,Meeting,Feature demo with BackupCloud Inc. 5 attendees. Discussed roadmap and usage.,17
CUST-0109,MonitorPlus Labs,SMB,2026-06-13,Support Ticket,MonitorPlus Labs reported bug report. Sentiment: Satisfied.,35
CUST-0170,SecureNet Technologies,Enterprise,2026-06-13,Email,Communication with SecureNet Technologies regarding usage tips.,12
CUST-0019,ComplianceHub Group,Commercial,2026-06-12,Support Ticket,ComplianceHub Group reported performance issue. Sentiment: Frustrated.,3
CUST-0168,SecurityFirst Inc,SMB,2026-06-12,Call,Issue escalation call with SecurityFirst Inc. 42 minutes. Needs follow-up outcome.,6
CUST-0069,WorkflowPro Technologies,Commercial,2026-06-11,Call,Feature question call with WorkflowPro Technologies. 18 minutes. Positive outcome.,11
CUST-0173,CloudVision Solutions,Commercial,2026-06-11,Product Feedback,Communication with CloudVision Solutions regarding usage tips.,33
CUST-0019,ComplianceHub Group,Commercial,2026-06-10,Call,Issue escalation call with ComplianceHub Group. 41 minutes. Needs follow-up outcome.,3
CUST-0099,DevTools Group,Commercial,2026-06-10,Email,Communication with DevTools Group regarding product updates.,5
CUST-0107,AuditPro Labs,Enterprise,2026-06-10,Product Feedback,Communication with AuditPro Labs regarding product updates.,15
CUST-0176,MetricsDash Inc,SMB,2026-06-10,Product Feedback,Communication with MetricsDash Inc regarding feedback request.,18
CUST-0177,ContainerOps Group,SMB,2026-06-10,Call,Issue escalation call with ContainerOps Group. 55 minutes. Needs follow-up outcome.,11
CUST-0185,DataBridge LLC,Enterprise,2026-06-10,Meeting,Quarterly business review with DataBridge LLC. 7 attendees. Discussed roadmap and usage.,46
CUST-0193,LoadBalance LLC,Commercial,2026-06-10,Email,Communication with LoadBalance LLC regarding product updates.,47
CUST-0200,ScaleSystems Labs,SMB,2026-06-10,Call,Feature question call with ScaleSystems Labs. 22 minutes. Positive outcome.,8
CUST-0017,CloudVision LLC,Enterprise,2026-06-09,Support Ticket,CloudVision LLC reported bug report. Sentiment: Satisfied.,20
CUST-0030,DataBridge Labs,SMB,2026-06-09,Call,Issue escalation call with DataBridge Labs. 51 minutes. Needs follow-up outcome.,4
CUST-0056,TechFlow Corp,SMB,2026-06-09,Product Feedback,Communication with TechFlow Corp regarding feedback request.,10
CUST-0098,StreamPro Systems,SMB,2026-06-09,Support Ticket,StreamPro Systems reported feature request. Sentiment: Satisfied.,43
CUST-0168,SecurityFirst Inc,SMB,2026-06-09,Call,Issue escalation call with SecurityFirst Inc. 44 minutes. Needs follow-up outcome.,6
CUST-0172,ComplianceHub Solutions,Commercial,2026-06-09,Email,Communication with ComplianceHub Solutions regarding billing.,45
CUST-0019,ComplianceHub Group,Commercial,2026-06-08,Product Feedback,Communication with ComplianceHub Group regarding product updates.,3
CUST-0022,SecurityFirst Systems,Enterprise,2026-06-08,Meeting,Renewal discussion with SecurityFirst Systems. 8 attendees. Discussed roadmap and usage.,13
CUST-0045,AnalyticsCo Technologies,Commercial,2026-06-08,Email,Communication with AnalyticsCo Technologies regarding usage tips.,6
CUST-0065,TechFlow Technologies,Commercial,2026-06-08,Support Ticket,TechFlow Technologies reported integration help. Sentiment: Frustrated.,34
CUST-0070,MicroServe Inc,Enterprise,2026-06-08,Product Feedback,Communication with MicroServe Inc regarding feedback request.,19
CUST-0168,SecurityFirst Inc,SMB,2026-06-08,Support Ticket,SecurityFirst Inc reported feature request. Sentiment: Frustrated.,6
CUST-0075,CodeCraft LLC,Enterprise,2026-06-07,Call,Expansion discussion call with CodeCraft LLC. 18 minutes. Positive outcome.,44
CUST-0152,SecurityFirst Solutions,Commercial,2026-06-07,Product Feedback,Communication with SecurityFirst Solutions regarding usage tips.,14
CUST-0019,ComplianceHub Group,Commercial,2026-06-06,Email,Communication with ComplianceHub Group regarding usage tips.,3
CUST-0025,MicroServe LLC,SMB,2026-06-06,Meeting,Feature demo with MicroServe LLC. 5 attendees. Discussed roadmap and usage.,10
CUST-0072,AnalyticsCo Labs,SMB,2026-06-06,Support Ticket,AnalyticsCo Labs reported feature request. Sentiment: Satisfied.,46
CUST-0140,ContainerOps Inc,Commercial,2026-06-06,Product Feedback,Communication with ContainerOps Inc regarding billing.,33
CUST-0168,SecurityFirst Inc,SMB,2026-06-06,Email,Communication with SecurityFirst Inc regarding billing.,6
CUST-0099,DevTools Group,Commercial,2026-06-05,Call,Feature question call with DevTools Group. 58 minutes. Positive outcome.,5
CUST-0107,AuditPro Labs,Enterprise,2026-06-05,Email,Communication with AuditPro Labs regarding product updates.,15
CUST-0197,LoadBalance Inc,SMB,2026-06-05,Call,Check-in call with LoadBalance Inc. 48 minutes. Positive outcome.,5
CUST-0004,ScaleSystems LLC,Enterprise,2026-06-04,Meeting,Renewal discussion with ScaleSystems LLC. 3 attendees. Discussed roadmap and usage.,13
CUST-0022,SecurityFirst Systems,Enterprise,2026-06-04,Support Ticket,SecurityFirst Systems reported integration help. Sentiment: Frustrated.,13
CUST-0045,AnalyticsCo Technologies,Commercial,2026-06-03,Meeting,Feature demo with AnalyticsCo Technologies. 5 attendees. Discussed roadmap and usage.,6
CUST-0019,ComplianceHub Group,Commercial,2026-06-01,Product Feedback,Communication with ComplianceHub Group regarding billing.,3
CUST-0065,TechFlow Technologies,Commercial,2026-06-01,Email,Communication with TechFlow Technologies regarding product updates.,34
CUST-0129,SecureNet Labs,SMB,2026-06-01,Call,Feature question call with SecureNet Labs. 50 minutes. Positive outcome.,6
CUST-0185,DataBridge LLC,Enterprise,2026-06-01,Product Feedback,Communication with DataBridge LLC regarding usage tips.,46
CUST-0074,MonitorPlus LLC,Enterprise,2026-05-31,Call,Feature question call with MonitorPlus LLC. 49 minutes. Positive outcome.,10
CUST-0112,MicroServe Systems,SMB,2026-05-31,Support Ticket,MicroServe Systems reported feature request. Sentiment: Satisfied.,6
CUST-0176,MetricsDash Inc,SMB,2026-05-31,Meeting,Training session with MetricsDash Inc. 3 attendees. Discussed roadmap and usage.,18
CUST-0189,MetricsDash Systems,SMB,2026-05-31,Support Ticket,MetricsDash Systems reported feature request. Sentiment: Neutral.,8
CUST-0019,ComplianceHub Group,Commercial,2026-05-30,Support Ticket,ComplianceHub Group reported feature request. Sentiment: Frustrated.,3
CUST-0118,AIForge Solutions,Commercial,2026-05-30,Email,Communication with AIForge Solutions regarding billing.,20
CUST-0173,CloudVision Solutions,Commercial,2026-05-30,Meeting,Training session with CloudVision Solutions. 7 attendees. Discussed roadmap and usage.,33
CUST-0198,StreamPro Labs,Commercial,2026-05-30,Meeting,Feature demo with StreamPro Labs. 3 attendees. Discussed roadmap and usage.,13
CUST-0043,LoadBalance Technologies,SMB,2026-05-29,Email,Communication with LoadBalance Technologies regarding product updates.,14
CUST-0032,SecureNet LLC,SMB,2026-05-28,Call,Expansion discussion call with SecureNet LLC. 55 minutes. Positive outcome.,27
CUST-0099,DevTools Group,Commercial,2026-05-28,Meeting,Quarterly business review with DevTools Group. 2 attendees. Discussed roadmap and usage.,5
CUST-0197,LoadBalance Inc,SMB,2026-05-28,Meeting,Feature demo with LoadBalance Inc. 6 attendees. Discussed roadmap and usage.,5
CUST-0019,ComplianceHub Group,Commercial,2026-05-27,Support Ticket,ComplianceHub Group reported integration help. Sentiment: Frustrated.,3
CUST-0030,DataBridge Labs,SMB,2026-05-27,Meeting,Quarterly business review with DataBridge Labs. 4 attendees. Discussed roadmap and usage.,4
CUST-0055,SecureNet Inc,SMB,2026-05-26,Support Ticket,SecureNet Inc reported integration help. Sentiment: Frustrated.,47
CUST-0085,AuditPro Inc,Commercial,2026-05-26,Product Feedback,Communication with AuditPro Inc regarding billing.,40
CUST-0149,AIForge LLC,SMB,2026-05-26,Call,Issue escalation call with AIForge LLC. 28 minutes. Needs follow-up outcome.,6
CUST-0169,CodeCraft Technologies,Commercial,2026-05-26,Product Feedback,Communication with CodeCraft Technologies regarding product updates.,36
CUST-0200,ScaleSystems Labs,SMB,2026-05-26,Email,Communication with ScaleSystems Labs regarding usage tips.,8
CUST-0013,InnovateLabs LLC,SMB,2026-05-25,Meeting,Renewal discussion with InnovateLabs LLC. 8 attendees. Discussed roadmap and usage.,26
CUST-0023,AIForge Technologies,SMB,2026-05-25,Call,Check-in call with AIForge Technologies. 57 minutes. Positive outcome.,5
CUST-0129,SecureNet Labs,SMB,2026-05-25,Email,Communication with SecureNet Labs regarding usage tips.,6
CUST-0019,ComplianceHub Group,Commercial,2026-05-24,Call,Issue escalation call with ComplianceHub Group. 16 minutes. Needs follow-up outcome.,3
CUST-0019,ComplianceHub Group,Commercial,2026-05-24,Product Feedback,Communication with ComplianceHub Group regarding usage tips.,3
CUST-0022,SecurityFirst Systems,Enterprise,2026-05-24,Email,Communication with SecurityFirst Systems regarding product updates.,13
CUST-0200,ScaleSystems Labs,SMB,2026-05-24,Email,Communication with ScaleSystems Labs regarding usage tips.,8
CUST-0019,ComplianceHub Group,Commercial,2026-05-23,Call,Issue escalation call with ComplianceHub Group. 49 minutes. Needs follow-up outcome.,3
CUST-0030,DataBridge Labs,SMB,2026-05-23,Support Ticket,DataBridge Labs reported performance issue. Sentiment: Neutral.,4
CUST-0091,DisasterRecovery Technologies,SMB,2026-05-23,Product Feedback,Communication with DisasterRecovery Technologies regarding billing.,35
CUST-0112,MicroServe Systems,SMB,2026-05-23,Call,Check-in call with MicroServe Systems. 37 minutes. Positive outcome.,6
CUST-0136,DisasterRecovery LLC,Commercial,2026-05-23,Support Ticket,DisasterRecovery LLC reported feature request. Sentiment: Neutral.,22
CUST-0165,ComplianceHub Labs,SMB,2026-05-23,Support Ticket,ComplianceHub Labs reported bug report. Sentiment: Satisfied.,20
CUST-0168,SecurityFirst Inc,SMB,2026-05-23,Call,Issue escalation call with SecurityFirst Inc. 16 minutes. Needs follow-up outcome.,6
CUST-0030,DataBridge Labs,SMB,2026-05-22,Product Feedback,Communication with DataBridge Labs regarding usage tips.,4
CUST-0168,SecurityFirst Inc,SMB,2026-05-22,Call,Issue escalation call with SecurityFirst Inc. 58 minutes. Needs follow-up outcome.,6
CUST-0109,MonitorPlus Labs,SMB,2026-05-21,Product Feedback,Communication with MonitorPlus Labs regarding feedback request.,35
CUST-0200,ScaleSystems Labs,SMB,2026-05-21,Call,Check-in call with ScaleSystems Labs. 22 minutes. Positive outcome.,8
CUST-0033,CodeCraft Solutions,SMB,2026-05-20,Product Feedback,Communication with CodeCraft Solutions regarding feedback request.,7
CUST-0044,InnovateLabs Group,Commercial,2026-05-20,Call,Feature question call with InnovateLabs Group. 36 minutes. Needs follow-up outcome.,3
CUST-0064,BackupCloud Corp,SMB,2026-05-20,Product Feedback,Communication with BackupCloud Corp regarding product updates.,6
CUST-0071,MicroServe Solutions,Enterprise,2026-05-20,Call,Issue escalation call with MicroServe Solutions. 28 minutes. Needs follow-up outcome.,46
CUST-0089,ScaleSystems Technologies,SMB,2026-05-20,Support Ticket,ScaleSystems Technologies reported bug report. Sentiment: Frustrated.,43
CUST-0121,AnalyticsCo Group,SMB,2026-05-20,Meeting,Quarterly business review with AnalyticsCo Group. 5 attendees. Discussed roadmap and usage.,6
CUST-0147,DisasterRecovery Systems,Enterprise,2026-05-20,Call,Issue escalation call with DisasterRecovery Systems. 22 minutes. Needs follow-up outcome.,28
CUST-0147,DisasterRecovery Systems,Enterprise,2026-05-20,Meeting,Renewal discussion with DisasterRecovery Systems. 6 attendees. Discussed roadmap and usage.,28
CUST-0045,AnalyticsCo Technologies,Commercial,2026-05-19,Product Feedback,Communication with AnalyticsCo Technologies regarding billing.,6
CUST-0129,SecureNet Labs,SMB,2026-05-19,Email,Communication with SecureNet Labs regarding feedback request.,6
CUST-0130,QueueManager Systems,SMB,2026-05-19,Call,Issue escalation call with QueueManager Systems. 26 minutes. Needs follow-up outcome.,43
CUST-0167,LoadBalance Corp,Enterprise,2026-05-19,Call,Issue escalation call with LoadBalance Corp. 57 minutes. Needs follow-up outcome.,17
CUST-0035,DataSync Inc,Commercial,2026-05-18,Product Feedback,Communication with DataSync Inc regarding feedback request.,27
CUST-0121,AnalyticsCo Group,SMB,2026-05-18,Meeting,Feature demo with AnalyticsCo Group. 4 attendees. Discussed roadmap and usage.,6
CUST-0173,CloudVision Solutions,Commercial,2026-05-18,Meeting,Quarterly business review with CloudVision Solutions. 6 attendees. Discussed roadmap and usage.,33
CUST-0014,CodeCraft Group,Commercial,2026-05-17,Meeting,Renewal discussion with CodeCraft Group. 3 attendees. Discussed roadmap and usage.,29
CUST-0056,TechFlow Corp,SMB,2026-05-17,Product Feedback,Communication with TechFlow Corp regarding usage tips.,10
CUST-0124,BackupCloud Labs,SMB,2026-05-17,Call,Issue escalation call with BackupCloud Labs. 23 minutes. Needs follow-up outcome.,19
CUST-0149,AIForge LLC,SMB,2026-05-17,Support Ticket,AIForge LLC reported performance issue. Sentiment: Frustrated.,6
CUST-0043,LoadBalance Technologies,SMB,2026-05-16,Email,Communication with LoadBalance Technologies regarding feedback request.,14
CUST-0076,StreamPro Group,Enterprise,2026-05-16,Support Ticket,StreamPro Group reported bug report. Sentiment: Satisfied.,9
CUST-0162,MetricsDash LLC,Enterprise,2026-05-16,Email,Communication with MetricsDash LLC regarding usage tips.,7
CUST-0197,LoadBalance Inc,SMB,2026-05-16,Product Feedback,Communication with LoadBalance Inc regarding billing.,5
CUST-0019,ComplianceHub Group,Commercial,2026-05-15,Support Ticket,ComplianceHub Group reported feature request. Sentiment: Frustrated.,3
CUST-0019,ComplianceHub Group,Commercial,2026-05-15,Product Feedback,Communication with ComplianceHub Group regarding product updates.,3
CUST-0022,SecurityFirst Systems,Enterprise,2026-05-15,Product Feedback,Communication with SecurityFirst Systems regarding feedback request.,13
CUST-0024,CloudScale Technologies,Commercial,2026-05-15,Call,Expansion discussion call with CloudScale Technologies. 18 minutes. Positive outcome.,18
CUST-0044,InnovateLabs Group,Commercial,2026-05-15,Product Feedback,Communication with InnovateLabs Group regarding billing.,3
CUST-0056,TechFlow Corp,SMB,2026-05-15,Call,Check-in call with TechFlow Corp. 17 minutes. Needs follow-up outcome.,10
CUST-0070,MicroServe Inc,Enterprise,2026-05-15,Product Feedback,Communication with MicroServe Inc regarding product updates.,19
CUST-0138,DevOpsHub Group,SMB,2026-05-15,Product Feedback,Communication with DevOpsHub Group regarding usage tips.,38
CUST-0151,DataBridge Group,SMB,2026-05-15,Meeting,Training session with DataBridge Group. 2 attendees. Discussed roadmap and usage.,8
CUST-0160,MetricsDash Group,SMB,2026-05-15,Support Ticket,MetricsDash Group reported integration help. Sentiment: Frustrated.,16
CUST-0168,SecurityFirst Inc,SMB,2026-05-15,Call,Issue escalation call with SecurityFirst Inc. 59 minutes. Needs follow-up outcome.,6
CUST-0007,DisasterRecovery Solutions,SMB,2026-05-14,Meeting,Training session with DisasterRecovery Solutions. 8 attendees. Discussed roadmap and usage.,41
CUST-0044,InnovateLabs Group,Commercial,2026-05-14,Support Ticket,InnovateLabs Group reported feature request. Sentiment: Neutral.,3
CUST-0004,ScaleSystems LLC,Enterprise,2026-05-13,Email,Communication with ScaleSystems LLC regarding usage tips.,13
CUST-0043,LoadBalance Technologies,SMB,2026-05-13,Email,Communication with LoadBalance Technologies regarding billing.,14
CUST-0077,DataSync LLC,Enterprise,2026-05-13,Support Ticket,DataSync LLC reported integration help. Sentiment: Frustrated.,8
CUST-0168,SecurityFirst Inc,SMB,2026-05-13,Call,Issue escalation call with SecurityFirst Inc. 49 minutes. Needs follow-up outcome.,6
CUST-0197,LoadBalance Inc,SMB,2026-05-13,Meeting,Training session with LoadBalance Inc. 2 attendees. Discussed roadmap and usage.,5
CUST-0197,LoadBalance Inc,SMB,2026-05-13,Product Feedback,Communication with LoadBalance Inc regarding billing.,5
CUST-0014,CodeCraft Group,Commercial,2026-05-12,Call,Expansion discussion call with CodeCraft Group. 25 minutes. Positive outcome.,29
CUST-0069,WorkflowPro Technologies,Commercial,2026-05-12,Email,Communication with WorkflowPro Technologies regarding usage tips.,11
CUST-0085,AuditPro Inc,Commercial,2026-05-12,Email,Communication with AuditPro Inc regarding feedback request.,40
CUST-0112,MicroServe Systems,SMB,2026-05-12,Email,Communication with MicroServe Systems regarding billing.,6
CUST-0129,SecureNet Labs,SMB,2026-05-12,Meeting,Renewal discussion with SecureNet Labs. 6 attendees. Discussed roadmap and usage.,6
CUST-0167,LoadBalance Corp,Enterprise,2026-05-12,Email,Communication with LoadBalance Corp regarding product updates.,17
CUST-0189,MetricsDash Systems,SMB,2026-05-12,Meeting,Feature demo with MetricsDash Systems. 3 attendees. Discussed roadmap and usage.,8
CUST-0026,LoadBalance Group,SMB,2026-05-11,Email,Communication with LoadBalance Group regarding usage tips.,38
CUST-0030,DataBridge Labs,SMB,2026-05-11,Call,Issue escalation call with DataBridge Labs. 28 minutes. Needs follow-up outcome.,4
CUST-0045,AnalyticsCo Technologies,Commercial,2026-05-11,Email,Communication with AnalyticsCo Technologies regarding usage tips.,6
CUST-0045,AnalyticsCo Technologies,Commercial,2026-05-11,Support Ticket,AnalyticsCo Technologies reported bug report. Sentiment: Satisfied.,6
CUST-0197,LoadBalance Inc,SMB,2026-05-11,Call,Feature question call with LoadBalance Inc. 45 minutes. Positive outcome.,5
CUST-0054,DevTools Corp,Commercial,2026-05-10,Support Ticket,DevTools Corp reported bug report. Sentiment: Satisfied.,6
CUST-0127,MetricsDash Labs,Enterprise,2026-05-10,Support Ticket,MetricsDash Labs reported bug report. Sentiment: Satisfied.,38
CUST-0004,ScaleSystems LLC,Enterprise,2026-05-09,Support Ticket,ScaleSystems LLC reported feature request. Sentiment: Neutral.,13
CUST-0121,AnalyticsCo Group,SMB,2026-05-09,Call,Expansion discussion call with AnalyticsCo Group. 57 minutes. Positive outcome.,6
CUST-0128,DevTools Technologies,Commercial,2026-05-09,Call,Expansion discussion call with DevTools Technologies. 58 minutes. Positive outcome.,11
CUST-0152,SecurityFirst Solutions,Commercial,2026-05-09,Meeting,Training session with SecurityFirst Solutions. 4 attendees. Discussed roadmap and usage.,14
CUST-0189,MetricsDash Systems,SMB,2026-05-09,Meeting,Quarterly business review with MetricsDash Systems. 7 attendees. Discussed roadmap and usage.,8
CUST-0019,ComplianceHub Group,Commercial,2026-05-08,Call,Issue escalation call with ComplianceHub Group. 58 minutes. Needs follow-up outcome.,3
CUST-0063,WorkflowPro Corp,Commercial,2026-05-08,Meeting,Quarterly business review with WorkflowPro Corp. 8 attendees. Discussed roadmap and usage.,21
CUST-0081,StreamPro Solutions,Commercial,2026-05-08,Product Feedback,Communication with StreamPro Solutions regarding feedback request.,4
CUST-0115,SecurityFirst LLC,SMB,2026-05-08,Product Feedback,Communication with SecurityFirst LLC regarding usage tips.,18
CUST-0165,ComplianceHub Labs,SMB,2026-05-08,Email,Communication with ComplianceHub Labs regarding product updates.,20
CUST-0002,DataBridge Solutions,Commercial,2026-05-07,Product Feedback,Communication with DataBridge Solutions regarding product updates.,44
CUST-0030,DataBridge Labs,SMB,2026-05-07,Call,Issue escalation call with DataBridge Labs. 46 minutes. Needs follow-up outcome.,4
CUST-0112,MicroServe Systems,SMB,2026-05-07,Support Ticket,MicroServe Systems reported feature request. Sentiment: Neutral.,6
CUST-0194,CacheMaster Group,SMB,2026-05-07,Call,Check-in call with CacheMaster Group. 36 minutes. Positive outcome.,28
CUST-0051,CloudScale Systems,Enterprise,2026-05-06,Email,Communication with CloudScale Systems regarding billing.,46
CUST-0077,DataSync LLC,Enterprise,2026-05-06,Product Feedback,Communication with DataSync LLC regarding billing.,8
CUST-0091,DisasterRecovery Technologies,SMB,2026-05-06,Email,Communication with DisasterRecovery Technologies regarding feedback request.,35
CUST-0112,MicroServe Systems,SMB,2026-05-06,Call,Feature question call with MicroServe Systems. 27 minutes. Positive outcome.,6
CUST-0117,DevTools Systems,SMB,2026-05-06,Email,Communication with DevTools Systems regarding billing.,5
CUST-0165,ComplianceHub Labs,SMB,2026-05-06,Product Feedback,Communication with ComplianceHub Labs regarding usage tips.,20
CUST-0168,SecurityFirst Inc,SMB,2026-05-06,Meeting,Feature demo with SecurityFirst Inc. 3 attendees. Discussed roadmap and usage.,6
CUST-0197,LoadBalance Inc,SMB,2026-05-06,Support Ticket,LoadBalance Inc reported bug report. Sentiment: Neutral.,5
CUST-0011,CloudScale Group,SMB,2026-05-05,Call,Expansion discussion call with CloudScale Group. 36 minutes. Positive outcome.,41
CUST-0033,CodeCraft Solutions,SMB,2026-05-05,Product Feedback,Communication with CodeCraft Solutions regarding feedback request.,7
CUST-0120,QueueManager Group,SMB,2026-05-05,Call,Feature question call with QueueManager Group. 27 minutes. Positive outcome.,21
CUST-0159,MetricsDash Technologies,Enterprise,2026-05-05,Email,Communication with MetricsDash Technologies regarding product updates.,10
CUST-0191,InnovateLabs Systems,SMB,2026-05-05,Support Ticket,InnovateLabs Systems reported feature request. Sentiment: Satisfied.,29
CUST-0195,ScaleSystems Group,SMB,2026-05-05,Email,Communication with ScaleSystems Group regarding billing.,21
CUST-0025,MicroServe LLC,SMB,2026-05-04,Support Ticket,MicroServe LLC reported integration help. Sentiment: Frustrated.,10
CUST-0030,DataBridge Labs,SMB,2026-05-04,Meeting,Feature demo with DataBridge Labs. 7 attendees. Discussed roadmap and usage.,4
CUST-0043,LoadBalance Technologies,SMB,2026-05-04,Email,Communication with LoadBalance Technologies regarding billing.,14
CUST-0054,DevTools Corp,Commercial,2026-05-04,Call,Check-in call with DevTools Corp. 50 minutes. Positive outcome.,6
CUST-0106,CloudScale Inc,Commercial,2026-05-04,Email,Communication with CloudScale Inc regarding billing.,5
CUST-0154,APIGateway Systems,Commercial,2026-05-04,Product Feedback,Communication with APIGateway Systems regarding usage tips.,19
CUST-0014,CodeCraft Group,Commercial,2026-05-03,Call,Expansion discussion call with CodeCraft Group. 54 minutes. Positive outcome.,29
CUST-0018,CloudScale Corp,SMB,2026-05-03,Product Feedback,Communication with CloudScale Corp regarding usage tips.,41
CUST-0054,DevTools Corp,Commercial,2026-05-03,Product Feedback,Communication with DevTools Corp regarding product updates.,6
CUST-0070,MicroServe Inc,Enterprise,2026-05-03,Email,Communication with MicroServe Inc regarding feedback request.,19
CUST-0185,DataBridge LLC,Enterprise,2026-05-03,Support Ticket,DataBridge LLC reported bug report. Sentiment: Frustrated.,46
CUST-0019,ComplianceHub Group,Commercial,2026-05-02,Email,Communication with ComplianceHub Group regarding product updates.,3
CUST-0080,AIForge Systems,Commercial,2026-05-02,Support Ticket,AIForge Systems reported performance issue. Sentiment: Frustrated.,7
CUST-0087,MonitorPlus Solutions,SMB,2026-05-02,Call,Issue escalation call with MonitorPlus Solutions. 55 minutes. Needs follow-up outcome.,30
CUST-0113,IntegrationHQ Group,Commercial,2026-05-02,Product Feedback,Communication with IntegrationHQ Group regarding feedback request.,48
CUST-0159,MetricsDash Technologies,Enterprise,2026-05-02,Email,Communication with MetricsDash Technologies regarding feedback request.,10
CUST-0065,TechFlow Technologies,Commercial,2026-05-01,Product Feedback,Communication with TechFlow Technologies regarding product updates.,34
CUST-0104,LogStream Group,SMB,2026-05-01,Meeting,Quarterly business review with LogStream Group. 8 attendees. Discussed roadmap and usage.,14
CUST-0106,CloudScale Inc,Commercial,2026-05-01,Product Feedback,Communication with CloudScale Inc regarding feedback request.,5
CUST-0151,DataBridge Group,SMB,2026-05-01,Call,Issue escalation call with DataBridge Group. 41 minutes. Needs follow-up outcome.,8
CUST-0156,CloudVision Technologies,Commercial,2026-05-01,Call,Feature question call with CloudVision Technologies. 28 minutes. Positive outcome.,39
CUST-0170,SecureNet Technologies,Enterprise,2026-05-01,Email,Communication with SecureNet Technologies regarding product updates.,12
CUST-0196,AuditPro Corp,SMB,2026-05-01,Meeting,Renewal discussion with AuditPro Corp. 8 attendees. Discussed roadmap and usage.,30
CUST-0019,ComplianceHub Group,Commercial,2026-04-30,Support Ticket,ComplianceHub Group reported integration help. Sentiment: Frustrated.,3
CUST-0033,CodeCraft Solutions,SMB,2026-04-30,Email,Communication with CodeCraft Solutions regarding product updates.,7
CUST-0044,InnovateLabs Group,Commercial,2026-04-30,Product Feedback,Communication with InnovateLabs Group regarding usage tips.,3
CUST-0044,InnovateLabs Group,Commercial,2026-04-30,Email,Communication with InnovateLabs Group regarding billing.,3
CUST-0077,DataSync LLC,Enterprise,2026-04-30,Meeting,Training session with DataSync LLC. 7 attendees. Discussed roadmap and usage.,8
CUST-0152,SecurityFirst Solutions,Commercial,2026-04-30,Product Feedback,Communication with SecurityFirst Solutions regarding product updates.,14
CUST-0170,SecureNet Technologies,Enterprise,2026-04-30,Meeting,Quarterly business review with SecureNet Technologies. 3 attendees. Discussed roadmap and usage.,12
CUST-0195,ScaleSystems Group,SMB,2026-04-30,Product Feedback,Communication with ScaleSystems Group regarding usage tips.,21
CUST-0198,StreamPro Labs,Commercial,2026-04-30,Email,Communication with StreamPro Labs regarding billing.,13
CUST-0056,TechFlow Corp,SMB,2026-04-29,Email,Communication with TechFlow Corp regarding billing.,10
CUST-0064,BackupCloud Corp,SMB,2026-04-29,Email,Communication with BackupCloud Corp regarding feedback request.,6
CUST-0077,DataSync LLC,Enterprise,2026-04-29,Call,Issue escalation call with DataSync LLC. 25 minutes. Needs follow-up outcome.,8
CUST-0115,SecurityFirst LLC,SMB,2026-04-29,Meeting,Training session with SecurityFirst LLC. 7 attendees. Discussed roadmap and usage.,18
CUST-0117,DevTools Systems,SMB,2026-04-29,Meeting,Quarterly business review with DevTools Systems. 7 attendees. Discussed roadmap and usage.,5
CUST-0121,AnalyticsCo Group,SMB,2026-04-29,Support Ticket,AnalyticsCo Group reported integration help. Sentiment: Satisfied.,6
CUST-0013,InnovateLabs LLC,SMB,2026-04-28,Meeting,Quarterly business review with InnovateLabs LLC. 4 attendees. Discussed roadmap and usage.,26
CUST-0025,MicroServe LLC,SMB,2026-04-28,Support Ticket,MicroServe LLC reported performance issue. Sentiment: Frustrated.,10
CUST-0151,DataBridge Group,SMB,2026-04-28,Product Feedback,Communication with DataBridge Group regarding feedback request.,8
CUST-0013,InnovateLabs LLC,SMB,2026-04-27,Support Ticket,InnovateLabs LLC reported performance issue. Sentiment: Frustrated.,26
CUST-0077,DataSync LLC,Enterprise,2026-04-27,Meeting,Renewal discussion with DataSync LLC. 8 attendees. Discussed roadmap and usage.,8
CUST-0088,ComplianceHub Corp,Enterprise,2026-04-27,Email,Communication with ComplianceHub Corp regarding product updates.,20
CUST-0088,ComplianceHub Corp,Enterprise,2026-04-27,Email,Communication with ComplianceHub Corp regarding billing.,20
CUST-0106,CloudScale Inc,Commercial,2026-04-27,Call,Feature question call with CloudScale Inc. 40 minutes. Needs follow-up outcome.,5
CUST-0129,SecureNet Labs,SMB,2026-04-27,Meeting,Renewal discussion with SecureNet Labs. 5 attendees. Discussed roadmap and usage.,6
CUST-0151,DataBridge Group,SMB,2026-04-27,Meeting,Quarterly business review with DataBridge Group. 7 attendees. Discussed roadmap and usage.,8
CUST-0154,APIGateway Systems,Commercial,2026-04-27,Call,Feature question call with APIGateway Systems. 51 minutes. Needs follow-up outcome.,19
CUST-0162,MetricsDash LLC,Enterprise,2026-04-27,Email,Communication with MetricsDash LLC regarding product updates.,7
CUST-0064,BackupCloud Corp,SMB,2026-04-26,Support Ticket,BackupCloud Corp reported integration help. Sentiment: Neutral.,6
CUST-0081,StreamPro Solutions,Commercial,2026-04-26,Call,Feature question call with StreamPro Solutions. 26 minutes. Positive outcome.,4
CUST-0117,DevTools Systems,SMB,2026-04-26,Email,Communication with DevTools Systems regarding usage tips.,5
CUST-0168,SecurityFirst Inc,SMB,2026-04-26,Call,Issue escalation call with SecurityFirst Inc. 31 minutes. Needs follow-up outcome.,6
CUST-0019,ComplianceHub Group,Commercial,2026-04-25,Support Ticket,ComplianceHub Group reported performance issue. Sentiment: Frustrated.,3
CUST-0030,DataBridge Labs,SMB,2026-04-25,Support Ticket,DataBridge Labs reported bug report. Sentiment: Neutral.,4
CUST-0045,AnalyticsCo Technologies,Commercial,2026-04-25,Email,Communication with AnalyticsCo Technologies regarding product updates.,6
CUST-0044,InnovateLabs Group,Commercial,2026-04-24,Support Ticket,InnovateLabs Group reported bug report. Sentiment: Neutral.,3
CUST-0044,InnovateLabs Group,Commercial,2026-04-24,Support Ticket,InnovateLabs Group reported performance issue. Sentiment: Neutral.,3
CUST-0117,DevTools Systems,SMB,2026-04-24,Product Feedback,Communication with DevTools Systems regarding product updates.,5
CUST-0117,DevTools Systems,SMB,2026-04-24,Support Ticket,DevTools Systems reported bug report. Sentiment: Neutral.,5
CUST-0159,MetricsDash Technologies,Enterprise,2026-04-24,Meeting,Quarterly business review with MetricsDash Technologies. 8 attendees. Discussed roadmap and usage.,10
CUST-0168,SecurityFirst Inc,SMB,2026-04-24,Meeting,Quarterly business review with SecurityFirst Inc. 2 attendees. Discussed roadmap and usage.,6
CUST-0003,DataSync Solutions,SMB,2026-04-23,Support Ticket,DataSync Solutions reported feature request. Sentiment: Satisfied.,32
CUST-0019,ComplianceHub Group,Commercial,2026-04-23,Meeting,Feature demo with ComplianceHub Group. 2 attendees. Discussed roadmap and usage.,3
CUST-0044,InnovateLabs Group,Commercial,2026-04-23,Email,Communication with InnovateLabs Group regarding feedback request.,3
CUST-0070,MicroServe Inc,Enterprise,2026-04-23,Meeting,Quarterly business review with MicroServe Inc. 8 attendees. Discussed roadmap and usage.,19
CUST-0106,CloudScale Inc,Commercial,2026-04-23,Call,Expansion discussion call with CloudScale Inc. 24 minutes. Needs follow-up outcome.,5
CUST-0160,MetricsDash Group,SMB,2026-04-23,Product Feedback,Communication with MetricsDash Group regarding product updates.,16
CUST-0194,CacheMaster Group,SMB,2026-04-23,Support Ticket,CacheMaster Group reported performance issue. Sentiment: Satisfied.,28
CUST-0023,AIForge Technologies,SMB,2026-04-22,Email,Communication with AIForge Technologies regarding product updates.,5
CUST-0044,InnovateLabs Group,Commercial,2026-04-22,Support Ticket,InnovateLabs Group reported feature request. Sentiment: Neutral.,3
CUST-0080,AIForge Systems,Commercial,2026-04-22,Support Ticket,AIForge Systems reported integration help. Sentiment: Frustrated.,7
CUST-0120,QueueManager Group,SMB,2026-04-22,Email,Communication with QueueManager Group regarding feedback request.,21
CUST-0121,AnalyticsCo Group,SMB,2026-04-22,Call,Feature question call with AnalyticsCo Group. 33 minutes. Positive outcome.,6
CUST-0151,DataBridge Group,SMB,2026-04-22,Call,Issue escalation call with DataBridge Group. 28 minutes. Needs follow-up outcome.,8
CUST-0019,ComplianceHub Group,Commercial,2026-04-21,Support Ticket,ComplianceHub Group reported bug report. Sentiment: Frustrated.,3
CUST-0019,ComplianceHub Group,Commercial,2026-04-21,Meeting,Training session with ComplianceHub Group. 5 attendees. Discussed roadmap and usage.,3
CUST-0061,MicroServe Technologies,Enterprise,2026-04-21,Email,Communication with MicroServe Technologies regarding feedback request.,31
CUST-0064,BackupCloud Corp,SMB,2026-04-21,Email,Communication with BackupCloud Corp regarding billing.,6
CUST-0106,CloudScale Inc,Commercial,2026-04-21,Meeting,Renewal discussion with CloudScale Inc. 7 attendees. Discussed roadmap and usage.,5
CUST-0152,SecurityFirst Solutions,Commercial,2026-04-21,Product Feedback,Communication with SecurityFirst Solutions regarding feedback request.,14
CUST-0189,MetricsDash Systems,SMB,2026-04-21,Call,Expansion discussion call with MetricsDash Systems. 38 minutes. Positive outcome.,8
CUST-0107,AuditPro Labs,Enterprise,2026-04-20,Product Feedback,Communication with AuditPro Labs regarding usage tips.,15
CUST-0117,DevTools Systems,SMB,2026-04-20,Meeting,Feature demo with DevTools Systems. 5 attendees. Discussed roadmap and usage.,5
CUST-0128,DevTools Technologies,Commercial,2026-04-20,Meeting,Renewal discussion with DevTools Technologies. 2 attendees. Discussed roadmap and usage.,11
CUST-0189,MetricsDash Systems,SMB,2026-04-20,Email,Communication with MetricsDash Systems regarding billing.,8
CUST-0045,AnalyticsCo Technologies,Commercial,2026-04-19,Support Ticket,AnalyticsCo Technologies reported integration help. Sentiment: Satisfied.,6
CUST-0081,StreamPro Solutions,Commercial,2026-04-19,Product Feedback,Communication with StreamPro Solutions regarding usage tips.,4
CUST-0099,DevTools Group,Commercial,2026-04-19,Meeting,Renewal discussion with DevTools Group. 4 attendees. Discussed roadmap and usage.,5
CUST-0133,ComplianceHub Systems,SMB,2026-04-19,Product Feedback,Communication with ComplianceHub Systems regarding billing.,7
CUST-0198,StreamPro Labs,Commercial,2026-04-19,Product Feedback,Communication with StreamPro Labs regarding usage tips.,13
CUST-0002,DataBridge Solutions,Commercial,2026-04-18,Meeting,Renewal discussion with DataBridge Solutions. 7 attendees. Discussed roadmap and usage.,44
CUST-0025,MicroServe LLC,SMB,2026-04-18,Email,Communication with MicroServe LLC regarding usage tips.,10
CUST-0033,CodeCraft Solutions,SMB,2026-04-18,Meeting,Training session with CodeCraft Solutions. 6 attendees. Discussed roadmap and usage.,7
CUST-0045,AnalyticsCo Technologies,Commercial,2026-04-18,Product Feedback,Communication with AnalyticsCo Technologies regarding billing.,6
CUST-0112,MicroServe Systems,SMB,2026-04-18,Email,Communication with MicroServe Systems regarding billing.,6
CUST-0149,AIForge LLC,SMB,2026-04-18,Email,Communication with AIForge LLC regarding feedback request.,6
CUST-0169,CodeCraft Technologies,Commercial,2026-04-18,Call,Expansion discussion call with CodeCraft Technologies. 56 minutes. Positive outcome.,36
CUST-0023,AIForge Technologies,SMB,2026-04-17,Support Ticket,AIForge Technologies reported bug report. Sentiment: Neutral.,5
CUST-0081,StreamPro Solutions,Commercial,2026-04-17,Product Feedback,Communication with StreamPro Solutions regarding usage tips.,4
CUST-0112,MicroServe Systems,SMB,2026-04-17,Meeting,Training session with MicroServe Systems. 4 attendees. Discussed roadmap and usage.,6
CUST-0159,MetricsDash Technologies,Enterprise,2026-04-17,Call,Expansion discussion call with MetricsDash Technologies. 51 minutes. Positive outcome.,10
CUST-0168,SecurityFirst Inc,SMB,2026-04-17,Meeting,Training session with SecurityFirst Inc. 3 attendees. Discussed roadmap and usage.,6
CUST-0170,SecureNet Technologies,Enterprise,2026-04-17,Product Feedback,Communication with SecureNet Technologies regarding feedback request.,12
CUST-0170,SecureNet Technologies,Enterprise,2026-04-17,Call,Issue escalation call with SecureNet Technologies. 22 minutes. Needs follow-up outcome.,12
CUST-0045,AnalyticsCo Technologies,Commercial,2026-04-16,Email,Communication with AnalyticsCo Technologies regarding feedback request.,6
CUST-0096,BackupCloud Inc,Commercial,2026-04-16,Meeting,Quarterly business review with BackupCloud Inc. 4 attendees. Discussed roadmap and usage.,17
CUST-0133,ComplianceHub Systems,SMB,2026-04-16,Product Feedback,Communication with ComplianceHub Systems regarding billing.,7
CUST-0151,DataBridge Group,SMB,2026-04-16,Meeting,Quarterly business review with DataBridge Group. 8 attendees. Discussed roadmap and usage.,8
CUST-0019,ComplianceHub Group,Commercial,2026-04-15,Support Ticket,ComplianceHub Group reported performance issue. Sentiment: Frustrated.,3
CUST-0030,DataBridge Labs,SMB,2026-04-15,Email,Communication with DataBridge Labs regarding product updates.,4
CUST-0043,LoadBalance Technologies,SMB,2026-04-15,Call,Expansion discussion call with LoadBalance Technologies. 15 minutes. Positive outcome.,14
CUST-0064,BackupCloud Corp,SMB,2026-04-15,Email,Communication with BackupCloud Corp regarding billing.,6
CUST-0112,MicroServe Systems,SMB,2026-04-15,Meeting,Quarterly business review with MicroServe Systems. 4 attendees. Discussed roadmap and usage.,6
CUST-0123,CloudScale LLC,Commercial,2026-04-15,Support Ticket,CloudScale LLC reported feature request. Sentiment: Satisfied.,36
CUST-0022,SecurityFirst Systems,Enterprise,2026-04-14,Support Ticket,SecurityFirst Systems reported performance issue. Sentiment: Neutral.,13
CUST-0077,DataSync LLC,Enterprise,2026-04-14,Support Ticket,DataSync LLC reported integration help. Sentiment: Neutral.,8
CUST-0106,CloudScale Inc,Commercial,2026-04-14,Product Feedback,Communication with CloudScale Inc regarding billing.,5
CUST-0151,DataBridge Group,SMB,2026-04-13,Meeting,Quarterly business review with DataBridge Group. 6 attendees. Discussed roadmap and usage.,8
CUST-0152,SecurityFirst Solutions,Commercial,2026-04-13,Meeting,Quarterly business review with SecurityFirst Solutions. 2 attendees. Discussed roadmap and usage.,14
CUST-0168,SecurityFirst Inc,SMB,2026-04-13,Product Feedback,Communication with SecurityFirst Inc regarding product updates.,6
CUST-0013,InnovateLabs LLC,SMB,2026-04-12,Product Feedback,Communication with InnovateLabs LLC regarding product updates.,26
CUST-0024,CloudScale Technologies,Commercial,2026-04-12,Support Ticket,CloudScale Technologies reported feature request. Sentiment: Satisfied.,18
CUST-0054,DevTools Corp,Commercial,2026-04-12,Call,Check-in call with DevTools Corp. 15 minutes. Positive outcome.,6
CUST-0106,CloudScale Inc,Commercial,2026-04-12,Call,Expansion discussion call with CloudScale Inc. 38 minutes. Needs follow-up outcome.,5
CUST-0117,DevTools Systems,SMB,2026-04-12,Support Ticket,DevTools Systems reported feature request. Sentiment: Neutral.,5
CUST-0054,DevTools Corp,Commercial,2026-04-11,Call,Feature question call with DevTools Corp. 28 minutes. Positive outcome.,6
CUST-0056,TechFlow Corp,SMB,2026-04-11,Email,Communication with TechFlow Corp regarding feedback request.,10
CUST-0021,ContainerOps Corp,Enterprise,2026-04-10,Meeting,Quarterly business review with ContainerOps Corp. 3 attendees. Discussed roadmap and usage.,22
CUST-0030,DataBridge Labs,SMB,2026-04-10,Call,Issue escalation call with DataBridge Labs. 43 minutes. Needs follow-up outcome.,4
CUST-0044,InnovateLabs Group,Commercial,2026-04-10,Meeting,Feature demo with InnovateLabs Group. 5 attendees. Discussed roadmap and usage.,3
CUST-0045,AnalyticsCo Technologies,Commercial,2026-04-10,Meeting,Feature demo with AnalyticsCo Technologies. 2 attendees. Discussed roadmap and usage.,6
CUST-0077,DataSync LLC,Enterprise,2026-04-10,Support Ticket,DataSync LLC reported integration help. Sentiment: Neutral.,8
CUST-0096,BackupCloud Inc,Commercial,2026-04-10,Meeting,Feature demo with BackupCloud Inc. 5 attendees. Discussed roadmap and usage.,17
CUST-0116,LogStream Corp,SMB,2026-04-10,Call,Issue escalation call with LogStream Corp. 45 minutes. Needs follow-up outcome.,46
CUST-0129,SecureNet Labs,SMB,2026-04-10,Support Ticket,SecureNet Labs reported integration help. Sentiment: Neutral.,6
CUST-0154,APIGateway Systems,Commercial,2026-04-10,Support Ticket,APIGateway Systems reported performance issue. Sentiment: Neutral.,19
CUST-0168,SecurityFirst Inc,SMB,2026-04-10,Meeting,Feature demo with SecurityFirst Inc. 4 attendees. Discussed roadmap and usage.,6
CUST-0198,StreamPro Labs,Commercial,2026-04-10,Meeting,Training session with StreamPro Labs. 8 attendees. Discussed roadmap and usage.,13
CUST-0200,ScaleSystems Labs,SMB,2026-04-10,Email,Communication with ScaleSystems Labs regarding billing.,8
CUST-0030,DataBridge Labs,SMB,2026-04-09,Product Feedback,Communication with DataBridge Labs regarding product updates.,4
CUST-0030,DataBridge Labs,SMB,2026-04-09,Call,Issue escalation call with DataBridge Labs. 49 minutes. Needs follow-up outcome.,4
CUST-0044,InnovateLabs Group,Commercial,2026-04-09,Call,Feature question call with InnovateLabs Group. 57 minutes. Needs follow-up outcome.,3
CUST-0044,InnovateLabs Group,Commercial,2026-04-09,Support Ticket,InnovateLabs Group reported integration help. Sentiment: Neutral.,3
CUST-0054,DevTools Corp,Commercial,2026-04-09,Email,Communication with DevTools Corp regarding feedback request.,6
CUST-0056,TechFlow Corp,SMB,2026-04-09,Email,Communication with TechFlow Corp regarding usage tips.,10
CUST-0056,TechFlow Corp,SMB,2026-04-09,Product Feedback,Communication with TechFlow Corp regarding feedback request.,10
CUST-0073,DataBridge Systems,SMB,2026-04-09,Product Feedback,Communication with DataBridge Systems regarding usage tips.,42
CUST-0129,SecureNet Labs,SMB,2026-04-09,Support Ticket,SecureNet Labs reported bug report. Sentiment: Neutral.,6
CUST-0196,AuditPro Corp,SMB,2026-04-09,Product Feedback,Communication with AuditPro Corp regarding usage tips.,30
CUST-0198,StreamPro Labs,Commercial,2026-04-09,Meeting,Feature demo with StreamPro Labs. 5 attendees. Discussed roadmap and usage.,13
CUST-0030,DataBridge Labs,SMB,2026-04-08,Product Feedback,Communication with DataBridge Labs regarding product updates.,4
CUST-0065,TechFlow Technologies,Commercial,2026-04-08,Email,Communication with TechFlow Technologies regarding feedback request.,34
CUST-0106,CloudScale Inc,Commercial,2026-04-08,Support Ticket,CloudScale Inc reported bug report. Sentiment: Neutral.,5
CUST-0117,DevTools Systems,SMB,2026-04-08,Support Ticket,DevTools Systems reported performance issue. Sentiment: Neutral.,5
CUST-0177,ContainerOps Group,SMB,2026-04-08,Meeting,Quarterly business review with ContainerOps Group. 5 attendees. Discussed roadmap and usage.,11
CUST-0019,ComplianceHub Group,Commercial,2026-04-07,Product Feedback,Communication with ComplianceHub Group regarding feedback request.,3
CUST-0023,AIForge Technologies,SMB,2026-04-07,Email,Communication with AIForge Technologies regarding billing.,5
CUST-0026,LoadBalance Group,SMB,2026-04-07,Product Feedback,Communication with LoadBalance Group regarding product updates.,38
CUST-0033,CodeCraft Solutions,SMB,2026-04-07,Product Feedback,Communication with CodeCraft Solutions regarding usage tips.,7
CUST-0117,DevTools Systems,SMB,2026-04-07,Meeting,Renewal discussion with DevTools Systems. 4 attendees. Discussed roadmap and usage.,5
CUST-0152,SecurityFirst Solutions,Commercial,2026-04-07,Support Ticket,SecurityFirst Solutions reported feature request. Sentiment: Satisfied.,14
CUST-0171,LogStream Solutions,SMB,2026-04-07,Support Ticket,LogStream Solutions reported feature request. Sentiment: Satisfied.,8
CUST-0037,WorkflowPro Inc,Commercial,2026-04-06,Email,Communication with WorkflowPro Inc regarding feedback request.,30
CUST-0056,TechFlow Corp,SMB,2026-04-06,Email,Communication with TechFlow Corp regarding product updates.,10
CUST-0148,APIGateway Group,SMB,2026-04-06,Support Ticket,APIGateway Group reported feature request. Sentiment: Satisfied.,33
CUST-0030,DataBridge Labs,SMB,2026-04-05,Meeting,Feature demo with DataBridge Labs. 5 attendees. Discussed roadmap and usage.,4
CUST-0036,QueueManager Labs,Commercial,2026-04-05,Support Ticket,QueueManager Labs reported integration help. Sentiment: Frustrated.,25
CUST-0153,QueueManager Technologies,SMB,2026-04-05,Call,Issue escalation call with QueueManager Technologies. 48 minutes. Needs follow-up outcome.,44
CUST-0176,MetricsDash Inc,SMB,2026-04-05,Email,Communication with MetricsDash Inc regarding product updates.,18
CUST-0051,CloudScale Systems,Enterprise,2026-04-04,Support Ticket,CloudScale Systems reported integration help. Sentiment: Frustrated.,46
CUST-0077,DataSync LLC,Enterprise,2026-04-04,Call,Issue escalation call with DataSync LLC. 43 minutes. Needs follow-up outcome.,8
CUST-0171,LogStream Solutions,SMB,2026-04-04,Meeting,Feature demo with LogStream Solutions. 3 attendees. Discussed roadmap and usage.,8
CUST-0038,InnovateLabs Corp,SMB,2026-04-03,Email,Communication with InnovateLabs Corp regarding usage tips.,18
CUST-0125,DevTools Labs,SMB,2026-04-03,Support Ticket,DevTools Labs reported integration help. Sentiment: Neutral.,8
CUST-0129,SecureNet Labs,SMB,2026-04-03,Product Feedback,Communication with SecureNet Labs regarding product updates.,6
CUST-0019,ComplianceHub Group,Commercial,2026-04-02,Meeting,Training session with ComplianceHub Group. 3 attendees. Discussed roadmap and usage.,3
CUST-0025,MicroServe LLC,SMB,2026-04-02,Support Ticket,MicroServe LLC reported bug report. Sentiment: Frustrated.,10
CUST-0039,BackupCloud Solutions,Enterprise,2026-04-02,Email,Communication with BackupCloud Solutions regarding billing.,14
CUST-0117,DevTools Systems,SMB,2026-04-02,Product Feedback,Communication with DevTools Systems regarding feedback request.,5
CUST-0197,LoadBalance Inc,SMB,2026-04-02,Support Ticket,LoadBalance Inc reported feature request. Sentiment: Neutral.,5
CUST-0030,DataBridge Labs,SMB,2026-04-01,Product Feedback,Communication with DataBridge Labs regarding feedback request.,4
CUST-0030,DataBridge Labs,SMB,2026-04-01,Call,Issue escalation call with DataBridge Labs. 25 minutes. Needs follow-up outcome.,4
CUST-0030,DataBridge Labs,SMB,2026-04-01,Support Ticket,DataBridge Labs reported bug report. Sentiment: Neutral.,4
CUST-0070,MicroServe Inc,Enterprise,2026-04-01,Call,Feature question call with MicroServe Inc. 15 minutes. Positive outcome.,19
CUST-0108,DevTools LLC,Enterprise,2026-04-01,Support Ticket,DevTools LLC reported performance issue. Sentiment: Satisfied.,41
CUST-0125,DevTools Labs,SMB,2026-04-01,Support Ticket,DevTools Labs reported feature request. Sentiment: Neutral.,8
CUST-0150,MonitorPlus Inc,SMB,2026-04-01,Product Feedback,Communication with MonitorPlus Inc regarding billing.,38
CUST-0027,ScaleSystems Inc,SMB,2026-03-31,Call,Expansion discussion call with ScaleSystems Inc. 46 minutes. Needs follow-up outcome.,7
CUST-0046,DisasterRecovery Group,SMB,2026-03-31,Meeting,Renewal discussion with DisasterRecovery Group. 7 attendees. Discussed roadmap and usage.,36
CUST-0048,MetricsDash Solutions,SMB,2026-03-31,Support Ticket,MetricsDash Solutions reported feature request. Sentiment: Frustrated.,21
CUST-0076,StreamPro Group,Enterprise,2026-03-31,Product Feedback,Communication with StreamPro Group regarding billing.,9
CUST-0080,AIForge Systems,Commercial,2026-03-31,Product Feedback,Communication with AIForge Systems regarding usage tips.,7
CUST-0085,AuditPro Inc,Commercial,2026-03-31,Email,Communication with AuditPro Inc regarding feedback request.,40
CUST-0133,ComplianceHub Systems,SMB,2026-03-31,Support Ticket,ComplianceHub Systems reported performance issue. Sentiment: Neutral.,7
CUST-0146,ScaleSystems Corp,Commercial,2026-03-31,Support Ticket,ScaleSystems Corp reported integration help. Sentiment: Satisfied.,48
CUST-0163,DataBridge Inc,SMB,2026-03-31,Email,Communication with DataBridge Inc regarding billing.,27
CUST-0051,CloudScale Systems,Enterprise,2026-03-30,Email,Communication with CloudScale Systems regarding feedback request.,46
CUST-0106,CloudScale Inc,Commercial,2026-03-30,Product Feedback,Communication with CloudScale Inc regarding usage tips.,5
CUST-0112,MicroServe Systems,SMB,2026-03-30,Email,Communication with MicroServe Systems regarding billing.,6
CUST-0120,QueueManager Group,SMB,2026-03-30,Email,Communication with QueueManager Group regarding product updates.,21
CUST-0121,AnalyticsCo Group,SMB,2026-03-30,Email,Communication with AnalyticsCo Group regarding billing.,6
CUST-0129,SecureNet Labs,SMB,2026-03-30,Meeting,Quarterly business review with SecureNet Labs. 6 attendees. Discussed roadmap and usage.,6
CUST-0159,MetricsDash Technologies,Enterprise,2026-03-30,Support Ticket,MetricsDash Technologies reported bug report. Sentiment: Satisfied.,10
CUST-0159,MetricsDash Technologies,Enterprise,2026-03-30,Support Ticket,MetricsDash Technologies reported performance issue. Sentiment: Satisfied.,10
CUST-0171,LogStream Solutions,SMB,2026-03-30,Email,Communication with LogStream Solutions regarding billing.,8
CUST-0189,MetricsDash Systems,SMB,2026-03-30,Product Feedback,Communication with MetricsDash Systems regarding product updates.,8
CUST-0004,ScaleSystems LLC,Enterprise,2026-03-29,Product Feedback,Communication with ScaleSystems LLC regarding feedback request.,13
CUST-0024,CloudScale Technologies,Commercial,2026-03-29,Call,Check-in call with CloudScale Technologies. 52 minutes. Positive outcome.,18
CUST-0056,TechFlow Corp,SMB,2026-03-29,Support Ticket,TechFlow Corp reported performance issue. Sentiment: Neutral.,10
CUST-0086,StreamPro LLC,SMB,2026-03-29,Email,Communication with StreamPro LLC regarding product updates.,35
CUST-0103,CacheMaster LLC,Commercial,2026-03-29,Email,Communication with CacheMaster LLC regarding feedback request.,11
CUST-0129,SecureNet Labs,SMB,2026-03-29,Call,Expansion discussion call with SecureNet Labs. 27 minutes. Positive outcome.,6
CUST-0138,DevOpsHub Group,SMB,2026-03-29,Support Ticket,DevOpsHub Group reported integration help. Sentiment: Satisfied.,38
CUST-0189,MetricsDash Systems,SMB,2026-03-29,Support Ticket,MetricsDash Systems reported performance issue. Sentiment: Neutral.,8
CUST-0194,CacheMaster Group,SMB,2026-03-29,Support Ticket,CacheMaster Group reported performance issue. Sentiment: Satisfied.,28
CUST-0027,ScaleSystems Inc,SMB,2026-03-28,Product Feedback,Communication with ScaleSystems Inc regarding product updates.,7
CUST-0069,WorkflowPro Technologies,Commercial,2026-03-28,Meeting,Training session with WorkflowPro Technologies. 2 attendees. Discussed roadmap and usage.,11
CUST-0086,StreamPro LLC,SMB,2026-03-28,Email,Communication with StreamPro LLC regarding feedback request.,35
CUST-0091,DisasterRecovery Technologies,SMB,2026-03-28,Email,Communication with DisasterRecovery Technologies regarding usage tips.,35
CUST-0120,QueueManager Group,SMB,2026-03-28,Email,Communication with QueueManager Group regarding usage tips.,21
CUST-0200,ScaleSystems Labs,SMB,2026-03-28,Product Feedback,Communication with ScaleSystems Labs regarding usage tips.,8
CUST-0036,QueueManager Labs,Commercial,2026-03-27,Product Feedback,Communication with QueueManager Labs regarding product updates.,25
CUST-0056,TechFlow Corp,SMB,2026-03-27,Meeting,Renewal discussion with TechFlow Corp. 5 attendees. Discussed roadmap and usage.,10
CUST-0056,TechFlow Corp,SMB,2026-03-27,Support Ticket,TechFlow Corp reported bug report. Sentiment: Neutral.,10
CUST-0156,CloudVision Technologies,Commercial,2026-03-27,Product Feedback,Communication with CloudVision Technologies regarding product updates.,39
CUST-0174,DevOpsHub Solutions,Commercial,2026-03-27,Support Ticket,DevOpsHub Solutions reported performance issue. Sentiment: Satisfied.,22
CUST-0197,LoadBalance Inc,SMB,2026-03-27,Support Ticket,LoadBalance Inc reported integration help. Sentiment: Neutral.,5
CUST-0098,StreamPro Systems,SMB,2026-03-26,Support Ticket,StreamPro Systems reported feature request. Sentiment: Satisfied.,43
CUST-0112,MicroServe Systems,SMB,2026-03-26,Meeting,Quarterly business review with MicroServe Systems. 6 attendees. Discussed roadmap and usage.,6
CUST-0168,SecurityFirst Inc,SMB,2026-03-26,Call,Issue escalation call with SecurityFirst Inc. 51 minutes. Needs follow-up outcome.,6
CUST-0168,SecurityFirst Inc,SMB,2026-03-26,Product Feedback,Communication with SecurityFirst Inc regarding usage tips.,6
CUST-0027,ScaleSystems Inc,SMB,2026-03-25,Meeting,Quarterly business review with ScaleSystems Inc. 6 attendees. Discussed roadmap and usage.,7
CUST-0077,DataSync LLC,Enterprise,2026-03-25,Meeting,Training session with DataSync LLC. 2 attendees. Discussed roadmap and usage.,8
CUST-0151,DataBridge Group,SMB,2026-03-25,Email,Communication with DataBridge Group regarding usage tips.,8
CUST-0174,DevOpsHub Solutions,Commercial,2026-03-25,Meeting,Quarterly business review with DevOpsHub Solutions. 6 attendees. Discussed roadmap and usage.,22
CUST-0175,MicroServe Corp,Commercial,2026-03-25,Call,Feature question call with MicroServe Corp. 24 minutes. Positive outcome.,17
CUST-0064,BackupCloud Corp,SMB,2026-03-24,Email,Communication with BackupCloud Corp regarding product updates.,6
CUST-0112,MicroServe Systems,SMB,2026-03-24,Meeting,Feature demo with MicroServe Systems. 4 attendees. Discussed roadmap and usage.,6
CUST-0139,CloudVision Systems,SMB,2026-03-24,Email,Communication with CloudVision Systems regarding feedback request.,9
CUST-0156,CloudVision Technologies,Commercial,2026-03-24,Meeting,Quarterly business review with CloudVision Technologies. 4 attendees. Discussed roadmap and usage.,39
CUST-0025,MicroServe LLC,SMB,2026-03-23,Support Ticket,MicroServe LLC reported performance issue. Sentiment: Frustrated.,10
CUST-0027,ScaleSystems Inc,SMB,2026-03-23,Meeting,Renewal discussion with ScaleSystems Inc. 3 attendees. Discussed roadmap and usage.,7
CUST-0033,CodeCraft Solutions,SMB,2026-03-23,Email,Communication with CodeCraft Solutions regarding product updates.,7
CUST-0112,MicroServe Systems,SMB,2026-03-23,Product Feedback,Communication with MicroServe Systems regarding product updates.,6
CUST-0139,CloudVision Systems,SMB,2026-03-23,Product Feedback,Communication with CloudVision Systems regarding product updates.,9
CUST-0139,CloudVision Systems,SMB,2026-03-23,Support Ticket,CloudVision Systems reported bug report. Sentiment: Neutral.,9
CUST-0148,APIGateway Group,SMB,2026-03-23,Email,Communication with APIGateway Group regarding billing.,33
CUST-0195,ScaleSystems Group,SMB,2026-03-23,Meeting,Feature demo with ScaleSystems Group. 2 attendees. Discussed roadmap and usage.,21
CUST-0013,InnovateLabs LLC,SMB,2026-03-22,Product Feedback,Communication with InnovateLabs LLC regarding usage tips.,26
CUST-0027,ScaleSystems Inc,SMB,2026-03-22,Product Feedback,Communication with ScaleSystems Inc regarding billing.,7
CUST-0045,AnalyticsCo Technologies,Commercial,2026-03-22,Call,Feature question call with AnalyticsCo Technologies. 18 minutes. Positive outcome.,6
CUST-0054,DevTools Corp,Commercial,2026-03-22,Product Feedback,Communication with DevTools Corp regarding usage tips.,6
CUST-0054,DevTools Corp,Commercial,2026-03-22,Product Feedback,Communication with DevTools Corp regarding billing.,6
CUST-0056,TechFlow Corp,SMB,2026-03-22,Support Ticket,TechFlow Corp reported feature request. Sentiment: Neutral.,10
CUST-0062,AuditPro Systems,SMB,2026-03-22,Call,Check-in call with AuditPro Systems. 58 minutes. Needs follow-up outcome.,47
CUST-0112,MicroServe Systems,SMB,2026-03-22,Email,Communication with MicroServe Systems regarding billing.,6
CUST-0139,CloudVision Systems,SMB,2026-03-22,Support Ticket,CloudVision Systems reported performance issue. Sentiment: Neutral.,9
CUST-0037,WorkflowPro Inc,Commercial,2026-03-21,Email,Communication with WorkflowPro Inc regarding product updates.,30
CUST-0047,WorkflowPro Labs,SMB,2026-03-21,Meeting,Quarterly business review with WorkflowPro Labs. 7 attendees. Discussed roadmap and usage.,16
CUST-0103,CacheMaster LLC,Commercial,2026-03-21,Call,Issue escalation call with CacheMaster LLC. 15 minutes. Needs follow-up outcome.,11
CUST-0143,LoadBalance Labs,Commercial,2026-03-21,Call,Feature question call with LoadBalance Labs. 23 minutes. Positive outcome.,27
CUST-0015,DataBridge Corp,Commercial,2026-03-20,Product Feedback,Communication with DataBridge Corp regarding usage tips.,29
CUST-0017,CloudVision LLC,Enterprise,2026-03-20,Support Ticket,CloudVision LLC reported performance issue. Sentiment: Satisfied.,20
CUST-0052,DevOpsHub Inc,SMB,2026-03-20,Product Feedback,Communication with DevOpsHub Inc regarding product updates.,34
CUST-0112,MicroServe Systems,SMB,2026-03-20,Call,Expansion discussion call with MicroServe Systems. 49 minutes. Positive outcome.,6
CUST-0163,DataBridge Inc,SMB,2026-03-20,Call,Feature question call with DataBridge Inc. 40 minutes. Positive outcome.,27
CUST-0147,DisasterRecovery Systems,Enterprise,2026-03-19,Meeting,Feature demo with DisasterRecovery Systems. 7 attendees. Discussed roadmap and usage.,28
CUST-0164,AuditPro Group,SMB,2026-03-19,Call,Issue escalation call with AuditPro Group. 26 minutes. Needs follow-up outcome.,11
CUST-0023,AIForge Technologies,SMB,2026-03-18,Product Feedback,Communication with AIForge Technologies regarding feedback request.,5
CUST-0043,LoadBalance Technologies,SMB,2026-03-18,Meeting,Quarterly business review with LoadBalance Technologies. 3 attendees. Discussed roadmap and usage.,14
CUST-0096,BackupCloud Inc,Commercial,2026-03-18,Email,Communication with BackupCloud Inc regarding feedback request.,17
CUST-0117,DevTools Systems,SMB,2026-03-18,Support Ticket,DevTools Systems reported performance issue. Sentiment: Neutral.,5
CUST-0128,DevTools Technologies,Commercial,2026-03-18,Email,Communication with DevTools Technologies regarding usage tips.,11
CUST-0197,LoadBalance Inc,SMB,2026-03-18,Email,Communication with LoadBalance Inc regarding billing.,5
CUST-0027,ScaleSystems Inc,SMB,2026-03-17,Support Ticket,ScaleSystems Inc reported performance issue. Sentiment: Neutral.,7
CUST-0138,DevOpsHub Group,SMB,2026-03-17,Call,Check-in call with DevOpsHub Group. 32 minutes. Positive outcome.,38
CUST-0154,APIGateway Systems,Commercial,2026-03-17,Product Feedback,Communication with APIGateway Systems regarding feedback request.,19
CUST-0160,MetricsDash Group,SMB,2026-03-17,Meeting,Training session with MetricsDash Group. 5 attendees. Discussed roadmap and usage.,16
CUST-0191,InnovateLabs Systems,SMB,2026-03-17,Meeting,Training session with InnovateLabs Systems. 4 attendees. Discussed roadmap and usage.,29
CUST-0197,LoadBalance Inc,SMB,2026-03-17,Support Ticket,LoadBalance Inc reported bug report. Sentiment: Neutral.,5
CUST-0045,AnalyticsCo Technologies,Commercial,2026-03-16,Support Ticket,AnalyticsCo Technologies reported bug report. Sentiment: Satisfied.,6
CUST-0073,DataBridge Systems,SMB,2026-03-16,Email,Communication with DataBridge Systems regarding feedback request.,42
CUST-0112,MicroServe Systems,SMB,2026-03-16,Meeting,Feature demo with MicroServe Systems. 4 attendees. Discussed roadmap and usage.,6
CUST-0117,DevTools Systems,SMB,2026-03-16,Call,Expansion discussion call with DevTools Systems. 52 minutes. Positive outcome.,5
CUST-0189,MetricsDash Systems,SMB,2026-03-16,Email,Communication with MetricsDash Systems regarding usage tips.,8
CUST-0074,MonitorPlus LLC,Enterprise,2026-03-15,Meeting,Renewal discussion with MonitorPlus LLC. 4 attendees. Discussed roadmap and usage.,10
CUST-0077,DataSync LLC,Enterprise,2026-03-15,Email,Communication with DataSync LLC regarding feedback request.,8
CUST-0099,DevTools Group,Commercial,2026-03-15,Product Feedback,Communication with DevTools Group regarding feedback request.,5
CUST-0171,LogStream Solutions,SMB,2026-03-15,Call,Feature question call with LogStream Solutions. 19 minutes. Positive outcome.,8
CUST-0185,DataBridge LLC,Enterprise,2026-03-15,Product Feedback,Communication with DataBridge LLC regarding billing.,46
CUST-0024,CloudScale Technologies,Commercial,2026-03-14,Product Feedback,Communication with CloudScale Technologies regarding product updates.,18
CUST-0027,ScaleSystems Inc,SMB,2026-03-14,Call,Expansion discussion call with ScaleSystems Inc. 57 minutes. Needs follow-up outcome.,7
CUST-0035,DataSync Inc,Commercial,2026-03-14,Call,Check-in call with DataSync Inc. 56 minutes. Positive outcome.,27
CUST-0045,AnalyticsCo Technologies,Commercial,2026-03-14,Product Feedback,Communication with AnalyticsCo Technologies regarding billing.,6
CUST-0054,DevTools Corp,Commercial,2026-03-14,Call,Expansion discussion call with DevTools Corp. 59 minutes. Positive outcome.,6
CUST-0123,CloudScale LLC,Commercial,2026-03-14,Email,Communication with CloudScale LLC regarding feedback request.,36
CUST-0184,APIGateway Solutions,Enterprise,2026-03-14,Email,Communication with APIGateway Solutions regarding feedback request.,23
CUST-0194,CacheMaster Group,SMB,2026-03-14,Email,Communication with CacheMaster Group regarding usage tips.,28
CUST-0014,CodeCraft Group,Commercial,2026-03-13,Email,Communication with CodeCraft Group regarding feedback request.,29
CUST-0054,DevTools Corp,Commercial,2026-03-13,Email,Communication with DevTools Corp regarding billing.,6
CUST-0064,BackupCloud Corp,SMB,2026-03-13,Support Ticket,BackupCloud Corp reported bug report. Sentiment: Neutral.,6
CUST-0089,ScaleSystems Technologies,SMB,2026-03-13,Call,Issue escalation call with ScaleSystems Technologies. 36 minutes. Needs follow-up outcome.,43
CUST-0149,AIForge LLC,SMB,2026-03-13,Meeting,Feature demo with AIForge LLC. 2 attendees. Discussed roadmap and usage.,6
CUST-0176,MetricsDash Inc,SMB,2026-03-13,Email,Communication with MetricsDash Inc regarding product updates.,18
CUST-0200,ScaleSystems Labs,SMB,2026-03-13,Meeting,Renewal discussion with ScaleSystems Labs. 5 attendees. Discussed roadmap and usage.,8
CUST-0004,ScaleSystems LLC,Enterprise,2026-03-12,Product Feedback,Communication with ScaleSystems LLC regarding usage tips.,13
CUST-0030,DataBridge Labs,SMB,2026-03-12,Product Feedback,Communication with DataBridge Labs regarding usage tips.,4
CUST-0045,AnalyticsCo Technologies,Commercial,2026-03-12,Call,Check-in call with AnalyticsCo Technologies. 53 minutes. Positive outcome.,6
CUST-0077,DataSync LLC,Enterprise,2026-03-12,Meeting,Renewal discussion with DataSync LLC. 6 attendees. Discussed roadmap and usage.,8
CUST-0159,MetricsDash Technologies,Enterprise,2026-03-12,Product Feedback,Communication with MetricsDash Technologies regarding feedback request.,10
CUST-0162,MetricsDash LLC,Enterprise,2026-03-12,Support Ticket,MetricsDash LLC reported integration help. Sentiment: Satisfied.,7
CUST-0170,SecureNet Technologies,Enterprise,2026-03-12,Email,Communication with SecureNet Technologies regarding usage tips.,12
CUST-0171,LogStream Solutions,SMB,2026-03-12,Email,Communication with LogStream Solutions regarding billing.,8
CUST-0196,AuditPro Corp,SMB,2026-03-12,Support Ticket,AuditPro Corp reported feature request. Sentiment: Frustrated.,30
CUST-0110,ContainerOps Solutions,SMB,2026-03-11,Email,Communication with ContainerOps Solutions regarding billing.,27
CUST-0112,MicroServe Systems,SMB,2026-03-11,Email,Communication with MicroServe Systems regarding billing.,6
CUST-0139,CloudVision Systems,SMB,2026-03-11,Support Ticket,CloudVision Systems reported integration help. Sentiment: Neutral.,9
CUST-0069,WorkflowPro Technologies,Commercial,2026-03-10,Support Ticket,WorkflowPro Technologies reported bug report. Sentiment: Satisfied.,11
CUST-0073,DataBridge Systems,SMB,2026-03-10,Support Ticket,DataBridge Systems reported performance issue. Sentiment: Neutral.,42
CUST-0099,DevTools Group,Commercial,2026-03-10,Call,Feature question call with DevTools Group. 57 minutes. Positive outcome.,5
CUST-0168,SecurityFirst Inc,SMB,2026-03-10,Meeting,Quarterly business review with SecurityFirst Inc. 7 attendees. Discussed roadmap and usage.,6
CUST-0171,LogStream Solutions,SMB,2026-03-10,Product Feedback,Communication with LogStream Solutions regarding usage tips.,8
CUST-0054,DevTools Corp,Commercial,2026-03-09,Meeting,Feature demo with DevTools Corp. 2 attendees. Discussed roadmap and usage.,6
CUST-0054,DevTools Corp,Commercial,2026-03-09,Product Feedback,Communication with DevTools Corp regarding feedback request.,6
CUST-0074,MonitorPlus LLC,Enterprise,2026-03-09,Meeting,Feature demo with MonitorPlus LLC. 7 attendees. Discussed roadmap and usage.,10
CUST-0099,DevTools Group,Commercial,2026-03-09,Email,Communication with DevTools Group regarding usage tips.,5
CUST-0170,SecureNet Technologies,Enterprise,2026-03-09,Call,Issue escalation call with SecureNet Technologies. 55 minutes. Needs follow-up outcome.,12
CUST-0022,SecurityFirst Systems,Enterprise,2026-03-08,Email,Communication with SecurityFirst Systems regarding product updates.,13
CUST-0079,CacheMaster Technologies,Enterprise,2026-03-08,Product Feedback,Communication with CacheMaster Technologies regarding billing.,11
CUST-0084,BackupCloud Systems,SMB,2026-03-08,Product Feedback,Communication with BackupCloud Systems regarding product updates.,9
CUST-0091,DisasterRecovery Technologies,SMB,2026-03-08,Product Feedback,Communication with DisasterRecovery Technologies regarding product updates.,35
CUST-0117,DevTools Systems,SMB,2026-03-08,Meeting,Renewal discussion with DevTools Systems. 2 attendees. Discussed roadmap and usage.,5
CUST-0197,LoadBalance Inc,SMB,2026-03-08,Product Feedback,Communication with LoadBalance Inc regarding usage tips.,5
CUST-0013,InnovateLabs LLC,SMB,2026-03-07,Email,Communication with InnovateLabs LLC regarding feedback request.,26
CUST-0077,DataSync LLC,Enterprise,2026-03-07,Email,Communication with DataSync LLC regarding usage tips.,8
CUST-0096,BackupCloud Inc,Commercial,2026-03-07,Product Feedback,Communication with BackupCloud Inc regarding billing.,17
CUST-0106,CloudScale Inc,Commercial,2026-03-07,Product Feedback,Communication with CloudScale Inc regarding billing.,5
CUST-0125,DevTools Labs,SMB,2026-03-07,Meeting,Renewal discussion with DevTools Labs. 3 attendees. Discussed roadmap and usage.,8
CUST-0133,ComplianceHub Systems,SMB,2026-03-07,Product Feedback,Communication with ComplianceHub Systems regarding usage tips.,7
CUST-0197,LoadBalance Inc,SMB,2026-03-07,Meeting,Feature demo with LoadBalance Inc. 8 attendees. Discussed roadmap and usage.,5
CUST-0139,CloudVision Systems,SMB,2026-03-06,Email,Communication with CloudVision Systems regarding feedback request.,9
CUST-0147,DisasterRecovery Systems,Enterprise,2026-03-06,Product Feedback,Communication with DisasterRecovery Systems regarding product updates.,28
CUST-0170,SecureNet Technologies,Enterprise,2026-03-06,Email,Communication with SecureNet Technologies regarding billing.,12
CUST-0023,AIForge Technologies,SMB,2026-03-05,Email,Communication with AIForge Technologies regarding billing.,5
CUST-0035,DataSync Inc,Commercial,2026-03-05,Meeting,Training session with DataSync Inc. 8 attendees. Discussed roadmap and usage.,27
CUST-0056,TechFlow Corp,SMB,2026-03-05,Email,Communication with TechFlow Corp regarding product updates.,10
CUST-0079,CacheMaster Technologies,Enterprise,2026-03-05,Meeting,Training session with CacheMaster Technologies. 5 attendees. Discussed roadmap and usage.,11
CUST-0129,SecureNet Labs,SMB,2026-03-05,Support Ticket,SecureNet Labs reported feature request. Sentiment: Neutral.,6
CUST-0154,APIGateway Systems,Commercial,2026-03-05,Email,Communication with APIGateway Systems regarding feedback request.,19
CUST-0171,LogStream Solutions,SMB,2026-03-05,Email,Communication with LogStream Solutions regarding feedback request.,8
CUST-0200,ScaleSystems Labs,SMB,2026-03-05,Call,Feature question call with ScaleSystems Labs. 47 minutes. Positive outcome.,8
CUST-0054,DevTools Corp,Commercial,2026-03-04,Product Feedback,Communication with DevTools Corp regarding usage tips.,6
CUST-0054,DevTools Corp,Commercial,2026-03-04,Meeting,Feature demo with DevTools Corp. 3 attendees. Discussed roadmap and usage.,6
CUST-0054,DevTools Corp,Commercial,2026-03-04,Product Feedback,Communication with DevTools Corp regarding product updates.,6
CUST-0079,CacheMaster Technologies,Enterprise,2026-03-04,Support Ticket,CacheMaster Technologies reported performance issue. Sentiment: Satisfied.,11
CUST-0107,AuditPro Labs,Enterprise,2026-03-04,Product Feedback,Communication with AuditPro Labs regarding feedback request.,15
CUST-0117,DevTools Systems,SMB,2026-03-04,Email,Communication with DevTools Systems regarding feedback request.,5
CUST-0129,SecureNet Labs,SMB,2026-03-04,Call,Feature question call with SecureNet Labs. 55 minutes. Positive outcome.,6
CUST-0197,LoadBalance Inc,SMB,2026-03-04,Call,Feature question call with LoadBalance Inc. 17 minutes. Positive outcome.,5
CUST-0056,TechFlow Corp,SMB,2026-03-03,Support Ticket,TechFlow Corp reported integration help. Sentiment: Neutral.,10
CUST-0075,CodeCraft LLC,Enterprise,2026-03-03,Meeting,Renewal discussion with CodeCraft LLC. 3 attendees. Discussed roadmap and usage.,44
CUST-0081,StreamPro Solutions,Commercial,2026-03-03,Email,Communication with StreamPro Solutions regarding billing.,4
CUST-0127,MetricsDash Labs,Enterprise,2026-03-03,Product Feedback,Communication with MetricsDash Labs regarding feedback request.,38
CUST-0129,SecureNet Labs,SMB,2026-03-03,Product Feedback,Communication with SecureNet Labs regarding feedback request.,6
CUST-0162,MetricsDash LLC,Enterprise,2026-03-03,Product Feedback,Communication with MetricsDash LLC regarding usage tips.,7
CUST-0164,AuditPro Group,SMB,2026-03-03,Meeting,Feature demo with AuditPro Group. 5 attendees. Discussed roadmap and usage.,11
CUST-0196,AuditPro Corp,SMB,2026-03-03,Meeting,Quarterly business review with AuditPro Corp. 3 attendees. Discussed roadmap and usage.,30
CUST-0016,APIGateway Inc,SMB,2026-03-02,Product Feedback,Communication with APIGateway Inc regarding billing.,32
CUST-0024,CloudScale Technologies,Commercial,2026-03-02,Email,Communication with CloudScale Technologies regarding usage tips.,18
CUST-0069,WorkflowPro Technologies,Commercial,2026-03-02,Call,Feature question call with WorkflowPro Technologies. 54 minutes. Positive outcome.,11
CUST-0081,StreamPro Solutions,Commercial,2026-03-02,Meeting,Feature demo with StreamPro Solutions. 7 attendees. Discussed roadmap and usage.,4
CUST-0106,CloudScale Inc,Commercial,2026-03-02,Meeting,Training session with CloudScale Inc. 7 attendees. Discussed roadmap and usage.,5
CUST-0133,ComplianceHub Systems,SMB,2026-03-02,Product Feedback,Communication with ComplianceHub Systems regarding usage tips.,7
CUST-0177,ContainerOps Group,SMB,2026-03-02,Call,Issue escalation call with ContainerOps Group. 20 minutes. Needs follow-up outcome.,11
CUST-0024,CloudScale Technologies,Commercial,2026-03-01,Meeting,Renewal discussion with CloudScale Technologies. 3 attendees. Discussed roadmap and usage.,18
CUST-0032,SecureNet LLC,SMB,2026-03-01,Email,Communication with SecureNet LLC regarding feedback request.,27
CUST-0116,LogStream Corp,SMB,2026-03-01,Call,Issue escalation call with LogStream Corp. 32 minutes. Needs follow-up outcome.,46
CUST-0117,DevTools Systems,SMB,2026-03-01,Support Ticket,DevTools Systems reported feature request. Sentiment: Neutral.,5
CUST-0133,ComplianceHub Systems,SMB,2026-03-01,Call,Check-in call with ComplianceHub Systems. 15 minutes. Needs follow-up outcome.,7
CUST-0061,MicroServe Technologies,Enterprise,2026-02-28,Product Feedback,Communication with MicroServe Technologies regarding billing.,31
CUST-0135,CloudScale Labs,SMB,2026-02-28,Call,Feature question call with CloudScale Labs. 48 minutes. Positive outcome.,42
CUST-0159,MetricsDash Technologies,Enterprise,2026-02-28,Call,Expansion discussion call with MetricsDash Technologies. 42 minutes. Positive outcome.,10
CUST-0133,ComplianceHub Systems,SMB,2026-02-27,Support Ticket,ComplianceHub Systems reported bug report. Sentiment: Neutral.,7
CUST-0016,APIGateway Inc,SMB,2026-02-26,Email,Communication with APIGateway Inc regarding feedback request.,32
CUST-0017,CloudVision LLC,Enterprise,2026-02-26,Call,Feature question call with CloudVision LLC. 23 minutes. Positive outcome.,20
CUST-0027,ScaleSystems Inc,SMB,2026-02-26,Call,Check-in call with ScaleSystems Inc. 19 minutes. Needs follow-up outcome.,7
CUST-0012,AuditPro Solutions,SMB,2026-02-25,Meeting,Renewal discussion with AuditPro Solutions. 8 attendees. Discussed roadmap and usage.,24
CUST-0085,AuditPro Inc,Commercial,2026-02-25,Call,Issue escalation call with AuditPro Inc. 58 minutes. Needs follow-up outcome.,40
CUST-0140,ContainerOps Inc,Commercial,2026-02-25,Meeting,Quarterly business review with ContainerOps Inc. 2 attendees. Discussed roadmap and usage.,33
CUST-0160,MetricsDash Group,SMB,2026-02-25,Email,Communication with MetricsDash Group regarding billing.,16
CUST-0043,LoadBalance Technologies,SMB,2026-02-24,Product Feedback,Communication with LoadBalance Technologies regarding product updates.,14
CUST-0058,CodeCraft Systems,Enterprise,2026-02-24,Support Ticket,CodeCraft Systems reported bug report. Sentiment: Neutral.,35
CUST-0156,CloudVision Technologies,Commercial,2026-02-24,Product Feedback,Communication with CloudVision Technologies regarding product updates.,39
CUST-0122,DevOpsHub Corp,SMB,2026-02-23,Email,Communication with DevOpsHub Corp regarding product updates.,44
CUST-0181,CloudVision Inc,SMB,2026-02-23,Meeting,Training session with CloudVision Inc. 6 attendees. Discussed roadmap and usage.,25
CUST-0198,StreamPro Labs,Commercial,2026-02-22,Product Feedback,Communication with StreamPro Labs regarding feedback request.,13
CUST-0022,SecurityFirst Systems,Enterprise,2026-02-21,Call,Check-in call with SecurityFirst Systems. 43 minutes. Needs follow-up outcome.,13
CUST-0029,BackupCloud Technologies,SMB,2026-02-21,Support Ticket,BackupCloud Technologies reported bug report. Sentiment: Satisfied.,25
CUST-0035,DataSync Inc,Commercial,2026-02-21,Email,Communication with DataSync Inc regarding product updates.,27
CUST-0082,TechFlow Systems,SMB,2026-02-21,Call,Issue escalation call with TechFlow Systems. 35 minutes. Needs follow-up outcome.,20
CUST-0106,CloudScale Inc,Commercial,2026-02-21,Product Feedback,Communication with CloudScale Inc regarding product updates.,5
CUST-0129,SecureNet Labs,SMB,2026-02-21,Email,Communication with SecureNet Labs regarding product updates.,6
CUST-0077,DataSync LLC,Enterprise,2026-02-20,Meeting,Training session with DataSync LLC. 8 attendees. Discussed roadmap and usage.,8
CUST-0133,ComplianceHub Systems,SMB,2026-02-20,Email,Communication with ComplianceHub Systems regarding product updates.,7
CUST-0140,ContainerOps Inc,Commercial,2026-02-20,Meeting,Renewal discussion with ContainerOps Inc. 2 attendees. Discussed roadmap and usage.,33
CUST-0167,LoadBalance Corp,Enterprise,2026-02-20,Product Feedback,Communication with LoadBalance Corp regarding feedback request.,17
CUST-0189,MetricsDash Systems,SMB,2026-02-20,Product Feedback,Communication with MetricsDash Systems regarding feedback request.,8
CUST-0197,LoadBalance Inc,SMB,2026-02-20,Meeting,Renewal discussion with LoadBalance Inc. 2 attendees. Discussed roadmap and usage.,5
CUST-0045,AnalyticsCo Technologies,Commercial,2026-02-19,Call,Feature question call with AnalyticsCo Technologies. 58 minutes. Positive outcome.,6
CUST-0088,ComplianceHub Corp,Enterprise,2026-02-19,Call,Check-in call with ComplianceHub Corp. 36 minutes. Positive outcome.,20
CUST-0108,DevTools LLC,Enterprise,2026-02-19,Call,Feature question call with DevTools LLC. 25 minutes. Positive outcome.,41
CUST-0117,DevTools Systems,SMB,2026-02-19,Product Feedback,Communication with DevTools Systems regarding feedback request.,5
CUST-0165,ComplianceHub Labs,SMB,2026-02-19,Email,Communication with ComplianceHub Labs regarding usage tips.,20
CUST-0197,LoadBalance Inc,SMB,2026-02-19,Email,Communication with LoadBalance Inc regarding feedback request.,5
CUST-0121,AnalyticsCo Group,SMB,2026-02-18,Product Feedback,Communication with AnalyticsCo Group regarding product updates.,6
CUST-0133,ComplianceHub Systems,SMB,2026-02-18,Support Ticket,ComplianceHub Systems reported integration help. Sentiment: Neutral.,7
CUST-0171,LogStream Solutions,SMB,2026-02-18,Meeting,Feature demo with LogStream Solutions. 2 attendees. Discussed roadmap and usage.,8
CUST-0039,BackupCloud Solutions,Enterprise,2026-02-17,Meeting,Feature demo with BackupCloud Solutions. 3 attendees. Discussed roadmap and usage.,14
CUST-0099,DevTools Group,Commercial,2026-02-17,Support Ticket,DevTools Group reported feature request. Sentiment: Satisfied.,5
CUST-0168,SecurityFirst Inc,SMB,2026-02-17,Support Ticket,SecurityFirst Inc reported integration help. Sentiment: Frustrated.,6
CUST-0176,MetricsDash Inc,SMB,2026-02-17,Call,Issue escalation call with MetricsDash Inc. 37 minutes. Needs follow-up outcome.,18
CUST-0032,SecureNet LLC,SMB,2026-02-16,Email,Communication with SecureNet LLC regarding product updates.,27
CUST-0035,DataSync Inc,Commercial,2026-02-16,Meeting,Feature demo with DataSync Inc. 7 attendees. Discussed roadmap and usage.,27
CUST-0056,TechFlow Corp,SMB,2026-02-16,Support Ticket,TechFlow Corp reported feature request. Sentiment: Neutral.,10
CUST-0074,MonitorPlus LLC,Enterprise,2026-02-16,Call,Feature question call with MonitorPlus LLC. 31 minutes. Positive outcome.,10
CUST-0080,AIForge Systems,Commercial,2026-02-16,Meeting,Feature demo with AIForge Systems. 5 attendees. Discussed roadmap and usage.,7
CUST-0099,DevTools Group,Commercial,2026-02-16,Call,Feature question call with DevTools Group. 38 minutes. Positive outcome.,5
CUST-0107,AuditPro Labs,Enterprise,2026-02-16,Meeting,Feature demo with AuditPro Labs. 3 attendees. Discussed roadmap and usage.,15
CUST-0129,SecureNet Labs,SMB,2026-02-16,Support Ticket,SecureNet Labs reported bug report. Sentiment: Neutral.,6
CUST-0197,LoadBalance Inc,SMB,2026-02-16,Call,Check-in call with LoadBalance Inc. 21 minutes. Positive outcome.,5
CUST-0200,ScaleSystems Labs,SMB,2026-02-16,Product Feedback,Communication with ScaleSystems Labs regarding feedback request.,8
CUST-0022,SecurityFirst Systems,Enterprise,2026-02-15,Support Ticket,SecurityFirst Systems reported performance issue. Sentiment: Neutral.,13
CUST-0064,BackupCloud Corp,SMB,2026-02-15,Call,Expansion discussion call with BackupCloud Corp. 29 minutes. Positive outcome.,6
CUST-0112,MicroServe Systems,SMB,2026-02-15,Call,Expansion discussion call with MicroServe Systems. 49 minutes. Positive outcome.,6
CUST-0149,AIForge LLC,SMB,2026-02-15,Product Feedback,Communication with AIForge LLC regarding feedback request.,6
CUST-0168,SecurityFirst Inc,SMB,2026-02-15,Support Ticket,SecurityFirst Inc reported bug report. Sentiment: Frustrated.,6
CUST-0032,SecureNet LLC,SMB,2026-02-14,Call,Expansion discussion call with SecureNet LLC. 21 minutes. Positive outcome.,27
CUST-0051,CloudScale Systems,Enterprise,2026-02-14,Product Feedback,Communication with CloudScale Systems regarding feedback request.,46
CUST-0099,DevTools Group,Commercial,2026-02-14,Product Feedback,Communication with DevTools Group regarding product updates.,5
CUST-0110,ContainerOps Solutions,SMB,2026-02-14,Meeting,Renewal discussion with ContainerOps Solutions. 3 attendees. Discussed roadmap and usage.,27
CUST-0152,SecurityFirst Solutions,Commercial,2026-02-14,Meeting,Feature demo with SecurityFirst Solutions. 2 attendees. Discussed roadmap and usage.,14
CUST-0169,CodeCraft Technologies,Commercial,2026-02-14,Call,Expansion discussion call with CodeCraft Technologies. 27 minutes. Positive outcome.,36
CUST-0077,DataSync LLC,Enterprise,2026-02-13,Email,Communication with DataSync LLC regarding feedback request.,8
CUST-0099,DevTools Group,Commercial,2026-02-13,Support Ticket,DevTools Group reported performance issue. Sentiment: Satisfied.,5
CUST-0133,ComplianceHub Systems,SMB,2026-02-13,Call,Check-in call with ComplianceHub Systems. 44 minutes. Positive outcome.,7
CUST-0134,WorkflowPro LLC,Enterprise,2026-02-13,Meeting,Feature demo with WorkflowPro LLC. 2 attendees. Discussed roadmap and usage.,11
CUST-0138,DevOpsHub Group,SMB,2026-02-13,Product Feedback,Communication with DevOpsHub Group regarding usage tips.,38
CUST-0197,LoadBalance Inc,SMB,2026-02-13,Product Feedback,Communication with LoadBalance Inc regarding product updates.,5
CUST-0010,AnalyticsCo Inc,Commercial,2026-02-12,Product Feedback,Communication with AnalyticsCo Inc regarding usage tips.,22
CUST-0084,BackupCloud Systems,SMB,2026-02-12,Meeting,Feature demo with BackupCloud Systems. 6 attendees. Discussed roadmap and usage.,9
CUST-0084,BackupCloud Systems,SMB,2026-02-12,Meeting,Renewal discussion with BackupCloud Systems. 2 attendees. Discussed roadmap and usage.,9
CUST-0149,AIForge LLC,SMB,2026-02-11,Call,Issue escalation call with AIForge LLC. 44 minutes. Needs follow-up outcome.,6
CUST-0152,SecurityFirst Solutions,Commercial,2026-02-11,Product Feedback,Communication with SecurityFirst Solutions regarding billing.,14
CUST-0160,MetricsDash Group,SMB,2026-02-11,Support Ticket,MetricsDash Group reported performance issue. Sentiment: Frustrated.,16
CUST-0197,LoadBalance Inc,SMB,2026-02-11,Meeting,Feature demo with LoadBalance Inc. 2 attendees. Discussed roadmap and usage.,5
CUST-0200,ScaleSystems Labs,SMB,2026-02-11,Support Ticket,ScaleSystems Labs reported bug report. Sentiment: Satisfied.,8
CUST-0062,AuditPro Systems,SMB,2026-02-10,Product Feedback,Communication with AuditPro Systems regarding feedback request.,47
CUST-0117,DevTools Systems,SMB,2026-02-10,Support Ticket,DevTools Systems reported performance issue. Sentiment: Neutral.,5
CUST-0125,DevTools Labs,SMB,2026-02-10,Call,Feature question call with DevTools Labs. 46 minutes. Positive outcome.,8
CUST-0171,LogStream Solutions,SMB,2026-02-10,Support Ticket,LogStream Solutions reported bug report. Sentiment: Satisfied.,8
CUST-0176,MetricsDash Inc,SMB,2026-02-10,Call,Issue escalation call with MetricsDash Inc. 42 minutes. Needs follow-up outcome.,18
CUST-0189,MetricsDash Systems,SMB,2026-02-10,Product Feedback,Communication with MetricsDash Systems regarding billing.,8
CUST-0196,AuditPro Corp,SMB,2026-02-10,Meeting,Quarterly business review with AuditPro Corp. 3 attendees. Discussed roadmap and usage.,30
CUST-0022,SecurityFirst Systems,Enterprise,2026-02-09,Product Feedback,Communication with SecurityFirst Systems regarding product updates.,13
CUST-0045,AnalyticsCo Technologies,Commercial,2026-02-09,Product Feedback,Communication with AnalyticsCo Technologies regarding feedback request.,6
CUST-0069,WorkflowPro Technologies,Commercial,2026-02-09,Support Ticket,WorkflowPro Technologies reported performance issue. Sentiment: Satisfied.,11
CUST-0099,DevTools Group,Commercial,2026-02-09,Email,Communication with DevTools Group regarding billing.,5
CUST-0103,CacheMaster LLC,Commercial,2026-02-09,Meeting,Feature demo with CacheMaster LLC. 6 attendees. Discussed roadmap and usage.,11
CUST-0107,AuditPro Labs,Enterprise,2026-02-09,Call,Expansion discussion call with AuditPro Labs. 52 minutes. Positive outcome.,15
CUST-0133,ComplianceHub Systems,SMB,2026-02-09,Email,Communication with ComplianceHub Systems regarding product updates.,7
CUST-0149,AIForge LLC,SMB,2026-02-09,Call,Issue escalation call with AIForge LLC. 52 minutes. Needs follow-up outcome.,6
CUST-0039,BackupCloud Solutions,Enterprise,2026-02-08,Meeting,Training session with BackupCloud Solutions. 3 attendees. Discussed roadmap and usage.,14
CUST-0042,DataSync Technologies,SMB,2026-02-08,Meeting,Quarterly business review with DataSync Technologies. 8 attendees. Discussed roadmap and usage.,37
CUST-0051,CloudScale Systems,Enterprise,2026-02-08,Call,Issue escalation call with CloudScale Systems. 50 minutes. Needs follow-up outcome.,46
CUST-0079,CacheMaster Technologies,Enterprise,2026-02-08,Call,Feature question call with CacheMaster Technologies. 32 minutes. Positive outcome.,11
CUST-0112,MicroServe Systems,SMB,2026-02-08,Email,Communication with MicroServe Systems regarding billing.,6
CUST-0197,LoadBalance Inc,SMB,2026-02-08,Call,Expansion discussion call with LoadBalance Inc. 18 minutes. Positive outcome.,5
CUST-0198,StreamPro Labs,Commercial,2026-02-08,Support Ticket,StreamPro Labs reported bug report. Sentiment: Neutral.,13
CUST-0065,TechFlow Technologies,Commercial,2026-02-07,Product Feedback,Communication with TechFlow Technologies regarding product updates.,34
CUST-0106,CloudScale Inc,Commercial,2026-02-07,Product Feedback,Communication with CloudScale Inc regarding usage tips.,5
CUST-0162,MetricsDash LLC,Enterprise,2026-02-07,Support Ticket,MetricsDash LLC reported performance issue. Sentiment: Satisfied.,7
CUST-0163,DataBridge Inc,SMB,2026-02-07,Email,Communication with DataBridge Inc regarding usage tips.,27
CUST-0180,APIGateway LLC,Commercial,2026-02-07,Support Ticket,APIGateway LLC reported feature request. Sentiment: Frustrated.,47
CUST-0106,CloudScale Inc,Commercial,2026-02-06,Support Ticket,CloudScale Inc reported integration help. Sentiment: Neutral.,5
CUST-0189,MetricsDash Systems,SMB,2026-02-06,Product Feedback,Communication with MetricsDash Systems regarding feedback request.,8
CUST-0074,MonitorPlus LLC,Enterprise,2026-02-05,Product Feedback,Communication with MonitorPlus LLC regarding product updates.,10
CUST-0128,DevTools Technologies,Commercial,2026-02-05,Support Ticket,DevTools Technologies reported integration help. Sentiment: Satisfied.,11
CUST-0134,WorkflowPro LLC,Enterprise,2026-02-05,Email,Communication with WorkflowPro LLC regarding billing.,11
CUST-0165,ComplianceHub Labs,SMB,2026-02-05,Support Ticket,ComplianceHub Labs reported bug report. Sentiment: Satisfied.,20
CUST-0171,LogStream Solutions,SMB,2026-02-05,Product Feedback,Communication with LogStream Solutions regarding feedback request.,8
CUST-0012,AuditPro Solutions,SMB,2026-02-04,Product Feedback,Communication with AuditPro Solutions regarding billing.,24
CUST-0023,AIForge Technologies,SMB,2026-02-04,Email,Communication with AIForge Technologies regarding billing.,5
CUST-0097,QueueManager Corp,SMB,2026-02-04,Meeting,Feature demo with QueueManager Corp. 4 attendees. Discussed roadmap and usage.,14
CUST-0103,CacheMaster LLC,Commercial,2026-02-04,Call,Issue escalation call with CacheMaster LLC. 53 minutes. Needs follow-up outcome.,11
CUST-0152,SecurityFirst Solutions,Commercial,2026-02-04,Call,Expansion discussion call with SecurityFirst Solutions. 30 minutes. Positive outcome.,14
CUST-0161,AnalyticsCo Solutions,SMB,2026-02-04,Email,Communication with AnalyticsCo Solutions regarding feedback request.,32
CUST-0005,IntegrationHQ Solutions,Commercial,2026-02-03,Email,Communication with IntegrationHQ Solutions regarding feedback request.,21
CUST-0046,DisasterRecovery Group,SMB,2026-02-03,Meeting,Renewal discussion with DisasterRecovery Group. 3 attendees. Discussed roadmap and usage.,36
CUST-0075,CodeCraft LLC,Enterprise,2026-02-03,Product Feedback,Communication with CodeCraft LLC regarding usage tips.,44
CUST-0095,IntegrationHQ Technologies,Commercial,2026-02-03,Email,Communication with IntegrationHQ Technologies regarding usage tips.,47
CUST-0126,LogStream Systems,Commercial,2026-02-03,Call,Issue escalation call with LogStream Systems. 47 minutes. Needs follow-up outcome.,47
CUST-0129,SecureNet Labs,SMB,2026-02-03,Call,Check-in call with SecureNet Labs. 42 minutes. Positive outcome.,6
CUST-0151,DataBridge Group,SMB,2026-02-03,Email,Communication with DataBridge Group regarding product updates.,8
CUST-0165,ComplianceHub Labs,SMB,2026-02-03,Product Feedback,Communication with ComplianceHub Labs regarding billing.,20
CUST-0171,LogStream Solutions,SMB,2026-02-03,Meeting,Training session with LogStream Solutions. 6 attendees. Discussed roadmap and usage.,8
CUST-0033,CodeCraft Solutions,SMB,2026-02-02,Product Feedback,Communication with CodeCraft Solutions regarding usage tips.,7
CUST-0092,ContainerOps Labs,SMB,2026-02-02,Email,Communication with ContainerOps Labs regarding product updates.,16
CUST-0125,DevTools Labs,SMB,2026-02-02,Email,Communication with DevTools Labs regarding product updates.,8
CUST-0133,ComplianceHub Systems,SMB,2026-02-02,Call,Expansion discussion call with ComplianceHub Systems. 59 minutes. Positive outcome.,7
CUST-0136,DisasterRecovery LLC,Commercial,2026-02-02,Meeting,Feature demo with DisasterRecovery LLC. 8 attendees. Discussed roadmap and usage.,22
CUST-0151,DataBridge Group,SMB,2026-02-02,Meeting,Feature demo with DataBridge Group. 5 attendees. Discussed roadmap and usage.,8
CUST-0012,AuditPro Solutions,SMB,2026-02-01,Product Feedback,Communication with AuditPro Solutions regarding billing.,24
CUST-0054,DevTools Corp,Commercial,2026-02-01,Meeting,Quarterly business review with DevTools Corp. 7 attendees. Discussed roadmap and usage.,6
CUST-0060,ContainerOps LLC,Commercial,2026-02-01,Meeting,Feature demo with ContainerOps LLC. 8 attendees. Discussed roadmap and usage.,27
CUST-0069,WorkflowPro Technologies,Commercial,2026-02-01,Email,Communication with WorkflowPro Technologies regarding feedback request.,11
CUST-0106,CloudScale Inc,Commercial,2026-02-01,Email,Communication with CloudScale Inc regarding billing.,5
CUST-0112,MicroServe Systems,SMB,2026-02-01,Call,Expansion discussion call with MicroServe Systems. 56 minutes. Positive outcome.,6
CUST-0129,SecureNet Labs,SMB,2026-02-01,Email,Communication with SecureNet Labs regarding product updates.,6
CUST-0140,ContainerOps Inc,Commercial,2026-02-01,Email,Communication with ContainerOps Inc regarding billing.,33
CUST-0165,ComplianceHub Labs,SMB,2026-02-01,Email,Communication with ComplianceHub Labs regarding billing.,20
CUST-0177,ContainerOps Group,SMB,2026-02-01,Meeting,Quarterly business review with ContainerOps Group. 8 attendees. Discussed roadmap and usage.,11
CUST-0046,DisasterRecovery Group,SMB,2026-01-31,Support Ticket,DisasterRecovery Group reported integration help. Sentiment: Satisfied.,36
CUST-0089,ScaleSystems Technologies,SMB,2026-01-31,Email,Communication with ScaleSystems Technologies regarding product updates.,43
CUST-0110,ContainerOps Solutions,SMB,2026-01-31,Meeting,Training session with ContainerOps Solutions. 3 attendees. Discussed roadmap and usage.,27
CUST-0117,DevTools Systems,SMB,2026-01-31,Meeting,Feature demo with DevTools Systems. 5 attendees. Discussed roadmap and usage.,5
CUST-0133,ComplianceHub Systems,SMB,2026-01-31,Meeting,Quarterly business review with ComplianceHub Systems. 7 attendees. Discussed roadmap and usage.,7
CUST-0136,DisasterRecovery LLC,Commercial,2026-01-31,Meeting,Renewal discussion with DisasterRecovery LLC. 2 attendees. Discussed roadmap and usage.,22
CUST-0168,SecurityFirst Inc,SMB,2026-01-31,Call,Issue escalation call with SecurityFirst Inc. 31 minutes. Needs follow-up outcome.,6
CUST-0185,DataBridge LLC,Enterprise,2026-01-31,Email,Communication with DataBridge LLC regarding billing.,46
CUST-0193,LoadBalance LLC,Commercial,2026-01-31,Product Feedback,Communication with LoadBalance LLC regarding product updates.,47
CUST-0140,ContainerOps Inc,Commercial,2026-01-30,Email,Communication with ContainerOps Inc regarding product updates.,33
CUST-0165,ComplianceHub Labs,SMB,2026-01-30,Meeting,Renewal discussion with ComplianceHub Labs. 8 attendees. Discussed roadmap and usage.,20
CUST-0189,MetricsDash Systems,SMB,2026-01-30,Email,Communication with MetricsDash Systems regarding billing.,8
CUST-0068,ScaleSystems Solutions,Commercial,2026-01-29,Meeting,Renewal discussion with ScaleSystems Solutions. 4 attendees. Discussed roadmap and usage.,25
CUST-0129,SecureNet Labs,SMB,2026-01-29,Support Ticket,SecureNet Labs reported integration help. Sentiment: Neutral.,6
CUST-0160,MetricsDash Group,SMB,2026-01-29,Call,Issue escalation call with MetricsDash Group. 37 minutes. Needs follow-up outcome.,16
CUST-0054,DevTools Corp,Commercial,2026-01-28,Support Ticket,DevTools Corp reported integration help. Sentiment: Satisfied.,6
CUST-0055,SecureNet Inc,SMB,2026-01-28,Product Feedback,Communication with SecureNet Inc regarding usage tips.,47
CUST-0061,MicroServe Technologies,Enterprise,2026-01-28,Call,Feature question call with MicroServe Technologies. 28 minutes. Positive outcome.,31
CUST-0093,IntegrationHQ Labs,Commercial,2026-01-28,Support Ticket,IntegrationHQ Labs reported performance issue. Sentiment: Frustrated.,17
CUST-0112,MicroServe Systems,SMB,2026-01-28,Email,Communication with MicroServe Systems regarding product updates.,6
CUST-0122,DevOpsHub Corp,SMB,2026-01-28,Email,Communication with DevOpsHub Corp regarding product updates.,44
CUST-0009,CacheMaster Labs,Commercial,2026-01-27,Call,Feature question call with CacheMaster Labs. 36 minutes. Needs follow-up outcome.,39
CUST-0112,MicroServe Systems,SMB,2026-01-27,Support Ticket,MicroServe Systems reported integration help. Sentiment: Neutral.,6
CUST-0015,DataBridge Corp,Commercial,2026-01-26,Product Feedback,Communication with DataBridge Corp regarding billing.,29
CUST-0043,LoadBalance Technologies,SMB,2026-01-26,Support Ticket,LoadBalance Technologies reported bug report. Sentiment: Neutral.,14
CUST-0045,AnalyticsCo Technologies,Commercial,2026-01-26,Support Ticket,AnalyticsCo Technologies reported feature request. Sentiment: Satisfied.,6
CUST-0057,DataSync Labs,Enterprise,2026-01-26,Meeting,Training session with DataSync Labs. 4 attendees. Discussed roadmap and usage.,18
CUST-0084,BackupCloud Systems,SMB,2026-01-26,Meeting,Quarterly business review with BackupCloud Systems. 5 attendees. Discussed roadmap and usage.,9
CUST-0086,StreamPro LLC,SMB,2026-01-26,Product Feedback,Communication with StreamPro LLC regarding billing.,35
CUST-0096,BackupCloud Inc,Commercial,2026-01-26,Call,Check-in call with BackupCloud Inc. 15 minutes. Positive outcome.,17
CUST-0139,CloudVision Systems,SMB,2026-01-26,Meeting,Training session with CloudVision Systems. 4 attendees. Discussed roadmap and usage.,9
CUST-0148,APIGateway Group,SMB,2026-01-26,Product Feedback,Communication with APIGateway Group regarding product updates.,33
CUST-0152,SecurityFirst Solutions,Commercial,2026-01-26,Support Ticket,SecurityFirst Solutions reported performance issue. Sentiment: Satisfied.,14
CUST-0167,LoadBalance Corp,Enterprise,2026-01-26,Meeting,Training session with LoadBalance Corp. 2 attendees. Discussed roadmap and usage.,17
CUST-0012,AuditPro Solutions,SMB,2026-01-25,Call,Issue escalation call with AuditPro Solutions. 47 minutes. Needs follow-up outcome.,24
CUST-0027,ScaleSystems Inc,SMB,2026-01-25,Support Ticket,ScaleSystems Inc reported bug report. Sentiment: Neutral.,7
CUST-0084,BackupCloud Systems,SMB,2026-01-25,Support Ticket,BackupCloud Systems reported integration help. Sentiment: Neutral.,9
CUST-0136,DisasterRecovery LLC,Commercial,2026-01-25,Support Ticket,DisasterRecovery LLC reported performance issue. Sentiment: Neutral.,22
CUST-0169,CodeCraft Technologies,Commercial,2026-01-25,Support Ticket,CodeCraft Technologies reported bug report. Sentiment: Satisfied.,36
CUST-0171,LogStream Solutions,SMB,2026-01-25,Meeting,Feature demo with LogStream Solutions. 8 attendees. Discussed roadmap and usage.,8
CUST-0036,QueueManager Labs,Commercial,2026-01-24,Email,Communication with QueueManager Labs regarding billing.,25
CUST-0078,CodeCraft Labs,Commercial,2026-01-24,Meeting,Feature demo with CodeCraft Labs. 7 attendees. Discussed roadmap and usage.,16
CUST-0088,ComplianceHub Corp,Enterprise,2026-01-24,Email,Communication with ComplianceHub Corp regarding feedback request.,20
CUST-0097,QueueManager Corp,SMB,2026-01-24,Call,Issue escalation call with QueueManager Corp. 49 minutes. Needs follow-up outcome.,14
CUST-0134,WorkflowPro LLC,Enterprise,2026-01-24,Product Feedback,Communication with WorkflowPro LLC regarding feedback request.,11
CUST-0054,DevTools Corp,Commercial,2026-01-23,Email,Communication with DevTools Corp regarding product updates.,6
CUST-0085,AuditPro Inc,Commercial,2026-01-23,Product Feedback,Communication with AuditPro Inc regarding billing.,40
CUST-0134,WorkflowPro LLC,Enterprise,2026-01-23,Meeting,Training session with WorkflowPro LLC. 7 attendees. Discussed roadmap and usage.,11
CUST-0143,LoadBalance Labs,Commercial,2026-01-23,Call,Expansion discussion call with LoadBalance Labs. 55 minutes. Positive outcome.,27
CUST-0149,AIForge LLC,SMB,2026-01-23,Product Feedback,Communication with AIForge LLC regarding usage tips.,6
CUST-0149,AIForge LLC,SMB,2026-01-23,Call,Expansion discussion call with AIForge LLC. 52 minutes. Needs follow-up outcome.,6
CUST-0151,DataBridge Group,SMB,2026-01-23,Support Ticket,DataBridge Group reported performance issue. Sentiment: Neutral.,8
CUST-0022,SecurityFirst Systems,Enterprise,2026-01-22,Meeting,Training session with SecurityFirst Systems. 3 attendees. Discussed roadmap and usage.,13
CUST-0027,ScaleSystems Inc,SMB,2026-01-22,Email,Communication with ScaleSystems Inc regarding product updates.,7
CUST-0077,DataSync LLC,Enterprise,2026-01-22,Email,Communication with DataSync LLC regarding usage tips.,8
CUST-0107,AuditPro Labs,Enterprise,2026-01-22,Product Feedback,Communication with AuditPro Labs regarding usage tips.,15
CUST-0122,DevOpsHub Corp,SMB,2026-01-22,Call,Expansion discussion call with DevOpsHub Corp. 56 minutes. Positive outcome.,44
CUST-0129,SecureNet Labs,SMB,2026-01-22,Email,Communication with SecureNet Labs regarding usage tips.,6
CUST-0129,SecureNet Labs,SMB,2026-01-22,Meeting,Renewal discussion with SecureNet Labs. 8 attendees. Discussed roadmap and usage.,6
CUST-0025,MicroServe LLC,SMB,2026-01-21,Email,Communication with MicroServe LLC regarding billing.,10
CUST-0074,MonitorPlus LLC,Enterprise,2026-01-21,Meeting,Renewal discussion with MonitorPlus LLC. 3 attendees. Discussed roadmap and usage.,10
CUST-0084,BackupCloud Systems,SMB,2026-01-21,Call,Expansion discussion call with BackupCloud Systems. 28 minutes. Positive outcome.,9
CUST-0151,DataBridge Group,SMB,2026-01-21,Email,Communication with DataBridge Group regarding billing.,8
CUST-0004,ScaleSystems LLC,Enterprise,2026-01-20,Meeting,Training session with ScaleSystems LLC. 7 attendees. Discussed roadmap and usage.,13
CUST-0064,BackupCloud Corp,SMB,2026-01-20,Support Ticket,BackupCloud Corp reported integration help. Sentiment: Neutral.,6
CUST-0171,LogStream Solutions,SMB,2026-01-20,Support Ticket,LogStream Solutions reported feature request. Sentiment: Satisfied.,8
CUST-0193,LoadBalance LLC,Commercial,2026-01-20,Product Feedback,Communication with LoadBalance LLC regarding feedback request.,47
CUST-0077,DataSync LLC,Enterprise,2026-01-19,Call,Feature question call with DataSync LLC. 24 minutes. Positive outcome.,8
CUST-0139,CloudVision Systems,SMB,2026-01-19,Support Ticket,CloudVision Systems reported bug report. Sentiment: Neutral.,9
CUST-0078,CodeCraft Labs,Commercial,2026-01-18,Email,Communication with CodeCraft Labs regarding feedback request.,16
CUST-0121,AnalyticsCo Group,SMB,2026-01-18,Email,Communication with AnalyticsCo Group regarding usage tips.,6
CUST-0149,AIForge LLC,SMB,2026-01-18,Call,Feature question call with AIForge LLC. 56 minutes. Needs follow-up outcome.,6
CUST-0154,APIGateway Systems,Commercial,2026-01-18,Meeting,Feature demo with APIGateway Systems. 5 attendees. Discussed roadmap and usage.,19
CUST-0163,DataBridge Inc,SMB,2026-01-18,Support Ticket,DataBridge Inc reported integration help. Sentiment: Satisfied.,27
CUST-0171,LogStream Solutions,SMB,2026-01-18,Call,Check-in call with LogStream Solutions. 60 minutes. Positive outcome.,8
CUST-0080,AIForge Systems,Commercial,2026-01-17,Email,Communication with AIForge Systems regarding product updates.,7
CUST-0092,ContainerOps Labs,SMB,2026-01-17,Call,Expansion discussion call with ContainerOps Labs. 28 minutes. Positive outcome.,16
CUST-0103,CacheMaster LLC,Commercial,2026-01-17,Support Ticket,CacheMaster LLC reported bug report. Sentiment: Frustrated.,11
CUST-0124,BackupCloud Labs,SMB,2026-01-17,Support Ticket,BackupCloud Labs reported feature request. Sentiment: Frustrated.,19
CUST-0151,DataBridge Group,SMB,2026-01-17,Call,Check-in call with DataBridge Group. 47 minutes. Needs follow-up outcome.,8
CUST-0012,AuditPro Solutions,SMB,2026-01-16,Support Ticket,AuditPro Solutions reported feature request. Sentiment: Frustrated.,24
CUST-0045,AnalyticsCo Technologies,Commercial,2026-01-16,Product Feedback,Communication with AnalyticsCo Technologies regarding product updates.,6
CUST-0047,WorkflowPro Labs,SMB,2026-01-16,Support Ticket,WorkflowPro Labs reported feature request. Sentiment: Frustrated.,16
CUST-0074,MonitorPlus LLC,Enterprise,2026-01-16,Support Ticket,MonitorPlus LLC reported integration help. Sentiment: Satisfied.,10
CUST-0133,ComplianceHub Systems,SMB,2026-01-16,Call,Check-in call with ComplianceHub Systems. 51 minutes. Positive outcome.,7
CUST-0151,DataBridge Group,SMB,2026-01-16,Support Ticket,DataBridge Group reported integration help. Sentiment: Neutral.,8
CUST-0035,DataSync Inc,Commercial,2026-01-15,Email,Communication with DataSync Inc regarding usage tips.,27
CUST-0077,DataSync LLC,Enterprise,2026-01-15,Email,Communication with DataSync LLC regarding feedback request.,8
CUST-0125,DevTools Labs,SMB,2026-01-15,Meeting,Renewal discussion with DevTools Labs. 6 attendees. Discussed roadmap and usage.,8
CUST-0164,AuditPro Group,SMB,2026-01-15,Support Ticket,AuditPro Group reported feature request. Sentiment: Neutral.,11
CUST-0033,CodeCraft Solutions,SMB,2026-01-14,Email,Communication with CodeCraft Solutions regarding product updates.,7
CUST-0128,DevTools Technologies,Commercial,2026-01-14,Product Feedback,Communication with DevTools Technologies regarding usage tips.,11
CUST-0189,MetricsDash Systems,SMB,2026-01-14,Call,Check-in call with MetricsDash Systems. 59 minutes. Positive outcome.,8
CUST-0074,MonitorPlus LLC,Enterprise,2026-01-13,Meeting,Quarterly business review with MonitorPlus LLC. 4 attendees. Discussed roadmap and usage.,10
CUST-0093,IntegrationHQ Labs,Commercial,2026-01-13,Support Ticket,IntegrationHQ Labs reported performance issue. Sentiment: Frustrated.,17
CUST-0129,SecureNet Labs,SMB,2026-01-13,Email,Communication with SecureNet Labs regarding feedback request.,6
CUST-0130,QueueManager Systems,SMB,2026-01-13,Product Feedback,Communication with QueueManager Systems regarding billing.,43
CUST-0134,WorkflowPro LLC,Enterprise,2026-01-13,Support Ticket,WorkflowPro LLC reported performance issue. Sentiment: Neutral.,11
CUST-0171,LogStream Solutions,SMB,2026-01-13,Call,Expansion discussion call with LogStream Solutions. 37 minutes. Positive outcome.,8
CUST-0068,ScaleSystems Solutions,Commercial,2026-01-12,Email,Communication with ScaleSystems Solutions regarding billing.,25
CUST-0079,CacheMaster Technologies,Enterprise,2026-01-12,Email,Communication with CacheMaster Technologies regarding usage tips.,11
CUST-0154,APIGateway Systems,Commercial,2026-01-12,Product Feedback,Communication with APIGateway Systems regarding usage tips.,19
CUST-0183,InnovateLabs Labs,Commercial,2026-01-12,Product Feedback,Communication with InnovateLabs Labs regarding usage tips.,9
CUST-0056,TechFlow Corp,SMB,2026-01-11,Product Feedback,Communication with TechFlow Corp regarding usage tips.,10
CUST-0068,ScaleSystems Solutions,Commercial,2026-01-11,Meeting,Quarterly business review with ScaleSystems Solutions. 7 attendees. Discussed roadmap and usage.,25
CUST-0084,BackupCloud Systems,SMB,2026-01-11,Meeting,Training session with BackupCloud Systems. 3 attendees. Discussed roadmap and usage.,9
CUST-0086,StreamPro LLC,SMB,2026-01-11,Call,Expansion discussion call with StreamPro LLC. 39 minutes. Positive outcome.,35
CUST-0135,CloudScale Labs,SMB,2026-01-11,Product Feedback,Communication with CloudScale Labs regarding usage tips.,42
CUST-0151,DataBridge Group,SMB,2026-01-11,Product Feedback,Communication with DataBridge Group regarding usage tips.,8
CUST-0183,InnovateLabs Labs,Commercial,2026-01-11,Support Ticket,InnovateLabs Labs reported integration help. Sentiment: Satisfied.,9
CUST-0004,ScaleSystems LLC,Enterprise,2026-01-10,Call,Feature question call with ScaleSystems LLC. 24 minutes. Positive outcome.,13
CUST-0018,CloudScale Corp,SMB,2026-01-10,Email,Communication with CloudScale Corp regarding billing.,41
CUST-0025,MicroServe LLC,SMB,2026-01-10,Email,Communication with MicroServe LLC regarding product updates.,10
CUST-0096,BackupCloud Inc,Commercial,2026-01-10,Product Feedback,Communication with BackupCloud Inc regarding usage tips.,17
CUST-0097,QueueManager Corp,SMB,2026-01-10,Product Feedback,Communication with QueueManager Corp regarding billing.,14
CUST-0135,CloudScale Labs,SMB,2026-01-10,Meeting,Renewal discussion with CloudScale Labs. 6 attendees. Discussed roadmap and usage.,42
CUST-0175,MicroServe Corp,Commercial,2026-01-10,Email,Communication with MicroServe Corp regarding product updates.,17
CUST-0046,DisasterRecovery Group,SMB,2026-01-09,Email,Communication with DisasterRecovery Group regarding feedback request.,36
CUST-0049,TechFlow Inc,SMB,2026-01-09,Email,Communication with TechFlow Inc regarding usage tips.,20
CUST-0077,DataSync LLC,Enterprise,2026-01-09,Product Feedback,Communication with DataSync LLC regarding billing.,8
CUST-0080,AIForge Systems,Commercial,2026-01-09,Support Ticket,AIForge Systems reported bug report. Sentiment: Frustrated.,7
CUST-0112,MicroServe Systems,SMB,2026-01-09,Email,Communication with MicroServe Systems regarding product updates.,6
CUST-0112,MicroServe Systems,SMB,2026-01-09,Support Ticket,MicroServe Systems reported feature request. Sentiment: Neutral.,6
CUST-0122,DevOpsHub Corp,SMB,2026-01-09,Product Feedback,Communication with DevOpsHub Corp regarding usage tips.,44
CUST-0130,QueueManager Systems,SMB,2026-01-09,Call,Issue escalation call with QueueManager Systems. 49 minutes. Needs follow-up outcome.,43
CUST-0138,DevOpsHub Group,SMB,2026-01-09,Email,Communication with DevOpsHub Group regarding feedback request.,38
CUST-0149,AIForge LLC,SMB,2026-01-09,Email,Communication with AIForge LLC regarding usage tips.,6
CUST-0012,AuditPro Solutions,SMB,2026-01-08,Product Feedback,Communication with AuditPro Solutions regarding feedback request.,24
CUST-0054,DevTools Corp,Commercial,2026-01-08,Support Ticket,DevTools Corp reported performance issue. Sentiment: Satisfied.,6
CUST-0159,MetricsDash Technologies,Enterprise,2026-01-08,Support Ticket,MetricsDash Technologies reported feature request. Sentiment: Satisfied.,10
CUST-0038,InnovateLabs Corp,SMB,2026-01-07,Support Ticket,InnovateLabs Corp reported integration help. Sentiment: Neutral.,18
CUST-0045,AnalyticsCo Technologies,Commercial,2026-01-07,Support Ticket,AnalyticsCo Technologies reported integration help. Sentiment: Satisfied.,6
CUST-0110,ContainerOps Solutions,SMB,2026-01-07,Call,Feature question call with ContainerOps Solutions. 44 minutes. Positive outcome.,27
CUST-0115,SecurityFirst LLC,SMB,2026-01-07,Call,Issue escalation call with SecurityFirst LLC. 36 minutes. Needs follow-up outcome.,18
CUST-0125,DevTools Labs,SMB,2026-01-07,Email,Communication with DevTools Labs regarding feedback request.,8
CUST-0136,DisasterRecovery LLC,Commercial,2026-01-07,Product Feedback,Communication with DisasterRecovery LLC regarding product updates.,22
CUST-0168,SecurityFirst Inc,SMB,2026-01-07,Call,Issue escalation call with SecurityFirst Inc. 52 minutes. Needs follow-up outcome.,6
CUST-0133,ComplianceHub Systems,SMB,2026-01-06,Email,Communication with ComplianceHub Systems regarding usage tips.,7
CUST-0134,WorkflowPro LLC,Enterprise,2026-01-06,Product Feedback,Communication with WorkflowPro LLC regarding feedback request.,11
CUST-0164,AuditPro Group,SMB,2026-01-06,Call,Expansion discussion call with AuditPro Group. 54 minutes. Needs follow-up outcome.,11
CUST-0200,ScaleSystems Labs,SMB,2026-01-06,Call,Expansion discussion call with ScaleSystems Labs. 57 minutes. Positive outcome.,8
CUST-0025,MicroServe LLC,SMB,2026-01-05,Email,Communication with MicroServe LLC regarding feedback request.,10
CUST-0069,WorkflowPro Technologies,Commercial,2026-01-05,Support Ticket,WorkflowPro Technologies reported feature request. Sentiment: Satisfied.,11
CUST-0195,ScaleSystems Group,SMB,2026-01-05,Support Ticket,ScaleSystems Group reported performance issue. Sentiment: Neutral.,21
CUST-0038,InnovateLabs Corp,SMB,2026-01-04,Product Feedback,Communication with InnovateLabs Corp regarding product updates.,18
CUST-0125,DevTools Labs,SMB,2026-01-04,Meeting,Feature demo with DevTools Labs. 3 attendees. Discussed roadmap and usage.,8
CUST-0168,SecurityFirst Inc,SMB,2026-01-04,Call,Issue escalation call with SecurityFirst Inc. 44 minutes. Needs follow-up outcome.,6
CUST-0189,MetricsDash Systems,SMB,2026-01-04,Product Feedback,Communication with MetricsDash Systems regarding usage tips.,8
CUST-0200,ScaleSystems Labs,SMB,2026-01-04,Product Feedback,Communication with ScaleSystems Labs regarding feedback request.,8
CUST-0027,ScaleSystems Inc,SMB,2026-01-03,Support Ticket,ScaleSystems Inc reported feature request. Sentiment: Neutral.,7
CUST-0097,QueueManager Corp,SMB,2026-01-03,Product Feedback,Communication with QueueManager Corp regarding product updates.,14
CUST-0159,MetricsDash Technologies,Enterprise,2026-01-03,Email,Communication with MetricsDash Technologies regarding usage tips.,10
CUST-0198,StreamPro Labs,Commercial,2026-01-03,Product Feedback,Communication with StreamPro Labs regarding product updates.,13
CUST-0036,QueueManager Labs,Commercial,2026-01-02,Support Ticket,QueueManager Labs reported performance issue. Sentiment: Frustrated.,25
CUST-0045,AnalyticsCo Technologies,Commercial,2026-01-02,Product Feedback,Communication with AnalyticsCo Technologies regarding product updates.,6
CUST-0149,AIForge LLC,SMB,2026-01-02,Support Ticket,AIForge LLC reported performance issue. Sentiment: Neutral.,6
CUST-0154,APIGateway Systems,Commercial,2026-01-02,Meeting,Quarterly business review with APIGateway Systems. 8 attendees. Discussed roadmap and usage.,19
CUST-0165,ComplianceHub Labs,SMB,2026-01-02,Support Ticket,ComplianceHub Labs reported feature request. Sentiment: Satisfied.,20
CUST-0038,InnovateLabs Corp,SMB,2026-01-01,Support Ticket,InnovateLabs Corp reported performance issue. Sentiment: Neutral.,18
CUST-0164,AuditPro Group,SMB,2026-01-01,Product Feedback,Communication with AuditPro Group regarding product updates.,11
CUST-0013,InnovateLabs LLC,SMB,2025-12-31,Support Ticket,InnovateLabs LLC reported integration help. Sentiment: Frustrated.,26
CUST-0027,ScaleSystems Inc,SMB,2025-12-31,Meeting,Renewal discussion with ScaleSystems Inc. 5 attendees. Discussed roadmap and usage.,7
CUST-0056,TechFlow Corp,SMB,2025-12-31,Product Feedback,Communication with TechFlow Corp regarding usage tips.,10
CUST-0079,CacheMaster Technologies,Enterprise,2025-12-31,Meeting,Training session with CacheMaster Technologies. 6 attendees. Discussed roadmap and usage.,11
CUST-0133,ComplianceHub Systems,SMB,2025-12-31,Call,Feature question call with ComplianceHub Systems. 54 minutes. Positive outcome.,7
CUST-0139,CloudVision Systems,SMB,2025-12-31,Product Feedback,Communication with CloudVision Systems regarding feedback request.,9
CUST-0151,DataBridge Group,SMB,2025-12-31,Meeting,Training session with DataBridge Group. 4 attendees. Discussed roadmap and usage.,8
CUST-0159,MetricsDash Technologies,Enterprise,2025-12-31,Email,Communication with MetricsDash Technologies regarding product updates.,10
CUST-0195,ScaleSystems Group,SMB,2025-12-31,Email,Communication with ScaleSystems Group regarding product updates.,21
CUST-0027,ScaleSystems Inc,SMB,2025-12-30,Product Feedback,Communication with ScaleSystems Inc regarding billing.,7
CUST-0063,WorkflowPro Corp,Commercial,2025-12-30,Support Ticket,WorkflowPro Corp reported performance issue. Sentiment: Satisfied.,21
CUST-0110,ContainerOps Solutions,SMB,2025-12-30,Product Feedback,Communication with ContainerOps Solutions regarding feedback request.,27
CUST-0116,LogStream Corp,SMB,2025-12-30,Meeting,Feature demo with LogStream Corp. 3 attendees. Discussed roadmap and usage.,46
CUST-0133,ComplianceHub Systems,SMB,2025-12-30,Meeting,Renewal discussion with ComplianceHub Systems. 6 attendees. Discussed roadmap and usage.,7
CUST-0035,DataSync Inc,Commercial,2025-12-29,Call,Feature question call with DataSync Inc. 47 minutes. Positive outcome.,27
CUST-0109,MonitorPlus Labs,SMB,2025-12-29,Support Ticket,MonitorPlus Labs reported integration help. Sentiment: Satisfied.,35
CUST-0143,LoadBalance Labs,Commercial,2025-12-29,Meeting,Training session with LoadBalance Labs. 2 attendees. Discussed roadmap and usage.,27
CUST-0162,MetricsDash LLC,Enterprise,2025-12-29,Meeting,Quarterly business review with MetricsDash LLC. 5 attendees. Discussed roadmap and usage.,7
CUST-0178,MonitorPlus Systems,Enterprise,2025-12-29,Meeting,Renewal discussion with MonitorPlus Systems. 7 attendees. Discussed roadmap and usage.,45
CUST-0198,StreamPro Labs,Commercial,2025-12-29,Email,Communication with StreamPro Labs regarding product updates.,13
CUST-0014,CodeCraft Group,Commercial,2025-12-28,Meeting,Training session with CodeCraft Group. 8 attendees. Discussed roadmap and usage.,29
CUST-0032,SecureNet LLC,SMB,2025-12-28,Call,Check-in call with SecureNet LLC. 45 minutes. Positive outcome.,27
CUST-0079,CacheMaster Technologies,Enterprise,2025-12-28,Meeting,Quarterly business review with CacheMaster Technologies. 4 attendees. Discussed roadmap and usage.,11
CUST-0198,StreamPro Labs,Commercial,2025-12-28,Email,Communication with StreamPro Labs regarding billing.,13
CUST-0032,SecureNet LLC,SMB,2025-12-27,Call,Feature question call with SecureNet LLC. 58 minutes. Positive outcome.,27
CUST-0040,IntegrationHQ LLC,Commercial,2025-12-27,Call,Issue escalation call with IntegrationHQ LLC. 35 minutes. Needs follow-up outcome.,18
CUST-0143,LoadBalance Labs,Commercial,2025-12-27,Meeting,Feature demo with LoadBalance Labs. 5 attendees. Discussed roadmap and usage.,27
CUST-0151,DataBridge Group,SMB,2025-12-27,Meeting,Training session with DataBridge Group. 4 attendees. Discussed roadmap and usage.,8
CUST-0027,ScaleSystems Inc,SMB,2025-12-26,Call,Feature question call with ScaleSystems Inc. 36 minutes. Positive outcome.,7
CUST-0107,AuditPro Labs,Enterprise,2025-12-25,Call,Check-in call with AuditPro Labs. 36 minutes. Positive outcome.,15
CUST-0041,APIGateway Technologies,Commercial,2025-12-24,Product Feedback,Communication with APIGateway Technologies regarding product updates.,25
CUST-0084,BackupCloud Systems,SMB,2025-12-24,Email,Communication with BackupCloud Systems regarding product updates.,9
CUST-0084,BackupCloud Systems,SMB,2025-12-24,Product Feedback,Communication with BackupCloud Systems regarding billing.,9
CUST-0092,ContainerOps Labs,SMB,2025-12-24,Meeting,Feature demo with ContainerOps Labs. 8 attendees. Discussed roadmap and usage.,16
CUST-0169,CodeCraft Technologies,Commercial,2025-12-24,Support Ticket,CodeCraft Technologies reported bug report. Sentiment: Satisfied.,36
CUST-0084,BackupCloud Systems,SMB,2025-12-23,Meeting,Feature demo with BackupCloud Systems. 5 attendees. Discussed roadmap and usage.,9
CUST-0133,ComplianceHub Systems,SMB,2025-12-23,Meeting,Quarterly business review with ComplianceHub Systems. 2 attendees. Discussed roadmap and usage.,7
CUST-0134,WorkflowPro LLC,Enterprise,2025-12-23,Support Ticket,WorkflowPro LLC reported bug report. Sentiment: Neutral.,11
CUST-0183,InnovateLabs Labs,Commercial,2025-12-23,Meeting,Renewal discussion with InnovateLabs Labs. 8 attendees. Discussed roadmap and usage.,9
CUST-0035,DataSync Inc,Commercial,2025-12-22,Meeting,Training session with DataSync Inc. 3 attendees. Discussed roadmap and usage.,27
CUST-0107,AuditPro Labs,Enterprise,2025-12-22,Email,Communication with AuditPro Labs regarding product updates.,15
CUST-0012,AuditPro Solutions,SMB,2025-12-21,Product Feedback,Communication with AuditPro Solutions regarding product updates.,24
CUST-0074,MonitorPlus LLC,Enterprise,2025-12-21,Support Ticket,MonitorPlus LLC reported integration help. Sentiment: Satisfied.,10
CUST-0094,LogStream Labs,Enterprise,2025-12-21,Call,Feature question call with LogStream Labs. 25 minutes. Positive outcome.,39
CUST-0120,QueueManager Group,SMB,2025-12-21,Meeting,Feature demo with QueueManager Group. 3 attendees. Discussed roadmap and usage.,21
CUST-0056,TechFlow Corp,SMB,2025-12-20,Support Ticket,TechFlow Corp reported integration help. Sentiment: Neutral.,10
CUST-0077,DataSync LLC,Enterprise,2025-12-20,Email,Communication with DataSync LLC regarding feedback request.,8
CUST-0189,MetricsDash Systems,SMB,2025-12-20,Product Feedback,Communication with MetricsDash Systems regarding billing.,8
CUST-0004,ScaleSystems LLC,Enterprise,2025-12-19,Support Ticket,ScaleSystems LLC reported feature request. Sentiment: Neutral.,13
CUST-0069,WorkflowPro Technologies,Commercial,2025-12-19,Product Feedback,Communication with WorkflowPro Technologies regarding product updates.,11
CUST-0076,StreamPro Group,Enterprise,2025-12-19,Meeting,Quarterly business review with StreamPro Group. 2 attendees. Discussed roadmap and usage.,9
CUST-0171,LogStream Solutions,SMB,2025-12-19,Email,Communication with LogStream Solutions regarding product updates.,8
CUST-0077,DataSync LLC,Enterprise,2025-12-18,Call,Check-in call with DataSync LLC. 22 minutes. Positive outcome.,8
CUST-0088,ComplianceHub Corp,Enterprise,2025-12-18,Email,Communication with ComplianceHub Corp regarding feedback request.,20
CUST-0171,LogStream Solutions,SMB,2025-12-18,Meeting,Training session with LogStream Solutions. 4 attendees. Discussed roadmap and usage.,8
CUST-0177,ContainerOps Group,SMB,2025-12-18,Call,Issue escalation call with ContainerOps Group. 19 minutes. Needs follow-up outcome.,11
CUST-0165,ComplianceHub Labs,SMB,2025-12-17,Email,Communication with ComplianceHub Labs regarding feedback request.,20
CUST-0007,DisasterRecovery Solutions,SMB,2025-12-16,Meeting,Training session with DisasterRecovery Solutions. 7 attendees. Discussed roadmap and usage.,41
CUST-0027,ScaleSystems Inc,SMB,2025-12-16,Support Ticket,ScaleSystems Inc reported performance issue. Sentiment: Neutral.,7
CUST-0061,MicroServe Technologies,Enterprise,2025-12-16,Product Feedback,Communication with MicroServe Technologies regarding product updates.,31
CUST-0084,BackupCloud Systems,SMB,2025-12-16,Call,Feature question call with BackupCloud Systems. 23 minutes. Positive outcome.,9
CUST-0134,WorkflowPro LLC,Enterprise,2025-12-16,Meeting,Training session with WorkflowPro LLC. 2 attendees. Discussed roadmap and usage.,11
CUST-0152,SecurityFirst Solutions,Commercial,2025-12-16,Call,Check-in call with SecurityFirst Solutions. 47 minutes. Positive outcome.,14
CUST-0159,MetricsDash Technologies,Enterprise,2025-12-16,Call,Expansion discussion call with MetricsDash Technologies. 58 minutes. Positive outcome.,10
CUST-0192,WorkflowPro Solutions,SMB,2025-12-16,Product Feedback,Communication with WorkflowPro Solutions regarding product updates.,28
CUST-0057,DataSync Labs,Enterprise,2025-12-15,Call,Feature question call with DataSync Labs. 59 minutes. Positive outcome.,18
CUST-0120,QueueManager Group,SMB,2025-12-15,Support Ticket,QueueManager Group reported integration help. Sentiment: Satisfied.,21
CUST-0173,CloudVision Solutions,Commercial,2025-12-15,Meeting,Renewal discussion with CloudVision Solutions. 4 attendees. Discussed roadmap and usage.,33
CUST-0180,APIGateway LLC,Commercial,2025-12-15,Support Ticket,APIGateway LLC reported feature request. Sentiment: Frustrated.,47
CUST-0200,ScaleSystems Labs,SMB,2025-12-15,Email,Communication with ScaleSystems Labs regarding product updates.,8
CUST-0004,ScaleSystems LLC,Enterprise,2025-12-14,Call,Expansion discussion call with ScaleSystems LLC. 16 minutes. Positive outcome.,13
CUST-0017,CloudVision LLC,Enterprise,2025-12-14,Email,Communication with CloudVision LLC regarding billing.,20
CUST-0133,ComplianceHub Systems,SMB,2025-12-14,Support Ticket,ComplianceHub Systems reported performance issue. Sentiment: Neutral.,7
CUST-0139,CloudVision Systems,SMB,2025-12-14,Call,Issue escalation call with CloudVision Systems. 38 minutes. Needs follow-up outcome.,9
CUST-0013,InnovateLabs LLC,SMB,2025-12-13,Meeting,Feature demo with InnovateLabs LLC. 6 attendees. Discussed roadmap and usage.,26
CUST-0046,DisasterRecovery Group,SMB,2025-12-13,Support Ticket,DisasterRecovery Group reported feature request. Sentiment: Satisfied.,36
CUST-0074,MonitorPlus LLC,Enterprise,2025-12-13,Email,Communication with MonitorPlus LLC regarding product updates.,10
CUST-0078,CodeCraft Labs,Commercial,2025-12-13,Product Feedback,Communication with CodeCraft Labs regarding billing.,16
CUST-0133,ComplianceHub Systems,SMB,2025-12-13,Product Feedback,Communication with ComplianceHub Systems regarding product updates.,7
CUST-0152,SecurityFirst Solutions,Commercial,2025-12-13,Call,Check-in call with SecurityFirst Solutions. 25 minutes. Positive outcome.,14
CUST-0144,LogStream Technologies,Commercial,2025-12-12,Product Feedback,Communication with LogStream Technologies regarding usage tips.,29
CUST-0024,CloudScale Technologies,Commercial,2025-12-11,Product Feedback,Communication with CloudScale Technologies regarding product updates.,18
CUST-0042,DataSync Technologies,SMB,2025-12-11,Call,Issue escalation call with DataSync Technologies. 49 minutes. Needs follow-up outcome.,37
CUST-0110,ContainerOps Solutions,SMB,2025-12-11,Meeting,Quarterly business review with ContainerOps Solutions. 6 attendees. Discussed roadmap and usage.,27
CUST-0133,ComplianceHub Systems,SMB,2025-12-11,Support Ticket,ComplianceHub Systems reported bug report. Sentiment: Neutral.,7
CUST-0195,ScaleSystems Group,SMB,2025-12-11,Product Feedback,Communication with ScaleSystems Group regarding feedback request.,21
CUST-0033,CodeCraft Solutions,SMB,2025-12-10,Email,Communication with CodeCraft Solutions regarding feedback request.,7
CUST-0038,InnovateLabs Corp,SMB,2025-12-10,Email,Communication with InnovateLabs Corp regarding product updates.,18
CUST-0060,ContainerOps LLC,Commercial,2025-12-10,Call,Expansion discussion call with ContainerOps LLC. 46 minutes. Positive outcome.,27
CUST-0025,MicroServe LLC,SMB,2025-12-09,Meeting,Renewal discussion with MicroServe LLC. 2 attendees. Discussed roadmap and usage.,10
CUST-0042,DataSync Technologies,SMB,2025-12-09,Meeting,Quarterly business review with DataSync Technologies. 8 attendees. Discussed roadmap and usage.,37
CUST-0043,LoadBalance Technologies,SMB,2025-12-09,Product Feedback,Communication with LoadBalance Technologies regarding product updates.,14
CUST-0125,DevTools Labs,SMB,2025-12-09,Call,Feature question call with DevTools Labs. 40 minutes. Positive outcome.,8
CUST-0144,LogStream Technologies,Commercial,2025-12-09,Meeting,Feature demo with LogStream Technologies. 2 attendees. Discussed roadmap and usage.,29
CUST-0009,CacheMaster Labs,Commercial,2025-12-08,Call,Feature question call with CacheMaster Labs. 46 minutes. Needs follow-up outcome.,39
CUST-0080,AIForge Systems,Commercial,2025-12-08,Support Ticket,AIForge Systems reported feature request. Sentiment: Frustrated.,7
CUST-0092,ContainerOps Labs,SMB,2025-12-08,Email,Communication with ContainerOps Labs regarding product updates.,16
CUST-0103,CacheMaster LLC,Commercial,2025-12-08,Product Feedback,Communication with CacheMaster LLC regarding feedback request.,11
CUST-0126,LogStream Systems,Commercial,2025-12-08,Call,Issue escalation call with LogStream Systems. 22 minutes. Needs follow-up outcome.,47
CUST-0177,ContainerOps Group,SMB,2025-12-08,Email,Communication with ContainerOps Group regarding billing.,11
CUST-0184,APIGateway Solutions,Enterprise,2025-12-08,Email,Communication with APIGateway Solutions regarding billing.,23
CUST-0198,StreamPro Labs,Commercial,2025-12-08,Email,Communication with StreamPro Labs regarding billing.,13
CUST-0198,StreamPro Labs,Commercial,2025-12-08,Call,Feature question call with StreamPro Labs. 19 minutes. Positive outcome.,13
CUST-0194,CacheMaster Group,SMB,2025-12-07,Support Ticket,CacheMaster Group reported feature request. Sentiment: Satisfied.,28
CUST-0200,ScaleSystems Labs,SMB,2025-12-07,Support Ticket,ScaleSystems Labs reported feature request. Sentiment: Satisfied.,8
CUST-0006,AuditPro LLC,Commercial,2025-12-06,Meeting,Quarterly business review with AuditPro LLC. 7 attendees. Discussed roadmap and usage.,37
CUST-0077,DataSync LLC,Enterprise,2025-12-06,Product Feedback,Communication with DataSync LLC regarding feedback request.,8
CUST-0116,LogStream Corp,SMB,2025-12-06,Support Ticket,LogStream Corp reported performance issue. Sentiment: Frustrated.,46
CUST-0108,DevTools LLC,Enterprise,2025-12-05,Support Ticket,DevTools LLC reported performance issue. Sentiment: Satisfied.,41
CUST-0134,WorkflowPro LLC,Enterprise,2025-12-05,Meeting,Feature demo with WorkflowPro LLC. 3 attendees. Discussed roadmap and usage.,11
CUST-0160,MetricsDash Group,SMB,2025-12-05,Call,Issue escalation call with MetricsDash Group. 23 minutes. Needs follow-up outcome.,16
CUST-0183,InnovateLabs Labs,Commercial,2025-12-05,Product Feedback,Communication with InnovateLabs Labs regarding feedback request.,9
CUST-0022,SecurityFirst Systems,Enterprise,2025-12-04,Support Ticket,SecurityFirst Systems reported performance issue. Sentiment: Neutral.,13
CUST-0076,StreamPro Group,Enterprise,2025-12-04,Email,Communication with StreamPro Group regarding usage tips.,9
CUST-0084,BackupCloud Systems,SMB,2025-12-04,Meeting,Renewal discussion with BackupCloud Systems. 2 attendees. Discussed roadmap and usage.,9
CUST-0136,DisasterRecovery LLC,Commercial,2025-12-04,Call,Check-in call with DisasterRecovery LLC. 56 minutes. Needs follow-up outcome.,22
CUST-0189,MetricsDash Systems,SMB,2025-12-04,Product Feedback,Communication with MetricsDash Systems regarding billing.,8
CUST-0057,DataSync Labs,Enterprise,2025-12-03,Email,Communication with DataSync Labs regarding billing.,18
CUST-0079,CacheMaster Technologies,Enterprise,2025-12-03,Email,Communication with CacheMaster Technologies regarding billing.,11
CUST-0093,IntegrationHQ Labs,Commercial,2025-12-03,Email,Communication with IntegrationHQ Labs regarding product updates.,17
CUST-0095,IntegrationHQ Technologies,Commercial,2025-12-03,Call,Issue escalation call with IntegrationHQ Technologies. 15 minutes. Needs follow-up outcome.,47
CUST-0122,DevOpsHub Corp,SMB,2025-12-03,Call,Expansion discussion call with DevOpsHub Corp. 52 minutes. Positive outcome.,44
CUST-0133,ComplianceHub Systems,SMB,2025-12-03,Email,Communication with ComplianceHub Systems regarding product updates.,7
CUST-0141,WorkflowPro Group,Commercial,2025-12-03,Support Ticket,WorkflowPro Group reported integration help. Sentiment: Frustrated.,22
CUST-0153,QueueManager Technologies,SMB,2025-12-03,Email,Communication with QueueManager Technologies regarding product updates.,44
CUST-0159,MetricsDash Technologies,Enterprise,2025-12-03,Product Feedback,Communication with MetricsDash Technologies regarding product updates.,10
CUST-0200,ScaleSystems Labs,SMB,2025-12-03,Meeting,Training session with ScaleSystems Labs. 6 attendees. Discussed roadmap and usage.,8
CUST-0077,DataSync LLC,Enterprise,2025-12-02,Product Feedback,Communication with DataSync LLC regarding product updates.,8
CUST-0158,DevOpsHub LLC,SMB,2025-12-02,Meeting,Renewal discussion with DevOpsHub LLC. 2 attendees. Discussed roadmap and usage.,47
CUST-0065,TechFlow Technologies,Commercial,2025-12-01,Email,Communication with TechFlow Technologies regarding product updates.,34
CUST-0103,CacheMaster LLC,Commercial,2025-12-01,Email,Communication with CacheMaster LLC regarding usage tips.,11
CUST-0134,WorkflowPro LLC,Enterprise,2025-12-01,Meeting,Quarterly business review with WorkflowPro LLC. 6 attendees. Discussed roadmap and usage.,11
CUST-0171,LogStream Solutions,SMB,2025-12-01,Meeting,Quarterly business review with LogStream Solutions. 5 attendees. Discussed roadmap and usage.,8
CUST-0011,CloudScale Group,SMB,2025-11-30,Call,Check-in call with CloudScale Group. 52 minutes. Positive outcome.,41
CUST-0024,CloudScale Technologies,Commercial,2025-11-30,Meeting,Quarterly business review with CloudScale Technologies. 8 attendees. Discussed roadmap and usage.,18
CUST-0092,ContainerOps Labs,SMB,2025-11-30,Support Ticket,ContainerOps Labs reported feature request. Sentiment: Neutral.,16
CUST-0170,SecureNet Technologies,Enterprise,2025-11-30,Email,Communication with SecureNet Technologies regarding product updates.,12
CUST-0087,MonitorPlus Solutions,SMB,2025-11-29,Support Ticket,MonitorPlus Solutions reported integration help. Sentiment: Frustrated.,30
CUST-0123,CloudScale LLC,Commercial,2025-11-29,Email,Communication with CloudScale LLC regarding feedback request.,36
CUST-0125,DevTools Labs,SMB,2025-11-29,Support Ticket,DevTools Labs reported performance issue. Sentiment: Neutral.,8
CUST-0176,MetricsDash Inc,SMB,2025-11-29,Meeting,Renewal discussion with MetricsDash Inc. 3 attendees. Discussed roadmap and usage.,18
CUST-0189,MetricsDash Systems,SMB,2025-11-29,Meeting,Renewal discussion with MetricsDash Systems. 6 attendees. Discussed roadmap and usage.,8
CUST-0194,CacheMaster Group,SMB,2025-11-29,Support Ticket,CacheMaster Group reported bug report. Sentiment: Satisfied.,28
CUST-0154,APIGateway Systems,Commercial,2025-11-28,Support Ticket,APIGateway Systems reported bug report. Sentiment: Neutral.,19
CUST-0173,CloudVision Solutions,Commercial,2025-11-28,Email,Communication with CloudVision Solutions regarding usage tips.,33
CUST-0194,CacheMaster Group,SMB,2025-11-28,Meeting,Training session with CacheMaster Group. 7 attendees. Discussed roadmap and usage.,28
CUST-0011,CloudScale Group,SMB,2025-11-27,Meeting,Training session with CloudScale Group. 4 attendees. Discussed roadmap and usage.,41
CUST-0071,MicroServe Solutions,Enterprise,2025-11-27,Call,Feature question call with MicroServe Solutions. 17 minutes. Positive outcome.,46
CUST-0125,DevTools Labs,SMB,2025-11-27,Support Ticket,DevTools Labs reported bug report. Sentiment: Neutral.,8
CUST-0127,MetricsDash Labs,Enterprise,2025-11-27,Email,Communication with MetricsDash Labs regarding usage tips.,38
CUST-0130,QueueManager Systems,SMB,2025-11-27,Call,Issue escalation call with QueueManager Systems. 52 minutes. Needs follow-up outcome.,43
CUST-0151,DataBridge Group,SMB,2025-11-27,Product Feedback,Communication with DataBridge Group regarding feedback request.,8
CUST-0056,TechFlow Corp,SMB,2025-11-26,Call,Check-in call with TechFlow Corp. 38 minutes. Needs follow-up outcome.,10
CUST-0134,WorkflowPro LLC,Enterprise,2025-11-26,Support Ticket,WorkflowPro LLC reported integration help. Sentiment: Neutral.,11
CUST-0165,ComplianceHub Labs,SMB,2025-11-26,Email,Communication with ComplianceHub Labs regarding feedback request.,20
CUST-0177,ContainerOps Group,SMB,2025-11-25,Product Feedback,Communication with ContainerOps Group regarding billing.,11
CUST-0078,CodeCraft Labs,Commercial,2025-11-24,Email,Communication with CodeCraft Labs regarding product updates.,16
CUST-0086,StreamPro LLC,SMB,2025-11-24,Meeting,Quarterly business review with StreamPro LLC. 4 attendees. Discussed roadmap and usage.,35
CUST-0125,DevTools Labs,SMB,2025-11-24,Email,Communication with DevTools Labs regarding feedback request.,8
CUST-0195,ScaleSystems Group,SMB,2025-11-24,Product Feedback,Communication with ScaleSystems Group regarding usage tips.,21
CUST-0029,BackupCloud Technologies,SMB,2025-11-23,Email,Communication with BackupCloud Technologies regarding usage tips.,25
CUST-0078,CodeCraft Labs,Commercial,2025-11-23,Email,Communication with CodeCraft Labs regarding billing.,16
CUST-0087,MonitorPlus Solutions,SMB,2025-11-23,Product Feedback,Communication with MonitorPlus Solutions regarding feedback request.,30
CUST-0087,MonitorPlus Solutions,SMB,2025-11-23,Meeting,Feature demo with MonitorPlus Solutions. 6 attendees. Discussed roadmap and usage.,30
CUST-0098,StreamPro Systems,SMB,2025-11-23,Product Feedback,Communication with StreamPro Systems regarding usage tips.,43
CUST-0159,MetricsDash Technologies,Enterprise,2025-11-23,Product Feedback,Communication with MetricsDash Technologies regarding usage tips.,10
CUST-0160,MetricsDash Group,SMB,2025-11-23,Product Feedback,Communication with MetricsDash Group regarding usage tips.,16
CUST-0126,LogStream Systems,Commercial,2025-11-22,Product Feedback,Communication with LogStream Systems regarding usage tips.,47
CUST-0171,LogStream Solutions,SMB,2025-11-22,Support Ticket,LogStream Solutions reported feature request. Sentiment: Satisfied.,8
CUST-0177,ContainerOps Group,SMB,2025-11-22,Email,Communication with ContainerOps Group regarding usage tips.,11
CUST-0084,BackupCloud Systems,SMB,2025-11-21,Product Feedback,Communication with BackupCloud Systems regarding billing.,9
CUST-0110,ContainerOps Solutions,SMB,2025-11-21,Product Feedback,Communication with ContainerOps Solutions regarding billing.,27
CUST-0154,APIGateway Systems,Commercial,2025-11-21,Meeting,Renewal discussion with APIGateway Systems. 2 attendees. Discussed roadmap and usage.,19
CUST-0192,WorkflowPro Solutions,SMB,2025-11-21,Call,Expansion discussion call with WorkflowPro Solutions. 41 minutes. Positive outcome.,28
CUST-0073,DataBridge Systems,SMB,2025-11-20,Email,Communication with DataBridge Systems regarding product updates.,42
CUST-0125,DevTools Labs,SMB,2025-11-20,Product Feedback,Communication with DevTools Labs regarding billing.,8
CUST-0024,CloudScale Technologies,Commercial,2025-11-19,Product Feedback,Communication with CloudScale Technologies regarding usage tips.,18
CUST-0056,TechFlow Corp,SMB,2025-11-19,Email,Communication with TechFlow Corp regarding feedback request.,10
CUST-0105,CodeCraft Inc,SMB,2025-11-19,Email,Communication with CodeCraft Inc regarding product updates.,37
CUST-0143,LoadBalance Labs,Commercial,2025-11-19,Meeting,Training session with LoadBalance Labs. 4 attendees. Discussed roadmap and usage.,27
CUST-0196,AuditPro Corp,SMB,2025-11-19,Call,Issue escalation call with AuditPro Corp. 39 minutes. Needs follow-up outcome.,30
CUST-0032,SecureNet LLC,SMB,2025-11-18,Product Feedback,Communication with SecureNet LLC regarding feedback request.,27
CUST-0127,MetricsDash Labs,Enterprise,2025-11-18,Meeting,Renewal discussion with MetricsDash Labs. 5 attendees. Discussed roadmap and usage.,38
CUST-0189,MetricsDash Systems,SMB,2025-11-18,Email,Communication with MetricsDash Systems regarding feedback request.,8
CUST-0056,TechFlow Corp,SMB,2025-11-17,Call,Expansion discussion call with TechFlow Corp. 55 minutes. Needs follow-up outcome.,10
CUST-0078,CodeCraft Labs,Commercial,2025-11-17,Call,Issue escalation call with CodeCraft Labs. 51 minutes. Needs follow-up outcome.,16
CUST-0024,CloudScale Technologies,Commercial,2025-11-16,Meeting,Renewal discussion with CloudScale Technologies. 3 attendees. Discussed roadmap and usage.,18
CUST-0078,CodeCraft Labs,Commercial,2025-11-16,Product Feedback,Communication with CodeCraft Labs regarding feedback request.,16
CUST-0087,MonitorPlus Solutions,SMB,2025-11-16,Email,Communication with MonitorPlus Solutions regarding usage tips.,30
CUST-0189,MetricsDash Systems,SMB,2025-11-16,Meeting,Feature demo with MetricsDash Systems. 5 attendees. Discussed roadmap and usage.,8
CUST-0004,ScaleSystems LLC,Enterprise,2025-11-15,Meeting,Renewal discussion with ScaleSystems LLC. 6 attendees. Discussed roadmap and usage.,13
CUST-0078,CodeCraft Labs,Commercial,2025-11-15,Support Ticket,CodeCraft Labs reported performance issue. Sentiment: Frustrated.,16
CUST-0134,WorkflowPro LLC,Enterprise,2025-11-15,Product Feedback,Communication with WorkflowPro LLC regarding usage tips.,11
CUST-0169,CodeCraft Technologies,Commercial,2025-11-15,Call,Feature question call with CodeCraft Technologies. 26 minutes. Positive outcome.,36
CUST-0171,LogStream Solutions,SMB,2025-11-15,Meeting,Training session with LogStream Solutions. 3 attendees. Discussed roadmap and usage.,8
CUST-0200,ScaleSystems Labs,SMB,2025-11-15,Product Feedback,Communication with ScaleSystems Labs regarding billing.,8
CUST-0039,BackupCloud Solutions,Enterprise,2025-11-14,Email,Communication with BackupCloud Solutions regarding usage tips.,14
CUST-0076,StreamPro Group,Enterprise,2025-11-14,Call,Check-in call with StreamPro Group. 24 minutes. Positive outcome.,9
CUST-0134,WorkflowPro LLC,Enterprise,2025-11-14,Call,Expansion discussion call with WorkflowPro LLC. 22 minutes. Positive outcome.,11
CUST-0160,MetricsDash Group,SMB,2025-11-14,Call,Issue escalation call with MetricsDash Group. 16 minutes. Needs follow-up outcome.,16
CUST-0025,MicroServe LLC,SMB,2025-11-13,Support Ticket,MicroServe LLC reported integration help. Sentiment: Frustrated.,10
CUST-0092,ContainerOps Labs,SMB,2025-11-13,Call,Check-in call with ContainerOps Labs. 23 minutes. Positive outcome.,16
CUST-0096,BackupCloud Inc,Commercial,2025-11-13,Email,Communication with BackupCloud Inc regarding billing.,17
CUST-0107,AuditPro Labs,Enterprise,2025-11-13,Call,Expansion discussion call with AuditPro Labs. 54 minutes. Positive outcome.,15
CUST-0198,StreamPro Labs,Commercial,2025-11-13,Meeting,Feature demo with StreamPro Labs. 3 attendees. Discussed roadmap and usage.,13
CUST-0120,QueueManager Group,SMB,2025-11-12,Email,Communication with QueueManager Group regarding billing.,21
CUST-0125,DevTools Labs,SMB,2025-11-12,Meeting,Training session with DevTools Labs. 4 attendees. Discussed roadmap and usage.,8
CUST-0191,InnovateLabs Systems,SMB,2025-11-12,Call,Feature question call with InnovateLabs Systems. 58 minutes. Positive outcome.,29
CUST-0200,ScaleSystems Labs,SMB,2025-11-12,Support Ticket,ScaleSystems Labs reported feature request. Sentiment: Satisfied.,8
CUST-0092,ContainerOps Labs,SMB,2025-11-11,Email,Communication with ContainerOps Labs regarding product updates.,16
CUST-0108,DevTools LLC,Enterprise,2025-11-11,Email,Communication with DevTools LLC regarding usage tips.,41
CUST-0156,CloudVision Technologies,Commercial,2025-11-11,Call,Check-in call with CloudVision Technologies. 31 minutes. Positive outcome.,39
CUST-0056,TechFlow Corp,SMB,2025-11-09,Meeting,Quarterly business review with TechFlow Corp. 7 attendees. Discussed roadmap and usage.,10
CUST-0078,CodeCraft Labs,Commercial,2025-11-09,Email,Communication with CodeCraft Labs regarding product updates.,16
CUST-0178,MonitorPlus Systems,Enterprise,2025-11-09,Support Ticket,MonitorPlus Systems reported bug report. Sentiment: Neutral.,45
CUST-0185,DataBridge LLC,Enterprise,2025-11-09,Email,Communication with DataBridge LLC regarding product updates.,46
CUST-0189,MetricsDash Systems,SMB,2025-11-09,Meeting,Training session with MetricsDash Systems. 2 attendees. Discussed roadmap and usage.,8
CUST-0015,DataBridge Corp,Commercial,2025-11-08,Email,Communication with DataBridge Corp regarding usage tips.,29
CUST-0037,WorkflowPro Inc,Commercial,2025-11-08,Call,Expansion discussion call with WorkflowPro Inc. 30 minutes. Positive outcome.,30
CUST-0047,WorkflowPro Labs,SMB,2025-11-08,Meeting,Feature demo with WorkflowPro Labs. 7 attendees. Discussed roadmap and usage.,16
CUST-0056,TechFlow Corp,SMB,2025-11-08,Product Feedback,Communication with TechFlow Corp regarding billing.,10
CUST-0134,WorkflowPro LLC,Enterprise,2025-11-08,Email,Communication with WorkflowPro LLC regarding product updates.,11
CUST-0140,ContainerOps Inc,Commercial,2025-11-08,Support Ticket,ContainerOps Inc reported bug report. Sentiment: Frustrated.,33
CUST-0176,MetricsDash Inc,SMB,2025-11-08,Meeting,Renewal discussion with MetricsDash Inc. 5 attendees. Discussed roadmap and usage.,18
CUST-0186,DataSync Corp,Enterprise,2025-11-08,Email,Communication with DataSync Corp regarding feedback request.,24
CUST-0189,MetricsDash Systems,SMB,2025-11-08,Call,Feature question call with MetricsDash Systems. 57 minutes. Positive outcome.,8
CUST-0198,StreamPro Labs,Commercial,2025-11-08,Email,Communication with StreamPro Labs regarding usage tips.,13
CUST-0046,DisasterRecovery Group,SMB,2025-11-05,Support Ticket,DisasterRecovery Group reported feature request. Sentiment: Satisfied.,36
CUST-0056,TechFlow Corp,SMB,2025-11-04,Call,Check-in call with TechFlow Corp. 47 minutes. Needs follow-up outcome.,10
CUST-0200,ScaleSystems Labs,SMB,2025-11-04,Call,Check-in call with ScaleSystems Labs. 60 minutes. Positive outcome.,8
CUST-0091,DisasterRecovery Technologies,SMB,2025-11-03,Product Feedback,Communication with DisasterRecovery Technologies regarding feedback request.,35
CUST-0138,DevOpsHub Group,SMB,2025-11-03,Call,Expansion discussion call with DevOpsHub Group. 33 minutes. Positive outcome.,38
CUST-0154,APIGateway Systems,Commercial,2025-11-03,Email,Communication with APIGateway Systems regarding usage tips.,19
CUST-0181,CloudVision Inc,SMB,2025-11-03,Product Feedback,Communication with CloudVision Inc regarding billing.,25
CUST-0198,StreamPro Labs,Commercial,2025-11-03,Email,Communication with StreamPro Labs regarding billing.,13
CUST-0043,LoadBalance Technologies,SMB,2025-11-02,Product Feedback,Communication with LoadBalance Technologies regarding feedback request.,14
CUST-0070,MicroServe Inc,Enterprise,2025-11-02,Meeting,Renewal discussion with MicroServe Inc. 6 attendees. Discussed roadmap and usage.,19
CUST-0085,AuditPro Inc,Commercial,2025-11-02,Product Feedback,Communication with AuditPro Inc regarding feedback request.,40
CUST-0086,StreamPro LLC,SMB,2025-11-02,Support Ticket,StreamPro LLC reported bug report. Sentiment: Satisfied.,35
CUST-0093,IntegrationHQ Labs,Commercial,2025-11-02,Product Feedback,Communication with IntegrationHQ Labs regarding product updates.,17
CUST-0093,IntegrationHQ Labs,Commercial,2025-11-02,Meeting,Quarterly business review with IntegrationHQ Labs. 2 attendees. Discussed roadmap and usage.,17
CUST-0151,DataBridge Group,SMB,2025-11-02,Call,Expansion discussion call with DataBridge Group. 45 minutes. Positive outcome.,8
CUST-0070,MicroServe Inc,Enterprise,2025-11-01,Call,Check-in call with MicroServe Inc. 26 minutes. Positive outcome.,19
CUST-0074,MonitorPlus LLC,Enterprise,2025-11-01,Product Feedback,Communication with MonitorPlus LLC regarding product updates.,10
CUST-0088,ComplianceHub Corp,Enterprise,2025-11-01,Meeting,Training session with ComplianceHub Corp. 2 attendees. Discussed roadmap and usage.,20
CUST-0194,CacheMaster Group,SMB,2025-11-01,Product Feedback,Communication with CacheMaster Group regarding feedback request.,28
CUST-0154,APIGateway Systems,Commercial,2025-10-31,Product Feedback,Communication with APIGateway Systems regarding billing.,19
CUST-0198,StreamPro Labs,Commercial,2025-10-31,Support Ticket,StreamPro Labs reported performance issue. Sentiment: Neutral.,13
CUST-0032,SecureNet LLC,SMB,2025-10-30,Support Ticket,SecureNet LLC reported feature request. Sentiment: Satisfied.,27
CUST-0040,IntegrationHQ LLC,Commercial,2025-10-30,Meeting,Renewal discussion with IntegrationHQ LLC. 7 attendees. Discussed roadmap and usage.,18
CUST-0088,ComplianceHub Corp,Enterprise,2025-10-30,Call,Check-in call with ComplianceHub Corp. 34 minutes. Positive outcome.,20
CUST-0139,CloudVision Systems,SMB,2025-10-30,Call,Issue escalation call with CloudVision Systems. 56 minutes. Needs follow-up outcome.,9
CUST-0084,BackupCloud Systems,SMB,2025-10-29,Call,Expansion discussion call with BackupCloud Systems. 42 minutes. Positive outcome.,9
CUST-0170,SecureNet Technologies,Enterprise,2025-10-29,Product Feedback,Communication with SecureNet Technologies regarding billing.,12
CUST-0050,SecurityFirst Group,SMB,2025-10-28,Call,Check-in call with SecurityFirst Group. 51 minutes. Positive outcome.,41
CUST-0070,MicroServe Inc,Enterprise,2025-10-27,Meeting,Training session with MicroServe Inc. 6 attendees. Discussed roadmap and usage.,19
CUST-0195,ScaleSystems Group,SMB,2025-10-27,Call,Issue escalation call with ScaleSystems Group. 33 minutes. Needs follow-up outcome.,21
CUST-0028,CacheMaster Inc,SMB,2025-10-26,Support Ticket,CacheMaster Inc reported bug report. Sentiment: Frustrated.,24
CUST-0108,DevTools LLC,Enterprise,2025-10-26,Support Ticket,DevTools LLC reported bug report. Sentiment: Satisfied.,41
CUST-0138,DevOpsHub Group,SMB,2025-10-26,Call,Feature question call with DevOpsHub Group. 51 minutes. Positive outcome.,38
CUST-0144,LogStream Technologies,Commercial,2025-10-25,Support Ticket,LogStream Technologies reported performance issue. Sentiment: Frustrated.,29
CUST-0029,BackupCloud Technologies,SMB,2025-10-24,Call,Expansion discussion call with BackupCloud Technologies. 42 minutes. Positive outcome.,25
CUST-0104,LogStream Group,SMB,2025-10-24,Support Ticket,LogStream Group reported bug report. Sentiment: Neutral.,14
CUST-0139,CloudVision Systems,SMB,2025-10-24,Product Feedback,Communication with CloudVision Systems regarding feedback request.,9
CUST-0022,SecurityFirst Systems,Enterprise,2025-10-23,Product Feedback,Communication with SecurityFirst Systems regarding product updates.,13
CUST-0025,MicroServe LLC,SMB,2025-10-23,Product Feedback,Communication with MicroServe LLC regarding billing.,10
CUST-0069,WorkflowPro Technologies,Commercial,2025-10-23,Meeting,Feature demo with WorkflowPro Technologies. 4 attendees. Discussed roadmap and usage.,11
CUST-0110,ContainerOps Solutions,SMB,2025-10-23,Product Feedback,Communication with ContainerOps Solutions regarding billing.,27
CUST-0041,APIGateway Technologies,Commercial,2025-10-22,Support Ticket,APIGateway Technologies reported feature request. Sentiment: Neutral.,25
CUST-0074,MonitorPlus LLC,Enterprise,2025-10-21,Call,Expansion discussion call with MonitorPlus LLC. 58 minutes. Positive outcome.,10
CUST-0097,QueueManager Corp,SMB,2025-10-21,Support Ticket,QueueManager Corp reported performance issue. Sentiment: Frustrated.,14
CUST-0127,MetricsDash Labs,Enterprise,2025-10-21,Product Feedback,Communication with MetricsDash Labs regarding feedback request.,38
CUST-0141,WorkflowPro Group,Commercial,2025-10-21,Support Ticket,WorkflowPro Group reported bug report. Sentiment: Frustrated.,22
CUST-0141,WorkflowPro Group,Commercial,2025-10-21,Call,Issue escalation call with WorkflowPro Group. 18 minutes. Needs follow-up outcome.,22
CUST-0159,MetricsDash Technologies,Enterprise,2025-10-21,Email,Communication with MetricsDash Technologies regarding usage tips.,10
CUST-0076,StreamPro Group,Enterprise,2025-10-20,Product Feedback,Communication with StreamPro Group regarding billing.,9
CUST-0097,QueueManager Corp,SMB,2025-10-20,Email,Communication with QueueManager Corp regarding feedback request.,14
CUST-0068,ScaleSystems Solutions,Commercial,2025-10-19,Meeting,Training session with ScaleSystems Solutions. 8 attendees. Discussed roadmap and usage.,25
CUST-0062,AuditPro Systems,SMB,2025-10-17,Call,Check-in call with AuditPro Systems. 25 minutes. Needs follow-up outcome.,47
CUST-0070,MicroServe Inc,Enterprise,2025-10-17,Call,Feature question call with MicroServe Inc. 60 minutes. Positive outcome.,19
CUST-0181,CloudVision Inc,SMB,2025-10-17,Email,Communication with CloudVision Inc regarding feedback request.,25
CUST-0186,DataSync Corp,Enterprise,2025-10-17,Email,Communication with DataSync Corp regarding product updates.,24
CUST-0191,InnovateLabs Systems,SMB,2025-10-17,Meeting,Training session with InnovateLabs Systems. 2 attendees. Discussed roadmap and usage.,29
CUST-0084,BackupCloud Systems,SMB,2025-10-16,Meeting,Renewal discussion with BackupCloud Systems. 7 attendees. Discussed roadmap and usage.,9
CUST-0104,LogStream Group,SMB,2025-10-16,Call,Feature question call with LogStream Group. 59 minutes. Positive outcome.,14
CUST-0194,CacheMaster Group,SMB,2025-10-16,Product Feedback,Communication with CacheMaster Group regarding product updates.,28
CUST-0092,ContainerOps Labs,SMB,2025-10-15,Product Feedback,Communication with ContainerOps Labs regarding usage tips.,16
CUST-0103,CacheMaster LLC,Commercial,2025-10-15,Meeting,Renewal discussion with CacheMaster LLC. 8 attendees. Discussed roadmap and usage.,11
CUST-0111,CloudVision Corp,Commercial,2025-10-15,Meeting,Quarterly business review with CloudVision Corp. 3 attendees. Discussed roadmap and usage.,33
CUST-0103,CacheMaster LLC,Commercial,2025-10-14,Email,Communication with CacheMaster LLC regarding usage tips.,11
CUST-0144,LogStream Technologies,Commercial,2025-10-14,Product Feedback,Communication with LogStream Technologies regarding feedback request.,29
CUST-0134,WorkflowPro LLC,Enterprise,2025-10-13,Meeting,Feature demo with WorkflowPro LLC. 5 attendees. Discussed roadmap and usage.,11
CUST-0025,MicroServe LLC,SMB,2025-10-11,Support Ticket,MicroServe LLC reported feature request. Sentiment: Frustrated.,10
CUST-0073,DataBridge Systems,SMB,2025-10-11,Support Ticket,DataBridge Systems reported bug report. Sentiment: Neutral.,42
CUST-0074,MonitorPlus LLC,Enterprise,2025-10-11,Call,Check-in call with MonitorPlus LLC. 49 minutes. Positive outcome.,10
CUST-0097,QueueManager Corp,SMB,2025-10-11,Call,Issue escalation call with QueueManager Corp. 54 minutes. Needs follow-up outcome.,14
CUST-0123,CloudScale LLC,Commercial,2025-10-11,Product Feedback,Communication with CloudScale LLC regarding billing.,36
CUST-0046,DisasterRecovery Group,SMB,2025-10-10,Meeting,Quarterly business review with DisasterRecovery Group. 5 attendees. Discussed roadmap and usage.,36
CUST-0057,DataSync Labs,Enterprise,2025-10-10,Meeting,Feature demo with DataSync Labs. 8 attendees. Discussed roadmap and usage.,18
CUST-0095,IntegrationHQ Technologies,Commercial,2025-10-10,Call,Issue escalation call with IntegrationHQ Technologies. 31 minutes. Needs follow-up outcome.,47
CUST-0134,WorkflowPro LLC,Enterprise,2025-10-10,Support Ticket,WorkflowPro LLC reported bug report. Sentiment: Neutral.,11
CUST-0148,APIGateway Group,SMB,2025-10-10,Meeting,Feature demo with APIGateway Group. 2 attendees. Discussed roadmap and usage.,33
CUST-0165,ComplianceHub Labs,SMB,2025-10-10,Meeting,Renewal discussion with ComplianceHub Labs. 5 attendees. Discussed roadmap and usage.,20
CUST-0022,SecurityFirst Systems,Enterprise,2025-10-09,Product Feedback,Communication with SecurityFirst Systems regarding usage tips.,13
CUST-0032,SecureNet LLC,SMB,2025-10-09,Support Ticket,SecureNet LLC reported integration help. Sentiment: Satisfied.,27
CUST-0078,CodeCraft Labs,Commercial,2025-10-09,Call,Issue escalation call with CodeCraft Labs. 52 minutes. Needs follow-up outcome.,16
CUST-0183,InnovateLabs Labs,Commercial,2025-10-08,Email,Communication with InnovateLabs Labs regarding product updates.,9
CUST-0098,StreamPro Systems,SMB,2025-10-07,Support Ticket,StreamPro Systems reported performance issue. Sentiment: Satisfied.,43
CUST-0160,MetricsDash Group,SMB,2025-10-07,Support Ticket,MetricsDash Group reported feature request. Sentiment: Frustrated.,16
CUST-0038,InnovateLabs Corp,SMB,2025-10-06,Call,Feature question call with InnovateLabs Corp. 15 minutes. Needs follow-up outcome.,18
CUST-0056,TechFlow Corp,SMB,2025-10-06,Product Feedback,Communication with TechFlow Corp regarding feedback request.,10
CUST-0078,CodeCraft Labs,Commercial,2025-10-06,Call,Issue escalation call with CodeCraft Labs. 22 minutes. Needs follow-up outcome.,16
CUST-0164,AuditPro Group,SMB,2025-10-06,Email,Communication with AuditPro Group regarding feedback request.,11
CUST-0193,LoadBalance LLC,Commercial,2025-10-06,Product Feedback,Communication with LoadBalance LLC regarding product updates.,47
CUST-0070,MicroServe Inc,Enterprise,2025-10-05,Call,Check-in call with MicroServe Inc. 22 minutes. Positive outcome.,19
CUST-0086,StreamPro LLC,SMB,2025-10-05,Meeting,Feature demo with StreamPro LLC. 8 attendees. Discussed roadmap and usage.,35
CUST-0116,LogStream Corp,SMB,2025-10-05,Meeting,Quarterly business review with LogStream Corp. 5 attendees. Discussed roadmap and usage.,46
CUST-0141,WorkflowPro Group,Commercial,2025-10-05,Product Feedback,Communication with WorkflowPro Group regarding feedback request.,22
CUST-0173,CloudVision Solutions,Commercial,2025-10-05,Email,Communication with CloudVision Solutions regarding billing.,33
CUST-0176,MetricsDash Inc,SMB,2025-10-05,Email,Communication with MetricsDash Inc regarding billing.,18
CUST-0035,DataSync Inc,Commercial,2025-10-04,Product Feedback,Communication with DataSync Inc regarding product updates.,27
CUST-0128,DevTools Technologies,Commercial,2025-10-04,Email,Communication with DevTools Technologies regarding feedback request.,11
CUST-0022,SecurityFirst Systems,Enterprise,2025-10-03,Email,Communication with SecurityFirst Systems regarding billing.,13
CUST-0038,InnovateLabs Corp,SMB,2025-10-03,Email,Communication with InnovateLabs Corp regarding feedback request.,18
CUST-0092,ContainerOps Labs,SMB,2025-10-03,Meeting,Quarterly business review with ContainerOps Labs. 7 attendees. Discussed roadmap and usage.,16
CUST-0120,QueueManager Group,SMB,2025-10-03,Call,Feature question call with QueueManager Group. 34 minutes. Positive outcome.,21
CUST-0159,MetricsDash Technologies,Enterprise,2025-10-03,Meeting,Quarterly business review with MetricsDash Technologies. 5 attendees. Discussed roadmap and usage.,10
CUST-0191,InnovateLabs Systems,SMB,2025-10-03,Product Feedback,Communication with InnovateLabs Systems regarding billing.,29
CUST-0048,MetricsDash Solutions,SMB,2025-10-02,Product Feedback,Communication with MetricsDash Solutions regarding usage tips.,21
CUST-0022,SecurityFirst Systems,Enterprise,2025-10-01,Meeting,Feature demo with SecurityFirst Systems. 4 attendees. Discussed roadmap and usage.,13
CUST-0022,SecurityFirst Systems,Enterprise,2025-10-01,Support Ticket,SecurityFirst Systems reported feature request. Sentiment: Neutral.,13
CUST-0057,DataSync Labs,Enterprise,2025-10-01,Email,Communication with DataSync Labs regarding billing.,18
CUST-0147,DisasterRecovery Systems,Enterprise,2025-10-01,Product Feedback,Communication with DisasterRecovery Systems regarding product updates.,28
CUST-0096,BackupCloud Inc,Commercial,2025-09-30,Email,Communication with BackupCloud Inc regarding feedback request.,17
CUST-0170,SecureNet Technologies,Enterprise,2025-09-30,Call,Check-in call with SecureNet Technologies. 60 minutes. Positive outcome.,12
CUST-0175,MicroServe Corp,Commercial,2025-09-30,Call,Expansion discussion call with MicroServe Corp. 51 minutes. Positive outcome.,17
CUST-0043,LoadBalance Technologies,SMB,2025-09-29,Email,Communication with LoadBalance Technologies regarding feedback request.,14
CUST-0085,AuditPro Inc,Commercial,2025-09-29,Support Ticket,AuditPro Inc reported feature request. Sentiment: Neutral.,40
CUST-0191,InnovateLabs Systems,SMB,2025-09-29,Meeting,Renewal discussion with InnovateLabs Systems. 2 attendees. Discussed roadmap and usage.,29
CUST-0069,WorkflowPro Technologies,Commercial,2025-09-28,Product Feedback,Communication with WorkflowPro Technologies regarding feedback request.,11
CUST-0070,MicroServe Inc,Enterprise,2025-09-28,Call,Expansion discussion call with MicroServe Inc. 17 minutes. Positive outcome.,19
CUST-0004,ScaleSystems LLC,Enterprise,2025-09-27,Meeting,Quarterly business review with ScaleSystems LLC. 6 attendees. Discussed roadmap and usage.,13
CUST-0015,DataBridge Corp,Commercial,2025-09-27,Product Feedback,Communication with DataBridge Corp regarding usage tips.,29
CUST-0101,IntegrationHQ Systems,Commercial,2025-09-27,Support Ticket,IntegrationHQ Systems reported integration help. Sentiment: Frustrated.,31
CUST-0127,MetricsDash Labs,Enterprise,2025-09-27,Email,Communication with MetricsDash Labs regarding feedback request.,38
CUST-0199,BackupCloud LLC,Commercial,2025-09-27,Email,Communication with BackupCloud LLC regarding feedback request.,36
CUST-0048,MetricsDash Solutions,SMB,2025-09-26,Email,Communication with MetricsDash Solutions regarding product updates.,21
CUST-0092,ContainerOps Labs,SMB,2025-09-26,Call,Expansion discussion call with ContainerOps Labs. 36 minutes. Positive outcome.,16
CUST-0144,LogStream Technologies,Commercial,2025-09-26,Support Ticket,LogStream Technologies reported feature request. Sentiment: Frustrated.,29
CUST-0153,QueueManager Technologies,SMB,2025-09-26,Meeting,Feature demo with QueueManager Technologies. 4 attendees. Discussed roadmap and usage.,44
CUST-0158,DevOpsHub LLC,SMB,2025-09-26,Product Feedback,Communication with DevOpsHub LLC regarding feedback request.,47
CUST-0046,DisasterRecovery Group,SMB,2025-09-25,Call,Check-in call with DisasterRecovery Group. 59 minutes. Positive outcome.,36
CUST-0097,QueueManager Corp,SMB,2025-09-25,Product Feedback,Communication with QueueManager Corp regarding usage tips.,14
CUST-0120,QueueManager Group,SMB,2025-09-25,Support Ticket,QueueManager Group reported bug report. Sentiment: Satisfied.,21
CUST-0184,APIGateway Solutions,Enterprise,2025-09-25,Product Feedback,Communication with APIGateway Solutions regarding feedback request.,23
CUST-0198,StreamPro Labs,Commercial,2025-09-25,Meeting,Feature demo with StreamPro Labs. 8 attendees. Discussed roadmap and usage.,13
CUST-0085,AuditPro Inc,Commercial,2025-09-24,Meeting,Training session with AuditPro Inc. 4 attendees. Discussed roadmap and usage.,40
CUST-0122,DevOpsHub Corp,SMB,2025-09-24,Meeting,Quarterly business review with DevOpsHub Corp. 2 attendees. Discussed roadmap and usage.,44
CUST-0170,SecureNet Technologies,Enterprise,2025-09-24,Support Ticket,SecureNet Technologies reported performance issue. Sentiment: Neutral.,12
CUST-0012,AuditPro Solutions,SMB,2025-09-23,Call,Issue escalation call with AuditPro Solutions. 59 minutes. Needs follow-up outcome.,24
CUST-0017,CloudVision LLC,Enterprise,2025-09-23,Email,Communication with CloudVision LLC regarding product updates.,20
CUST-0048,MetricsDash Solutions,SMB,2025-09-23,Meeting,Feature demo with MetricsDash Solutions. 7 attendees. Discussed roadmap and usage.,21
CUST-0120,QueueManager Group,SMB,2025-09-23,Product Feedback,Communication with QueueManager Group regarding feedback request.,21
CUST-0009,CacheMaster Labs,Commercial,2025-09-22,Product Feedback,Communication with CacheMaster Labs regarding feedback request.,39
CUST-0028,CacheMaster Inc,SMB,2025-09-22,Call,Issue escalation call with CacheMaster Inc. 24 minutes. Needs follow-up outcome.,24
CUST-0140,ContainerOps Inc,Commercial,2025-09-22,Email,Communication with ContainerOps Inc regarding feedback request.,33
CUST-0011,CloudScale Group,SMB,2025-09-21,Meeting,Training session with CloudScale Group. 7 attendees. Discussed roadmap and usage.,41
CUST-0017,CloudVision LLC,Enterprise,2025-09-21,Meeting,Feature demo with CloudVision LLC. 7 attendees. Discussed roadmap and usage.,20
CUST-0029,BackupCloud Technologies,SMB,2025-09-21,Email,Communication with BackupCloud Technologies regarding usage tips.,25
CUST-0004,ScaleSystems LLC,Enterprise,2025-09-20,Product Feedback,Communication with ScaleSystems LLC regarding product updates.,13
CUST-0018,CloudScale Corp,SMB,2025-09-20,Support Ticket,CloudScale Corp reported performance issue. Sentiment: Neutral.,41
CUST-0022,SecurityFirst Systems,Enterprise,2025-09-20,Product Feedback,Communication with SecurityFirst Systems regarding usage tips.,13
CUST-0035,DataSync Inc,Commercial,2025-09-20,Call,Check-in call with DataSync Inc. 59 minutes. Positive outcome.,27
CUST-0074,MonitorPlus LLC,Enterprise,2025-09-20,Support Ticket,MonitorPlus LLC reported bug report. Sentiment: Satisfied.,10
CUST-0097,QueueManager Corp,SMB,2025-09-20,Email,Communication with QueueManager Corp regarding product updates.,14
CUST-0101,IntegrationHQ Systems,Commercial,2025-09-20,Support Ticket,IntegrationHQ Systems reported performance issue. Sentiment: Frustrated.,31
CUST-0128,DevTools Technologies,Commercial,2025-09-20,Product Feedback,Communication with DevTools Technologies regarding usage tips.,11
CUST-0147,DisasterRecovery Systems,Enterprise,2025-09-20,Call,Issue escalation call with DisasterRecovery Systems. 47 minutes. Needs follow-up outcome.,28
CUST-0186,DataSync Corp,Enterprise,2025-09-20,Product Feedback,Communication with DataSync Corp regarding billing.,24
CUST-0043,LoadBalance Technologies,SMB,2025-09-19,Product Feedback,Communication with LoadBalance Technologies regarding billing.,14
CUST-0078,CodeCraft Labs,Commercial,2025-09-19,Email,Communication with CodeCraft Labs regarding feedback request.,16
CUST-0103,CacheMaster LLC,Commercial,2025-09-17,Email,Communication with CacheMaster LLC regarding feedback request.,11
CUST-0147,DisasterRecovery Systems,Enterprise,2025-09-17,Call,Issue escalation call with DisasterRecovery Systems. 40 minutes. Needs follow-up outcome.,28
CUST-0012,AuditPro Solutions,SMB,2025-09-16,Meeting,Renewal discussion with AuditPro Solutions. 3 attendees. Discussed roadmap and usage.,24
CUST-0043,LoadBalance Technologies,SMB,2025-09-16,Product Feedback,Communication with LoadBalance Technologies regarding feedback request.,14
CUST-0049,TechFlow Inc,SMB,2025-09-16,Email,Communication with TechFlow Inc regarding feedback request.,20
CUST-0093,IntegrationHQ Labs,Commercial,2025-09-16,Product Feedback,Communication with IntegrationHQ Labs regarding product updates.,17
CUST-0107,AuditPro Labs,Enterprise,2025-09-16,Meeting,Renewal discussion with AuditPro Labs. 5 attendees. Discussed roadmap and usage.,15
CUST-0158,DevOpsHub LLC,SMB,2025-09-16,Product Feedback,Communication with DevOpsHub LLC regarding feedback request.,47
CUST-0088,ComplianceHub Corp,Enterprise,2025-09-15,Product Feedback,Communication with ComplianceHub Corp regarding product updates.,20
CUST-0090,StreamPro Technologies,SMB,2025-09-15,Product Feedback,Communication with StreamPro Technologies regarding billing.,39
CUST-0161,AnalyticsCo Solutions,SMB,2025-09-15,Email,Communication with AnalyticsCo Solutions regarding billing.,32
CUST-0165,ComplianceHub Labs,SMB,2025-09-15,Product Feedback,Communication with ComplianceHub Labs regarding feedback request.,20
CUST-0016,APIGateway Inc,SMB,2025-09-14,Support Ticket,APIGateway Inc reported feature request. Sentiment: Satisfied.,32
CUST-0065,TechFlow Technologies,Commercial,2025-09-13,Email,Communication with TechFlow Technologies regarding usage tips.,34
CUST-0110,ContainerOps Solutions,SMB,2025-09-13,Call,Check-in call with ContainerOps Solutions. 54 minutes. Positive outcome.,27
CUST-0020,BackupCloud Group,Commercial,2025-09-12,Product Feedback,Communication with BackupCloud Group regarding billing.,22
CUST-0108,DevTools LLC,Enterprise,2025-09-12,Call,Check-in call with DevTools LLC. 30 minutes. Positive outcome.,41
CUST-0128,DevTools Technologies,Commercial,2025-09-12,Meeting,Feature demo with DevTools Technologies. 8 attendees. Discussed roadmap and usage.,11
CUST-0152,SecurityFirst Solutions,Commercial,2025-09-12,Support Ticket,SecurityFirst Solutions reported performance issue. Sentiment: Satisfied.,14
CUST-0096,BackupCloud Inc,Commercial,2025-09-11,Product Feedback,Communication with BackupCloud Inc regarding billing.,17
CUST-0158,DevOpsHub LLC,SMB,2025-09-11,Support Ticket,DevOpsHub LLC reported integration help. Sentiment: Frustrated.,47
CUST-0194,CacheMaster Group,SMB,2025-09-11,Call,Check-in call with CacheMaster Group. 22 minutes. Positive outcome.,28
CUST-0021,ContainerOps Corp,Enterprise,2025-09-10,Product Feedback,Communication with ContainerOps Corp regarding usage tips.,22
CUST-0049,TechFlow Inc,SMB,2025-09-10,Support Ticket,TechFlow Inc reported performance issue. Sentiment: Neutral.,20
CUST-0089,ScaleSystems Technologies,SMB,2025-09-10,Support Ticket,ScaleSystems Technologies reported feature request. Sentiment: Frustrated.,43
CUST-0096,BackupCloud Inc,Commercial,2025-09-10,Call,Check-in call with BackupCloud Inc. 52 minutes. Positive outcome.,17
CUST-0101,IntegrationHQ Systems,Commercial,2025-09-10,Call,Issue escalation call with IntegrationHQ Systems. 22 minutes. Needs follow-up outcome.,31
CUST-0104,LogStream Group,SMB,2025-09-10,Meeting,Feature demo with LogStream Group. 3 attendees. Discussed roadmap and usage.,14
CUST-0159,MetricsDash Technologies,Enterprise,2025-09-10,Product Feedback,Communication with MetricsDash Technologies regarding usage tips.,10
CUST-0177,ContainerOps Group,SMB,2025-09-10,Call,Feature question call with ContainerOps Group. 23 minutes. Positive outcome.,11
CUST-0038,InnovateLabs Corp,SMB,2025-09-09,Email,Communication with InnovateLabs Corp regarding usage tips.,18
CUST-0050,SecurityFirst Group,SMB,2025-09-09,Product Feedback,Communication with SecurityFirst Group regarding usage tips.,41
CUST-0060,ContainerOps LLC,Commercial,2025-09-09,Product Feedback,Communication with ContainerOps LLC regarding billing.,27
CUST-0089,ScaleSystems Technologies,SMB,2025-09-09,Call,Issue escalation call with ScaleSystems Technologies. 58 minutes. Needs follow-up outcome.,43
CUST-0175,MicroServe Corp,Commercial,2025-09-09,Call,Expansion discussion call with MicroServe Corp. 50 minutes. Positive outcome.,17
CUST-0134,WorkflowPro LLC,Enterprise,2025-09-08,Meeting,Feature demo with WorkflowPro LLC. 7 attendees. Discussed roadmap and usage.,11
CUST-0157,AIForge Inc,Enterprise,2025-09-08,Call,Issue escalation call with AIForge Inc. 28 minutes. Needs follow-up outcome.,48
CUST-0004,ScaleSystems LLC,Enterprise,2025-09-07,Call,Check-in call with ScaleSystems LLC. 39 minutes. Positive outcome.,13
CUST-0012,AuditPro Solutions,SMB,2025-09-07,Product Feedback,Communication with AuditPro Solutions regarding product updates.,24
CUST-0144,LogStream Technologies,Commercial,2025-09-07,Product Feedback,Communication with LogStream Technologies regarding billing.,29
CUST-0177,ContainerOps Group,SMB,2025-09-07,Meeting,Feature demo with ContainerOps Group. 7 attendees. Discussed roadmap and usage.,11
CUST-0049,TechFlow Inc,SMB,2025-09-06,Meeting,Training session with TechFlow Inc. 7 attendees. Discussed roadmap and usage.,20
CUST-0144,LogStream Technologies,Commercial,2025-09-06,Product Feedback,Communication with LogStream Technologies regarding usage tips.,29
CUST-0184,APIGateway Solutions,Enterprise,2025-09-06,Email,Communication with APIGateway Solutions regarding usage tips.,23
CUST-0022,SecurityFirst Systems,Enterprise,2025-09-05,Product Feedback,Communication with SecurityFirst Systems regarding billing.,13
CUST-0043,LoadBalance Technologies,SMB,2025-09-05,Product Feedback,Communication with LoadBalance Technologies regarding billing.,14
CUST-0073,DataBridge Systems,SMB,2025-09-05,Email,Communication with DataBridge Systems regarding product updates.,42
CUST-0134,WorkflowPro LLC,Enterprise,2025-09-05,Product Feedback,Communication with WorkflowPro LLC regarding billing.,11
CUST-0018,CloudScale Corp,SMB,2025-09-04,Call,Check-in call with CloudScale Corp. 47 minutes. Positive outcome.,41
CUST-0070,MicroServe Inc,Enterprise,2025-09-03,Email,Communication with MicroServe Inc regarding feedback request.,19
CUST-0075,CodeCraft LLC,Enterprise,2025-09-03,Meeting,Quarterly business review with CodeCraft LLC. 7 attendees. Discussed roadmap and usage.,44
CUST-0004,ScaleSystems LLC,Enterprise,2025-09-02,Call,Expansion discussion call with ScaleSystems LLC. 16 minutes. Positive outcome.,13
CUST-0069,WorkflowPro Technologies,Commercial,2025-09-02,Email,Communication with WorkflowPro Technologies regarding feedback request.,11
CUST-0127,MetricsDash Labs,Enterprise,2025-09-02,Meeting,Renewal discussion with MetricsDash Labs. 3 attendees. Discussed roadmap and usage.,38
CUST-0141,WorkflowPro Group,Commercial,2025-09-02,Product Feedback,Communication with WorkflowPro Group regarding usage tips.,22
CUST-0198,StreamPro Labs,Commercial,2025-09-01,Product Feedback,Communication with StreamPro Labs regarding usage tips.,13
CUST-0039,BackupCloud Solutions,Enterprise,2025-08-31,Email,Communication with BackupCloud Solutions regarding product updates.,14
CUST-0024,CloudScale Technologies,Commercial,2025-08-30,Meeting,Renewal discussion with CloudScale Technologies. 8 attendees. Discussed roadmap and usage.,18
CUST-0028,CacheMaster Inc,SMB,2025-08-30,Email,Communication with CacheMaster Inc regarding feedback request.,24
CUST-0028,CacheMaster Inc,SMB,2025-08-30,Meeting,Quarterly business review with CacheMaster Inc. 6 attendees. Discussed roadmap and usage.,24
CUST-0170,SecureNet Technologies,Enterprise,2025-08-30,Email,Communication with SecureNet Technologies regarding product updates.,12
CUST-0015,DataBridge Corp,Commercial,2025-08-29,Call,Issue escalation call with DataBridge Corp. 28 minutes. Needs follow-up outcome.,29
CUST-0047,WorkflowPro Labs,SMB,2025-08-29,Product Feedback,Communication with WorkflowPro Labs regarding product updates.,16
CUST-0107,AuditPro Labs,Enterprise,2025-08-27,Call,Expansion discussion call with AuditPro Labs. 33 minutes. Positive outcome.,15
CUST-0174,DevOpsHub Solutions,Commercial,2025-08-27,Meeting,Renewal discussion with DevOpsHub Solutions. 3 attendees. Discussed roadmap and usage.,22
CUST-0007,DisasterRecovery Solutions,SMB,2025-08-26,Email,Communication with DisasterRecovery Solutions regarding product updates.,41
CUST-0017,CloudVision LLC,Enterprise,2025-08-26,Product Feedback,Communication with CloudVision LLC regarding usage tips.,20
CUST-0072,AnalyticsCo Labs,SMB,2025-08-26,Support Ticket,AnalyticsCo Labs reported integration help. Sentiment: Satisfied.,46
CUST-0104,LogStream Group,SMB,2025-08-26,Product Feedback,Communication with LogStream Group regarding usage tips.,14
CUST-0115,SecurityFirst LLC,SMB,2025-08-26,Product Feedback,Communication with SecurityFirst LLC regarding feedback request.,18
CUST-0134,WorkflowPro LLC,Enterprise,2025-08-26,Support Ticket,WorkflowPro LLC reported integration help. Sentiment: Neutral.,11
CUST-0144,LogStream Technologies,Commercial,2025-08-26,Email,Communication with LogStream Technologies regarding billing.,29
CUST-0015,DataBridge Corp,Commercial,2025-08-25,Product Feedback,Communication with DataBridge Corp regarding product updates.,29
CUST-0094,LogStream Labs,Enterprise,2025-08-25,Meeting,Training session with LogStream Labs. 5 attendees. Discussed roadmap and usage.,39
CUST-0134,WorkflowPro LLC,Enterprise,2025-08-25,Support Ticket,WorkflowPro LLC reported integration help. Sentiment: Neutral.,11
CUST-0135,CloudScale Labs,SMB,2025-08-25,Meeting,Quarterly business review with CloudScale Labs. 5 attendees. Discussed roadmap and usage.,42
CUST-0140,ContainerOps Inc,Commercial,2025-08-25,Product Feedback,Communication with ContainerOps Inc regarding billing.,33
CUST-0141,WorkflowPro Group,Commercial,2025-08-25,Support Ticket,WorkflowPro Group reported integration help. Sentiment: Frustrated.,22
CUST-0118,AIForge Solutions,Commercial,2025-08-24,Call,Feature question call with AIForge Solutions. 49 minutes. Positive outcome.,20
CUST-0024,CloudScale Technologies,Commercial,2025-08-23,Email,Communication with CloudScale Technologies regarding product updates.,18
CUST-0153,QueueManager Technologies,SMB,2025-08-23,Meeting,Renewal discussion with QueueManager Technologies. 2 attendees. Discussed roadmap and usage.,44
CUST-0167,LoadBalance Corp,Enterprise,2025-08-23,Call,Check-in call with LoadBalance Corp. 32 minutes. Positive outcome.,17
CUST-0158,DevOpsHub LLC,SMB,2025-08-22,Call,Issue escalation call with DevOpsHub LLC. 58 minutes. Needs follow-up outcome.,47
CUST-0014,CodeCraft Group,Commercial,2025-08-21,Email,Communication with CodeCraft Group regarding product updates.,29
CUST-0057,DataSync Labs,Enterprise,2025-08-20,Product Feedback,Communication with DataSync Labs regarding billing.,18
CUST-0069,WorkflowPro Technologies,Commercial,2025-08-20,Call,Check-in call with WorkflowPro Technologies. 38 minutes. Positive outcome.,11
CUST-0018,CloudScale Corp,SMB,2025-08-19,Product Feedback,Communication with CloudScale Corp regarding product updates.,41
CUST-0153,QueueManager Technologies,SMB,2025-08-19,Support Ticket,QueueManager Technologies reported performance issue. Sentiment: Frustrated.,44
CUST-0138,DevOpsHub Group,SMB,2025-08-18,Product Feedback,Communication with DevOpsHub Group regarding product updates.,38
CUST-0134,WorkflowPro LLC,Enterprise,2025-08-17,Support Ticket,WorkflowPro LLC reported feature request. Sentiment: Satisfied.,11
CUST-0186,DataSync Corp,Enterprise,2025-08-17,Product Feedback,Communication with DataSync Corp regarding usage tips.,24
CUST-0124,BackupCloud Labs,SMB,2025-08-16,Meeting,Renewal discussion with BackupCloud Labs. 2 attendees. Discussed roadmap and usage.,19
CUST-0128,DevTools Technologies,Commercial,2025-08-16,Call,Feature question call with DevTools Technologies. 26 minutes. Positive outcome.,11
CUST-0166,InnovateLabs Solutions,Commercial,2025-08-16,Email,Communication with InnovateLabs Solutions regarding feedback request.,31
CUST-0078,CodeCraft Labs,Commercial,2025-08-15,Product Feedback,Communication with CodeCraft Labs regarding product updates.,16
CUST-0103,CacheMaster LLC,Commercial,2025-08-15,Email,Communication with CacheMaster LLC regarding product updates.,11
CUST-0104,LogStream Group,SMB,2025-08-15,Support Ticket,LogStream Group reported integration help. Sentiment: Neutral.,14
CUST-0051,CloudScale Systems,Enterprise,2025-08-14,Meeting,Training session with CloudScale Systems. 5 attendees. Discussed roadmap and usage.,46
CUST-0065,TechFlow Technologies,Commercial,2025-08-14,Meeting,Feature demo with TechFlow Technologies. 4 attendees. Discussed roadmap and usage.,34
CUST-0065,TechFlow Technologies,Commercial,2025-08-14,Support Ticket,TechFlow Technologies reported integration help. Sentiment: Neutral.,34
CUST-0070,MicroServe Inc,Enterprise,2025-08-14,Call,Expansion discussion call with MicroServe Inc. 21 minutes. Positive outcome.,19
CUST-0082,TechFlow Systems,SMB,2025-08-14,Meeting,Renewal discussion with TechFlow Systems. 4 attendees. Discussed roadmap and usage.,20
CUST-0165,ComplianceHub Labs,SMB,2025-08-14,Call,Check-in call with ComplianceHub Labs. 55 minutes. Positive outcome.,20
CUST-0194,CacheMaster Group,SMB,2025-08-14,Email,Communication with CacheMaster Group regarding billing.,28
CUST-0017,CloudVision LLC,Enterprise,2025-08-13,Meeting,Feature demo with CloudVision LLC. 7 attendees. Discussed roadmap and usage.,20
CUST-0061,MicroServe Technologies,Enterprise,2025-08-13,Meeting,Renewal discussion with MicroServe Technologies. 6 attendees. Discussed roadmap and usage.,31
CUST-0066,ContainerOps Systems,SMB,2025-08-13,Call,Check-in call with ContainerOps Systems. 55 minutes. Needs follow-up outcome.,31
CUST-0192,WorkflowPro Solutions,SMB,2025-08-13,Support Ticket,WorkflowPro Solutions reported bug report. Sentiment: Satisfied.,28
CUST-0049,TechFlow Inc,SMB,2025-08-12,Call,Feature question call with TechFlow Inc. 52 minutes. Needs follow-up outcome.,20
CUST-0024,CloudScale Technologies,Commercial,2025-08-11,Email,Communication with CloudScale Technologies regarding billing.,18
CUST-0058,CodeCraft Systems,Enterprise,2025-08-11,Call,Expansion discussion call with CodeCraft Systems. 38 minutes. Positive outcome.,35
CUST-0063,WorkflowPro Corp,Commercial,2025-08-10,Support Ticket,WorkflowPro Corp reported bug report. Sentiment: Satisfied.,21
CUST-0069,WorkflowPro Technologies,Commercial,2025-08-10,Support Ticket,WorkflowPro Technologies reported bug report. Sentiment: Satisfied.,11
CUST-0128,DevTools Technologies,Commercial,2025-08-10,Email,Communication with DevTools Technologies regarding feedback request.,11
CUST-0134,WorkflowPro LLC,Enterprise,2025-08-10,Email,Communication with WorkflowPro LLC regarding billing.,11
CUST-0073,DataBridge Systems,SMB,2025-08-09,Product Feedback,Communication with DataBridge Systems regarding billing.,42
CUST-0110,ContainerOps Solutions,SMB,2025-08-09,Call,Expansion discussion call with ContainerOps Solutions. 21 minutes. Positive outcome.,27
CUST-0120,QueueManager Group,SMB,2025-08-08,Support Ticket,QueueManager Group reported performance issue. Sentiment: Neutral.,21
CUST-0198,StreamPro Labs,Commercial,2025-08-08,Product Feedback,Communication with StreamPro Labs regarding billing.,13
CUST-0006,AuditPro LLC,Commercial,2025-08-07,Support Ticket,AuditPro LLC reported bug report. Sentiment: Satisfied.,37
CUST-0043,LoadBalance Technologies,SMB,2025-08-07,Product Feedback,Communication with LoadBalance Technologies regarding billing.,14
CUST-0082,TechFlow Systems,SMB,2025-08-07,Support Ticket,TechFlow Systems reported bug report. Sentiment: Frustrated.,20
CUST-0165,ComplianceHub Labs,SMB,2025-08-07,Email,Communication with ComplianceHub Labs regarding product updates.,20
CUST-0174,DevOpsHub Solutions,Commercial,2025-08-07,Call,Feature question call with DevOpsHub Solutions. 52 minutes. Positive outcome.,22
CUST-0192,WorkflowPro Solutions,SMB,2025-08-07,Email,Communication with WorkflowPro Solutions regarding product updates.,28
CUST-0122,DevOpsHub Corp,SMB,2025-08-06,Call,Feature question call with DevOpsHub Corp. 16 minutes. Positive outcome.,44
CUST-0198,StreamPro Labs,Commercial,2025-08-06,Email,Communication with StreamPro Labs regarding billing.,13
CUST-0103,CacheMaster LLC,Commercial,2025-08-05,Support Ticket,CacheMaster LLC reported integration help. Sentiment: Frustrated.,11
CUST-0020,BackupCloud Group,Commercial,2025-08-04,Call,Issue escalation call with BackupCloud Group. 26 minutes. Needs follow-up outcome.,22
CUST-0170,SecureNet Technologies,Enterprise,2025-08-04,Email,Communication with SecureNet Technologies regarding product updates.,12
CUST-0091,DisasterRecovery Technologies,SMB,2025-08-03,Product Feedback,Communication with DisasterRecovery Technologies regarding feedback request.,35
CUST-0127,MetricsDash Labs,Enterprise,2025-08-03,Call,Feature question call with MetricsDash Labs. 34 minutes. Positive outcome.,38
CUST-0150,MonitorPlus Inc,SMB,2025-08-03,Support Ticket,MonitorPlus Inc reported performance issue. Sentiment: Neutral.,38
CUST-0104,LogStream Group,SMB,2025-08-02,Email,Communication with LogStream Group regarding feedback request.,14
CUST-0130,QueueManager Systems,SMB,2025-08-02,Email,Communication with QueueManager Systems regarding billing.,43
CUST-0091,DisasterRecovery Technologies,SMB,2025-08-01,Meeting,Quarterly business review with DisasterRecovery Technologies. 3 attendees. Discussed roadmap and usage.,35
CUST-0092,ContainerOps Labs,SMB,2025-08-01,Product Feedback,Communication with ContainerOps Labs regarding usage tips.,16
CUST-0012,AuditPro Solutions,SMB,2025-07-31,Support Ticket,AuditPro Solutions reported bug report. Sentiment: Frustrated.,24
CUST-0195,ScaleSystems Group,SMB,2025-07-31,Meeting,Renewal discussion with ScaleSystems Group. 4 attendees. Discussed roadmap and usage.,21
CUST-0039,BackupCloud Solutions,Enterprise,2025-07-30,Email,Communication with BackupCloud Solutions regarding usage tips.,14
CUST-0071,MicroServe Solutions,Enterprise,2025-07-30,Meeting,Renewal discussion with MicroServe Solutions. 5 attendees. Discussed roadmap and usage.,46
CUST-0085,AuditPro Inc,Commercial,2025-07-30,Call,Check-in call with AuditPro Inc. 30 minutes. Needs follow-up outcome.,40
CUST-0165,ComplianceHub Labs,SMB,2025-07-30,Meeting,Renewal discussion with ComplianceHub Labs. 5 attendees. Discussed roadmap and usage.,20
CUST-0170,SecureNet Technologies,Enterprise,2025-07-30,Product Feedback,Communication with SecureNet Technologies regarding usage tips.,12
CUST-0013,InnovateLabs LLC,SMB,2025-07-29,Call,Issue escalation call with InnovateLabs LLC. 40 minutes. Needs follow-up outcome.,26
CUST-0039,BackupCloud Solutions,Enterprise,2025-07-29,Product Feedback,Communication with BackupCloud Solutions regarding billing.,14
CUST-0043,LoadBalance Technologies,SMB,2025-07-29,Call,Expansion discussion call with LoadBalance Technologies. 38 minutes. Positive outcome.,14
CUST-0147,DisasterRecovery Systems,Enterprise,2025-07-29,Product Feedback,Communication with DisasterRecovery Systems regarding usage tips.,28
CUST-0104,LogStream Group,SMB,2025-07-28,Call,Expansion discussion call with LogStream Group. 25 minutes. Positive outcome.,14
CUST-0157,AIForge Inc,Enterprise,2025-07-28,Support Ticket,AIForge Inc reported bug report. Sentiment: Frustrated.,48
CUST-0092,ContainerOps Labs,SMB,2025-07-27,Product Feedback,Communication with ContainerOps Labs regarding usage tips.,16
CUST-0092,ContainerOps Labs,SMB,2025-07-27,Email,Communication with ContainerOps Labs regarding feedback request.,16
CUST-0160,MetricsDash Group,SMB,2025-07-27,Email,Communication with MetricsDash Group regarding usage tips.,16
CUST-0176,MetricsDash Inc,SMB,2025-07-27,Product Feedback,Communication with MetricsDash Inc regarding billing.,18
CUST-0015,DataBridge Corp,Commercial,2025-07-26,Email,Communication with DataBridge Corp regarding feedback request.,29
CUST-0018,CloudScale Corp,SMB,2025-07-26,Email,Communication with CloudScale Corp regarding feedback request.,41
CUST-0011,CloudScale Group,SMB,2025-07-25,Email,Communication with CloudScale Group regarding billing.,41
CUST-0109,MonitorPlus Labs,SMB,2025-07-25,Email,Communication with MonitorPlus Labs regarding usage tips.,35
CUST-0198,StreamPro Labs,Commercial,2025-07-25,Email,Communication with StreamPro Labs regarding feedback request.,13
CUST-0082,TechFlow Systems,SMB,2025-07-24,Call,Issue escalation call with TechFlow Systems. 21 minutes. Needs follow-up outcome.,20
CUST-0087,MonitorPlus Solutions,SMB,2025-07-23,Call,Issue escalation call with MonitorPlus Solutions. 33 minutes. Needs follow-up outcome.,30
CUST-0108,DevTools LLC,Enterprise,2025-07-23,Product Feedback,Communication with DevTools LLC regarding product updates.,41
CUST-0143,LoadBalance Labs,Commercial,2025-07-23,Meeting,Quarterly business review with LoadBalance Labs. 2 attendees. Discussed roadmap and usage.,27
CUST-0043,LoadBalance Technologies,SMB,2025-07-21,Email,Communication with LoadBalance Technologies regarding usage tips.,14
CUST-0067,CacheMaster Solutions,SMB,2025-07-21,Email,Communication with CacheMaster Solutions regarding usage tips.,25
CUST-0078,CodeCraft Labs,Commercial,2025-07-21,Product Feedback,Communication with CodeCraft Labs regarding billing.,16
CUST-0140,ContainerOps Inc,Commercial,2025-07-21,Email,Communication with ContainerOps Inc regarding feedback request.,33
CUST-0141,WorkflowPro Group,Commercial,2025-07-21,Meeting,Quarterly business review with WorkflowPro Group. 7 attendees. Discussed roadmap and usage.,22
CUST-0147,DisasterRecovery Systems,Enterprise,2025-07-21,Call,Issue escalation call with DisasterRecovery Systems. 58 minutes. Needs follow-up outcome.,28
CUST-0179,CodeCraft Corp,Commercial,2025-07-20,Meeting,Renewal discussion with CodeCraft Corp. 7 attendees. Discussed roadmap and usage.,42
CUST-0194,CacheMaster Group,SMB,2025-07-20,Email,Communication with CacheMaster Group regarding billing.,28
CUST-0070,MicroServe Inc,Enterprise,2025-07-19,Product Feedback,Communication with MicroServe Inc regarding billing.,19
CUST-0160,MetricsDash Group,SMB,2025-07-19,Product Feedback,Communication with MetricsDash Group regarding product updates.,16
CUST-0124,BackupCloud Labs,SMB,2025-07-18,Product Feedback,Communication with BackupCloud Labs regarding feedback request.,19
CUST-0165,ComplianceHub Labs,SMB,2025-07-18,Product Feedback,Communication with ComplianceHub Labs regarding feedback request.,20
CUST-0175,MicroServe Corp,Commercial,2025-07-18,Product Feedback,Communication with MicroServe Corp regarding usage tips.,17
CUST-0013,InnovateLabs LLC,SMB,2025-07-17,Support Ticket,InnovateLabs LLC reported performance issue. Sentiment: Frustrated.,26
CUST-0018,CloudScale Corp,SMB,2025-07-17,Meeting,Feature demo with CloudScale Corp. 8 attendees. Discussed roadmap and usage.,41
CUST-0041,APIGateway Technologies,Commercial,2025-07-17,Product Feedback,Communication with APIGateway Technologies regarding usage tips.,25
CUST-0092,ContainerOps Labs,SMB,2025-07-17,Support Ticket,ContainerOps Labs reported bug report. Sentiment: Neutral.,16
CUST-0094,LogStream Labs,Enterprise,2025-07-17,Call,Feature question call with LogStream Labs. 60 minutes. Positive outcome.,39
CUST-0110,ContainerOps Solutions,SMB,2025-07-17,Support Ticket,ContainerOps Solutions reported bug report. Sentiment: Neutral.,27
CUST-0038,InnovateLabs Corp,SMB,2025-07-16,Call,Feature question call with InnovateLabs Corp. 54 minutes. Positive outcome.,18
CUST-0078,CodeCraft Labs,Commercial,2025-07-16,Email,Communication with CodeCraft Labs regarding feedback request.,16
CUST-0124,BackupCloud Labs,SMB,2025-07-16,Email,Communication with BackupCloud Labs regarding product updates.,19
CUST-0194,CacheMaster Group,SMB,2025-07-16,Meeting,Feature demo with CacheMaster Group. 3 attendees. Discussed roadmap and usage.,28
CUST-0024,CloudScale Technologies,Commercial,2025-07-15,Call,Expansion discussion call with CloudScale Technologies. 58 minutes. Positive outcome.,18
CUST-0035,DataSync Inc,Commercial,2025-07-15,Email,Communication with DataSync Inc regarding feedback request.,27
CUST-0170,SecureNet Technologies,Enterprise,2025-07-15,Call,Expansion discussion call with SecureNet Technologies. 26 minutes. Positive outcome.,12
CUST-0135,CloudScale Labs,SMB,2025-07-13,Support Ticket,CloudScale Labs reported bug report. Sentiment: Satisfied.,42
CUST-0146,ScaleSystems Corp,Commercial,2025-07-13,Support Ticket,ScaleSystems Corp reported bug report. Sentiment: Satisfied.,48
CUST-0169,CodeCraft Technologies,Commercial,2025-07-13,Call,Feature question call with CodeCraft Technologies. 24 minutes. Positive outcome.,36
CUST-0070,MicroServe Inc,Enterprise,2025-07-12,Product Feedback,Communication with MicroServe Inc regarding billing.,19
CUST-0083,DisasterRecovery Labs,Enterprise,2025-07-12,Meeting,Renewal discussion with DisasterRecovery Labs. 7 attendees. Discussed roadmap and usage.,44
CUST-0086,StreamPro LLC,SMB,2025-07-12,Call,Check-in call with StreamPro LLC. 52 minutes. Positive outcome.,35
CUST-0024,CloudScale Technologies,Commercial,2025-07-11,Meeting,Feature demo with CloudScale Technologies. 4 attendees. Discussed roadmap and usage.,18
CUST-0029,BackupCloud Technologies,SMB,2025-07-11,Support Ticket,BackupCloud Technologies reported integration help. Sentiment: Neutral.,25
CUST-0049,TechFlow Inc,SMB,2025-07-11,Email,Communication with TechFlow Inc regarding billing.,20
CUST-0053,TechFlow LLC,Commercial,2025-07-11,Product Feedback,Communication with TechFlow LLC regarding product updates.,28
CUST-0166,InnovateLabs Solutions,Commercial,2025-07-11,Call,Issue escalation call with InnovateLabs Solutions. 19 minutes. Needs follow-up outcome.,31
CUST-0002,DataBridge Solutions,Commercial,2025-07-10,Product Feedback,Communication with DataBridge Solutions regarding usage tips.,44
CUST-0039,BackupCloud Solutions,Enterprise,2025-07-10,Email,Communication with BackupCloud Solutions regarding usage tips.,14
CUST-0041,APIGateway Technologies,Commercial,2025-07-10,Support Ticket,APIGateway Technologies reported integration help. Sentiment: Neutral.,25
CUST-0047,WorkflowPro Labs,SMB,2025-07-10,Call,Issue escalation call with WorkflowPro Labs. 32 minutes. Needs follow-up outcome.,16
CUST-0093,IntegrationHQ Labs,Commercial,2025-07-10,Product Feedback,Communication with IntegrationHQ Labs regarding usage tips.,17
CUST-0146,ScaleSystems Corp,Commercial,2025-07-10,Support Ticket,ScaleSystems Corp reported feature request. Sentiment: Satisfied.,48
CUST-0012,AuditPro Solutions,SMB,2025-07-09,Call,Issue escalation call with AuditPro Solutions. 48 minutes. Needs follow-up outcome.,24
CUST-0015,DataBridge Corp,Commercial,2025-07-09,Support Ticket,DataBridge Corp reported bug report. Sentiment: Frustrated.,29
CUST-0092,ContainerOps Labs,SMB,2025-07-09,Product Feedback,Communication with ContainerOps Labs regarding usage tips.,16
CUST-0092,ContainerOps Labs,SMB,2025-07-09,Email,Communication with ContainerOps Labs regarding usage tips.,16
CUST-0107,AuditPro Labs,Enterprise,2025-07-09,Support Ticket,AuditPro Labs reported performance issue. Sentiment: Neutral.,15
CUST-0111,CloudVision Corp,Commercial,2025-07-09,Email,Communication with CloudVision Corp regarding usage tips.,33
CUST-0196,AuditPro Corp,SMB,2025-07-09,Meeting,Training session with AuditPro Corp. 5 attendees. Discussed roadmap and usage.,30
CUST-0115,SecurityFirst LLC,SMB,2025-07-08,Call,Issue escalation call with SecurityFirst LLC. 53 minutes. Needs follow-up outcome.,18
CUST-0144,LogStream Technologies,Commercial,2025-07-07,Call,Issue escalation call with LogStream Technologies. 27 minutes. Needs follow-up outcome.,29
CUST-0024,CloudScale Technologies,Commercial,2025-07-06,Email,Communication with CloudScale Technologies regarding usage tips.,18
CUST-0031,MonitorPlus Technologies,Commercial,2025-07-06,Product Feedback,Communication with MonitorPlus Technologies regarding feedback request.,45
CUST-0041,APIGateway Technologies,Commercial,2025-07-06,Call,Expansion discussion call with APIGateway Technologies. 26 minutes. Positive outcome.,25
CUST-0145,DataSync Group,Enterprise,2025-07-06,Product Feedback,Communication with DataSync Group regarding product updates.,32
CUST-0165,ComplianceHub Labs,SMB,2025-07-06,Meeting,Training session with ComplianceHub Labs. 8 attendees. Discussed roadmap and usage.,20
CUST-0166,InnovateLabs Solutions,Commercial,2025-07-06,Email,Communication with InnovateLabs Solutions regarding feedback request.,31
CUST-0170,SecureNet Technologies,Enterprise,2025-07-06,Call,Expansion discussion call with SecureNet Technologies. 48 minutes. Positive outcome.,12
CUST-0194,CacheMaster Group,SMB,2025-07-06,Product Feedback,Communication with CacheMaster Group regarding billing.,28
CUST-0198,StreamPro Labs,Commercial,2025-07-06,Email,Communication with StreamPro Labs regarding usage tips.,13
CUST-0022,SecurityFirst Systems,Enterprise,2025-07-05,Support Ticket,SecurityFirst Systems reported performance issue. Sentiment: Neutral.,13
CUST-0057,DataSync Labs,Enterprise,2025-07-05,Email,Communication with DataSync Labs regarding product updates.,18
CUST-0067,CacheMaster Solutions,SMB,2025-07-05,Support Ticket,CacheMaster Solutions reported bug report. Sentiment: Frustrated.,25
CUST-0101,IntegrationHQ Systems,Commercial,2025-07-05,Meeting,Renewal discussion with IntegrationHQ Systems. 7 attendees. Discussed roadmap and usage.,31
CUST-0141,WorkflowPro Group,Commercial,2025-07-05,Call,Issue escalation call with WorkflowPro Group. 56 minutes. Needs follow-up outcome.,22
CUST-0147,DisasterRecovery Systems,Enterprise,2025-07-05,Email,Communication with DisasterRecovery Systems regarding product updates.,28
CUST-0036,QueueManager Labs,Commercial,2025-07-04,Support Ticket,QueueManager Labs reported integration help. Sentiment: Frustrated.,25
CUST-0135,CloudScale Labs,SMB,2025-07-04,Support Ticket,CloudScale Labs reported bug report. Sentiment: Satisfied.,42
CUST-0138,DevOpsHub Group,SMB,2025-07-04,Support Ticket,DevOpsHub Group reported feature request. Sentiment: Satisfied.,38
CUST-0012,AuditPro Solutions,SMB,2025-07-02,Call,Issue escalation call with AuditPro Solutions. 17 minutes. Needs follow-up outcome.,24
CUST-0026,LoadBalance Group,SMB,2025-07-02,Email,Communication with LoadBalance Group regarding feedback request.,38
CUST-0078,CodeCraft Labs,Commercial,2025-07-02,Support Ticket,CodeCraft Labs reported integration help. Sentiment: Frustrated.,16
CUST-0102,DevOpsHub Systems,SMB,2025-07-02,Call,Issue escalation call with DevOpsHub Systems. 47 minutes. Needs follow-up outcome.,38
CUST-0154,APIGateway Systems,Commercial,2025-07-02,Email,Communication with APIGateway Systems regarding billing.,19
CUST-0196,AuditPro Corp,SMB,2025-07-02,Email,Communication with AuditPro Corp regarding billing.,30
CUST-0046,DisasterRecovery Group,SMB,2025-06-30,Meeting,Renewal discussion with DisasterRecovery Group. 2 attendees. Discussed roadmap and usage.,36
CUST-0145,DataSync Group,Enterprise,2025-06-30,Product Feedback,Communication with DataSync Group regarding usage tips.,32
CUST-0192,WorkflowPro Solutions,SMB,2025-06-30,Meeting,Quarterly business review with WorkflowPro Solutions. 7 attendees. Discussed roadmap and usage.,28
CUST-0073,DataBridge Systems,SMB,2025-06-29,Email,Communication with DataBridge Systems regarding usage tips.,42
CUST-0147,DisasterRecovery Systems,Enterprise,2025-06-29,Call,Issue escalation call with DisasterRecovery Systems. 44 minutes. Needs follow-up outcome.,28
CUST-0029,BackupCloud Technologies,SMB,2025-06-28,Call,Feature question call with BackupCloud Technologies. 39 minutes. Positive outcome.,25
CUST-0118,AIForge Solutions,Commercial,2025-06-28,Meeting,Quarterly business review with AIForge Solutions. 2 attendees. Discussed roadmap and usage.,20
CUST-0038,InnovateLabs Corp,SMB,2025-06-27,Support Ticket,InnovateLabs Corp reported feature request. Sentiment: Neutral.,18
CUST-0088,ComplianceHub Corp,Enterprise,2025-06-27,Product Feedback,Communication with ComplianceHub Corp regarding product updates.,20
CUST-0180,APIGateway LLC,Commercial,2025-06-27,Support Ticket,APIGateway LLC reported performance issue. Sentiment: Frustrated.,47
CUST-0059,CloudScale Solutions,SMB,2025-06-26,Support Ticket,CloudScale Solutions reported integration help. Sentiment: Satisfied.,37
CUST-0093,IntegrationHQ Labs,Commercial,2025-06-26,Call,Issue escalation call with IntegrationHQ Labs. 47 minutes. Needs follow-up outcome.,17
CUST-0024,CloudScale Technologies,Commercial,2025-06-25,Email,Communication with CloudScale Technologies regarding product updates.,18
CUST-0092,ContainerOps Labs,SMB,2025-06-25,Meeting,Training session with ContainerOps Labs. 7 attendees. Discussed roadmap and usage.,16
CUST-0105,CodeCraft Inc,SMB,2025-06-25,Email,Communication with CodeCraft Inc regarding feedback request.,37
CUST-0115,SecurityFirst LLC,SMB,2025-06-25,Product Feedback,Communication with SecurityFirst LLC regarding product updates.,18
CUST-0154,APIGateway Systems,Commercial,2025-06-25,Meeting,Feature demo with APIGateway Systems. 4 attendees. Discussed roadmap and usage.,19
CUST-0163,DataBridge Inc,SMB,2025-06-25,Support Ticket,DataBridge Inc reported performance issue. Sentiment: Neutral.,27
CUST-0022,SecurityFirst Systems,Enterprise,2025-06-24,Call,Check-in call with SecurityFirst Systems. 42 minutes. Positive outcome.,13
CUST-0160,MetricsDash Group,SMB,2025-06-24,Meeting,Quarterly business review with MetricsDash Group. 7 attendees. Discussed roadmap and usage.,16
CUST-0126,LogStream Systems,Commercial,2025-06-23,Meeting,Quarterly business review with LogStream Systems. 7 attendees. Discussed roadmap and usage.,47
CUST-0145,DataSync Group,Enterprise,2025-06-23,Product Feedback,Communication with DataSync Group regarding product updates.,32
CUST-0192,WorkflowPro Solutions,SMB,2025-06-23,Email,Communication with WorkflowPro Solutions regarding usage tips.,28
CUST-0009,CacheMaster Labs,Commercial,2025-06-22,Product Feedback,Communication with CacheMaster Labs regarding feedback request.,39
CUST-0011,CloudScale Group,SMB,2025-06-22,Call,Feature question call with CloudScale Group. 21 minutes. Positive outcome.,41
CUST-0167,LoadBalance Corp,Enterprise,2025-06-22,Product Feedback,Communication with LoadBalance Corp regarding usage tips.,17
CUST-0070,MicroServe Inc,Enterprise,2025-06-21,Email,Communication with MicroServe Inc regarding feedback request.,19
CUST-0124,BackupCloud Labs,SMB,2025-06-21,Support Ticket,BackupCloud Labs reported bug report. Sentiment: Neutral.,19
CUST-0140,ContainerOps Inc,Commercial,2025-06-21,Call,Issue escalation call with ContainerOps Inc. 33 minutes. Needs follow-up outcome.,33
CUST-0152,SecurityFirst Solutions,Commercial,2025-06-21,Email,Communication with SecurityFirst Solutions regarding product updates.,14
CUST-0157,AIForge Inc,Enterprise,2025-06-21,Meeting,Training session with AIForge Inc. 6 attendees. Discussed roadmap and usage.,48
CUST-0165,ComplianceHub Labs,SMB,2025-06-21,Support Ticket,ComplianceHub Labs reported integration help. Sentiment: Satisfied.,20
CUST-0011,CloudScale Group,SMB,2025-06-20,Support Ticket,CloudScale Group reported integration help. Sentiment: Satisfied.,41
CUST-0086,StreamPro LLC,SMB,2025-06-20,Meeting,Renewal discussion with StreamPro LLC. 2 attendees. Discussed roadmap and usage.,35
CUST-0165,ComplianceHub Labs,SMB,2025-06-20,Email,Communication with ComplianceHub Labs regarding feedback request.,20
CUST-0193,LoadBalance LLC,Commercial,2025-06-20,Support Ticket,LoadBalance LLC reported bug report. Sentiment: Satisfied.,47
CUST-0087,MonitorPlus Solutions,SMB,2025-06-19,Meeting,Renewal discussion with MonitorPlus Solutions. 4 attendees. Discussed roadmap and usage.,30
CUST-0154,APIGateway Systems,Commercial,2025-06-19,Product Feedback,Communication with APIGateway Systems regarding feedback request.,19
CUST-0014,CodeCraft Group,Commercial,2025-06-18,Call,Expansion discussion call with CodeCraft Group. 31 minutes. Positive outcome.,29
CUST-0032,SecureNet LLC,SMB,2025-06-18,Support Ticket,SecureNet LLC reported performance issue. Sentiment: Satisfied.,27
CUST-0175,MicroServe Corp,Commercial,2025-06-18,Call,Expansion discussion call with MicroServe Corp. 33 minutes. Positive outcome.,17
CUST-0193,LoadBalance LLC,Commercial,2025-06-18,Call,Check-in call with LoadBalance LLC. 47 minutes. Positive outcome.,47
CUST-0195,ScaleSystems Group,SMB,2025-06-18,Support Ticket,ScaleSystems Group reported performance issue. Sentiment: Neutral.,21
CUST-0066,ContainerOps Systems,SMB,2025-06-17,Email,Communication with ContainerOps Systems regarding feedback request.,31
CUST-0088,ComplianceHub Corp,Enterprise,2025-06-17,Product Feedback,Communication with ComplianceHub Corp regarding billing.,20
CUST-0154,APIGateway Systems,Commercial,2025-06-17,Email,Communication with APIGateway Systems regarding product updates.,19
CUST-0198,StreamPro Labs,Commercial,2025-06-17,Meeting,Feature demo with StreamPro Labs. 7 attendees. Discussed roadmap and usage.,13
CUST-0005,IntegrationHQ Solutions,Commercial,2025-06-16,Call,Issue escalation call with IntegrationHQ Solutions. 39 minutes. Needs follow-up outcome.,21
CUST-0020,BackupCloud Group,Commercial,2025-06-16,Product Feedback,Communication with BackupCloud Group regarding feedback request.,22
CUST-0152,SecurityFirst Solutions,Commercial,2025-06-16,Meeting,Renewal discussion with SecurityFirst Solutions. 6 attendees. Discussed roadmap and usage.,14
CUST-0176,MetricsDash Inc,SMB,2025-06-16,Product Feedback,Communication with MetricsDash Inc regarding feedback request.,18
CUST-0094,LogStream Labs,Enterprise,2025-06-15,Product Feedback,Communication with LogStream Labs regarding product updates.,39
CUST-0143,LoadBalance Labs,Commercial,2025-06-15,Email,Communication with LoadBalance Labs regarding usage tips.,27
CUST-0199,BackupCloud LLC,Commercial,2025-06-15,Support Ticket,BackupCloud LLC reported feature request. Sentiment: Frustrated.,36
CUST-0037,WorkflowPro Inc,Commercial,2025-06-14,Email,Communication with WorkflowPro Inc regarding usage tips.,30
CUST-0176,MetricsDash Inc,SMB,2025-06-14,Meeting,Quarterly business review with MetricsDash Inc. 4 attendees. Discussed roadmap and usage.,18
CUST-0188,LoadBalance Solutions,SMB,2025-06-14,Email,Communication with LoadBalance Solutions regarding product updates.,26
CUST-0020,BackupCloud Group,Commercial,2025-06-13,Product Feedback,Communication with BackupCloud Group regarding usage tips.,22
CUST-0100,DisasterRecovery Inc,SMB,2025-06-13,Meeting,Renewal discussion with DisasterRecovery Inc. 7 attendees. Discussed roadmap and usage.,39
CUST-0167,LoadBalance Corp,Enterprise,2025-06-13,Support Ticket,LoadBalance Corp reported performance issue. Sentiment: Neutral.,17
CUST-0059,CloudScale Solutions,SMB,2025-06-11,Email,Communication with CloudScale Solutions regarding usage tips.,37
CUST-0061,MicroServe Technologies,Enterprise,2025-06-11,Product Feedback,Communication with MicroServe Technologies regarding product updates.,31
CUST-0020,BackupCloud Group,Commercial,2025-06-10,Meeting,Feature demo with BackupCloud Group. 5 attendees. Discussed roadmap and usage.,22
CUST-0048,MetricsDash Solutions,SMB,2025-06-10,Email,Communication with MetricsDash Solutions regarding billing.,21
CUST-0135,CloudScale Labs,SMB,2025-06-10,Support Ticket,CloudScale Labs reported bug report. Sentiment: Satisfied.,42
CUST-0194,CacheMaster Group,SMB,2025-06-10,Support Ticket,CacheMaster Group reported performance issue. Sentiment: Satisfied.,28
CUST-0022,SecurityFirst Systems,Enterprise,2025-06-09,Support Ticket,SecurityFirst Systems reported performance issue. Sentiment: Neutral.,13
CUST-0049,TechFlow Inc,SMB,2025-06-09,Email,Communication with TechFlow Inc regarding feedback request.,20
CUST-0068,ScaleSystems Solutions,Commercial,2025-06-09,Meeting,Feature demo with ScaleSystems Solutions. 3 attendees. Discussed roadmap and usage.,25
CUST-0153,QueueManager Technologies,SMB,2025-06-09,Product Feedback,Communication with QueueManager Technologies regarding usage tips.,44
CUST-0101,IntegrationHQ Systems,Commercial,2025-06-08,Email,Communication with IntegrationHQ Systems regarding billing.,31
CUST-0136,DisasterRecovery LLC,Commercial,2025-06-08,Product Feedback,Communication with DisasterRecovery LLC regarding billing.,22
CUST-0109,MonitorPlus Labs,SMB,2025-06-07,Meeting,Training session with MonitorPlus Labs. 2 attendees. Discussed roadmap and usage.,35
CUST-0065,TechFlow Technologies,Commercial,2025-06-06,Support Ticket,TechFlow Technologies reported integration help. Sentiment: Neutral.,34
CUST-0141,WorkflowPro Group,Commercial,2025-06-06,Email,Communication with WorkflowPro Group regarding feedback request.,22
CUST-0110,ContainerOps Solutions,SMB,2025-06-05,Meeting,Quarterly business review with ContainerOps Solutions. 5 attendees. Discussed roadmap and usage.,27
CUST-0046,DisasterRecovery Group,SMB,2025-06-04,Product Feedback,Communication with DisasterRecovery Group regarding usage tips.,36
CUST-0156,CloudVision Technologies,Commercial,2025-06-03,Meeting,Feature demo with CloudVision Technologies. 4 attendees. Discussed roadmap and usage.,39
CUST-0017,CloudVision LLC,Enterprise,2025-06-02,Call,Feature question call with CloudVision LLC. 28 minutes. Positive outcome.,20
CUST-0031,MonitorPlus Technologies,Commercial,2025-06-02,Email,Communication with MonitorPlus Technologies regarding usage tips.,45
CUST-0042,DataSync Technologies,SMB,2025-05-31,Product Feedback,Communication with DataSync Technologies regarding billing.,37
CUST-0105,CodeCraft Inc,SMB,2025-05-30,Email,Communication with CodeCraft Inc regarding feedback request.,37
CUST-0012,AuditPro Solutions,SMB,2025-05-29,Call,Issue escalation call with AuditPro Solutions. 31 minutes. Needs follow-up outcome.,24
CUST-0110,ContainerOps Solutions,SMB,2025-05-29,Call,Check-in call with ContainerOps Solutions. 48 minutes. Positive outcome.,27
CUST-0176,MetricsDash Inc,SMB,2025-05-29,Email,Communication with MetricsDash Inc regarding usage tips.,18
CUST-0169,CodeCraft Technologies,Commercial,2025-05-28,Call,Check-in call with CodeCraft Technologies. 31 minutes. Positive outcome.,36
CUST-0032,SecureNet LLC,SMB,2025-05-27,Meeting,Feature demo with SecureNet LLC. 6 attendees. Discussed roadmap and usage.,27
CUST-0052,DevOpsHub Inc,SMB,2025-05-27,Email,Communication with DevOpsHub Inc regarding product updates.,34
CUST-0082,TechFlow Systems,SMB,2025-05-27,Call,Issue escalation call with TechFlow Systems. 45 minutes. Needs follow-up outcome.,20
CUST-0184,APIGateway Solutions,Enterprise,2025-05-27,Email,Communication with APIGateway Solutions regarding billing.,23
CUST-0131,ComplianceHub Technologies,SMB,2025-05-26,Call,Issue escalation call with ComplianceHub Technologies. 47 minutes. Needs follow-up outcome.,45
CUST-0032,SecureNet LLC,SMB,2025-05-25,Email,Communication with SecureNet LLC regarding billing.,27
CUST-0059,CloudScale Solutions,SMB,2025-05-25,Call,Check-in call with CloudScale Solutions. 58 minutes. Positive outcome.,37
CUST-0135,CloudScale Labs,SMB,2025-05-25,Meeting,Quarterly business review with CloudScale Labs. 2 attendees. Discussed roadmap and usage.,42
CUST-0179,CodeCraft Corp,Commercial,2025-05-25,Call,Issue escalation call with CodeCraft Corp. 15 minutes. Needs follow-up outcome.,42
CUST-0192,WorkflowPro Solutions,SMB,2025-05-25,Product Feedback,Communication with WorkflowPro Solutions regarding feedback request.,28
CUST-0032,SecureNet LLC,SMB,2025-05-24,Meeting,Quarterly business review with SecureNet LLC. 2 attendees. Discussed roadmap and usage.,27
CUST-0053,TechFlow LLC,Commercial,2025-05-24,Meeting,Feature demo with TechFlow LLC. 8 attendees. Discussed roadmap and usage.,28
CUST-0178,MonitorPlus Systems,Enterprise,2025-05-24,Product Feedback,Communication with MonitorPlus Systems regarding feedback request.,45
CUST-0195,ScaleSystems Group,SMB,2025-05-24,Email,Communication with ScaleSystems Group regarding product updates.,21
CUST-0122,DevOpsHub Corp,SMB,2025-05-23,Call,Expansion discussion call with DevOpsHub Corp. 32 minutes. Positive outcome.,44
CUST-0012,AuditPro Solutions,SMB,2025-05-22,Support Ticket,AuditPro Solutions reported integration help. Sentiment: Frustrated.,24
CUST-0043,LoadBalance Technologies,SMB,2025-05-22,Call,Check-in call with LoadBalance Technologies. 22 minutes. Positive outcome.,14
CUST-0138,DevOpsHub Group,SMB,2025-05-22,Support Ticket,DevOpsHub Group reported performance issue. Sentiment: Satisfied.,38
CUST-0053,TechFlow LLC,Commercial,2025-05-21,Email,Communication with TechFlow LLC regarding billing.,28
CUST-0070,MicroServe Inc,Enterprise,2025-05-21,Email,Communication with MicroServe Inc regarding usage tips.,19
CUST-0098,StreamPro Systems,SMB,2025-05-21,Meeting,Renewal discussion with StreamPro Systems. 4 attendees. Discussed roadmap and usage.,43
CUST-0039,BackupCloud Solutions,Enterprise,2025-05-20,Call,Expansion discussion call with BackupCloud Solutions. 27 minutes. Positive outcome.,14
CUST-0116,LogStream Corp,SMB,2025-05-20,Support Ticket,LogStream Corp reported integration help. Sentiment: Frustrated.,46
CUST-0147,DisasterRecovery Systems,Enterprise,2025-05-20,Email,Communication with DisasterRecovery Systems regarding product updates.,28
CUST-0148,APIGateway Group,SMB,2025-05-20,Call,Check-in call with APIGateway Group. 47 minutes. Positive outcome.,33
CUST-0038,InnovateLabs Corp,SMB,2025-05-19,Support Ticket,InnovateLabs Corp reported feature request. Sentiment: Neutral.,18
CUST-0038,InnovateLabs Corp,SMB,2025-05-19,Call,Expansion discussion call with InnovateLabs Corp. 34 minutes. Positive outcome.,18
CUST-0048,MetricsDash Solutions,SMB,2025-05-19,Product Feedback,Communication with MetricsDash Solutions regarding usage tips.,21
CUST-0101,IntegrationHQ Systems,Commercial,2025-05-19,Support Ticket,IntegrationHQ Systems reported integration help. Sentiment: Frustrated.,31
CUST-0108,DevTools LLC,Enterprise,2025-05-19,Call,Check-in call with DevTools LLC. 41 minutes. Positive outcome.,41
CUST-0037,WorkflowPro Inc,Commercial,2025-05-18,Meeting,Quarterly business review with WorkflowPro Inc. 5 attendees. Discussed roadmap and usage.,30
CUST-0147,DisasterRecovery Systems,Enterprise,2025-05-18,Product Feedback,Communication with DisasterRecovery Systems regarding billing.,28
CUST-0181,CloudVision Inc,SMB,2025-05-18,Meeting,Training session with CloudVision Inc. 4 attendees. Discussed roadmap and usage.,25
CUST-0010,AnalyticsCo Inc,Commercial,2025-05-16,Meeting,Training session with AnalyticsCo Inc. 7 attendees. Discussed roadmap and usage.,22
CUST-0097,QueueManager Corp,SMB,2025-05-16,Call,Issue escalation call with QueueManager Corp. 60 minutes. Needs follow-up outcome.,14
CUST-0154,APIGateway Systems,Commercial,2025-05-16,Email,Communication with APIGateway Systems regarding feedback request.,19
CUST-0161,AnalyticsCo Solutions,SMB,2025-05-16,Email,Communication with AnalyticsCo Solutions regarding product updates.,32
CUST-0006,AuditPro LLC,Commercial,2025-05-15,Product Feedback,Communication with AuditPro LLC regarding feedback request.,37
CUST-0072,AnalyticsCo Labs,SMB,2025-05-15,Call,Expansion discussion call with AnalyticsCo Labs. 18 minutes. Positive outcome.,46
CUST-0078,CodeCraft Labs,Commercial,2025-05-15,Email,Communication with CodeCraft Labs regarding feedback request.,16
CUST-0161,AnalyticsCo Solutions,SMB,2025-05-13,Product Feedback,Communication with AnalyticsCo Solutions regarding billing.,32
CUST-0186,DataSync Corp,Enterprise,2025-05-13,Email,Communication with DataSync Corp regarding feedback request.,24
CUST-0097,QueueManager Corp,SMB,2025-05-11,Email,Communication with QueueManager Corp regarding product updates.,14
CUST-0175,MicroServe Corp,Commercial,2025-05-11,Support Ticket,MicroServe Corp reported bug report. Sentiment: Neutral.,17
CUST-0191,InnovateLabs Systems,SMB,2025-05-11,Support Ticket,InnovateLabs Systems reported integration help. Sentiment: Satisfied.,29
CUST-0053,TechFlow LLC,Commercial,2025-05-10,Call,Issue escalation call with TechFlow LLC. 37 minutes. Needs follow-up outcome.,28
CUST-0041,APIGateway Technologies,Commercial,2025-05-09,Call,Feature question call with APIGateway Technologies. 57 minutes. Needs follow-up outcome.,25
CUST-0094,LogStream Labs,Enterprise,2025-05-09,Support Ticket,LogStream Labs reported integration help. Sentiment: Neutral.,39
CUST-0150,MonitorPlus Inc,SMB,2025-05-09,Support Ticket,MonitorPlus Inc reported integration help. Sentiment: Neutral.,38
CUST-0195,ScaleSystems Group,SMB,2025-05-09,Product Feedback,Communication with ScaleSystems Group regarding billing.,21
CUST-0066,ContainerOps Systems,SMB,2025-05-08,Support Ticket,ContainerOps Systems reported bug report. Sentiment: Neutral.,31
CUST-0078,CodeCraft Labs,Commercial,2025-05-08,Email,Communication with CodeCraft Labs regarding usage tips.,16
CUST-0092,ContainerOps Labs,SMB,2025-05-08,Email,Communication with ContainerOps Labs regarding billing.,16
CUST-0163,DataBridge Inc,SMB,2025-05-08,Product Feedback,Communication with DataBridge Inc regarding product updates.,27
CUST-0165,ComplianceHub Labs,SMB,2025-05-08,Support Ticket,ComplianceHub Labs reported bug report. Sentiment: Satisfied.,20
CUST-0184,APIGateway Solutions,Enterprise,2025-05-08,Call,Expansion discussion call with APIGateway Solutions. 23 minutes. Positive outcome.,23
CUST-0145,DataSync Group,Enterprise,2025-05-07,Call,Expansion discussion call with DataSync Group. 25 minutes. Positive outcome.,32
CUST-0186,DataSync Corp,Enterprise,2025-05-07,Meeting,Renewal discussion with DataSync Corp. 8 attendees. Discussed roadmap and usage.,24
CUST-0049,TechFlow Inc,SMB,2025-05-06,Call,Feature question call with TechFlow Inc. 18 minutes. Positive outcome.,20
CUST-0068,ScaleSystems Solutions,Commercial,2025-05-06,Meeting,Quarterly business review with ScaleSystems Solutions. 5 attendees. Discussed roadmap and usage.,25
CUST-0091,DisasterRecovery Technologies,SMB,2025-05-06,Product Feedback,Communication with DisasterRecovery Technologies regarding product updates.,35
CUST-0006,AuditPro LLC,Commercial,2025-05-05,Call,Check-in call with AuditPro LLC. 48 minutes. Positive outcome.,37
CUST-0067,CacheMaster Solutions,SMB,2025-05-05,Product Feedback,Communication with CacheMaster Solutions regarding feedback request.,25
CUST-0082,TechFlow Systems,SMB,2025-05-04,Email,Communication with TechFlow Systems regarding usage tips.,20
CUST-0155,AnalyticsCo Corp,SMB,2025-05-04,Email,Communication with AnalyticsCo Corp regarding feedback request.,28
CUST-0078,CodeCraft Labs,Commercial,2025-05-03,Product Feedback,Communication with CodeCraft Labs regarding feedback request.,16
CUST-0082,TechFlow Systems,SMB,2025-05-03,Meeting,Renewal discussion with TechFlow Systems. 2 attendees. Discussed roadmap and usage.,20
CUST-0140,ContainerOps Inc,Commercial,2025-05-03,Support Ticket,ContainerOps Inc reported feature request. Sentiment: Neutral.,33
CUST-0145,DataSync Group,Enterprise,2025-05-03,Email,Communication with DataSync Group regarding feedback request.,32
CUST-0145,DataSync Group,Enterprise,2025-05-03,Meeting,Feature demo with DataSync Group. 7 attendees. Discussed roadmap and usage.,32
CUST-0147,DisasterRecovery Systems,Enterprise,2025-05-03,Call,Issue escalation call with DisasterRecovery Systems. 32 minutes. Needs follow-up outcome.,28
CUST-0188,LoadBalance Solutions,SMB,2025-05-03,Product Feedback,Communication with LoadBalance Solutions regarding product updates.,26
CUST-0012,AuditPro Solutions,SMB,2025-05-02,Call,Issue escalation call with AuditPro Solutions. 57 minutes. Needs follow-up outcome.,24
CUST-0093,IntegrationHQ Labs,Commercial,2025-05-02,Email,Communication with IntegrationHQ Labs regarding feedback request.,17
CUST-0031,MonitorPlus Technologies,Commercial,2025-05-01,Product Feedback,Communication with MonitorPlus Technologies regarding usage tips.,45
CUST-0050,SecurityFirst Group,SMB,2025-05-01,Email,Communication with SecurityFirst Group regarding product updates.,41
CUST-0160,MetricsDash Group,SMB,2025-05-01,Meeting,Renewal discussion with MetricsDash Group. 3 attendees. Discussed roadmap and usage.,16
CUST-0053,TechFlow LLC,Commercial,2025-04-30,Email,Communication with TechFlow LLC regarding billing.,28
CUST-0078,CodeCraft Labs,Commercial,2025-04-30,Email,Communication with CodeCraft Labs regarding feedback request.,16
CUST-0059,CloudScale Solutions,SMB,2025-04-29,Call,Expansion discussion call with CloudScale Solutions. 60 minutes. Positive outcome.,37
CUST-0092,ContainerOps Labs,SMB,2025-04-29,Email,Communication with ContainerOps Labs regarding usage tips.,16
CUST-0186,DataSync Corp,Enterprise,2025-04-29,Email,Communication with DataSync Corp regarding feedback request.,24
CUST-0014,CodeCraft Group,Commercial,2025-04-28,Email,Communication with CodeCraft Group regarding feedback request.,29
CUST-0015,DataBridge Corp,Commercial,2025-04-28,Product Feedback,Communication with DataBridge Corp regarding usage tips.,29
CUST-0138,DevOpsHub Group,SMB,2025-04-28,Meeting,Feature demo with DevOpsHub Group. 2 attendees. Discussed roadmap and usage.,38
CUST-0154,APIGateway Systems,Commercial,2025-04-28,Product Feedback,Communication with APIGateway Systems regarding product updates.,19
CUST-0065,TechFlow Technologies,Commercial,2025-04-27,Product Feedback,Communication with TechFlow Technologies regarding usage tips.,34
CUST-0083,DisasterRecovery Labs,Enterprise,2025-04-26,Product Feedback,Communication with DisasterRecovery Labs regarding billing.,44
CUST-0110,ContainerOps Solutions,SMB,2025-04-26,Meeting,Quarterly business review with ContainerOps Solutions. 3 attendees. Discussed roadmap and usage.,27
CUST-0053,TechFlow LLC,Commercial,2025-04-24,Support Ticket,TechFlow LLC reported bug report. Sentiment: Frustrated.,28
CUST-0073,DataBridge Systems,SMB,2025-04-24,Support Ticket,DataBridge Systems reported integration help. Sentiment: Neutral.,42
CUST-0140,ContainerOps Inc,Commercial,2025-04-24,Product Feedback,Communication with ContainerOps Inc regarding feedback request.,33
CUST-0141,WorkflowPro Group,Commercial,2025-04-24,Meeting,Feature demo with WorkflowPro Group. 5 attendees. Discussed roadmap and usage.,22
CUST-0157,AIForge Inc,Enterprise,2025-04-24,Email,Communication with AIForge Inc regarding feedback request.,48
CUST-0160,MetricsDash Group,SMB,2025-04-24,Product Feedback,Communication with MetricsDash Group regarding usage tips.,16
CUST-0165,ComplianceHub Labs,SMB,2025-04-24,Meeting,Training session with ComplianceHub Labs. 5 attendees. Discussed roadmap and usage.,20
CUST-0167,LoadBalance Corp,Enterprise,2025-04-24,Call,Check-in call with LoadBalance Corp. 49 minutes. Positive outcome.,17
CUST-0195,ScaleSystems Group,SMB,2025-04-24,Email,Communication with ScaleSystems Group regarding feedback request.,21
CUST-0061,MicroServe Technologies,Enterprise,2025-04-23,Product Feedback,Communication with MicroServe Technologies regarding usage tips.,31
CUST-0100,DisasterRecovery Inc,SMB,2025-04-23,Meeting,Renewal discussion with DisasterRecovery Inc. 3 attendees. Discussed roadmap and usage.,39
CUST-0175,MicroServe Corp,Commercial,2025-04-23,Product Feedback,Communication with MicroServe Corp regarding billing.,17
CUST-0196,AuditPro Corp,SMB,2025-04-23,Call,Issue escalation call with AuditPro Corp. 42 minutes. Needs follow-up outcome.,30
CUST-0100,DisasterRecovery Inc,SMB,2025-04-22,Support Ticket,DisasterRecovery Inc reported bug report. Sentiment: Frustrated.,39
CUST-0135,CloudScale Labs,SMB,2025-04-22,Call,Check-in call with CloudScale Labs. 55 minutes. Positive outcome.,42
CUST-0178,MonitorPlus Systems,Enterprise,2025-04-22,Call,Check-in call with MonitorPlus Systems. 34 minutes. Positive outcome.,45
CUST-0024,CloudScale Technologies,Commercial,2025-04-21,Support Ticket,CloudScale Technologies reported integration help. Sentiment: Satisfied.,18
CUST-0093,IntegrationHQ Labs,Commercial,2025-04-21,Meeting,Feature demo with IntegrationHQ Labs. 2 attendees. Discussed roadmap and usage.,17
CUST-0140,ContainerOps Inc,Commercial,2025-04-21,Meeting,Quarterly business review with ContainerOps Inc. 3 attendees. Discussed roadmap and usage.,33
CUST-0173,CloudVision Solutions,Commercial,2025-04-21,Product Feedback,Communication with CloudVision Solutions regarding product updates.,33
CUST-0057,DataSync Labs,Enterprise,2025-04-20,Product Feedback,Communication with DataSync Labs regarding product updates.,18
CUST-0158,DevOpsHub LLC,SMB,2025-04-20,Product Feedback,Communication with DevOpsHub LLC regarding usage tips.,47
CUST-0002,DataBridge Solutions,Commercial,2025-04-19,Support Ticket,DataBridge Solutions reported feature request. Sentiment: Satisfied.,44
CUST-0007,DisasterRecovery Solutions,SMB,2025-04-19,Meeting,Feature demo with DisasterRecovery Solutions. 6 attendees. Discussed roadmap and usage.,41
CUST-0035,DataSync Inc,Commercial,2025-04-19,Email,Communication with DataSync Inc regarding product updates.,27
CUST-0120,QueueManager Group,SMB,2025-04-19,Product Feedback,Communication with QueueManager Group regarding billing.,21
CUST-0179,CodeCraft Corp,Commercial,2025-04-19,Email,Communication with CodeCraft Corp regarding billing.,42
CUST-0186,DataSync Corp,Enterprise,2025-04-19,Call,Issue escalation call with DataSync Corp. 36 minutes. Needs follow-up outcome.,24
CUST-0167,LoadBalance Corp,Enterprise,2025-04-18,Meeting,Quarterly business review with LoadBalance Corp. 2 attendees. Discussed roadmap and usage.,17
CUST-0053,TechFlow LLC,Commercial,2025-04-17,Email,Communication with TechFlow LLC regarding product updates.,28
CUST-0110,ContainerOps Solutions,SMB,2025-04-16,Call,Check-in call with ContainerOps Solutions. 37 minutes. Positive outcome.,27
CUST-0150,MonitorPlus Inc,SMB,2025-04-16,Email,Communication with MonitorPlus Inc regarding billing.,38
CUST-0005,IntegrationHQ Solutions,Commercial,2025-04-15,Call,Issue escalation call with IntegrationHQ Solutions. 56 minutes. Needs follow-up outcome.,21
CUST-0143,LoadBalance Labs,Commercial,2025-04-15,Call,Feature question call with LoadBalance Labs. 15 minutes. Positive outcome.,27
CUST-0191,InnovateLabs Systems,SMB,2025-04-14,Product Feedback,Communication with InnovateLabs Systems regarding product updates.,29
CUST-0196,AuditPro Corp,SMB,2025-04-14,Support Ticket,AuditPro Corp reported feature request. Sentiment: Frustrated.,30
CUST-0021,ContainerOps Corp,Enterprise,2025-04-12,Support Ticket,ContainerOps Corp reported performance issue. Sentiment: Satisfied.,22
CUST-0093,IntegrationHQ Labs,Commercial,2025-04-12,Email,Communication with IntegrationHQ Labs regarding product updates.,17
CUST-0188,LoadBalance Solutions,SMB,2025-04-12,Support Ticket,LoadBalance Solutions reported bug report. Sentiment: Neutral.,26
CUST-0036,QueueManager Labs,Commercial,2025-04-11,Support Ticket,QueueManager Labs reported feature request. Sentiment: Frustrated.,25
CUST-0061,MicroServe Technologies,Enterprise,2025-04-11,Call,Feature question call with MicroServe Technologies. 29 minutes. Positive outcome.,31
CUST-0057,DataSync Labs,Enterprise,2025-04-10,Meeting,Feature demo with DataSync Labs. 5 attendees. Discussed roadmap and usage.,18
CUST-0086,StreamPro LLC,SMB,2025-04-10,Support Ticket,StreamPro LLC reported performance issue. Sentiment: Satisfied.,35
CUST-0040,IntegrationHQ LLC,Commercial,2025-04-09,Email,Communication with IntegrationHQ LLC regarding usage tips.,18
CUST-0060,ContainerOps LLC,Commercial,2025-04-09,Email,Communication with ContainerOps LLC regarding usage tips.,27
CUST-0109,MonitorPlus Labs,SMB,2025-04-09,Email,Communication with MonitorPlus Labs regarding feedback request.,35
CUST-0109,MonitorPlus Labs,SMB,2025-04-09,Product Feedback,Communication with MonitorPlus Labs regarding usage tips.,35
CUST-0115,SecurityFirst LLC,SMB,2025-04-09,Support Ticket,SecurityFirst LLC reported feature request. Sentiment: Neutral.,18
CUST-0127,MetricsDash Labs,Enterprise,2025-04-07,Email,Communication with MetricsDash Labs regarding usage tips.,38
CUST-0100,DisasterRecovery Inc,SMB,2025-04-06,Product Feedback,Communication with DisasterRecovery Inc regarding billing.,39
CUST-0100,DisasterRecovery Inc,SMB,2025-04-06,Support Ticket,DisasterRecovery Inc reported feature request. Sentiment: Frustrated.,39
CUST-0158,DevOpsHub LLC,SMB,2025-04-06,Product Feedback,Communication with DevOpsHub LLC regarding billing.,47
CUST-0184,APIGateway Solutions,Enterprise,2025-04-06,Email,Communication with APIGateway Solutions regarding billing.,23
CUST-0031,MonitorPlus Technologies,Commercial,2025-04-05,Support Ticket,MonitorPlus Technologies reported bug report. Sentiment: Satisfied.,45
CUST-0049,TechFlow Inc,SMB,2025-04-05,Call,Check-in call with TechFlow Inc. 40 minutes. Positive outcome.,20
CUST-0186,DataSync Corp,Enterprise,2025-04-04,Product Feedback,Communication with DataSync Corp regarding usage tips.,24
CUST-0186,DataSync Corp,Enterprise,2025-04-04,Meeting,Training session with DataSync Corp. 8 attendees. Discussed roadmap and usage.,24
CUST-0021,ContainerOps Corp,Enterprise,2025-04-03,Meeting,Renewal discussion with ContainerOps Corp. 5 attendees. Discussed roadmap and usage.,22
CUST-0135,CloudScale Labs,SMB,2025-04-03,Call,Expansion discussion call with CloudScale Labs. 48 minutes. Positive outcome.,42
CUST-0163,DataBridge Inc,SMB,2025-04-03,Email,Communication with DataBridge Inc regarding feedback request.,27
CUST-0078,CodeCraft Labs,Commercial,2025-04-02,Support Ticket,CodeCraft Labs reported performance issue. Sentiment: Frustrated.,16
CUST-0092,ContainerOps Labs,SMB,2025-04-02,Call,Feature question call with ContainerOps Labs. 25 minutes. Positive outcome.,16
CUST-0154,APIGateway Systems,Commercial,2025-04-02,Meeting,Feature demo with APIGateway Systems. 3 attendees. Discussed roadmap and usage.,19
CUST-0184,APIGateway Solutions,Enterprise,2025-04-02,Call,Feature question call with APIGateway Solutions. 32 minutes. Positive outcome.,23
CUST-0049,TechFlow Inc,SMB,2025-04-01,Call,Expansion discussion call with TechFlow Inc. 30 minutes. Positive outcome.,20
CUST-0078,CodeCraft Labs,Commercial,2025-04-01,Email,Communication with CodeCraft Labs regarding usage tips.,16
CUST-0155,AnalyticsCo Corp,SMB,2025-04-01,Email,Communication with AnalyticsCo Corp regarding usage tips.,28
CUST-0010,AnalyticsCo Inc,Commercial,2025-03-31,Support Ticket,AnalyticsCo Inc reported integration help. Sentiment: Frustrated.,22
CUST-0032,SecureNet LLC,SMB,2025-03-31,Email,Communication with SecureNet LLC regarding usage tips.,27
CUST-0075,CodeCraft LLC,Enterprise,2025-03-31,Meeting,Quarterly business review with CodeCraft LLC. 3 attendees. Discussed roadmap and usage.,44
CUST-0085,AuditPro Inc,Commercial,2025-03-31,Call,Check-in call with AuditPro Inc. 39 minutes. Positive outcome.,40
CUST-0090,StreamPro Technologies,SMB,2025-03-31,Call,Issue escalation call with StreamPro Technologies. 31 minutes. Needs follow-up outcome.,39
CUST-0140,ContainerOps Inc,Commercial,2025-03-31,Support Ticket,ContainerOps Inc reported bug report. Sentiment: Neutral.,33
CUST-0186,DataSync Corp,Enterprise,2025-03-31,Call,Issue escalation call with DataSync Corp. 22 minutes. Needs follow-up outcome.,24
CUST-0072,AnalyticsCo Labs,SMB,2025-03-29,Call,Check-in call with AnalyticsCo Labs. 19 minutes. Positive outcome.,46
CUST-0028,CacheMaster Inc,SMB,2025-03-28,Product Feedback,Communication with CacheMaster Inc regarding product updates.,24
CUST-0105,CodeCraft Inc,SMB,2025-03-28,Support Ticket,CodeCraft Inc reported feature request. Sentiment: Frustrated.,37
CUST-0130,QueueManager Systems,SMB,2025-03-27,Support Ticket,QueueManager Systems reported feature request. Sentiment: Neutral.,43
CUST-0166,InnovateLabs Solutions,Commercial,2025-03-26,Email,Communication with InnovateLabs Solutions regarding feedback request.,31
CUST-0195,ScaleSystems Group,SMB,2025-03-26,Support Ticket,ScaleSystems Group reported bug report. Sentiment: Neutral.,21
CUST-0195,ScaleSystems Group,SMB,2025-03-26,Email,Communication with ScaleSystems Group regarding feedback request.,21
CUST-0040,IntegrationHQ LLC,Commercial,2025-03-25,Email,Communication with IntegrationHQ LLC regarding product updates.,18
CUST-0041,APIGateway Technologies,Commercial,2025-03-25,Meeting,Training session with APIGateway Technologies. 5 attendees. Discussed roadmap and usage.,25
CUST-0091,DisasterRecovery Technologies,SMB,2025-03-25,Meeting,Training session with DisasterRecovery Technologies. 7 attendees. Discussed roadmap and usage.,35
CUST-0167,LoadBalance Corp,Enterprise,2025-03-25,Support Ticket,LoadBalance Corp reported integration help. Sentiment: Satisfied.,17
CUST-0172,ComplianceHub Solutions,Commercial,2025-03-25,Email,Communication with ComplianceHub Solutions regarding feedback request.,45
CUST-0055,SecureNet Inc,SMB,2025-03-24,Product Feedback,Communication with SecureNet Inc regarding usage tips.,47
CUST-0060,ContainerOps LLC,Commercial,2025-03-24,Product Feedback,Communication with ContainerOps LLC regarding billing.,27
CUST-0078,CodeCraft Labs,Commercial,2025-03-24,Meeting,Quarterly business review with CodeCraft Labs. 4 attendees. Discussed roadmap and usage.,16
CUST-0111,CloudVision Corp,Commercial,2025-03-24,Product Feedback,Communication with CloudVision Corp regarding usage tips.,33
CUST-0145,DataSync Group,Enterprise,2025-03-24,Email,Communication with DataSync Group regarding feedback request.,32
CUST-0145,DataSync Group,Enterprise,2025-03-24,Call,Check-in call with DataSync Group. 39 minutes. Positive outcome.,32
CUST-0154,APIGateway Systems,Commercial,2025-03-24,Support Ticket,APIGateway Systems reported feature request. Sentiment: Neutral.,19
CUST-0011,CloudScale Group,SMB,2025-03-23,Call,Expansion discussion call with CloudScale Group. 17 minutes. Positive outcome.,41
CUST-0015,DataBridge Corp,Commercial,2025-03-23,Product Feedback,Communication with DataBridge Corp regarding billing.,29
CUST-0145,DataSync Group,Enterprise,2025-03-23,Meeting,Training session with DataSync Group. 6 attendees. Discussed roadmap and usage.,32
CUST-0105,CodeCraft Inc,SMB,2025-03-22,Email,Communication with CodeCraft Inc regarding feedback request.,37
CUST-0160,MetricsDash Group,SMB,2025-03-22,Support Ticket,MetricsDash Group reported bug report. Sentiment: Neutral.,16
CUST-0034,QueueManager Solutions,Commercial,2025-03-21,Product Feedback,Communication with QueueManager Solutions regarding product updates.,39
CUST-0065,TechFlow Technologies,Commercial,2025-03-21,Meeting,Renewal discussion with TechFlow Technologies. 6 attendees. Discussed roadmap and usage.,34
CUST-0113,IntegrationHQ Group,Commercial,2025-03-21,Support Ticket,IntegrationHQ Group reported performance issue. Sentiment: Satisfied.,48
CUST-0186,DataSync Corp,Enterprise,2025-03-20,Product Feedback,Communication with DataSync Corp regarding billing.,24
CUST-0087,MonitorPlus Solutions,SMB,2025-03-19,Meeting,Renewal discussion with MonitorPlus Solutions. 4 attendees. Discussed roadmap and usage.,30
CUST-0161,AnalyticsCo Solutions,SMB,2025-03-19,Call,Issue escalation call with AnalyticsCo Solutions. 41 minutes. Needs follow-up outcome.,32
CUST-0191,InnovateLabs Systems,SMB,2025-03-19,Support Ticket,InnovateLabs Systems reported feature request. Sentiment: Satisfied.,29
CUST-0020,BackupCloud Group,Commercial,2025-03-18,Product Feedback,Communication with BackupCloud Group regarding billing.,22
CUST-0199,BackupCloud LLC,Commercial,2025-03-18,Support Ticket,BackupCloud LLC reported feature request. Sentiment: Frustrated.,36
CUST-0051,CloudScale Systems,Enterprise,2025-03-17,Email,Communication with CloudScale Systems regarding billing.,46
CUST-0088,ComplianceHub Corp,Enterprise,2025-03-17,Support Ticket,ComplianceHub Corp reported performance issue. Sentiment: Satisfied.,20
CUST-0138,DevOpsHub Group,SMB,2025-03-17,Product Feedback,Communication with DevOpsHub Group regarding feedback request.,38
CUST-0153,QueueManager Technologies,SMB,2025-03-17,Call,Issue escalation call with QueueManager Technologies. 55 minutes. Needs follow-up outcome.,44
CUST-0181,CloudVision Inc,SMB,2025-03-17,Email,Communication with CloudVision Inc regarding usage tips.,25
CUST-0186,DataSync Corp,Enterprise,2025-03-17,Call,Issue escalation call with DataSync Corp. 51 minutes. Needs follow-up outcome.,24
CUST-0066,ContainerOps Systems,SMB,2025-03-16,Call,Feature question call with ContainerOps Systems. 18 minutes. Positive outcome.,31
CUST-0127,MetricsDash Labs,Enterprise,2025-03-16,Email,Communication with MetricsDash Labs regarding product updates.,38
CUST-0049,TechFlow Inc,SMB,2025-03-15,Email,Communication with TechFlow Inc regarding billing.,20
CUST-0087,MonitorPlus Solutions,SMB,2025-03-15,Call,Issue escalation call with MonitorPlus Solutions. 58 minutes. Needs follow-up outcome.,30
CUST-0120,QueueManager Group,SMB,2025-03-15,Email,Communication with QueueManager Group regarding billing.,21
CUST-0140,ContainerOps Inc,Commercial,2025-03-15,Call,Issue escalation call with ContainerOps Inc. 39 minutes. Needs follow-up outcome.,33
CUST-0031,MonitorPlus Technologies,Commercial,2025-03-13,Product Feedback,Communication with MonitorPlus Technologies regarding billing.,45
CUST-0093,IntegrationHQ Labs,Commercial,2025-03-12,Product Feedback,Communication with IntegrationHQ Labs regarding product updates.,17
CUST-0110,ContainerOps Solutions,SMB,2025-03-12,Email,Communication with ContainerOps Solutions regarding feedback request.,27
CUST-0178,MonitorPlus Systems,Enterprise,2025-03-12,Meeting,Feature demo with MonitorPlus Systems. 3 attendees. Discussed roadmap and usage.,45
CUST-0120,QueueManager Group,SMB,2025-03-11,Meeting,Renewal discussion with QueueManager Group. 6 attendees. Discussed roadmap and usage.,21
CUST-0136,DisasterRecovery LLC,Commercial,2025-03-11,Meeting,Renewal discussion with DisasterRecovery LLC. 3 attendees. Discussed roadmap and usage.,22
CUST-0155,AnalyticsCo Corp,SMB,2025-03-11,Support Ticket,AnalyticsCo Corp reported performance issue. Sentiment: Frustrated.,28
CUST-0190,MetricsDash Corp,Commercial,2025-03-11,Email,Communication with MetricsDash Corp regarding feedback request.,38
CUST-0024,CloudScale Technologies,Commercial,2025-03-10,Email,Communication with CloudScale Technologies regarding billing.,18
CUST-0060,ContainerOps LLC,Commercial,2025-03-10,Support Ticket,ContainerOps LLC reported feature request. Sentiment: Neutral.,27
CUST-0015,DataBridge Corp,Commercial,2025-03-09,Support Ticket,DataBridge Corp reported integration help. Sentiment: Frustrated.,29
CUST-0028,CacheMaster Inc,SMB,2025-03-09,Product Feedback,Communication with CacheMaster Inc regarding product updates.,24
CUST-0101,IntegrationHQ Systems,Commercial,2025-03-09,Email,Communication with IntegrationHQ Systems regarding billing.,31
CUST-0195,ScaleSystems Group,SMB,2025-03-09,Call,Expansion discussion call with ScaleSystems Group. 20 minutes. Positive outcome.,21
CUST-0032,SecureNet LLC,SMB,2025-03-08,Meeting,Feature demo with SecureNet LLC. 6 attendees. Discussed roadmap and usage.,27
CUST-0078,CodeCraft Labs,Commercial,2025-03-08,Call,Issue escalation call with CodeCraft Labs. 17 minutes. Needs follow-up outcome.,16
CUST-0088,ComplianceHub Corp,Enterprise,2025-03-07,Call,Feature question call with ComplianceHub Corp. 45 minutes. Positive outcome.,20
CUST-0157,AIForge Inc,Enterprise,2025-03-07,Call,Issue escalation call with AIForge Inc. 29 minutes. Needs follow-up outcome.,48
CUST-0165,ComplianceHub Labs,SMB,2025-03-07,Product Feedback,Communication with ComplianceHub Labs regarding usage tips.,20
CUST-0014,CodeCraft Group,Commercial,2025-03-06,Product Feedback,Communication with CodeCraft Group regarding billing.,29
CUST-0154,APIGateway Systems,Commercial,2025-03-06,Meeting,Quarterly business review with APIGateway Systems. 2 attendees. Discussed roadmap and usage.,19
CUST-0155,AnalyticsCo Corp,SMB,2025-03-06,Support Ticket,AnalyticsCo Corp reported performance issue. Sentiment: Frustrated.,28
CUST-0179,CodeCraft Corp,Commercial,2025-03-06,Meeting,Feature demo with CodeCraft Corp. 7 attendees. Discussed roadmap and usage.,42
CUST-0196,AuditPro Corp,SMB,2025-03-06,Email,Communication with AuditPro Corp regarding usage tips.,30
CUST-0126,LogStream Systems,Commercial,2025-03-05,Email,Communication with LogStream Systems regarding billing.,47
CUST-0131,ComplianceHub Technologies,SMB,2025-03-05,Support Ticket,ComplianceHub Technologies reported integration help. Sentiment: Frustrated.,45
CUST-0062,AuditPro Systems,SMB,2025-03-04,Call,Expansion discussion call with AuditPro Systems. 37 minutes. Needs follow-up outcome.,47
CUST-0101,IntegrationHQ Systems,Commercial,2025-03-04,Product Feedback,Communication with IntegrationHQ Systems regarding billing.,31
CUST-0122,DevOpsHub Corp,SMB,2025-03-04,Call,Check-in call with DevOpsHub Corp. 42 minutes. Positive outcome.,44
CUST-0017,CloudVision LLC,Enterprise,2025-03-03,Meeting,Renewal discussion with CloudVision LLC. 5 attendees. Discussed roadmap and usage.,20
CUST-0193,LoadBalance LLC,Commercial,2025-03-03,Email,Communication with LoadBalance LLC regarding billing.,47
CUST-0046,DisasterRecovery Group,SMB,2025-03-02,Product Feedback,Communication with DisasterRecovery Group regarding feedback request.,36
CUST-0109,MonitorPlus Labs,SMB,2025-03-02,Meeting,Quarterly business review with MonitorPlus Labs. 3 attendees. Discussed roadmap and usage.,35
CUST-0191,InnovateLabs Systems,SMB,2025-03-02,Call,Feature question call with InnovateLabs Systems. 46 minutes. Positive outcome.,29
CUST-0013,InnovateLabs LLC,SMB,2025-03-01,Meeting,Feature demo with InnovateLabs LLC. 5 attendees. Discussed roadmap and usage.,26
CUST-0123,CloudScale LLC,Commercial,2025-03-01,Call,Check-in call with CloudScale LLC. 35 minutes. Positive outcome.,36
CUST-0020,BackupCloud Group,Commercial,2025-02-28,Call,Issue escalation call with BackupCloud Group. 59 minutes. Needs follow-up outcome.,22
CUST-0110,ContainerOps Solutions,SMB,2025-02-28,Email,Communication with ContainerOps Solutions regarding feedback request.,27
CUST-0190,MetricsDash Corp,Commercial,2025-02-28,Call,Issue escalation call with MetricsDash Corp. 28 minutes. Needs follow-up outcome.,38
CUST-0053,TechFlow LLC,Commercial,2025-02-27,Meeting,Training session with TechFlow LLC. 6 attendees. Discussed roadmap and usage.,28
CUST-0110,ContainerOps Solutions,SMB,2025-02-27,Call,Check-in call with ContainerOps Solutions. 25 minutes. Positive outcome.,27
CUST-0141,WorkflowPro Group,Commercial,2025-02-27,Email,Communication with WorkflowPro Group regarding billing.,22
CUST-0167,LoadBalance Corp,Enterprise,2025-02-27,Email,Communication with LoadBalance Corp regarding feedback request.,17
CUST-0141,WorkflowPro Group,Commercial,2025-02-26,Email,Communication with WorkflowPro Group regarding feedback request.,22
CUST-0075,CodeCraft LLC,Enterprise,2025-02-25,Call,Check-in call with CodeCraft LLC. 43 minutes. Positive outcome.,44
CUST-0154,APIGateway Systems,Commercial,2025-02-25,Support Ticket,APIGateway Systems reported feature request. Sentiment: Neutral.,19
CUST-0026,LoadBalance Group,SMB,2025-02-24,Product Feedback,Communication with LoadBalance Group regarding usage tips.,38
CUST-0007,DisasterRecovery Solutions,SMB,2025-02-23,Email,Communication with DisasterRecovery Solutions regarding product updates.,41
CUST-0131,ComplianceHub Technologies,SMB,2025-02-22,Email,Communication with ComplianceHub Technologies regarding feedback request.,45
CUST-0184,APIGateway Solutions,Enterprise,2025-02-22,Product Feedback,Communication with APIGateway Solutions regarding billing.,23
CUST-0184,APIGateway Solutions,Enterprise,2025-02-22,Support Ticket,APIGateway Solutions reported performance issue. Sentiment: Satisfied.,23
CUST-0194,CacheMaster Group,SMB,2025-02-22,Meeting,Quarterly business review with CacheMaster Group. 7 attendees. Discussed roadmap and usage.,28
CUST-0002,DataBridge Solutions,Commercial,2025-02-21,Email,Communication with DataBridge Solutions regarding product updates.,44
CUST-0144,LogStream Technologies,Commercial,2025-02-21,Meeting,Feature demo with LogStream Technologies. 6 attendees. Discussed roadmap and usage.,29
CUST-0191,InnovateLabs Systems,SMB,2025-02-21,Support Ticket,InnovateLabs Systems reported bug report. Sentiment: Satisfied.,29
CUST-0057,DataSync Labs,Enterprise,2025-02-20,Meeting,Training session with DataSync Labs. 2 attendees. Discussed roadmap and usage.,18
CUST-0102,DevOpsHub Systems,SMB,2025-02-20,Call,Issue escalation call with DevOpsHub Systems. 18 minutes. Needs follow-up outcome.,38
CUST-0011,CloudScale Group,SMB,2025-02-19,Call,Feature question call with CloudScale Group. 43 minutes. Positive outcome.,41
CUST-0154,APIGateway Systems,Commercial,2025-02-19,Email,Communication with APIGateway Systems regarding feedback request.,19
CUST-0190,MetricsDash Corp,Commercial,2025-02-19,Email,Communication with MetricsDash Corp regarding product updates.,38
CUST-0093,IntegrationHQ Labs,Commercial,2025-02-18,Call,Issue escalation call with IntegrationHQ Labs. 54 minutes. Needs follow-up outcome.,17
CUST-0120,QueueManager Group,SMB,2025-02-18,Email,Communication with QueueManager Group regarding feedback request.,21
CUST-0181,CloudVision Inc,SMB,2025-02-18,Product Feedback,Communication with CloudVision Inc regarding product updates.,25
CUST-0192,WorkflowPro Solutions,SMB,2025-02-18,Meeting,Renewal discussion with WorkflowPro Solutions. 3 attendees. Discussed roadmap and usage.,28
CUST-0120,QueueManager Group,SMB,2025-02-17,Email,Communication with QueueManager Group regarding usage tips.,21
CUST-0155,AnalyticsCo Corp,SMB,2025-02-17,Meeting,Quarterly business review with AnalyticsCo Corp. 2 attendees. Discussed roadmap and usage.,28
CUST-0041,APIGateway Technologies,Commercial,2025-02-16,Email,Communication with APIGateway Technologies regarding billing.,25
CUST-0111,CloudVision Corp,Commercial,2025-02-16,Email,Communication with CloudVision Corp regarding product updates.,33
CUST-0041,APIGateway Technologies,Commercial,2025-02-15,Product Feedback,Communication with APIGateway Technologies regarding feedback request.,25
CUST-0196,AuditPro Corp,SMB,2025-02-15,Product Feedback,Communication with AuditPro Corp regarding feedback request.,30
CUST-0012,AuditPro Solutions,SMB,2025-02-14,Email,Communication with AuditPro Solutions regarding billing.,24
CUST-0096,BackupCloud Inc,Commercial,2025-02-14,Support Ticket,BackupCloud Inc reported performance issue. Sentiment: Neutral.,17
CUST-0100,DisasterRecovery Inc,SMB,2025-02-14,Product Feedback,Communication with DisasterRecovery Inc regarding product updates.,39
CUST-0002,DataBridge Solutions,Commercial,2025-02-13,Meeting,Feature demo with DataBridge Solutions. 7 attendees. Discussed roadmap and usage.,44
CUST-0008,DevTools Inc,Commercial,2025-02-13,Call,Issue escalation call with DevTools Inc. 33 minutes. Needs follow-up outcome.,39
CUST-0038,InnovateLabs Corp,SMB,2025-02-13,Call,Check-in call with InnovateLabs Corp. 52 minutes. Positive outcome.,18
CUST-0108,DevTools LLC,Enterprise,2025-02-13,Email,Communication with DevTools LLC regarding product updates.,41
CUST-0176,MetricsDash Inc,SMB,2025-02-13,Support Ticket,MetricsDash Inc reported performance issue. Sentiment: Frustrated.,18
CUST-0041,APIGateway Technologies,Commercial,2025-02-12,Product Feedback,Communication with APIGateway Technologies regarding feedback request.,25
CUST-0140,ContainerOps Inc,Commercial,2025-02-11,Email,Communication with ContainerOps Inc regarding feedback request.,33
CUST-0144,LogStream Technologies,Commercial,2025-02-11,Product Feedback,Communication with LogStream Technologies regarding billing.,29
CUST-0145,DataSync Group,Enterprise,2025-02-11,Email,Communication with DataSync Group regarding billing.,32
CUST-0194,CacheMaster Group,SMB,2025-02-11,Meeting,Training session with CacheMaster Group. 2 attendees. Discussed roadmap and usage.,28
CUST-0057,DataSync Labs,Enterprise,2025-02-10,Meeting,Quarterly business review with DataSync Labs. 7 attendees. Discussed roadmap and usage.,18
CUST-0072,AnalyticsCo Labs,SMB,2025-02-10,Meeting,Training session with AnalyticsCo Labs. 5 attendees. Discussed roadmap and usage.,46
CUST-0124,BackupCloud Labs,SMB,2025-02-10,Product Feedback,Communication with BackupCloud Labs regarding billing.,19
CUST-0141,WorkflowPro Group,Commercial,2025-02-10,Support Ticket,WorkflowPro Group reported bug report. Sentiment: Frustrated.,22
CUST-0142,ScaleSystems Systems,SMB,2025-02-10,Support Ticket,ScaleSystems Systems reported feature request. Sentiment: Frustrated.,47
CUST-0013,InnovateLabs LLC,SMB,2025-02-09,Call,Issue escalation call with InnovateLabs LLC. 25 minutes. Needs follow-up outcome.,26
CUST-0120,QueueManager Group,SMB,2025-02-09,Call,Check-in call with QueueManager Group. 18 minutes. Positive outcome.,21
CUST-0042,DataSync Technologies,SMB,2025-02-08,Product Feedback,Communication with DataSync Technologies regarding feedback request.,37
CUST-0067,CacheMaster Solutions,SMB,2025-02-08,Email,Communication with CacheMaster Solutions regarding usage tips.,25
CUST-0126,LogStream Systems,Commercial,2025-02-08,Support Ticket,LogStream Systems reported integration help. Sentiment: Frustrated.,47
CUST-0141,WorkflowPro Group,Commercial,2025-02-08,Support Ticket,WorkflowPro Group reported performance issue. Sentiment: Frustrated.,22
CUST-0148,APIGateway Group,SMB,2025-02-08,Meeting,Quarterly business review with APIGateway Group. 4 attendees. Discussed roadmap and usage.,33
CUST-0187,AIForge Corp,SMB,2025-02-08,Product Feedback,Communication with AIForge Corp regarding product updates.,40
CUST-0020,BackupCloud Group,Commercial,2025-02-07,Support Ticket,BackupCloud Group reported bug report. Sentiment: Frustrated.,22
CUST-0087,MonitorPlus Solutions,SMB,2025-02-06,Product Feedback,Communication with MonitorPlus Solutions regarding product updates.,30
CUST-0145,DataSync Group,Enterprise,2025-02-06,Meeting,Renewal discussion with DataSync Group. 5 attendees. Discussed roadmap and usage.,32
CUST-0166,InnovateLabs Solutions,Commercial,2025-02-06,Email,Communication with InnovateLabs Solutions regarding usage tips.,31
CUST-0195,ScaleSystems Group,SMB,2025-02-06,Support Ticket,ScaleSystems Group reported integration help. Sentiment: Neutral.,21
CUST-0048,MetricsDash Solutions,SMB,2025-02-05,Meeting,Training session with MetricsDash Solutions. 4 attendees. Discussed roadmap and usage.,21
CUST-0087,MonitorPlus Solutions,SMB,2025-02-05,Product Feedback,Communication with MonitorPlus Solutions regarding billing.,30
CUST-0142,ScaleSystems Systems,SMB,2025-02-04,Meeting,Quarterly business review with ScaleSystems Systems. 4 attendees. Discussed roadmap and usage.,47
CUST-0012,AuditPro Solutions,SMB,2025-02-03,Call,Issue escalation call with AuditPro Solutions. 56 minutes. Needs follow-up outcome.,24
CUST-0087,MonitorPlus Solutions,SMB,2025-02-03,Product Feedback,Communication with MonitorPlus Solutions regarding usage tips.,30
CUST-0041,APIGateway Technologies,Commercial,2025-02-02,Product Feedback,Communication with APIGateway Technologies regarding product updates.,25
CUST-0145,DataSync Group,Enterprise,2025-02-02,Product Feedback,Communication with DataSync Group regarding usage tips.,32
CUST-0184,APIGateway Solutions,Enterprise,2025-02-02,Call,Check-in call with APIGateway Solutions. 55 minutes. Positive outcome.,23
CUST-0021,ContainerOps Corp,Enterprise,2025-02-01,Product Feedback,Communication with ContainerOps Corp regarding product updates.,22
CUST-0105,CodeCraft Inc,SMB,2025-02-01,Call,Issue escalation call with CodeCraft Inc. 52 minutes. Needs follow-up outcome.,37
CUST-0184,APIGateway Solutions,Enterprise,2025-02-01,Support Ticket,APIGateway Solutions reported feature request. Sentiment: Satisfied.,23
CUST-0001,AnalyticsCo LLC,Commercial,2025-01-31,Meeting,Renewal discussion with AnalyticsCo LLC. 6 attendees. Discussed roadmap and usage.,39
CUST-0051,CloudScale Systems,Enterprise,2025-01-31,Product Feedback,Communication with CloudScale Systems regarding feedback request.,46
CUST-0150,MonitorPlus Inc,SMB,2025-01-31,Support Ticket,MonitorPlus Inc reported integration help. Sentiment: Neutral.,38
CUST-0136,DisasterRecovery LLC,Commercial,2025-01-30,Call,Check-in call with DisasterRecovery LLC. 47 minutes. Positive outcome.,22
CUST-0013,InnovateLabs LLC,SMB,2025-01-29,Meeting,Quarterly business review with InnovateLabs LLC. 7 attendees. Discussed roadmap and usage.,26
CUST-0041,APIGateway Technologies,Commercial,2025-01-29,Meeting,Renewal discussion with APIGateway Technologies. 3 attendees. Discussed roadmap and usage.,25
CUST-0058,CodeCraft Systems,Enterprise,2025-01-29,Call,Feature question call with CodeCraft Systems. 51 minutes. Positive outcome.,35
CUST-0122,DevOpsHub Corp,SMB,2025-01-28,Email,Communication with DevOpsHub Corp regarding feedback request.,44
CUST-0123,CloudScale LLC,Commercial,2025-01-28,Meeting,Training session with CloudScale LLC. 6 attendees. Discussed roadmap and usage.,36
CUST-0137,DisasterRecovery Corp,Commercial,2025-01-26,Email,Communication with DisasterRecovery Corp regarding feedback request.,44
CUST-0032,SecureNet LLC,SMB,2025-01-25,Product Feedback,Communication with SecureNet LLC regarding usage tips.,27
CUST-0082,TechFlow Systems,SMB,2025-01-25,Support Ticket,TechFlow Systems reported bug report. Sentiment: Frustrated.,20
CUST-0120,QueueManager Group,SMB,2025-01-25,Call,Expansion discussion call with QueueManager Group. 41 minutes. Positive outcome.,21
CUST-0163,DataBridge Inc,SMB,2025-01-25,Support Ticket,DataBridge Inc reported integration help. Sentiment: Neutral.,27
CUST-0185,DataBridge LLC,Enterprise,2025-01-25,Call,Issue escalation call with DataBridge LLC. 53 minutes. Needs follow-up outcome.,46
CUST-0020,BackupCloud Group,Commercial,2025-01-24,Email,Communication with BackupCloud Group regarding feedback request.,22
CUST-0041,APIGateway Technologies,Commercial,2025-01-24,Email,Communication with APIGateway Technologies regarding billing.,25
CUST-0067,CacheMaster Solutions,SMB,2025-01-24,Meeting,Training session with CacheMaster Solutions. 8 attendees. Discussed roadmap and usage.,25
CUST-0012,AuditPro Solutions,SMB,2025-01-23,Email,Communication with AuditPro Solutions regarding usage tips.,24
CUST-0017,CloudVision LLC,Enterprise,2025-01-23,Product Feedback,Communication with CloudVision LLC regarding billing.,20
CUST-0127,MetricsDash Labs,Enterprise,2025-01-22,Support Ticket,MetricsDash Labs reported bug report. Sentiment: Satisfied.,38
CUST-0193,LoadBalance LLC,Commercial,2025-01-22,Product Feedback,Communication with LoadBalance LLC regarding usage tips.,47
CUST-0195,ScaleSystems Group,SMB,2025-01-22,Call,Check-in call with ScaleSystems Group. 21 minutes. Positive outcome.,21
CUST-0013,InnovateLabs LLC,SMB,2025-01-21,Email,Communication with InnovateLabs LLC regarding usage tips.,26
CUST-0032,SecureNet LLC,SMB,2025-01-21,Meeting,Renewal discussion with SecureNet LLC. 4 attendees. Discussed roadmap and usage.,27
CUST-0060,ContainerOps LLC,Commercial,2025-01-21,Call,Check-in call with ContainerOps LLC. 26 minutes. Positive outcome.,27
CUST-0014,CodeCraft Group,Commercial,2025-01-20,Product Feedback,Communication with CodeCraft Group regarding billing.,29
CUST-0038,InnovateLabs Corp,SMB,2025-01-20,Email,Communication with InnovateLabs Corp regarding feedback request.,18
CUST-0101,IntegrationHQ Systems,Commercial,2025-01-19,Support Ticket,IntegrationHQ Systems reported feature request. Sentiment: Frustrated.,31
CUST-0040,IntegrationHQ LLC,Commercial,2025-01-18,Support Ticket,IntegrationHQ LLC reported integration help. Sentiment: Neutral.,18
CUST-0052,DevOpsHub Inc,SMB,2025-01-17,Product Feedback,Communication with DevOpsHub Inc regarding usage tips.,34
CUST-0165,ComplianceHub Labs,SMB,2025-01-17,Call,Check-in call with ComplianceHub Labs. 41 minutes. Positive outcome.,20
CUST-0086,StreamPro LLC,SMB,2025-01-16,Email,Communication with StreamPro LLC regarding feedback request.,35
CUST-0136,DisasterRecovery LLC,Commercial,2025-01-15,Email,Communication with DisasterRecovery LLC regarding feedback request.,22
CUST-0017,CloudVision LLC,Enterprise,2025-01-14,Meeting,Feature demo with CloudVision LLC. 5 attendees. Discussed roadmap and usage.,20
CUST-0100,DisasterRecovery Inc,SMB,2025-01-14,Product Feedback,Communication with DisasterRecovery Inc regarding usage tips.,39
CUST-0141,WorkflowPro Group,Commercial,2025-01-14,Email,Communication with WorkflowPro Group regarding usage tips.,22
CUST-0188,LoadBalance Solutions,SMB,2025-01-14,Meeting,Renewal discussion with LoadBalance Solutions. 6 attendees. Discussed roadmap and usage.,26
CUST-0024,CloudScale Technologies,Commercial,2025-01-13,Meeting,Training session with CloudScale Technologies. 5 attendees. Discussed roadmap and usage.,18
CUST-0085,AuditPro Inc,Commercial,2025-01-13,Meeting,Feature demo with AuditPro Inc. 3 attendees. Discussed roadmap and usage.,40
CUST-0072,AnalyticsCo Labs,SMB,2025-01-10,Call,Check-in call with AnalyticsCo Labs. 47 minutes. Positive outcome.,46
CUST-0038,InnovateLabs Corp,SMB,2025-01-09,Call,Expansion discussion call with InnovateLabs Corp. 30 minutes. Positive outcome.,18
CUST-0060,ContainerOps LLC,Commercial,2025-01-09,Call,Expansion discussion call with ContainerOps LLC. 40 minutes. Positive outcome.,27
CUST-0184,APIGateway Solutions,Enterprise,2025-01-09,Product Feedback,Communication with APIGateway Solutions regarding billing.,23
CUST-0013,InnovateLabs LLC,SMB,2025-01-08,Call,Issue escalation call with InnovateLabs LLC. 48 minutes. Needs follow-up outcome.,26
CUST-0173,CloudVision Solutions,Commercial,2025-01-08,Call,Expansion discussion call with CloudVision Solutions. 51 minutes. Positive outcome.,33
CUST-0035,DataSync Inc,Commercial,2025-01-07,Call,Expansion discussion call with DataSync Inc. 27 minutes. Positive outcome.,27
CUST-0051,CloudScale Systems,Enterprise,2025-01-07,Call,Issue escalation call with CloudScale Systems. 37 minutes. Needs follow-up outcome.,46
CUST-0024,CloudScale Technologies,Commercial,2025-01-06,Support Ticket,CloudScale Technologies reported integration help. Sentiment: Satisfied.,18
CUST-0141,WorkflowPro Group,Commercial,2025-01-06,Email,Communication with WorkflowPro Group regarding product updates.,22
CUST-0184,APIGateway Solutions,Enterprise,2025-01-06,Meeting,Renewal discussion with APIGateway Solutions. 7 attendees. Discussed roadmap and usage.,23
CUST-0037,WorkflowPro Inc,Commercial,2025-01-05,Support Ticket,WorkflowPro Inc reported integration help. Sentiment: Satisfied.,30
CUST-0196,AuditPro Corp,SMB,2025-01-04,Product Feedback,Communication with AuditPro Corp regarding billing.,30
CUST-0161,AnalyticsCo Solutions,SMB,2025-01-03,Product Feedback,Communication with AnalyticsCo Solutions regarding feedback request.,32
CUST-0169,CodeCraft Technologies,Commercial,2025-01-02,Product Feedback,Communication with CodeCraft Technologies regarding billing.,36
CUST-0184,APIGateway Solutions,Enterprise,2025-01-02,Support Ticket,APIGateway Solutions reported performance issue. Sentiment: Satisfied.,23
CUST-0026,LoadBalance Group,SMB,2025-01-01,Call,Issue escalation call with LoadBalance Group. 44 minutes. Needs follow-up outcome.,38
CUST-0032,SecureNet LLC,SMB,2025-01-01,Meeting,Feature demo with SecureNet LLC. 4 attendees. Discussed roadmap and usage.,27
CUST-0048,MetricsDash Solutions,SMB,2025-01-01,Meeting,Training session with MetricsDash Solutions. 2 attendees. Discussed roadmap and usage.,21
CUST-0095,IntegrationHQ Technologies,Commercial,2025-01-01,Meeting,Quarterly business review with IntegrationHQ Technologies. 5 attendees. Discussed roadmap and usage.,47
CUST-0184,APIGateway Solutions,Enterprise,2025-01-01,Meeting,Quarterly business review with APIGateway Solutions. 8 attendees. Discussed roadmap and usage.,23
CUST-0091,DisasterRecovery Technologies,SMB,2024-12-31,Call,Feature question call with DisasterRecovery Technologies. 24 minutes. Positive outcome.,35
CUST-0110,ContainerOps Solutions,SMB,2024-12-31,Call,Expansion discussion call with ContainerOps Solutions. 47 minutes. Positive outcome.,27
CUST-0147,DisasterRecovery Systems,Enterprise,2024-12-31,Product Feedback,Communication with DisasterRecovery Systems regarding usage tips.,28
CUST-0178,MonitorPlus Systems,Enterprise,2024-12-31,Email,Communication with MonitorPlus Systems regarding product updates.,45
CUST-0035,DataSync Inc,Commercial,2024-12-30,Product Feedback,Communication with DataSync Inc regarding usage tips.,27
CUST-0186,DataSync Corp,Enterprise,2024-12-30,Product Feedback,Communication with DataSync Corp regarding feedback request.,24
CUST-0116,LogStream Corp,SMB,2024-12-29,Call,Issue escalation call with LogStream Corp. 56 minutes. Needs follow-up outcome.,46
CUST-0155,AnalyticsCo Corp,SMB,2024-12-29,Support Ticket,AnalyticsCo Corp reported integration help. Sentiment: Frustrated.,28
CUST-0010,AnalyticsCo Inc,Commercial,2024-12-28,Support Ticket,AnalyticsCo Inc reported feature request. Sentiment: Frustrated.,22
CUST-0063,WorkflowPro Corp,Commercial,2024-12-28,Product Feedback,Communication with WorkflowPro Corp regarding product updates.,21
CUST-0138,DevOpsHub Group,SMB,2024-12-28,Email,Communication with DevOpsHub Group regarding billing.,38
CUST-0150,MonitorPlus Inc,SMB,2024-12-28,Call,Check-in call with MonitorPlus Inc. 44 minutes. Positive outcome.,38
CUST-0181,CloudVision Inc,SMB,2024-12-28,Call,Check-in call with CloudVision Inc. 15 minutes. Positive outcome.,25
CUST-0101,IntegrationHQ Systems,Commercial,2024-12-27,Email,Communication with IntegrationHQ Systems regarding billing.,31
CUST-0020,BackupCloud Group,Commercial,2024-12-26,Email,Communication with BackupCloud Group regarding feedback request.,22
CUST-0098,StreamPro Systems,SMB,2024-12-26,Support Ticket,StreamPro Systems reported feature request. Sentiment: Satisfied.,43
CUST-0155,AnalyticsCo Corp,SMB,2024-12-26,Product Feedback,Communication with AnalyticsCo Corp regarding usage tips.,28
CUST-0102,DevOpsHub Systems,SMB,2024-12-25,Meeting,Quarterly business review with DevOpsHub Systems. 4 attendees. Discussed roadmap and usage.,38
CUST-0118,AIForge Solutions,Commercial,2024-12-25,Support Ticket,AIForge Solutions reported performance issue. Sentiment: Satisfied.,20
CUST-0137,DisasterRecovery Corp,Commercial,2024-12-25,Call,Issue escalation call with DisasterRecovery Corp. 48 minutes. Needs follow-up outcome.,44
CUST-0015,DataBridge Corp,Commercial,2024-12-24,Support Ticket,DataBridge Corp reported performance issue. Sentiment: Frustrated.,29
CUST-0109,MonitorPlus Labs,SMB,2024-12-24,Meeting,Quarterly business review with MonitorPlus Labs. 5 attendees. Discussed roadmap and usage.,35
CUST-0142,ScaleSystems Systems,SMB,2024-12-24,Meeting,Training session with ScaleSystems Systems. 2 attendees. Discussed roadmap and usage.,47
CUST-0156,CloudVision Technologies,Commercial,2024-12-24,Meeting,Feature demo with CloudVision Technologies. 2 attendees. Discussed roadmap and usage.,39
CUST-0166,InnovateLabs Solutions,Commercial,2024-12-24,Email,Communication with InnovateLabs Solutions regarding usage tips.,31
CUST-0113,IntegrationHQ Group,Commercial,2024-12-23,Email,Communication with IntegrationHQ Group regarding usage tips.,48
CUST-0058,CodeCraft Systems,Enterprise,2024-12-22,Product Feedback,Communication with CodeCraft Systems regarding billing.,35
CUST-0062,AuditPro Systems,SMB,2024-12-22,Meeting,Renewal discussion with AuditPro Systems. 6 attendees. Discussed roadmap and usage.,47
CUST-0120,QueueManager Group,SMB,2024-12-22,Product Feedback,Communication with QueueManager Group regarding billing.,21
CUST-0190,MetricsDash Corp,Commercial,2024-12-22,Product Feedback,Communication with MetricsDash Corp regarding billing.,38
CUST-0130,QueueManager Systems,SMB,2024-12-21,Meeting,Training session with QueueManager Systems. 3 attendees. Discussed roadmap and usage.,43
CUST-0155,AnalyticsCo Corp,SMB,2024-12-21,Email,Communication with AnalyticsCo Corp regarding product updates.,28
CUST-0005,IntegrationHQ Solutions,Commercial,2024-12-20,Meeting,Quarterly business review with IntegrationHQ Solutions. 5 attendees. Discussed roadmap and usage.,21
CUST-0009,CacheMaster Labs,Commercial,2024-12-20,Call,Check-in call with CacheMaster Labs. 49 minutes. Positive outcome.,39
CUST-0067,CacheMaster Solutions,SMB,2024-12-19,Email,Communication with CacheMaster Solutions regarding product updates.,25
CUST-0028,CacheMaster Inc,SMB,2024-12-18,Support Ticket,CacheMaster Inc reported performance issue. Sentiment: Frustrated.,24
CUST-0070,MicroServe Inc,Enterprise,2024-12-18,Email,Communication with MicroServe Inc regarding billing.,19
CUST-0111,CloudVision Corp,Commercial,2024-12-18,Email,Communication with CloudVision Corp regarding feedback request.,33
CUST-0067,CacheMaster Solutions,SMB,2024-12-17,Meeting,Quarterly business review with CacheMaster Solutions. 3 attendees. Discussed roadmap and usage.,25
CUST-0186,DataSync Corp,Enterprise,2024-12-17,Meeting,Feature demo with DataSync Corp. 8 attendees. Discussed roadmap and usage.,24
CUST-0191,InnovateLabs Systems,SMB,2024-12-17,Call,Expansion discussion call with InnovateLabs Systems. 31 minutes. Positive outcome.,29
CUST-0017,CloudVision LLC,Enterprise,2024-12-16,Product Feedback,Communication with CloudVision LLC regarding feedback request.,20
CUST-0042,DataSync Technologies,SMB,2024-12-16,Product Feedback,Communication with DataSync Technologies regarding billing.,37
CUST-0186,DataSync Corp,Enterprise,2024-12-16,Email,Communication with DataSync Corp regarding feedback request.,24
CUST-0163,DataBridge Inc,SMB,2024-12-15,Meeting,Training session with DataBridge Inc. 7 attendees. Discussed roadmap and usage.,27
CUST-0132,StreamPro Inc,Commercial,2024-12-14,Email,Communication with StreamPro Inc regarding feedback request.,39
CUST-0011,CloudScale Group,SMB,2024-12-13,Product Feedback,Communication with CloudScale Group regarding product updates.,41
CUST-0113,IntegrationHQ Group,Commercial,2024-12-13,Product Feedback,Communication with IntegrationHQ Group regarding billing.,48
CUST-0163,DataBridge Inc,SMB,2024-12-13,Meeting,Quarterly business review with DataBridge Inc. 4 attendees. Discussed roadmap and usage.,27
CUST-0061,MicroServe Technologies,Enterprise,2024-12-12,Call,Expansion discussion call with MicroServe Technologies. 21 minutes. Positive outcome.,31
CUST-0028,CacheMaster Inc,SMB,2024-12-11,Product Feedback,Communication with CacheMaster Inc regarding usage tips.,24
CUST-0118,AIForge Solutions,Commercial,2024-12-11,Support Ticket,AIForge Solutions reported performance issue. Sentiment: Satisfied.,20
CUST-0191,InnovateLabs Systems,SMB,2024-12-11,Email,Communication with InnovateLabs Systems regarding product updates.,29
CUST-0082,TechFlow Systems,SMB,2024-12-10,Meeting,Quarterly business review with TechFlow Systems. 7 attendees. Discussed roadmap and usage.,20
CUST-0086,StreamPro LLC,SMB,2024-12-10,Support Ticket,StreamPro LLC reported feature request. Sentiment: Satisfied.,35
CUST-0014,CodeCraft Group,Commercial,2024-12-08,Meeting,Quarterly business review with CodeCraft Group. 7 attendees. Discussed roadmap and usage.,29
CUST-0136,DisasterRecovery LLC,Commercial,2024-12-08,Support Ticket,DisasterRecovery LLC reported bug report. Sentiment: Neutral.,22
CUST-0137,DisasterRecovery Corp,Commercial,2024-12-08,Product Feedback,Communication with DisasterRecovery Corp regarding feedback request.,44
CUST-0158,DevOpsHub LLC,SMB,2024-12-07,Email,Communication with DevOpsHub LLC regarding feedback request.,47
CUST-0184,APIGateway Solutions,Enterprise,2024-12-07,Email,Communication with APIGateway Solutions regarding product updates.,23
CUST-0002,DataBridge Solutions,Commercial,2024-12-06,Email,Communication with DataBridge Solutions regarding product updates.,44
CUST-0169,CodeCraft Technologies,Commercial,2024-12-06,Email,Communication with CodeCraft Technologies regarding feedback request.,36
CUST-0195,ScaleSystems Group,SMB,2024-12-06,Email,Communication with ScaleSystems Group regarding product updates.,21
CUST-0193,LoadBalance LLC,Commercial,2024-12-05,Support Ticket,LoadBalance LLC reported bug report. Sentiment: Satisfied.,47
CUST-0052,DevOpsHub Inc,SMB,2024-12-04,Meeting,Feature demo with DevOpsHub Inc. 4 attendees. Discussed roadmap and usage.,34
CUST-0158,DevOpsHub LLC,SMB,2024-12-04,Product Feedback,Communication with DevOpsHub LLC regarding usage tips.,47
CUST-0111,CloudVision Corp,Commercial,2024-12-03,Support Ticket,CloudVision Corp reported performance issue. Sentiment: Neutral.,33
CUST-0180,APIGateway LLC,Commercial,2024-12-02,Product Feedback,Communication with APIGateway LLC regarding billing.,47
CUST-0014,CodeCraft Group,Commercial,2024-12-01,Email,Communication with CodeCraft Group regarding product updates.,29
CUST-0119,LogStream Inc,Enterprise,2024-12-01,Meeting,Feature demo with LogStream Inc. 3 attendees. Discussed roadmap and usage.,36
CUST-0144,LogStream Technologies,Commercial,2024-12-01,Product Feedback,Communication with LogStream Technologies regarding usage tips.,29
CUST-0193,LoadBalance LLC,Commercial,2024-12-01,Call,Expansion discussion call with LoadBalance LLC. 47 minutes. Positive outcome.,47
CUST-0061,MicroServe Technologies,Enterprise,2024-11-30,Call,Feature question call with MicroServe Technologies. 45 minutes. Positive outcome.,31
CUST-0135,CloudScale Labs,SMB,2024-11-30,Product Feedback,Communication with CloudScale Labs regarding usage tips.,42
CUST-0001,AnalyticsCo LLC,Commercial,2024-11-29,Meeting,Renewal discussion with AnalyticsCo LLC. 8 attendees. Discussed roadmap and usage.,39
CUST-0065,TechFlow Technologies,Commercial,2024-11-29,Call,Expansion discussion call with TechFlow Technologies. 33 minutes. Positive outcome.,34
CUST-0086,StreamPro LLC,SMB,2024-11-29,Call,Feature question call with StreamPro LLC. 49 minutes. Positive outcome.,35
CUST-0195,ScaleSystems Group,SMB,2024-11-29,Email,Communication with ScaleSystems Group regarding usage tips.,21
CUST-0102,DevOpsHub Systems,SMB,2024-11-28,Meeting,Feature demo with DevOpsHub Systems. 2 attendees. Discussed roadmap and usage.,38
CUST-0142,ScaleSystems Systems,SMB,2024-11-28,Support Ticket,ScaleSystems Systems reported integration help. Sentiment: Frustrated.,47
CUST-0011,CloudScale Group,SMB,2024-11-26,Support Ticket,CloudScale Group reported integration help. Sentiment: Satisfied.,41
CUST-0101,IntegrationHQ Systems,Commercial,2024-11-25,Product Feedback,Communication with IntegrationHQ Systems regarding usage tips.,31
CUST-0013,InnovateLabs LLC,SMB,2024-11-24,Support Ticket,InnovateLabs LLC reported bug report. Sentiment: Neutral.,26
CUST-0111,CloudVision Corp,Commercial,2024-11-24,Product Feedback,Communication with CloudVision Corp regarding billing.,33
CUST-0196,AuditPro Corp,SMB,2024-11-24,Product Feedback,Communication with AuditPro Corp regarding billing.,30
CUST-0006,AuditPro LLC,Commercial,2024-11-23,Meeting,Feature demo with AuditPro LLC. 7 attendees. Discussed roadmap and usage.,37
CUST-0182,WorkflowPro Systems,Commercial,2024-11-23,Meeting,Feature demo with WorkflowPro Systems. 4 attendees. Discussed roadmap and usage.,44
CUST-0087,MonitorPlus Solutions,SMB,2024-11-22,Support Ticket,MonitorPlus Solutions reported bug report. Sentiment: Frustrated.,30
CUST-0131,ComplianceHub Technologies,SMB,2024-11-22,Email,Communication with ComplianceHub Technologies regarding billing.,45
CUST-0066,ContainerOps Systems,SMB,2024-11-21,Call,Expansion discussion call with ContainerOps Systems. 22 minutes. Positive outcome.,31
CUST-0083,DisasterRecovery Labs,Enterprise,2024-11-21,Call,Issue escalation call with DisasterRecovery Labs. 30 minutes. Needs follow-up outcome.,44
CUST-0091,DisasterRecovery Technologies,SMB,2024-11-21,Call,Check-in call with DisasterRecovery Technologies. 41 minutes. Positive outcome.,35
CUST-0155,AnalyticsCo Corp,SMB,2024-11-21,Email,Communication with AnalyticsCo Corp regarding usage tips.,28
CUST-0018,CloudScale Corp,SMB,2024-11-20,Meeting,Renewal discussion with CloudScale Corp. 2 attendees. Discussed roadmap and usage.,41
CUST-0020,BackupCloud Group,Commercial,2024-11-20,Call,Issue escalation call with BackupCloud Group. 48 minutes. Needs follow-up outcome.,22
CUST-0131,ComplianceHub Technologies,SMB,2024-11-19,Email,Communication with ComplianceHub Technologies regarding product updates.,45
CUST-0195,ScaleSystems Group,SMB,2024-11-19,Call,Check-in call with ScaleSystems Group. 36 minutes. Positive outcome.,21
CUST-0195,ScaleSystems Group,SMB,2024-11-17,Email,Communication with ScaleSystems Group regarding usage tips.,21
CUST-0050,SecurityFirst Group,SMB,2024-11-16,Call,Check-in call with SecurityFirst Group. 29 minutes. Positive outcome.,41
CUST-0145,DataSync Group,Enterprise,2024-11-16,Product Feedback,Communication with DataSync Group regarding feedback request.,32
CUST-0090,StreamPro Technologies,SMB,2024-11-15,Meeting,Training session with StreamPro Technologies. 3 attendees. Discussed roadmap and usage.,39
CUST-0190,MetricsDash Corp,Commercial,2024-11-15,Email,Communication with MetricsDash Corp regarding feedback request.,38
CUST-0028,CacheMaster Inc,SMB,2024-11-13,Meeting,Renewal discussion with CacheMaster Inc. 2 attendees. Discussed roadmap and usage.,24
CUST-0048,MetricsDash Solutions,SMB,2024-11-13,Meeting,Quarterly business review with MetricsDash Solutions. 2 attendees. Discussed roadmap and usage.,21
CUST-0016,APIGateway Inc,SMB,2024-11-12,Email,Communication with APIGateway Inc regarding usage tips.,32
CUST-0031,MonitorPlus Technologies,Commercial,2024-11-12,Product Feedback,Communication with MonitorPlus Technologies regarding billing.,45
CUST-0089,ScaleSystems Technologies,SMB,2024-11-12,Support Ticket,ScaleSystems Technologies reported performance issue. Sentiment: Neutral.,43
CUST-0029,BackupCloud Technologies,SMB,2024-11-11,Email,Communication with BackupCloud Technologies regarding feedback request.,25
CUST-0141,WorkflowPro Group,Commercial,2024-11-11,Call,Issue escalation call with WorkflowPro Group. 54 minutes. Needs follow-up outcome.,22
CUST-0179,CodeCraft Corp,Commercial,2024-11-11,Call,Issue escalation call with CodeCraft Corp. 17 minutes. Needs follow-up outcome.,42
CUST-0194,CacheMaster Group,SMB,2024-11-10,Product Feedback,Communication with CacheMaster Group regarding billing.,28
CUST-0007,DisasterRecovery Solutions,SMB,2024-11-09,Support Ticket,DisasterRecovery Solutions reported integration help. Sentiment: Satisfied.,41
CUST-0018,CloudScale Corp,SMB,2024-11-09,Email,Communication with CloudScale Corp regarding billing.,41
CUST-0184,APIGateway Solutions,Enterprise,2024-11-09,Product Feedback,Communication with APIGateway Solutions regarding feedback request.,23
CUST-0095,IntegrationHQ Technologies,Commercial,2024-11-08,Meeting,Quarterly business review with IntegrationHQ Technologies. 2 attendees. Discussed roadmap and usage.,47
CUST-0181,CloudVision Inc,SMB,2024-11-08,Call,Expansion discussion call with CloudVision Inc. 22 minutes. Positive outcome.,25
CUST-0190,MetricsDash Corp,Commercial,2024-11-08,Call,Issue escalation call with MetricsDash Corp. 41 minutes. Needs follow-up outcome.,38
CUST-0192,WorkflowPro Solutions,SMB,2024-11-08,Call,Expansion discussion call with WorkflowPro Solutions. 23 minutes. Positive outcome.,28
CUST-0042,DataSync Technologies,SMB,2024-11-07,Meeting,Renewal discussion with DataSync Technologies. 6 attendees. Discussed roadmap and usage.,37
CUST-0046,DisasterRecovery Group,SMB,2024-11-06,Support Ticket,DisasterRecovery Group reported bug report. Sentiment: Neutral.,36
CUST-0067,CacheMaster Solutions,SMB,2024-11-06,Meeting,Renewal discussion with CacheMaster Solutions. 3 attendees. Discussed roadmap and usage.,25
CUST-0138,DevOpsHub Group,SMB,2024-11-06,Support Ticket,DevOpsHub Group reported integration help. Sentiment: Satisfied.,38
CUST-0085,AuditPro Inc,Commercial,2024-11-05,Call,Expansion discussion call with AuditPro Inc. 17 minutes. Positive outcome.,40
CUST-0138,DevOpsHub Group,SMB,2024-11-05,Call,Expansion discussion call with DevOpsHub Group. 49 minutes. Positive outcome.,38
CUST-0138,DevOpsHub Group,SMB,2024-11-05,Product Feedback,Communication with DevOpsHub Group regarding usage tips.,38
CUST-0196,AuditPro Corp,SMB,2024-11-04,Call,Feature question call with AuditPro Corp. 48 minutes. Needs follow-up outcome.,30
CUST-0001,AnalyticsCo LLC,Commercial,2024-11-03,Product Feedback,Communication with AnalyticsCo LLC regarding product updates.,39
CUST-0187,AIForge Corp,SMB,2024-11-03,Product Feedback,Communication with AIForge Corp regarding billing.,40
CUST-0127,MetricsDash Labs,Enterprise,2024-11-02,Support Ticket,MetricsDash Labs reported performance issue. Sentiment: Satisfied.,38
CUST-0141,WorkflowPro Group,Commercial,2024-11-02,Meeting,Training session with WorkflowPro Group. 3 attendees. Discussed roadmap and usage.,22
CUST-0182,WorkflowPro Systems,Commercial,2024-11-02,Call,Issue escalation call with WorkflowPro Systems. 35 minutes. Needs follow-up outcome.,44
CUST-0178,MonitorPlus Systems,Enterprise,2024-11-01,Support Ticket,MonitorPlus Systems reported feature request. Sentiment: Neutral.,45
CUST-0187,AIForge Corp,SMB,2024-11-01,Call,Issue escalation call with AIForge Corp. 57 minutes. Needs follow-up outcome.,40
CUST-0036,QueueManager Labs,Commercial,2024-10-31,Support Ticket,QueueManager Labs reported performance issue. Sentiment: Frustrated.,25
CUST-0086,StreamPro LLC,SMB,2024-10-31,Support Ticket,StreamPro LLC reported integration help. Sentiment: Satisfied.,35
CUST-0012,AuditPro Solutions,SMB,2024-10-30,Support Ticket,AuditPro Solutions reported bug report. Sentiment: Neutral.,24
CUST-0066,ContainerOps Systems,SMB,2024-10-30,Product Feedback,Communication with ContainerOps Systems regarding billing.,31
CUST-0005,IntegrationHQ Solutions,Commercial,2024-10-29,Product Feedback,Communication with IntegrationHQ Solutions regarding usage tips.,21
CUST-0072,AnalyticsCo Labs,SMB,2024-10-29,Email,Communication with AnalyticsCo Labs regarding product updates.,46
CUST-0090,StreamPro Technologies,SMB,2024-10-29,Email,Communication with StreamPro Technologies regarding billing.,39
CUST-0148,APIGateway Group,SMB,2024-10-29,Email,Communication with APIGateway Group regarding usage tips.,33
CUST-0055,SecureNet Inc,SMB,2024-10-28,Product Feedback,Communication with SecureNet Inc regarding product updates.,47
CUST-0155,AnalyticsCo Corp,SMB,2024-10-27,Product Feedback,Communication with AnalyticsCo Corp regarding product updates.,28
CUST-0187,AIForge Corp,SMB,2024-10-27,Email,Communication with AIForge Corp regarding billing.,40
CUST-0120,QueueManager Group,SMB,2024-10-26,Email,Communication with QueueManager Group regarding usage tips.,21
CUST-0190,MetricsDash Corp,Commercial,2024-10-26,Product Feedback,Communication with MetricsDash Corp regarding usage tips.,38
CUST-0012,AuditPro Solutions,SMB,2024-10-25,Support Ticket,AuditPro Solutions reported feature request. Sentiment: Neutral.,24
CUST-0145,DataSync Group,Enterprise,2024-10-25,Meeting,Feature demo with DataSync Group. 4 attendees. Discussed roadmap and usage.,32
CUST-0191,InnovateLabs Systems,SMB,2024-10-25,Email,Communication with InnovateLabs Systems regarding feedback request.,29
CUST-0034,QueueManager Solutions,Commercial,2024-10-24,Email,Communication with QueueManager Solutions regarding product updates.,39
CUST-0085,AuditPro Inc,Commercial,2024-10-21,Support Ticket,AuditPro Inc reported integration help. Sentiment: Neutral.,40
CUST-0094,LogStream Labs,Enterprise,2024-10-21,Support Ticket,LogStream Labs reported bug report. Sentiment: Neutral.,39
CUST-0072,AnalyticsCo Labs,SMB,2024-10-20,Email,Communication with AnalyticsCo Labs regarding billing.,46
CUST-0001,AnalyticsCo LLC,Commercial,2024-10-19,Call,Issue escalation call with AnalyticsCo LLC. 43 minutes. Needs follow-up outcome.,39
CUST-0063,WorkflowPro Corp,Commercial,2024-10-19,Support Ticket,WorkflowPro Corp reported feature request. Sentiment: Satisfied.,21
CUST-0130,QueueManager Systems,SMB,2024-10-19,Email,Communication with QueueManager Systems regarding billing.,43
CUST-0130,QueueManager Systems,SMB,2024-10-18,Product Feedback,Communication with QueueManager Systems regarding usage tips.,43
CUST-0173,CloudVision Solutions,Commercial,2024-10-18,Email,Communication with CloudVision Solutions regarding billing.,33
CUST-0190,MetricsDash Corp,Commercial,2024-10-18,Product Feedback,Communication with MetricsDash Corp regarding billing.,38
CUST-0046,DisasterRecovery Group,SMB,2024-10-17,Support Ticket,DisasterRecovery Group reported performance issue. Sentiment: Neutral.,36
CUST-0108,DevTools LLC,Enterprise,2024-10-17,Email,Communication with DevTools LLC regarding billing.,41
CUST-0144,LogStream Technologies,Commercial,2024-10-17,Meeting,Quarterly business review with LogStream Technologies. 2 attendees. Discussed roadmap and usage.,29
CUST-0181,CloudVision Inc,SMB,2024-10-17,Support Ticket,CloudVision Inc reported bug report. Sentiment: Neutral.,25
CUST-0120,QueueManager Group,SMB,2024-10-16,Call,Feature question call with QueueManager Group. 21 minutes. Positive outcome.,21
CUST-0185,DataBridge LLC,Enterprise,2024-10-16,Call,Issue escalation call with DataBridge LLC. 16 minutes. Needs follow-up outcome.,46
CUST-0001,AnalyticsCo LLC,Commercial,2024-10-15,Call,Issue escalation call with AnalyticsCo LLC. 35 minutes. Needs follow-up outcome.,39
CUST-0016,APIGateway Inc,SMB,2024-10-15,Support Ticket,APIGateway Inc reported performance issue. Sentiment: Neutral.,32
CUST-0031,MonitorPlus Technologies,Commercial,2024-10-15,Product Feedback,Communication with MonitorPlus Technologies regarding billing.,45
CUST-0060,ContainerOps LLC,Commercial,2024-10-15,Meeting,Renewal discussion with ContainerOps LLC. 2 attendees. Discussed roadmap and usage.,27
CUST-0135,CloudScale Labs,SMB,2024-10-15,Email,Communication with CloudScale Labs regarding usage tips.,42
CUST-0169,CodeCraft Technologies,Commercial,2024-10-15,Email,Communication with CodeCraft Technologies regarding product updates.,36
CUST-0021,ContainerOps Corp,Enterprise,2024-10-14,Product Feedback,Communication with ContainerOps Corp regarding usage tips.,22
CUST-0156,CloudVision Technologies,Commercial,2024-10-14,Call,Feature question call with CloudVision Technologies. 22 minutes. Positive outcome.,39
CUST-0157,AIForge Inc,Enterprise,2024-10-14,Call,Issue escalation call with AIForge Inc. 32 minutes. Needs follow-up outcome.,48
CUST-0001,AnalyticsCo LLC,Commercial,2024-10-13,Call,Issue escalation call with AnalyticsCo LLC. 37 minutes. Needs follow-up outcome.,39
CUST-0095,IntegrationHQ Technologies,Commercial,2024-10-13,Meeting,Feature demo with IntegrationHQ Technologies. 5 attendees. Discussed roadmap and usage.,47
CUST-0147,DisasterRecovery Systems,Enterprise,2024-10-12,Product Feedback,Communication with DisasterRecovery Systems regarding feedback request.,28
CUST-0179,CodeCraft Corp,Commercial,2024-10-12,Product Feedback,Communication with CodeCraft Corp regarding product updates.,42
CUST-0036,QueueManager Labs,Commercial,2024-10-11,Email,Communication with QueueManager Labs regarding feedback request.,25
CUST-0141,WorkflowPro Group,Commercial,2024-10-11,Email,Communication with WorkflowPro Group regarding product updates.,22
CUST-0012,AuditPro Solutions,SMB,2024-10-09,Product Feedback,Communication with AuditPro Solutions regarding billing.,24
CUST-0090,StreamPro Technologies,SMB,2024-10-09,Support Ticket,StreamPro Technologies reported feature request. Sentiment: Frustrated.,39
CUST-0148,APIGateway Group,SMB,2024-10-09,Email,Communication with APIGateway Group regarding usage tips.,33
CUST-0192,WorkflowPro Solutions,SMB,2024-10-09,Product Feedback,Communication with WorkflowPro Solutions regarding product updates.,28
CUST-0182,WorkflowPro Systems,Commercial,2024-10-08,Meeting,Training session with WorkflowPro Systems. 7 attendees. Discussed roadmap and usage.,44
CUST-0188,LoadBalance Solutions,SMB,2024-10-08,Support Ticket,LoadBalance Solutions reported performance issue. Sentiment: Neutral.,26
CUST-0010,AnalyticsCo Inc,Commercial,2024-10-07,Meeting,Renewal discussion with AnalyticsCo Inc. 5 attendees. Discussed roadmap and usage.,22
CUST-0020,BackupCloud Group,Commercial,2024-10-07,Meeting,Quarterly business review with BackupCloud Group. 8 attendees. Discussed roadmap and usage.,22
CUST-0059,CloudScale Solutions,SMB,2024-10-07,Meeting,Training session with CloudScale Solutions. 4 attendees. Discussed roadmap and usage.,37
CUST-0138,DevOpsHub Group,SMB,2024-10-07,Email,Communication with DevOpsHub Group regarding billing.,38
CUST-0166,InnovateLabs Solutions,Commercial,2024-10-06,Email,Communication with InnovateLabs Solutions regarding product updates.,31
CUST-0186,DataSync Corp,Enterprise,2024-10-06,Product Feedback,Communication with DataSync Corp regarding feedback request.,24
CUST-0007,DisasterRecovery Solutions,SMB,2024-10-05,Call,Expansion discussion call with DisasterRecovery Solutions. 15 minutes. Positive outcome.,41
CUST-0181,CloudVision Inc,SMB,2024-10-03,Product Feedback,Communication with CloudVision Inc regarding product updates.,25
CUST-0067,CacheMaster Solutions,SMB,2024-10-02,Call,Issue escalation call with CacheMaster Solutions. 39 minutes. Needs follow-up outcome.,25
CUST-0089,ScaleSystems Technologies,SMB,2024-10-01,Product Feedback,Communication with ScaleSystems Technologies regarding billing.,43
CUST-0155,AnalyticsCo Corp,SMB,2024-10-01,Meeting,Renewal discussion with AnalyticsCo Corp. 4 attendees. Discussed roadmap and usage.,28
CUST-0191,InnovateLabs Systems,SMB,2024-10-01,Support Ticket,InnovateLabs Systems reported performance issue. Sentiment: Neutral.,29
CUST-0068,ScaleSystems Solutions,Commercial,2024-09-30,Support Ticket,ScaleSystems Solutions reported bug report. Sentiment: Neutral.,25
CUST-0147,DisasterRecovery Systems,Enterprise,2024-09-30,Call,Check-in call with DisasterRecovery Systems. 16 minutes. Positive outcome.,28
CUST-0181,CloudVision Inc,SMB,2024-09-30,Call,Check-in call with CloudVision Inc. 17 minutes. Positive outcome.,25
CUST-0148,APIGateway Group,SMB,2024-09-29,Call,Feature question call with APIGateway Group. 19 minutes. Positive outcome.,33
CUST-0072,AnalyticsCo Labs,SMB,2024-09-27,Support Ticket,AnalyticsCo Labs reported performance issue. Sentiment: Satisfied.,46
CUST-0015,DataBridge Corp,Commercial,2024-09-26,Meeting,Feature demo with DataBridge Corp. 8 attendees. Discussed roadmap and usage.,29
CUST-0191,InnovateLabs Systems,SMB,2024-09-26,Meeting,Training session with InnovateLabs Systems. 4 attendees. Discussed roadmap and usage.,29
CUST-0067,CacheMaster Solutions,SMB,2024-09-25,Product Feedback,Communication with CacheMaster Solutions regarding usage tips.,25
CUST-0032,SecureNet LLC,SMB,2024-09-24,Support Ticket,SecureNet LLC reported feature request. Sentiment: Satisfied.,27
CUST-0098,StreamPro Systems,SMB,2024-09-24,Call,Expansion discussion call with StreamPro Systems. 40 minutes. Positive outcome.,43
CUST-0135,CloudScale Labs,SMB,2024-09-23,Call,Check-in call with CloudScale Labs. 35 minutes. Positive outcome.,42
CUST-0046,DisasterRecovery Group,SMB,2024-09-21,Product Feedback,Communication with DisasterRecovery Group regarding feedback request.,36
CUST-0085,AuditPro Inc,Commercial,2024-09-21,Email,Communication with AuditPro Inc regarding billing.,40
CUST-0020,BackupCloud Group,Commercial,2024-09-20,Support Ticket,BackupCloud Group reported integration help. Sentiment: Frustrated.,22
CUST-0156,CloudVision Technologies,Commercial,2024-09-20,Call,Feature question call with CloudVision Technologies. 31 minutes. Positive outcome.,39
CUST-0190,MetricsDash Corp,Commercial,2024-09-20,Support Ticket,MetricsDash Corp reported bug report. Sentiment: Neutral.,38
CUST-0061,MicroServe Technologies,Enterprise,2024-09-19,Product Feedback,Communication with MicroServe Technologies regarding feedback request.,31
CUST-0037,WorkflowPro Inc,Commercial,2024-09-17,Meeting,Quarterly business review with WorkflowPro Inc. 8 attendees. Discussed roadmap and usage.,30
CUST-0141,WorkflowPro Group,Commercial,2024-09-17,Email,Communication with WorkflowPro Group regarding product updates.,22
CUST-0050,SecurityFirst Group,SMB,2024-09-16,Email,Communication with SecurityFirst Group regarding feedback request.,41
CUST-0059,CloudScale Solutions,SMB,2024-09-16,Meeting,Quarterly business review with CloudScale Solutions. 2 attendees. Discussed roadmap and usage.,37
CUST-0193,LoadBalance LLC,Commercial,2024-09-16,Support Ticket,LoadBalance LLC reported integration help. Sentiment: Satisfied.,47
CUST-0114,LoadBalance Systems,Enterprise,2024-09-15,Meeting,Feature demo with LoadBalance Systems. 8 attendees. Discussed roadmap and usage.,37
CUST-0190,MetricsDash Corp,Commercial,2024-09-15,Call,Issue escalation call with MetricsDash Corp. 51 minutes. Needs follow-up outcome.,38
CUST-0087,MonitorPlus Solutions,SMB,2024-09-14,Support Ticket,MonitorPlus Solutions reported integration help. Sentiment: Neutral.,30
CUST-0110,ContainerOps Solutions,SMB,2024-09-13,Support Ticket,ContainerOps Solutions reported performance issue. Sentiment: Neutral.,27
CUST-0116,LogStream Corp,SMB,2024-09-13,Email,Communication with LogStream Corp regarding usage tips.,46
CUST-0138,DevOpsHub Group,SMB,2024-09-13,Email,Communication with DevOpsHub Group regarding billing.,38
CUST-0185,DataBridge LLC,Enterprise,2024-09-13,Call,Issue escalation call with DataBridge LLC. 28 minutes. Needs follow-up outcome.,46
CUST-0013,InnovateLabs LLC,SMB,2024-09-12,Support Ticket,InnovateLabs LLC reported bug report. Sentiment: Neutral.,26
CUST-0059,CloudScale Solutions,SMB,2024-09-12,Product Feedback,Communication with CloudScale Solutions regarding usage tips.,37
CUST-0123,CloudScale LLC,Commercial,2024-09-12,Product Feedback,Communication with CloudScale LLC regarding feedback request.,36
CUST-0141,WorkflowPro Group,Commercial,2024-09-12,Product Feedback,Communication with WorkflowPro Group regarding product updates.,22
CUST-0067,CacheMaster Solutions,SMB,2024-09-10,Support Ticket,CacheMaster Solutions reported integration help. Sentiment: Frustrated.,25
CUST-0015,DataBridge Corp,Commercial,2024-09-09,Support Ticket,DataBridge Corp reported integration help. Sentiment: Neutral.,29
CUST-0037,WorkflowPro Inc,Commercial,2024-09-09,Support Ticket,WorkflowPro Inc reported integration help. Sentiment: Satisfied.,30
CUST-0111,CloudVision Corp,Commercial,2024-09-09,Meeting,Renewal discussion with CloudVision Corp. 7 attendees. Discussed roadmap and usage.,33
CUST-0037,WorkflowPro Inc,Commercial,2024-09-08,Support Ticket,WorkflowPro Inc reported feature request. Sentiment: Satisfied.,30
CUST-0136,DisasterRecovery LLC,Commercial,2024-09-08,Product Feedback,Communication with DisasterRecovery LLC regarding billing.,22
CUST-0140,ContainerOps Inc,Commercial,2024-09-08,Support Ticket,ContainerOps Inc reported integration help. Sentiment: Neutral.,33
CUST-0194,CacheMaster Group,SMB,2024-09-08,Support Ticket,CacheMaster Group reported bug report. Sentiment: Neutral.,28
CUST-0018,CloudScale Corp,SMB,2024-09-07,Meeting,Training session with CloudScale Corp. 3 attendees. Discussed roadmap and usage.,41
CUST-0028,CacheMaster Inc,SMB,2024-09-07,Product Feedback,Communication with CacheMaster Inc regarding billing.,24
CUST-0058,CodeCraft Systems,Enterprise,2024-09-07,Support Ticket,CodeCraft Systems reported bug report. Sentiment: Neutral.,35
CUST-0178,MonitorPlus Systems,Enterprise,2024-09-07,Call,Feature question call with MonitorPlus Systems. 34 minutes. Positive outcome.,45
CUST-0067,CacheMaster Solutions,SMB,2024-09-06,Email,Communication with CacheMaster Solutions regarding billing.,25
CUST-0067,CacheMaster Solutions,SMB,2024-09-06,Product Feedback,Communication with CacheMaster Solutions regarding billing.,25
CUST-0187,AIForge Corp,SMB,2024-09-06,Support Ticket,AIForge Corp reported bug report. Sentiment: Frustrated.,40
CUST-0075,CodeCraft LLC,Enterprise,2024-09-05,Meeting,Training session with CodeCraft LLC. 2 attendees. Discussed roadmap and usage.,44
CUST-0186,DataSync Corp,Enterprise,2024-09-05,Meeting,Training session with DataSync Corp. 2 attendees. Discussed roadmap and usage.,24
CUST-0109,MonitorPlus Labs,SMB,2024-09-04,Meeting,Feature demo with MonitorPlus Labs. 3 attendees. Discussed roadmap and usage.,35
CUST-0041,APIGateway Technologies,Commercial,2024-09-03,Product Feedback,Communication with APIGateway Technologies regarding feedback request.,25
CUST-0087,MonitorPlus Solutions,SMB,2024-09-01,Product Feedback,Communication with MonitorPlus Solutions regarding product updates.,30
CUST-0058,CodeCraft Systems,Enterprise,2024-08-31,Meeting,Renewal discussion with CodeCraft Systems. 7 attendees. Discussed roadmap and usage.,35
CUST-0086,StreamPro LLC,SMB,2024-08-31,Meeting,Feature demo with StreamPro LLC. 2 attendees. Discussed roadmap and usage.,35
CUST-0155,AnalyticsCo Corp,SMB,2024-08-31,Product Feedback,Communication with AnalyticsCo Corp regarding usage tips.,28
CUST-0186,DataSync Corp,Enterprise,2024-08-30,Support Ticket,DataSync Corp reported bug report. Sentiment: Neutral.,24
CUST-0187,AIForge Corp,SMB,2024-08-30,Product Feedback,Communication with AIForge Corp regarding billing.,40
CUST-0161,AnalyticsCo Solutions,SMB,2024-08-29,Product Feedback,Communication with AnalyticsCo Solutions regarding feedback request.,32
CUST-0062,AuditPro Systems,SMB,2024-08-28,Email,Communication with AuditPro Systems regarding feedback request.,47
CUST-0138,DevOpsHub Group,SMB,2024-08-27,Call,Check-in call with DevOpsHub Group. 49 minutes. Positive outcome.,38
CUST-0046,DisasterRecovery Group,SMB,2024-08-26,Call,Feature question call with DisasterRecovery Group. 55 minutes. Positive outcome.,36
CUST-0098,StreamPro Systems,SMB,2024-08-26,Call,Expansion discussion call with StreamPro Systems. 24 minutes. Positive outcome.,43
CUST-0166,InnovateLabs Solutions,Commercial,2024-08-24,Call,Issue escalation call with InnovateLabs Solutions. 31 minutes. Needs follow-up outcome.,31
CUST-0178,MonitorPlus Systems,Enterprise,2024-08-24,Email,Communication with MonitorPlus Systems regarding billing.,45
CUST-0187,AIForge Corp,SMB,2024-08-24,Call,Issue escalation call with AIForge Corp. 57 minutes. Needs follow-up outcome.,40
CUST-0029,BackupCloud Technologies,SMB,2024-08-23,Call,Feature question call with BackupCloud Technologies. 46 minutes. Positive outcome.,25
CUST-0031,MonitorPlus Technologies,Commercial,2024-08-23,Call,Expansion discussion call with MonitorPlus Technologies. 60 minutes. Positive outcome.,45
CUST-0035,DataSync Inc,Commercial,2024-08-23,Meeting,Feature demo with DataSync Inc. 7 attendees. Discussed roadmap and usage.,27
CUST-0037,WorkflowPro Inc,Commercial,2024-08-23,Support Ticket,WorkflowPro Inc reported bug report. Sentiment: Satisfied.,30
CUST-0089,ScaleSystems Technologies,SMB,2024-08-23,Product Feedback,Communication with ScaleSystems Technologies regarding feedback request.,43
CUST-0155,AnalyticsCo Corp,SMB,2024-08-22,Call,Issue escalation call with AnalyticsCo Corp. 42 minutes. Needs follow-up outcome.,28
CUST-0186,DataSync Corp,Enterprise,2024-08-21,Product Feedback,Communication with DataSync Corp regarding feedback request.,24
CUST-0161,AnalyticsCo Solutions,SMB,2024-08-20,Call,Issue escalation call with AnalyticsCo Solutions. 55 minutes. Needs follow-up outcome.,32
CUST-0184,APIGateway Solutions,Enterprise,2024-08-20,Meeting,Quarterly business review with APIGateway Solutions. 7 attendees. Discussed roadmap and usage.,23
CUST-0109,MonitorPlus Labs,SMB,2024-08-19,Meeting,Quarterly business review with MonitorPlus Labs. 7 attendees. Discussed roadmap and usage.,35
CUST-0029,BackupCloud Technologies,SMB,2024-08-18,Product Feedback,Communication with BackupCloud Technologies regarding feedback request.,25
CUST-0101,IntegrationHQ Systems,Commercial,2024-08-17,Support Ticket,IntegrationHQ Systems reported bug report. Sentiment: Frustrated.,31
CUST-0155,AnalyticsCo Corp,SMB,2024-08-17,Call,Issue escalation call with AnalyticsCo Corp. 35 minutes. Needs follow-up outcome.,28
CUST-0178,MonitorPlus Systems,Enterprise,2024-08-17,Email,Communication with MonitorPlus Systems regarding product updates.,45
CUST-0193,LoadBalance LLC,Commercial,2024-08-17,Email,Communication with LoadBalance LLC regarding usage tips.,47
CUST-0095,IntegrationHQ Technologies,Commercial,2024-08-16,Meeting,Quarterly business review with IntegrationHQ Technologies. 5 attendees. Discussed roadmap and usage.,47
CUST-0101,IntegrationHQ Systems,Commercial,2024-08-16,Meeting,Quarterly business review with IntegrationHQ Systems. 6 attendees. Discussed roadmap and usage.,31
CUST-0110,ContainerOps Solutions,SMB,2024-08-15,Product Feedback,Communication with ContainerOps Solutions regarding product updates.,27
CUST-0155,AnalyticsCo Corp,SMB,2024-08-15,Product Feedback,Communication with AnalyticsCo Corp regarding product updates.,28
CUST-0155,AnalyticsCo Corp,SMB,2024-08-15,Support Ticket,AnalyticsCo Corp reported performance issue. Sentiment: Neutral.,28
CUST-0166,InnovateLabs Solutions,Commercial,2024-08-15,Call,Issue escalation call with InnovateLabs Solutions. 51 minutes. Needs follow-up outcome.,31
CUST-0140,ContainerOps Inc,Commercial,2024-08-13,Meeting,Quarterly business review with ContainerOps Inc. 6 attendees. Discussed roadmap and usage.,33
CUST-0062,AuditPro Systems,SMB,2024-08-12,Product Feedback,Communication with AuditPro Systems regarding billing.,47
CUST-0137,DisasterRecovery Corp,Commercial,2024-08-12,Product Feedback,Communication with DisasterRecovery Corp regarding feedback request.,44
CUST-0062,AuditPro Systems,SMB,2024-08-11,Call,Expansion discussion call with AuditPro Systems. 35 minutes. Needs follow-up outcome.,47
CUST-0105,CodeCraft Inc,SMB,2024-08-11,Meeting,Training session with CodeCraft Inc. 7 attendees. Discussed roadmap and usage.,37
CUST-0143,LoadBalance Labs,Commercial,2024-08-11,Product Feedback,Communication with LoadBalance Labs regarding usage tips.,27
CUST-0144,LogStream Technologies,Commercial,2024-08-11,Support Ticket,LogStream Technologies reported feature request. Sentiment: Frustrated.,29
CUST-0178,MonitorPlus Systems,Enterprise,2024-08-11,Product Feedback,Communication with MonitorPlus Systems regarding feedback request.,45
CUST-0187,AIForge Corp,SMB,2024-08-11,Email,Communication with AIForge Corp regarding feedback request.,40
CUST-0191,InnovateLabs Systems,SMB,2024-08-11,Product Feedback,Communication with InnovateLabs Systems regarding product updates.,29
CUST-0037,WorkflowPro Inc,Commercial,2024-08-10,Call,Feature question call with WorkflowPro Inc. 55 minutes. Positive outcome.,30
CUST-0146,ScaleSystems Corp,Commercial,2024-08-10,Email,Communication with ScaleSystems Corp regarding feedback request.,48
CUST-0147,DisasterRecovery Systems,Enterprise,2024-08-10,Product Feedback,Communication with DisasterRecovery Systems regarding billing.,28
CUST-0155,AnalyticsCo Corp,SMB,2024-08-10,Product Feedback,Communication with AnalyticsCo Corp regarding feedback request.,28
CUST-0065,TechFlow Technologies,Commercial,2024-08-09,Call,Check-in call with TechFlow Technologies. 35 minutes. Positive outcome.,34
CUST-0098,StreamPro Systems,SMB,2024-08-09,Product Feedback,Communication with StreamPro Systems regarding billing.,43
CUST-0185,DataBridge LLC,Enterprise,2024-08-09,Support Ticket,DataBridge LLC reported bug report. Sentiment: Neutral.,46
CUST-0037,WorkflowPro Inc,Commercial,2024-08-08,Support Ticket,WorkflowPro Inc reported feature request. Sentiment: Satisfied.,30
CUST-0011,CloudScale Group,SMB,2024-08-07,Email,Communication with CloudScale Group regarding billing.,41
CUST-0094,LogStream Labs,Enterprise,2024-08-07,Product Feedback,Communication with LogStream Labs regarding product updates.,39
CUST-0067,CacheMaster Solutions,SMB,2024-08-06,Email,Communication with CacheMaster Solutions regarding feedback request.,25
CUST-0119,LogStream Inc,Enterprise,2024-08-06,Meeting,Quarterly business review with LogStream Inc. 4 attendees. Discussed roadmap and usage.,36
CUST-0087,MonitorPlus Solutions,SMB,2024-08-05,Email,Communication with MonitorPlus Solutions regarding feedback request.,30
CUST-0110,ContainerOps Solutions,SMB,2024-08-04,Call,Check-in call with ContainerOps Solutions. 23 minutes. Positive outcome.,27
CUST-0006,AuditPro LLC,Commercial,2024-08-02,Product Feedback,Communication with AuditPro LLC regarding product updates.,37
CUST-0031,MonitorPlus Technologies,Commercial,2024-08-02,Email,Communication with MonitorPlus Technologies regarding feedback request.,45
CUST-0090,StreamPro Technologies,SMB,2024-08-02,Call,Issue escalation call with StreamPro Technologies. 29 minutes. Needs follow-up outcome.,39
CUST-0037,WorkflowPro Inc,Commercial,2024-08-01,Support Ticket,WorkflowPro Inc reported bug report. Sentiment: Satisfied.,30
CUST-0114,LoadBalance Systems,Enterprise,2024-07-31,Call,Issue escalation call with LoadBalance Systems. 43 minutes. Needs follow-up outcome.,37
CUST-0122,DevOpsHub Corp,SMB,2024-07-31,Email,Communication with DevOpsHub Corp regarding feedback request.,44
CUST-0187,AIForge Corp,SMB,2024-07-31,Call,Issue escalation call with AIForge Corp. 32 minutes. Needs follow-up outcome.,40
CUST-0192,WorkflowPro Solutions,SMB,2024-07-29,Call,Feature question call with WorkflowPro Solutions. 20 minutes. Positive outcome.,28
CUST-0187,AIForge Corp,SMB,2024-07-28,Meeting,Feature demo with AIForge Corp. 4 attendees. Discussed roadmap and usage.,40
CUST-0135,CloudScale Labs,SMB,2024-07-27,Support Ticket,CloudScale Labs reported integration help. Sentiment: Neutral.,42
CUST-0157,AIForge Inc,Enterprise,2024-07-27,Support Ticket,AIForge Inc reported performance issue. Sentiment: Frustrated.,48
CUST-0001,AnalyticsCo LLC,Commercial,2024-07-26,Email,Communication with AnalyticsCo LLC regarding feedback request.,39
CUST-0132,StreamPro Inc,Commercial,2024-07-26,Support Ticket,StreamPro Inc reported bug report. Sentiment: Neutral.,39
CUST-0140,ContainerOps Inc,Commercial,2024-07-26,Email,Communication with ContainerOps Inc regarding product updates.,33
CUST-0013,InnovateLabs LLC,SMB,2024-07-25,Call,Check-in call with InnovateLabs LLC. 21 minutes. Needs follow-up outcome.,26
CUST-0032,SecureNet LLC,SMB,2024-07-25,Product Feedback,Communication with SecureNet LLC regarding product updates.,27
CUST-0142,ScaleSystems Systems,SMB,2024-07-25,Support Ticket,ScaleSystems Systems reported bug report. Sentiment: Frustrated.,47
CUST-0199,BackupCloud LLC,Commercial,2024-07-25,Meeting,Training session with BackupCloud LLC. 4 attendees. Discussed roadmap and usage.,36
CUST-0066,ContainerOps Systems,SMB,2024-07-24,Email,Communication with ContainerOps Systems regarding usage tips.,31
CUST-0091,DisasterRecovery Technologies,SMB,2024-07-24,Meeting,Renewal discussion with DisasterRecovery Technologies. 4 attendees. Discussed roadmap and usage.,35
CUST-0145,DataSync Group,Enterprise,2024-07-24,Support Ticket,DataSync Group reported feature request. Sentiment: Neutral.,32
CUST-0087,MonitorPlus Solutions,SMB,2024-07-23,Product Feedback,Communication with MonitorPlus Solutions regarding billing.,30
CUST-0156,CloudVision Technologies,Commercial,2024-07-23,Call,Expansion discussion call with CloudVision Technologies. 27 minutes. Positive outcome.,39
CUST-0013,InnovateLabs LLC,SMB,2024-07-22,Support Ticket,InnovateLabs LLC reported bug report. Sentiment: Neutral.,26
CUST-0012,AuditPro Solutions,SMB,2024-07-21,Call,Expansion discussion call with AuditPro Solutions. 59 minutes. Positive outcome.,24
CUST-0046,DisasterRecovery Group,SMB,2024-07-21,Email,Communication with DisasterRecovery Group regarding feedback request.,36
CUST-0087,MonitorPlus Solutions,SMB,2024-07-21,Support Ticket,MonitorPlus Solutions reported performance issue. Sentiment: Neutral.,30
CUST-0012,AuditPro Solutions,SMB,2024-07-20,Product Feedback,Communication with AuditPro Solutions regarding usage tips.,24
CUST-0013,InnovateLabs LLC,SMB,2024-07-20,Email,Communication with InnovateLabs LLC regarding feedback request.,26
CUST-0062,AuditPro Systems,SMB,2024-07-20,Meeting,Renewal discussion with AuditPro Systems. 6 attendees. Discussed roadmap and usage.,47
CUST-0066,ContainerOps Systems,SMB,2024-07-19,Product Feedback,Communication with ContainerOps Systems regarding billing.,31
CUST-0001,AnalyticsCo LLC,Commercial,2024-07-18,Call,Issue escalation call with AnalyticsCo LLC. 57 minutes. Needs follow-up outcome.,39
CUST-0013,InnovateLabs LLC,SMB,2024-07-18,Email,Communication with InnovateLabs LLC regarding feedback request.,26
CUST-0014,CodeCraft Group,Commercial,2024-07-18,Meeting,Feature demo with CodeCraft Group. 5 attendees. Discussed roadmap and usage.,29
CUST-0130,QueueManager Systems,SMB,2024-07-18,Call,Check-in call with QueueManager Systems. 26 minutes. Needs follow-up outcome.,43
CUST-0003,DataSync Solutions,SMB,2024-07-17,Email,Communication with DataSync Solutions regarding feedback request.,32
CUST-0142,ScaleSystems Systems,SMB,2024-07-17,Call,Issue escalation call with ScaleSystems Systems. 36 minutes. Needs follow-up outcome.,47
CUST-0018,CloudScale Corp,SMB,2024-07-16,Email,Communication with CloudScale Corp regarding billing.,41
CUST-0101,IntegrationHQ Systems,Commercial,2024-07-15,Product Feedback,Communication with IntegrationHQ Systems regarding billing.,31
CUST-0142,ScaleSystems Systems,SMB,2024-07-15,Product Feedback,Communication with ScaleSystems Systems regarding billing.,47
CUST-0182,WorkflowPro Systems,Commercial,2024-07-14,Support Ticket,WorkflowPro Systems reported bug report. Sentiment: Frustrated.,44
CUST-0051,CloudScale Systems,Enterprise,2024-07-13,Support Ticket,CloudScale Systems reported performance issue. Sentiment: Frustrated.,46
CUST-0085,AuditPro Inc,Commercial,2024-07-13,Support Ticket,AuditPro Inc reported bug report. Sentiment: Neutral.,40
CUST-0173,CloudVision Solutions,Commercial,2024-07-13,Call,Check-in call with CloudVision Solutions. 29 minutes. Positive outcome.,33
CUST-0114,LoadBalance Systems,Enterprise,2024-07-12,Support Ticket,LoadBalance Systems reported performance issue. Sentiment: Frustrated.,37
CUST-0142,ScaleSystems Systems,SMB,2024-07-12,Meeting,Renewal discussion with ScaleSystems Systems. 6 attendees. Discussed roadmap and usage.,47
CUST-0157,AIForge Inc,Enterprise,2024-07-12,Support Ticket,AIForge Inc reported bug report. Sentiment: Frustrated.,48
CUST-0178,MonitorPlus Systems,Enterprise,2024-07-12,Call,Expansion discussion call with MonitorPlus Systems. 44 minutes. Positive outcome.,45
CUST-0066,ContainerOps Systems,SMB,2024-07-11,Meeting,Renewal discussion with ContainerOps Systems. 6 attendees. Discussed roadmap and usage.,31
CUST-0046,DisasterRecovery Group,SMB,2024-07-10,Product Feedback,Communication with DisasterRecovery Group regarding usage tips.,36
CUST-0101,IntegrationHQ Systems,Commercial,2024-07-10,Product Feedback,Communication with IntegrationHQ Systems regarding product updates.,31
CUST-0123,CloudScale LLC,Commercial,2024-07-10,Product Feedback,Communication with CloudScale LLC regarding feedback request.,36
CUST-0179,CodeCraft Corp,Commercial,2024-07-09,Call,Check-in call with CodeCraft Corp. 35 minutes. Needs follow-up outcome.,42
CUST-0191,InnovateLabs Systems,SMB,2024-07-09,Email,Communication with InnovateLabs Systems regarding feedback request.,29
CUST-0100,DisasterRecovery Inc,SMB,2024-07-08,Product Feedback,Communication with DisasterRecovery Inc regarding billing.,39
CUST-0102,DevOpsHub Systems,SMB,2024-07-08,Email,Communication with DevOpsHub Systems regarding product updates.,38
CUST-0143,LoadBalance Labs,Commercial,2024-07-08,Product Feedback,Communication with LoadBalance Labs regarding billing.,27
CUST-0060,ContainerOps LLC,Commercial,2024-07-06,Meeting,Training session with ContainerOps LLC. 3 attendees. Discussed roadmap and usage.,27
CUST-0145,DataSync Group,Enterprise,2024-07-06,Email,Communication with DataSync Group regarding billing.,32
CUST-0018,CloudScale Corp,SMB,2024-07-05,Meeting,Training session with CloudScale Corp. 6 attendees. Discussed roadmap and usage.,41
CUST-0061,MicroServe Technologies,Enterprise,2024-07-05,Support Ticket,MicroServe Technologies reported integration help. Sentiment: Satisfied.,31
CUST-0130,QueueManager Systems,SMB,2024-07-05,Meeting,Training session with QueueManager Systems. 7 attendees. Discussed roadmap and usage.,43
CUST-0067,CacheMaster Solutions,SMB,2024-07-04,Product Feedback,Communication with CacheMaster Solutions regarding feedback request.,25
CUST-0196,AuditPro Corp,SMB,2024-07-04,Call,Expansion discussion call with AuditPro Corp. 20 minutes. Positive outcome.,30
CUST-0034,QueueManager Solutions,Commercial,2024-07-02,Meeting,Quarterly business review with QueueManager Solutions. 5 attendees. Discussed roadmap and usage.,39
CUST-0181,CloudVision Inc,SMB,2024-07-02,Call,Expansion discussion call with CloudVision Inc. 22 minutes. Positive outcome.,25
CUST-0059,CloudScale Solutions,SMB,2024-07-01,Meeting,Feature demo with CloudScale Solutions. 8 attendees. Discussed roadmap and usage.,37
CUST-0101,IntegrationHQ Systems,Commercial,2024-07-01,Email,Communication with IntegrationHQ Systems regarding usage tips.,31
CUST-0144,LogStream Technologies,Commercial,2024-06-30,Meeting,Quarterly business review with LogStream Technologies. 6 attendees. Discussed roadmap and usage.,29
CUST-0138,DevOpsHub Group,SMB,2024-06-29,Email,Communication with DevOpsHub Group regarding billing.,38
CUST-0150,MonitorPlus Inc,SMB,2024-06-28,Email,Communication with MonitorPlus Inc regarding product updates.,38
CUST-0111,CloudVision Corp,Commercial,2024-06-27,Meeting,Feature demo with CloudVision Corp. 7 attendees. Discussed roadmap and usage.,33
CUST-0116,LogStream Corp,SMB,2024-06-26,Email,Communication with LogStream Corp regarding product updates.,46
CUST-0182,WorkflowPro Systems,Commercial,2024-06-26,Email,Communication with WorkflowPro Systems regarding billing.,44
CUST-0052,DevOpsHub Inc,SMB,2024-06-25,Product Feedback,Communication with DevOpsHub Inc regarding feedback request.,34
CUST-0041,APIGateway Technologies,Commercial,2024-06-24,Email,Communication with APIGateway Technologies regarding feedback request.,25
CUST-0147,DisasterRecovery Systems,Enterprise,2024-06-23,Support Ticket,DisasterRecovery Systems reported feature request. Sentiment: Neutral.,28
CUST-0190,MetricsDash Corp,Commercial,2024-06-23,Product Feedback,Communication with MetricsDash Corp regarding usage tips.,38
CUST-0199,BackupCloud LLC,Commercial,2024-06-23,Email,Communication with BackupCloud LLC regarding product updates.,36
CUST-0036,QueueManager Labs,Commercial,2024-06-22,Product Feedback,Communication with QueueManager Labs regarding product updates.,25
CUST-0187,AIForge Corp,SMB,2024-06-22,Email,Communication with AIForge Corp regarding feedback request.,40
CUST-0086,StreamPro LLC,SMB,2024-06-21,Meeting,Feature demo with StreamPro LLC. 6 attendees. Discussed roadmap and usage.,35
CUST-0122,DevOpsHub Corp,SMB,2024-06-21,Product Feedback,Communication with DevOpsHub Corp regarding feedback request.,44
CUST-0145,DataSync Group,Enterprise,2024-06-21,Meeting,Feature demo with DataSync Group. 6 attendees. Discussed roadmap and usage.,32
CUST-0013,InnovateLabs LLC,SMB,2024-06-20,Meeting,Quarterly business review with InnovateLabs LLC. 4 attendees. Discussed roadmap and usage.,26
CUST-0083,DisasterRecovery Labs,Enterprise,2024-06-20,Product Feedback,Communication with DisasterRecovery Labs regarding product updates.,44
CUST-0003,DataSync Solutions,SMB,2024-06-19,Email,Communication with DataSync Solutions regarding product updates.,32
CUST-0090,StreamPro Technologies,SMB,2024-06-19,Email,Communication with StreamPro Technologies regarding feedback request.,39
CUST-0111,CloudVision Corp,Commercial,2024-06-19,Call,Expansion discussion call with CloudVision Corp. 48 minutes. Positive outcome.,33
CUST-0114,LoadBalance Systems,Enterprise,2024-06-19,Support Ticket,LoadBalance Systems reported integration help. Sentiment: Frustrated.,37
CUST-0158,DevOpsHub LLC,SMB,2024-06-18,Support Ticket,DevOpsHub LLC reported feature request. Sentiment: Frustrated.,47
CUST-0007,DisasterRecovery Solutions,SMB,2024-06-17,Email,Communication with DisasterRecovery Solutions regarding usage tips.,41
CUST-0041,APIGateway Technologies,Commercial,2024-06-17,Support Ticket,APIGateway Technologies reported feature request. Sentiment: Neutral.,25
CUST-0155,AnalyticsCo Corp,SMB,2024-06-17,Support Ticket,AnalyticsCo Corp reported integration help. Sentiment: Neutral.,28
CUST-0046,DisasterRecovery Group,SMB,2024-06-16,Support Ticket,DisasterRecovery Group reported bug report. Sentiment: Neutral.,36
CUST-0058,CodeCraft Systems,Enterprise,2024-06-16,Meeting,Renewal discussion with CodeCraft Systems. 8 attendees. Discussed roadmap and usage.,35
CUST-0018,CloudScale Corp,SMB,2024-06-14,Email,Communication with CloudScale Corp regarding usage tips.,41
CUST-0140,ContainerOps Inc,Commercial,2024-06-14,Support Ticket,ContainerOps Inc reported feature request. Sentiment: Neutral.,33
CUST-0190,MetricsDash Corp,Commercial,2024-06-14,Support Ticket,MetricsDash Corp reported feature request. Sentiment: Neutral.,38
CUST-0185,DataBridge LLC,Enterprise,2024-06-11,Product Feedback,Communication with DataBridge LLC regarding billing.,46
CUST-0035,DataSync Inc,Commercial,2024-06-10,Call,Check-in call with DataSync Inc. 18 minutes. Needs follow-up outcome.,27
CUST-0109,MonitorPlus Labs,SMB,2024-06-10,Email,Communication with MonitorPlus Labs regarding feedback request.,35
CUST-0135,CloudScale Labs,SMB,2024-06-10,Email,Communication with CloudScale Labs regarding product updates.,42
CUST-0191,InnovateLabs Systems,SMB,2024-06-10,Support Ticket,InnovateLabs Systems reported performance issue. Sentiment: Neutral.,29
CUST-0142,ScaleSystems Systems,SMB,2024-06-09,Product Feedback,Communication with ScaleSystems Systems regarding usage tips.,47
CUST-0147,DisasterRecovery Systems,Enterprise,2024-06-09,Support Ticket,DisasterRecovery Systems reported feature request. Sentiment: Satisfied.,28
CUST-0008,DevTools Inc,Commercial,2024-06-08,Product Feedback,Communication with DevTools Inc regarding product updates.,39
CUST-0035,DataSync Inc,Commercial,2024-06-08,Meeting,Training session with DataSync Inc. 6 attendees. Discussed roadmap and usage.,27
CUST-0105,CodeCraft Inc,SMB,2024-06-08,Email,Communication with CodeCraft Inc regarding billing.,37
CUST-0123,CloudScale LLC,Commercial,2024-06-08,Call,Check-in call with CloudScale LLC. 25 minutes. Positive outcome.,36
CUST-0144,LogStream Technologies,Commercial,2024-06-08,Meeting,Feature demo with LogStream Technologies. 8 attendees. Discussed roadmap and usage.,29
CUST-0145,DataSync Group,Enterprise,2024-06-08,Product Feedback,Communication with DataSync Group regarding feedback request.,32
CUST-0166,InnovateLabs Solutions,Commercial,2024-06-08,Support Ticket,InnovateLabs Solutions reported feature request. Sentiment: Frustrated.,31
CUST-0140,ContainerOps Inc,Commercial,2024-06-05,Meeting,Renewal discussion with ContainerOps Inc. 4 attendees. Discussed roadmap and usage.,33
CUST-0142,ScaleSystems Systems,SMB,2024-06-05,Product Feedback,Communication with ScaleSystems Systems regarding usage tips.,47
CUST-0046,DisasterRecovery Group,SMB,2024-06-04,Product Feedback,Communication with DisasterRecovery Group regarding billing.,36
CUST-0140,ContainerOps Inc,Commercial,2024-06-04,Call,Check-in call with ContainerOps Inc. 20 minutes. Needs follow-up outcome.,33
CUST-0194,CacheMaster Group,SMB,2024-06-04,Product Feedback,Communication with CacheMaster Group regarding feedback request.,28
CUST-0182,WorkflowPro Systems,Commercial,2024-06-03,Email,Communication with WorkflowPro Systems regarding usage tips.,44
CUST-0185,DataBridge LLC,Enterprise,2024-06-03,Meeting,Training session with DataBridge LLC. 2 attendees. Discussed roadmap and usage.,46
CUST-0146,ScaleSystems Corp,Commercial,2024-06-02,Call,Feature question call with ScaleSystems Corp. 44 minutes. Positive outcome.,48
CUST-0111,CloudVision Corp,Commercial,2024-06-01,Support Ticket,CloudVision Corp reported bug report. Sentiment: Neutral.,33
CUST-0126,LogStream Systems,Commercial,2024-05-31,Meeting,Training session with LogStream Systems. 4 attendees. Discussed roadmap and usage.,47
CUST-0142,ScaleSystems Systems,SMB,2024-05-31,Meeting,Feature demo with ScaleSystems Systems. 8 attendees. Discussed roadmap and usage.,47
CUST-0091,DisasterRecovery Technologies,SMB,2024-05-29,Call,Expansion discussion call with DisasterRecovery Technologies. 55 minutes. Positive outcome.,35
CUST-0026,LoadBalance Group,SMB,2024-05-28,Meeting,Renewal discussion with LoadBalance Group. 2 attendees. Discussed roadmap and usage.,38
CUST-0119,LogStream Inc,Enterprise,2024-05-28,Support Ticket,LogStream Inc reported integration help. Sentiment: Satisfied.,36
CUST-0191,InnovateLabs Systems,SMB,2024-05-28,Meeting,Feature demo with InnovateLabs Systems. 8 attendees. Discussed roadmap and usage.,29
CUST-0009,CacheMaster Labs,Commercial,2024-05-27,Product Feedback,Communication with CacheMaster Labs regarding feedback request.,39
CUST-0109,MonitorPlus Labs,SMB,2024-05-27,Call,Check-in call with MonitorPlus Labs. 35 minutes. Positive outcome.,35
CUST-0001,AnalyticsCo LLC,Commercial,2024-05-26,Email,Communication with AnalyticsCo LLC regarding feedback request.,39
CUST-0061,MicroServe Technologies,Enterprise,2024-05-26,Email,Communication with MicroServe Technologies regarding feedback request.,31
CUST-0119,LogStream Inc,Enterprise,2024-05-26,Email,Communication with LogStream Inc regarding usage tips.,36
CUST-0145,DataSync Group,Enterprise,2024-05-26,Product Feedback,Communication with DataSync Group regarding usage tips.,32
CUST-0109,MonitorPlus Labs,SMB,2024-05-25,Meeting,Training session with MonitorPlus Labs. 3 attendees. Discussed roadmap and usage.,35
CUST-0116,LogStream Corp,SMB,2024-05-24,Email,Communication with LogStream Corp regarding feedback request.,46
CUST-0157,AIForge Inc,Enterprise,2024-05-24,Call,Issue escalation call with AIForge Inc. 40 minutes. Needs follow-up outcome.,48
CUST-0016,APIGateway Inc,SMB,2024-05-23,Support Ticket,APIGateway Inc reported performance issue. Sentiment: Neutral.,32
CUST-0147,DisasterRecovery Systems,Enterprise,2024-05-23,Meeting,Renewal discussion with DisasterRecovery Systems. 7 attendees. Discussed roadmap and usage.,28
CUST-0148,APIGateway Group,SMB,2024-05-23,Meeting,Feature demo with APIGateway Group. 5 attendees. Discussed roadmap and usage.,33
CUST-0061,MicroServe Technologies,Enterprise,2024-05-22,Meeting,Quarterly business review with MicroServe Technologies. 4 attendees. Discussed roadmap and usage.,31
CUST-0095,IntegrationHQ Technologies,Commercial,2024-05-22,Call,Check-in call with IntegrationHQ Technologies. 51 minutes. Needs follow-up outcome.,47
CUST-0155,AnalyticsCo Corp,SMB,2024-05-22,Support Ticket,AnalyticsCo Corp reported feature request. Sentiment: Neutral.,28
CUST-0013,InnovateLabs LLC,SMB,2024-05-21,Meeting,Feature demo with InnovateLabs LLC. 7 attendees. Discussed roadmap and usage.,26
CUST-0087,MonitorPlus Solutions,SMB,2024-05-21,Call,Check-in call with MonitorPlus Solutions. 34 minutes. Positive outcome.,30
CUST-0091,DisasterRecovery Technologies,SMB,2024-05-21,Product Feedback,Communication with DisasterRecovery Technologies regarding feedback request.,35
CUST-0101,IntegrationHQ Systems,Commercial,2024-05-21,Support Ticket,IntegrationHQ Systems reported integration help. Sentiment: Frustrated.,31
CUST-0065,TechFlow Technologies,Commercial,2024-05-20,Meeting,Quarterly business review with TechFlow Technologies. 8 attendees. Discussed roadmap and usage.,34
CUST-0065,TechFlow Technologies,Commercial,2024-05-18,Product Feedback,Communication with TechFlow Technologies regarding usage tips.,34
CUST-0199,BackupCloud LLC,Commercial,2024-05-18,Product Feedback,Communication with BackupCloud LLC regarding billing.,36
CUST-0008,DevTools Inc,Commercial,2024-05-17,Support Ticket,DevTools Inc reported bug report. Sentiment: Frustrated.,39
CUST-0143,LoadBalance Labs,Commercial,2024-05-17,Email,Communication with LoadBalance Labs regarding feedback request.,27
CUST-0179,CodeCraft Corp,Commercial,2024-05-16,Meeting,Quarterly business review with CodeCraft Corp. 6 attendees. Discussed roadmap and usage.,42
CUST-0052,DevOpsHub Inc,SMB,2024-05-15,Email,Communication with DevOpsHub Inc regarding usage tips.,34
CUST-0018,CloudScale Corp,SMB,2024-05-14,Call,Issue escalation call with CloudScale Corp. 57 minutes. Needs follow-up outcome.,41
CUST-0072,AnalyticsCo Labs,SMB,2024-05-14,Support Ticket,AnalyticsCo Labs reported integration help. Sentiment: Satisfied.,46
CUST-0003,DataSync Solutions,SMB,2024-05-13,Email,Communication with DataSync Solutions regarding feedback request.,32
CUST-0018,CloudScale Corp,SMB,2024-05-13,Call,Issue escalation call with CloudScale Corp. 23 minutes. Needs follow-up outcome.,41
CUST-0109,MonitorPlus Labs,SMB,2024-05-13,Product Feedback,Communication with MonitorPlus Labs regarding feedback request.,35
CUST-0166,InnovateLabs Solutions,Commercial,2024-05-13,Product Feedback,Communication with InnovateLabs Solutions regarding usage tips.,31
CUST-0194,CacheMaster Group,SMB,2024-05-13,Support Ticket,CacheMaster Group reported bug report. Sentiment: Frustrated.,28
CUST-0091,DisasterRecovery Technologies,SMB,2024-05-12,Support Ticket,DisasterRecovery Technologies reported bug report. Sentiment: Satisfied.,35
CUST-0001,AnalyticsCo LLC,Commercial,2024-05-11,Call,Issue escalation call with AnalyticsCo LLC. 59 minutes. Needs follow-up outcome.,39
CUST-0008,DevTools Inc,Commercial,2024-05-11,Email,Communication with DevTools Inc regarding feedback request.,39
CUST-0143,LoadBalance Labs,Commercial,2024-05-10,Email,Communication with LoadBalance Labs regarding feedback request.,27
CUST-0191,InnovateLabs Systems,SMB,2024-05-10,Call,Expansion discussion call with InnovateLabs Systems. 16 minutes. Positive outcome.,29
CUST-0150,MonitorPlus Inc,SMB,2024-05-09,Product Feedback,Communication with MonitorPlus Inc regarding billing.,38
CUST-0192,WorkflowPro Solutions,SMB,2024-05-09,Meeting,Renewal discussion with WorkflowPro Solutions. 4 attendees. Discussed roadmap and usage.,28
CUST-0001,AnalyticsCo LLC,Commercial,2024-05-08,Meeting,Quarterly business review with AnalyticsCo LLC. 2 attendees. Discussed roadmap and usage.,39
CUST-0006,AuditPro LLC,Commercial,2024-05-08,Call,Expansion discussion call with AuditPro LLC. 28 minutes. Positive outcome.,37
CUST-0075,CodeCraft LLC,Enterprise,2024-05-08,Meeting,Renewal discussion with CodeCraft LLC. 4 attendees. Discussed roadmap and usage.,44
CUST-0131,ComplianceHub Technologies,SMB,2024-05-08,Meeting,Feature demo with ComplianceHub Technologies. 5 attendees. Discussed roadmap and usage.,45
CUST-0158,DevOpsHub LLC,SMB,2024-05-08,Product Feedback,Communication with DevOpsHub LLC regarding usage tips.,47
CUST-0161,AnalyticsCo Solutions,SMB,2024-05-08,Email,Communication with AnalyticsCo Solutions regarding billing.,32
CUST-0196,AuditPro Corp,SMB,2024-05-08,Email,Communication with AuditPro Corp regarding product updates.,30
CUST-0032,SecureNet LLC,SMB,2024-05-07,Email,Communication with SecureNet LLC regarding product updates.,27
CUST-0046,DisasterRecovery Group,SMB,2024-05-06,Email,Communication with DisasterRecovery Group regarding feedback request.,36
CUST-0066,ContainerOps Systems,SMB,2024-05-06,Email,Communication with ContainerOps Systems regarding billing.,31
CUST-0109,MonitorPlus Labs,SMB,2024-05-06,Support Ticket,MonitorPlus Labs reported integration help. Sentiment: Satisfied.,35
CUST-0192,WorkflowPro Solutions,SMB,2024-05-06,Product Feedback,Communication with WorkflowPro Solutions regarding feedback request.,28
CUST-0196,AuditPro Corp,SMB,2024-05-06,Call,Feature question call with AuditPro Corp. 27 minutes. Positive outcome.,30
CUST-0108,DevTools LLC,Enterprise,2024-05-04,Product Feedback,Communication with DevTools LLC regarding feedback request.,41
CUST-0051,CloudScale Systems,Enterprise,2024-05-02,Call,Issue escalation call with CloudScale Systems. 22 minutes. Needs follow-up outcome.,46
CUST-0105,CodeCraft Inc,SMB,2024-05-02,Product Feedback,Communication with CodeCraft Inc regarding feedback request.,37
CUST-0122,DevOpsHub Corp,SMB,2024-05-02,Call,Check-in call with DevOpsHub Corp. 41 minutes. Positive outcome.,44
CUST-0051,CloudScale Systems,Enterprise,2024-05-01,Email,Communication with CloudScale Systems regarding usage tips.,46
CUST-0110,ContainerOps Solutions,SMB,2024-05-01,Call,Expansion discussion call with ContainerOps Solutions. 26 minutes. Positive outcome.,27
CUST-0148,APIGateway Group,SMB,2024-05-01,Support Ticket,APIGateway Group reported feature request. Sentiment: Satisfied.,33
CUST-0059,CloudScale Solutions,SMB,2024-04-30,Product Feedback,Communication with CloudScale Solutions regarding feedback request.,37
CUST-0130,QueueManager Systems,SMB,2024-04-30,Call,Feature question call with QueueManager Systems. 52 minutes. Positive outcome.,43
CUST-0089,ScaleSystems Technologies,SMB,2024-04-29,Call,Check-in call with ScaleSystems Technologies. 23 minutes. Positive outcome.,43
CUST-0140,ContainerOps Inc,Commercial,2024-04-29,Email,Communication with ContainerOps Inc regarding feedback request.,33
CUST-0062,AuditPro Systems,SMB,2024-04-28,Email,Communication with AuditPro Systems regarding billing.,47
CUST-0066,ContainerOps Systems,SMB,2024-04-28,Email,Communication with ContainerOps Systems regarding billing.,31
CUST-0035,DataSync Inc,Commercial,2024-04-27,Call,Issue escalation call with DataSync Inc. 40 minutes. Needs follow-up outcome.,27
CUST-0042,DataSync Technologies,SMB,2024-04-27,Call,Check-in call with DataSync Technologies. 34 minutes. Positive outcome.,37
CUST-0094,LogStream Labs,Enterprise,2024-04-27,Product Feedback,Communication with LogStream Labs regarding usage tips.,39
CUST-0059,CloudScale Solutions,SMB,2024-04-26,Product Feedback,Communication with CloudScale Solutions regarding feedback request.,37
CUST-0066,ContainerOps Systems,SMB,2024-04-25,Support Ticket,ContainerOps Systems reported integration help. Sentiment: Satisfied.,31
CUST-0014,CodeCraft Group,Commercial,2024-04-23,Support Ticket,CodeCraft Group reported integration help. Sentiment: Satisfied.,29
CUST-0182,WorkflowPro Systems,Commercial,2024-04-23,Product Feedback,Communication with WorkflowPro Systems regarding feedback request.,44
CUST-0187,AIForge Corp,SMB,2024-04-23,Support Ticket,AIForge Corp reported performance issue. Sentiment: Frustrated.,40
CUST-0137,DisasterRecovery Corp,Commercial,2024-04-22,Call,Issue escalation call with DisasterRecovery Corp. 60 minutes. Needs follow-up outcome.,44
CUST-0199,BackupCloud LLC,Commercial,2024-04-22,Meeting,Feature demo with BackupCloud LLC. 5 attendees. Discussed roadmap and usage.,36
CUST-0006,AuditPro LLC,Commercial,2024-04-20,Meeting,Quarterly business review with AuditPro LLC. 8 attendees. Discussed roadmap and usage.,37
CUST-0145,DataSync Group,Enterprise,2024-04-20,Call,Expansion discussion call with DataSync Group. 32 minutes. Positive outcome.,32
CUST-0009,CacheMaster Labs,Commercial,2024-04-19,Call,Feature question call with CacheMaster Labs. 17 minutes. Positive outcome.,39
CUST-0032,SecureNet LLC,SMB,2024-04-19,Support Ticket,SecureNet LLC reported performance issue. Sentiment: Neutral.,27
CUST-0072,AnalyticsCo Labs,SMB,2024-04-19,Email,Communication with AnalyticsCo Labs regarding billing.,46
CUST-0035,DataSync Inc,Commercial,2024-04-18,Call,Issue escalation call with DataSync Inc. 36 minutes. Needs follow-up outcome.,27
CUST-0060,ContainerOps LLC,Commercial,2024-04-18,Product Feedback,Communication with ContainerOps LLC regarding billing.,27
CUST-0150,MonitorPlus Inc,SMB,2024-04-18,Support Ticket,MonitorPlus Inc reported feature request. Sentiment: Neutral.,38
CUST-0185,DataBridge LLC,Enterprise,2024-04-18,Product Feedback,Communication with DataBridge LLC regarding usage tips.,46
CUST-0061,MicroServe Technologies,Enterprise,2024-04-16,Product Feedback,Communication with MicroServe Technologies regarding billing.,31
CUST-0155,AnalyticsCo Corp,SMB,2024-04-15,Email,Communication with AnalyticsCo Corp regarding billing.,28
CUST-0135,CloudScale Labs,SMB,2024-04-14,Product Feedback,Communication with CloudScale Labs regarding product updates.,42
CUST-0194,CacheMaster Group,SMB,2024-04-14,Email,Communication with CacheMaster Group regarding product updates.,28
CUST-0187,AIForge Corp,SMB,2024-04-13,Product Feedback,Communication with AIForge Corp regarding usage tips.,40
CUST-0016,APIGateway Inc,SMB,2024-04-12,Product Feedback,Communication with APIGateway Inc regarding billing.,32
CUST-0109,MonitorPlus Labs,SMB,2024-04-12,Meeting,Training session with MonitorPlus Labs. 7 attendees. Discussed roadmap and usage.,35
CUST-0053,TechFlow LLC,Commercial,2024-04-11,Meeting,Renewal discussion with TechFlow LLC. 5 attendees. Discussed roadmap and usage.,28
CUST-0191,InnovateLabs Systems,SMB,2024-04-11,Support Ticket,InnovateLabs Systems reported performance issue. Sentiment: Neutral.,29
CUST-0014,CodeCraft Group,Commercial,2024-04-10,Support Ticket,CodeCraft Group reported feature request. Sentiment: Satisfied.,29
CUST-0095,IntegrationHQ Technologies,Commercial,2024-04-10,Meeting,Quarterly business review with IntegrationHQ Technologies. 4 attendees. Discussed roadmap and usage.,47
CUST-0046,DisasterRecovery Group,SMB,2024-04-09,Meeting,Quarterly business review with DisasterRecovery Group. 6 attendees. Discussed roadmap and usage.,36
CUST-0190,MetricsDash Corp,Commercial,2024-04-09,Call,Check-in call with MetricsDash Corp. 52 minutes. Positive outcome.,38
CUST-0001,AnalyticsCo LLC,Commercial,2024-04-08,Call,Issue escalation call with AnalyticsCo LLC. 22 minutes. Needs follow-up outcome.,39
CUST-0145,DataSync Group,Enterprise,2024-04-08,Support Ticket,DataSync Group reported performance issue. Sentiment: Satisfied.,32
CUST-0193,LoadBalance LLC,Commercial,2024-04-08,Meeting,Feature demo with LoadBalance LLC. 2 attendees. Discussed roadmap and usage.,47
CUST-0008,DevTools Inc,Commercial,2024-04-06,Support Ticket,DevTools Inc reported bug report. Sentiment: Frustrated.,39
CUST-0101,IntegrationHQ Systems,Commercial,2024-04-06,Product Feedback,Communication with IntegrationHQ Systems regarding usage tips.,31
CUST-0196,AuditPro Corp,SMB,2024-04-06,Product Feedback,Communication with AuditPro Corp regarding billing.,30
CUST-0091,DisasterRecovery Technologies,SMB,2024-04-04,Product Feedback,Communication with DisasterRecovery Technologies regarding usage tips.,35
CUST-0150,MonitorPlus Inc,SMB,2024-03-31,Call,Check-in call with MonitorPlus Inc. 20 minutes. Positive outcome.,38
CUST-0051,CloudScale Systems,Enterprise,2024-03-30,Support Ticket,CloudScale Systems reported integration help. Sentiment: Frustrated.,46
CUST-0146,ScaleSystems Corp,Commercial,2024-03-29,Meeting,Quarterly business review with ScaleSystems Corp. 2 attendees. Discussed roadmap and usage.,48
CUST-0190,MetricsDash Corp,Commercial,2024-03-28,Meeting,Quarterly business review with MetricsDash Corp. 4 attendees. Discussed roadmap and usage.,38
CUST-0105,CodeCraft Inc,SMB,2024-03-27,Product Feedback,Communication with CodeCraft Inc regarding billing.,37
CUST-0161,AnalyticsCo Solutions,SMB,2024-03-27,Call,Issue escalation call with AnalyticsCo Solutions. 16 minutes. Needs follow-up outcome.,32
CUST-0031,MonitorPlus Technologies,Commercial,2024-03-24,Support Ticket,MonitorPlus Technologies reported performance issue. Sentiment: Satisfied.,45
CUST-0053,TechFlow LLC,Commercial,2024-03-24,Support Ticket,TechFlow LLC reported feature request. Sentiment: Satisfied.,28
CUST-0062,AuditPro Systems,SMB,2024-03-23,Meeting,Quarterly business review with AuditPro Systems. 6 attendees. Discussed roadmap and usage.,47
CUST-0071,MicroServe Solutions,Enterprise,2024-03-23,Product Feedback,Communication with MicroServe Solutions regarding product updates.,46
CUST-0142,ScaleSystems Systems,SMB,2024-03-23,Call,Issue escalation call with ScaleSystems Systems. 24 minutes. Needs follow-up outcome.,47
CUST-0011,CloudScale Group,SMB,2024-03-20,Support Ticket,CloudScale Group reported bug report. Sentiment: Satisfied.,41
CUST-0075,CodeCraft LLC,Enterprise,2024-03-19,Product Feedback,Communication with CodeCraft LLC regarding usage tips.,44
CUST-0142,ScaleSystems Systems,SMB,2024-03-19,Product Feedback,Communication with ScaleSystems Systems regarding billing.,47
CUST-0053,TechFlow LLC,Commercial,2024-03-18,Product Feedback,Communication with TechFlow LLC regarding usage tips.,28
CUST-0132,StreamPro Inc,Commercial,2024-03-18,Support Ticket,StreamPro Inc reported feature request. Sentiment: Neutral.,39
CUST-0185,DataBridge LLC,Enterprise,2024-03-18,Call,Check-in call with DataBridge LLC. 43 minutes. Positive outcome.,46
CUST-0127,MetricsDash Labs,Enterprise,2024-03-17,Support Ticket,MetricsDash Labs reported integration help. Sentiment: Satisfied.,38
CUST-0158,DevOpsHub LLC,SMB,2024-03-17,Call,Issue escalation call with DevOpsHub LLC. 54 minutes. Needs follow-up outcome.,47
CUST-0116,LogStream Corp,SMB,2024-03-16,Support Ticket,LogStream Corp reported integration help. Sentiment: Frustrated.,46
CUST-0185,DataBridge LLC,Enterprise,2024-03-16,Meeting,Renewal discussion with DataBridge LLC. 6 attendees. Discussed roadmap and usage.,46
CUST-0147,DisasterRecovery Systems,Enterprise,2024-03-14,Support Ticket,DisasterRecovery Systems reported performance issue. Sentiment: Satisfied.,28
CUST-0053,TechFlow LLC,Commercial,2024-03-13,Call,Expansion discussion call with TechFlow LLC. 44 minutes. Positive outcome.,28
CUST-0137,DisasterRecovery Corp,Commercial,2024-03-13,Call,Issue escalation call with DisasterRecovery Corp. 48 minutes. Needs follow-up outcome.,44
CUST-0169,CodeCraft Technologies,Commercial,2024-03-13,Call,Check-in call with CodeCraft Technologies. 29 minutes. Positive outcome.,36
CUST-0191,InnovateLabs Systems,SMB,2024-03-13,Call,Expansion discussion call with InnovateLabs Systems. 26 minutes. Positive outcome.,29
CUST-0018,CloudScale Corp,SMB,2024-03-12,Email,Communication with CloudScale Corp regarding billing.,41
CUST-0007,DisasterRecovery Solutions,SMB,2024-03-09,Call,Expansion discussion call with DisasterRecovery Solutions. 42 minutes. Positive outcome.,41
CUST-0091,DisasterRecovery Technologies,SMB,2024-03-07,Support Ticket,DisasterRecovery Technologies reported performance issue. Sentiment: Satisfied.,35
CUST-0091,DisasterRecovery Technologies,SMB,2024-03-03,Meeting,Renewal discussion with DisasterRecovery Technologies. 2 attendees. Discussed roadmap and usage.,35
CUST-0058,CodeCraft Systems,Enterprise,2024-03-02,Product Feedback,Communication with CodeCraft Systems regarding usage tips.,35
CUST-0094,LogStream Labs,Enterprise,2024-03-02,Call,Feature question call with LogStream Labs. 60 minutes. Positive outcome.,39
CUST-0100,DisasterRecovery Inc,SMB,2024-02-29,Product Feedback,Communication with DisasterRecovery Inc regarding usage tips.,39
CUST-0145,DataSync Group,Enterprise,2024-02-29,Meeting,Feature demo with DataSync Group. 5 attendees. Discussed roadmap and usage.,32
CUST-0016,APIGateway Inc,SMB,2024-02-27,Call,Expansion discussion call with APIGateway Inc. 42 minutes. Needs follow-up outcome.,32
CUST-0130,QueueManager Systems,SMB,2024-02-26,Meeting,Training session with QueueManager Systems. 2 attendees. Discussed roadmap and usage.,43
CUST-0065,TechFlow Technologies,Commercial,2024-02-24,Meeting,Training session with TechFlow Technologies. 3 attendees. Discussed roadmap and usage.,34
CUST-0182,WorkflowPro Systems,Commercial,2024-02-23,Email,Communication with WorkflowPro Systems regarding usage tips.,44
CUST-0095,IntegrationHQ Technologies,Commercial,2024-02-22,Support Ticket,IntegrationHQ Technologies reported performance issue. Sentiment: Neutral.,47
CUST-0144,LogStream Technologies,Commercial,2024-02-22,Product Feedback,Communication with LogStream Technologies regarding usage tips.,29
CUST-0108,DevTools LLC,Enterprise,2024-02-20,Meeting,Quarterly business review with DevTools LLC. 4 attendees. Discussed roadmap and usage.,41
CUST-0127,MetricsDash Labs,Enterprise,2024-02-19,Meeting,Quarterly business review with MetricsDash Labs. 7 attendees. Discussed roadmap and usage.,38
CUST-0042,DataSync Technologies,SMB,2024-02-17,Call,Expansion discussion call with DataSync Technologies. 44 minutes. Positive outcome.,37
CUST-0016,APIGateway Inc,SMB,2024-02-16,Meeting,Feature demo with APIGateway Inc. 5 attendees. Discussed roadmap and usage.,32
CUST-0061,MicroServe Technologies,Enterprise,2024-02-14,Call,Feature question call with MicroServe Technologies. 59 minutes. Positive outcome.,31
CUST-0193,LoadBalance LLC,Commercial,2024-02-14,Product Feedback,Communication with LoadBalance LLC regarding product updates.,47
CUST-0101,IntegrationHQ Systems,Commercial,2024-02-13,Call,Issue escalation call with IntegrationHQ Systems. 21 minutes. Needs follow-up outcome.,31
CUST-0003,DataSync Solutions,SMB,2024-02-12,Call,Check-in call with DataSync Solutions. 24 minutes. Positive outcome.,32
CUST-0011,CloudScale Group,SMB,2024-02-12,Product Feedback,Communication with CloudScale Group regarding product updates.,41
CUST-0089,ScaleSystems Technologies,SMB,2024-02-10,Product Feedback,Communication with ScaleSystems Technologies regarding usage tips.,43
CUST-0137,DisasterRecovery Corp,Commercial,2024-02-10,Call,Issue escalation call with DisasterRecovery Corp. 41 minutes. Needs follow-up outcome.,44
CUST-0114,LoadBalance Systems,Enterprise,2024-02-08,Email,Communication with LoadBalance Systems regarding usage tips.,37
CUST-0126,LogStream Systems,Commercial,2024-02-05,Product Feedback,Communication with LogStream Systems regarding feedback request.,47
CUST-0003,DataSync Solutions,SMB,2024-02-04,Product Feedback,Communication with DataSync Solutions regarding feedback request.,32
CUST-0100,DisasterRecovery Inc,SMB,2024-02-04,Call,Issue escalation call with DisasterRecovery Inc. 40 minutes. Needs follow-up outcome.,39
CUST-0037,WorkflowPro Inc,Commercial,2024-02-03,Meeting,Quarterly business review with WorkflowPro Inc. 3 attendees. Discussed roadmap and usage.,30
CUST-0062,AuditPro Systems,SMB,2024-02-03,Product Feedback,Communication with AuditPro Systems regarding product updates.,47
CUST-0066,ContainerOps Systems,SMB,2024-02-02,Support Ticket,ContainerOps Systems reported feature request. Sentiment: Satisfied.,31
CUST-0071,MicroServe Solutions,Enterprise,2024-01-31,Meeting,Quarterly business review with MicroServe Solutions. 7 attendees. Discussed roadmap and usage.,46
CUST-0011,CloudScale Group,SMB,2024-01-29,Support Ticket,CloudScale Group reported integration help. Sentiment: Satisfied.,41
CUST-0166,InnovateLabs Solutions,Commercial,2024-01-28,Call,Issue escalation call with InnovateLabs Solutions. 35 minutes. Needs follow-up outcome.,31
CUST-0085,AuditPro Inc,Commercial,2024-01-27,Product Feedback,Communication with AuditPro Inc regarding product updates.,40
CUST-0111,CloudVision Corp,Commercial,2024-01-27,Product Feedback,Communication with CloudVision Corp regarding usage tips.,33
CUST-0105,CodeCraft Inc,SMB,2024-01-25,Product Feedback,Communication with CodeCraft Inc regarding feedback request.,37
CUST-0065,TechFlow Technologies,Commercial,2024-01-23,Support Ticket,TechFlow Technologies reported feature request. Sentiment: Neutral.,34
CUST-0199,BackupCloud LLC,Commercial,2024-01-23,Support Ticket,BackupCloud LLC reported feature request. Sentiment: Frustrated.,36
CUST-0138,DevOpsHub Group,SMB,2024-01-21,Product Feedback,Communication with DevOpsHub Group regarding billing.,38
CUST-0062,AuditPro Systems,SMB,2024-01-19,Email,Communication with AuditPro Systems regarding product updates.,47
CUST-0034,QueueManager Solutions,Commercial,2024-01-18,Support Ticket,QueueManager Solutions reported feature request. Sentiment: Neutral.,39
CUST-0137,DisasterRecovery Corp,Commercial,2024-01-18,Email,Communication with DisasterRecovery Corp regarding usage tips.,44
CUST-0087,MonitorPlus Solutions,SMB,2024-01-17,Call,Check-in call with MonitorPlus Solutions. 15 minutes. Positive outcome.,30
CUST-0158,DevOpsHub LLC,SMB,2024-01-17,Email,Communication with DevOpsHub LLC regarding billing.,47
CUST-0182,WorkflowPro Systems,Commercial,2024-01-17,Support Ticket,WorkflowPro Systems reported feature request. Sentiment: Neutral.,44
CUST-0094,LogStream Labs,Enterprise,2024-01-16,Product Feedback,Communication with LogStream Labs regarding usage tips.,39
CUST-0166,InnovateLabs Solutions,Commercial,2024-01-16,Email,Communication with InnovateLabs Solutions regarding usage tips.,31
CUST-0050,SecurityFirst Group,SMB,2024-01-15,Meeting,Feature demo with SecurityFirst Group. 8 attendees. Discussed roadmap and usage.,41
CUST-0127,MetricsDash Labs,Enterprise,2024-01-15,Meeting,Quarterly business review with MetricsDash Labs. 2 attendees. Discussed roadmap and usage.,38
CUST-0085,AuditPro Inc,Commercial,2024-01-14,Support Ticket,AuditPro Inc reported performance issue. Sentiment: Satisfied.,40
CUST-0059,CloudScale Solutions,SMB,2024-01-13,Email,Communication with CloudScale Solutions regarding feedback request.,37
CUST-0111,CloudVision Corp,Commercial,2024-01-13,Call,Feature question call with CloudVision Corp. 49 minutes. Positive outcome.,33
CUST-0072,AnalyticsCo Labs,SMB,2024-01-11,Email,Communication with AnalyticsCo Labs regarding product updates.,46
CUST-0150,MonitorPlus Inc,SMB,2024-01-11,Email,Communication with MonitorPlus Inc regarding feedback request.,38
CUST-0131,ComplianceHub Technologies,SMB,2024-01-09,Meeting,Training session with ComplianceHub Technologies. 4 attendees. Discussed roadmap and usage.,45
CUST-0051,CloudScale Systems,Enterprise,2024-01-08,Call,Issue escalation call with CloudScale Systems. 22 minutes. Needs follow-up outcome.,46
CUST-0071,MicroServe Solutions,Enterprise,2024-01-08,Email,Communication with MicroServe Solutions regarding usage tips.,46
CUST-0090,StreamPro Technologies,SMB,2024-01-08,Support Ticket,StreamPro Technologies reported performance issue. Sentiment: Frustrated.,39
CUST-0135,CloudScale Labs,SMB,2024-01-07,Email,Communication with CloudScale Labs regarding billing.,42
CUST-0031,MonitorPlus Technologies,Commercial,2024-01-06,Meeting,Training session with MonitorPlus Technologies. 4 attendees. Discussed roadmap and usage.,45
CUST-0156,CloudVision Technologies,Commercial,2024-01-04,Meeting,Quarterly business review with CloudVision Technologies. 4 attendees. Discussed roadmap and usage.,39
CUST-0130,QueueManager Systems,SMB,2024-01-03,Product Feedback,Communication with QueueManager Systems regarding feedback request.,43
CUST-0190,MetricsDash Corp,Commercial,2024-01-02,Product Feedback,Communication with MetricsDash Corp regarding billing.,38
CUST-0090,StreamPro Technologies,SMB,2023-12-29,Email,Communication with StreamPro Technologies regarding product updates.,39
CUST-0142,ScaleSystems Systems,SMB,2023-12-29,Call,Issue escalation call with ScaleSystems Systems. 56 minutes. Needs follow-up outcome.,47
CUST-0145,DataSync Group,Enterprise,2023-12-29,Meeting,Quarterly business review with DataSync Group. 7 attendees. Discussed roadmap and usage.,32
CUST-0173,CloudVision Solutions,Commercial,2023-12-29,Meeting,Quarterly business review with CloudVision Solutions. 6 attendees. Discussed roadmap and usage.,33
CUST-0046,DisasterRecovery Group,SMB,2023-12-27,Product Feedback,Communication with DisasterRecovery Group regarding feedback request.,36
CUST-0085,AuditPro Inc,Commercial,2023-12-27,Support Ticket,AuditPro Inc reported performance issue. Sentiment: Satisfied.,40
CUST-0091,DisasterRecovery Technologies,SMB,2023-12-27,Support Ticket,DisasterRecovery Technologies reported integration help. Sentiment: Satisfied.,35
CUST-0166,InnovateLabs Solutions,Commercial,2023-12-26,Email,Communication with InnovateLabs Solutions regarding usage tips.,31
CUST-0008,DevTools Inc,Commercial,2023-12-25,Email,Communication with DevTools Inc regarding product updates.,39
CUST-0156,CloudVision Technologies,Commercial,2023-12-25,Call,Feature question call with CloudVision Technologies. 55 minutes. Positive outcome.,39
CUST-0199,BackupCloud LLC,Commercial,2023-12-25,Product Feedback,Communication with BackupCloud LLC regarding feedback request.,36
CUST-0101,IntegrationHQ Systems,Commercial,2023-12-24,Call,Issue escalation call with IntegrationHQ Systems. 22 minutes. Needs follow-up outcome.,31
CUST-0105,CodeCraft Inc,SMB,2023-12-24,Call,Check-in call with CodeCraft Inc. 54 minutes. Needs follow-up outcome.,37
CUST-0142,ScaleSystems Systems,SMB,2023-12-24,Email,Communication with ScaleSystems Systems regarding feedback request.,47
CUST-0179,CodeCraft Corp,Commercial,2023-12-21,Call,Feature question call with CodeCraft Corp. 26 minutes. Positive outcome.,42
CUST-0199,BackupCloud LLC,Commercial,2023-12-21,Call,Issue escalation call with BackupCloud LLC. 58 minutes. Needs follow-up outcome.,36
CUST-0142,ScaleSystems Systems,SMB,2023-12-16,Support Ticket,ScaleSystems Systems reported integration help. Sentiment: Frustrated.,47
CUST-0083,DisasterRecovery Labs,Enterprise,2023-12-15,Call,Expansion discussion call with DisasterRecovery Labs. 26 minutes. Positive outcome.,44
CUST-0026,LoadBalance Group,SMB,2023-12-14,Email,Communication with LoadBalance Group regarding billing.,38
CUST-0166,InnovateLabs Solutions,Commercial,2023-12-14,Call,Issue escalation call with InnovateLabs Solutions. 26 minutes. Needs follow-up outcome.,31
CUST-0179,CodeCraft Corp,Commercial,2023-12-14,Product Feedback,Communication with CodeCraft Corp regarding product updates.,42
CUST-0031,MonitorPlus Technologies,Commercial,2023-12-13,Call,Feature question call with MonitorPlus Technologies. 22 minutes. Positive outcome.,45
CUST-0145,DataSync Group,Enterprise,2023-12-13,Product Feedback,Communication with DataSync Group regarding product updates.,32
CUST-0150,MonitorPlus Inc,SMB,2023-12-13,Call,Expansion discussion call with MonitorPlus Inc. 38 minutes. Positive outcome.,38
CUST-0086,StreamPro LLC,SMB,2023-12-12,Product Feedback,Communication with StreamPro LLC regarding usage tips.,35
CUST-0116,LogStream Corp,SMB,2023-12-10,Support Ticket,LogStream Corp reported integration help. Sentiment: Frustrated.,46
CUST-0065,TechFlow Technologies,Commercial,2023-12-07,Call,Feature question call with TechFlow Technologies. 15 minutes. Positive outcome.,34
CUST-0156,CloudVision Technologies,Commercial,2023-12-07,Support Ticket,CloudVision Technologies reported feature request. Sentiment: Satisfied.,39
CUST-0086,StreamPro LLC,SMB,2023-12-06,Meeting,Feature demo with StreamPro LLC. 7 attendees. Discussed roadmap and usage.,35
CUST-0146,ScaleSystems Corp,Commercial,2023-12-05,Meeting,Training session with ScaleSystems Corp. 8 attendees. Discussed roadmap and usage.,48
CUST-0007,DisasterRecovery Solutions,SMB,2023-12-03,Call,Expansion discussion call with DisasterRecovery Solutions. 29 minutes. Positive outcome.,41
CUST-0009,CacheMaster Labs,Commercial,2023-12-02,Support Ticket,CacheMaster Labs reported integration help. Sentiment: Neutral.,39
CUST-0102,DevOpsHub Systems,SMB,2023-12-02,Call,Issue escalation call with DevOpsHub Systems. 37 minutes. Needs follow-up outcome.,38
CUST-0122,DevOpsHub Corp,SMB,2023-12-01,Email,Communication with DevOpsHub Corp regarding feedback request.,44
CUST-0086,StreamPro LLC,SMB,2023-11-29,Meeting,Training session with StreamPro LLC. 3 attendees. Discussed roadmap and usage.,35
CUST-0142,ScaleSystems Systems,SMB,2023-11-29,Email,Communication with ScaleSystems Systems regarding product updates.,47
CUST-0042,DataSync Technologies,SMB,2023-11-28,Product Feedback,Communication with DataSync Technologies regarding billing.,37
CUST-0178,MonitorPlus Systems,Enterprise,2023-11-28,Support Ticket,MonitorPlus Systems reported performance issue. Sentiment: Neutral.,45
CUST-0065,TechFlow Technologies,Commercial,2023-11-25,Support Ticket,TechFlow Technologies reported performance issue. Sentiment: Neutral.,34
CUST-0190,MetricsDash Corp,Commercial,2023-11-24,Support Ticket,MetricsDash Corp reported feature request. Sentiment: Satisfied.,38
CUST-0002,DataBridge Solutions,Commercial,2023-11-23,Call,Check-in call with DataBridge Solutions. 27 minutes. Positive outcome.,44
CUST-0131,ComplianceHub Technologies,SMB,2023-11-23,Support Ticket,ComplianceHub Technologies reported bug report. Sentiment: Frustrated.,45
CUST-0095,IntegrationHQ Technologies,Commercial,2023-11-21,Meeting,Training session with IntegrationHQ Technologies. 5 attendees. Discussed roadmap and usage.,47
CUST-0178,MonitorPlus Systems,Enterprise,2023-11-21,Email,Communication with MonitorPlus Systems regarding feedback request.,45
CUST-0089,ScaleSystems Technologies,SMB,2023-11-17,Meeting,Quarterly business review with ScaleSystems Technologies. 2 attendees. Discussed roadmap and usage.,43
CUST-0090,StreamPro Technologies,SMB,2023-11-17,Email,Communication with StreamPro Technologies regarding usage tips.,39
CUST-0135,CloudScale Labs,SMB,2023-11-16,Meeting,Renewal discussion with CloudScale Labs. 6 attendees. Discussed roadmap and usage.,42
CUST-0086,StreamPro LLC,SMB,2023-11-15,Email,Communication with StreamPro LLC regarding feedback request.,35
CUST-0193,LoadBalance LLC,Commercial,2023-11-15,Email,Communication with LoadBalance LLC regarding usage tips.,47
CUST-0169,CodeCraft Technologies,Commercial,2023-11-14,Meeting,Training session with CodeCraft Technologies. 5 attendees. Discussed roadmap and usage.,36
CUST-0116,LogStream Corp,SMB,2023-11-13,Product Feedback,Communication with LogStream Corp regarding billing.,46
CUST-0042,DataSync Technologies,SMB,2023-11-12,Email,Communication with DataSync Technologies regarding usage tips.,37
CUST-0135,CloudScale Labs,SMB,2023-11-12,Email,Communication with CloudScale Labs regarding feedback request.,42
CUST-0187,AIForge Corp,SMB,2023-11-12,Call,Issue escalation call with AIForge Corp. 21 minutes. Needs follow-up outcome.,40
CUST-0089,ScaleSystems Technologies,SMB,2023-11-11,Product Feedback,Communication with ScaleSystems Technologies regarding product updates.,43
CUST-0011,CloudScale Group,SMB,2023-11-09,Email,Communication with CloudScale Group regarding billing.,41
CUST-0187,AIForge Corp,SMB,2023-11-09,Product Feedback,Communication with AIForge Corp regarding product updates.,40
CUST-0157,AIForge Inc,Enterprise,2023-11-08,Email,Communication with AIForge Inc regarding feedback request.,48
CUST-0153,QueueManager Technologies,SMB,2023-11-06,Support Ticket,QueueManager Technologies reported feature request. Sentiment: Frustrated.,44
CUST-0086,StreamPro LLC,SMB,2023-11-05,Product Feedback,Communication with StreamPro LLC regarding usage tips.,35
CUST-0123,CloudScale LLC,Commercial,2023-11-05,Meeting,Training session with CloudScale LLC. 7 attendees. Discussed roadmap and usage.,36
CUST-0135,CloudScale Labs,SMB,2023-11-05,Support Ticket,CloudScale Labs reported integration help. Sentiment: Frustrated.,42
CUST-0185,DataBridge LLC,Enterprise,2023-11-04,Email,Communication with DataBridge LLC regarding feedback request.,46
CUST-0085,AuditPro Inc,Commercial,2023-11-03,Meeting,Feature demo with AuditPro Inc. 8 attendees. Discussed roadmap and usage.,40
CUST-0122,DevOpsHub Corp,SMB,2023-11-02,Support Ticket,DevOpsHub Corp reported feature request. Sentiment: Neutral.,44
CUST-0132,StreamPro Inc,Commercial,2023-10-31,Call,Expansion discussion call with StreamPro Inc. 52 minutes. Needs follow-up outcome.,39
CUST-0137,DisasterRecovery Corp,Commercial,2023-10-31,Support Ticket,DisasterRecovery Corp reported performance issue. Sentiment: Frustrated.,44
CUST-0148,APIGateway Group,SMB,2023-10-31,Call,Feature question call with APIGateway Group. 18 minutes. Positive outcome.,33
CUST-0083,DisasterRecovery Labs,Enterprise,2023-10-29,Call,Check-in call with DisasterRecovery Labs. 55 minutes. Positive outcome.,44
CUST-0114,LoadBalance Systems,Enterprise,2023-10-29,Product Feedback,Communication with LoadBalance Systems regarding feedback request.,37
CUST-0179,CodeCraft Corp,Commercial,2023-10-29,Call,Check-in call with CodeCraft Corp. 39 minutes. Positive outcome.,42
CUST-0157,AIForge Inc,Enterprise,2023-10-28,Product Feedback,Communication with AIForge Inc regarding feedback request.,48
CUST-0051,CloudScale Systems,Enterprise,2023-10-26,Email,Communication with CloudScale Systems regarding billing.,46
CUST-0094,LogStream Labs,Enterprise,2023-10-26,Meeting,Training session with LogStream Labs. 6 attendees. Discussed roadmap and usage.,39
CUST-0185,DataBridge LLC,Enterprise,2023-10-26,Support Ticket,DataBridge LLC reported bug report. Sentiment: Neutral.,46
CUST-0187,AIForge Corp,SMB,2023-10-26,Meeting,Quarterly business review with AIForge Corp. 8 attendees. Discussed roadmap and usage.,40
CUST-0142,ScaleSystems Systems,SMB,2023-10-25,Email,Communication with ScaleSystems Systems regarding feedback request.,47
CUST-0173,CloudVision Solutions,Commercial,2023-10-25,Call,Feature question call with CloudVision Solutions. 21 minutes. Positive outcome.,33
CUST-0193,LoadBalance LLC,Commercial,2023-10-24,Product Feedback,Communication with LoadBalance LLC regarding feedback request.,47
CUST-0100,DisasterRecovery Inc,SMB,2023-10-22,Call,Issue escalation call with DisasterRecovery Inc. 59 minutes. Needs follow-up outcome.,39
CUST-0190,MetricsDash Corp,Commercial,2023-10-22,Support Ticket,MetricsDash Corp reported integration help. Sentiment: Satisfied.,38
CUST-0123,CloudScale LLC,Commercial,2023-10-21,Call,Feature question call with CloudScale LLC. 35 minutes. Positive outcome.,36
CUST-0158,DevOpsHub LLC,SMB,2023-10-19,Support Ticket,DevOpsHub LLC reported bug report. Sentiment: Frustrated.,47
CUST-0187,AIForge Corp,SMB,2023-10-19,Email,Communication with AIForge Corp regarding feedback request.,40
CUST-0111,CloudVision Corp,Commercial,2023-10-18,Support Ticket,CloudVision Corp reported performance issue. Sentiment: Neutral.,33
CUST-0109,MonitorPlus Labs,SMB,2023-10-16,Meeting,Training session with MonitorPlus Labs. 2 attendees. Discussed roadmap and usage.,35
CUST-0007,DisasterRecovery Solutions,SMB,2023-10-15,Call,Expansion discussion call with DisasterRecovery Solutions. 19 minutes. Positive outcome.,41
CUST-0157,AIForge Inc,Enterprise,2023-10-15,Support Ticket,AIForge Inc reported bug report. Sentiment: Frustrated.,48
CUST-0123,CloudScale LLC,Commercial,2023-10-12,Call,Feature question call with CloudScale LLC. 31 minutes. Positive outcome.,36
CUST-0122,DevOpsHub Corp,SMB,2023-10-11,Call,Feature question call with DevOpsHub Corp. 38 minutes. Positive outcome.,44
CUST-0072,AnalyticsCo Labs,SMB,2023-10-10,Email,Communication with AnalyticsCo Labs regarding usage tips.,46
CUST-0086,StreamPro LLC,SMB,2023-10-09,Support Ticket,StreamPro LLC reported feature request. Sentiment: Neutral.,35
CUST-0190,MetricsDash Corp,Commercial,2023-10-09,Call,Expansion discussion call with MetricsDash Corp. 16 minutes. Positive outcome.,38
CUST-0190,MetricsDash Corp,Commercial,2023-10-08,Support Ticket,MetricsDash Corp reported bug report. Sentiment: Satisfied.,38
CUST-0100,DisasterRecovery Inc,SMB,2023-10-05,Email,Communication with DisasterRecovery Inc regarding product updates.,39
CUST-0127,MetricsDash Labs,Enterprise,2023-10-04,Email,Communication with MetricsDash Labs regarding billing.,38
CUST-0031,MonitorPlus Technologies,Commercial,2023-10-03,Support Ticket,MonitorPlus Technologies reported bug report. Sentiment: Satisfied.,45
CUST-0083,DisasterRecovery Labs,Enterprise,2023-10-02,Product Feedback,Communication with DisasterRecovery Labs regarding feedback request.,44
CUST-0095,IntegrationHQ Technologies,Commercial,2023-10-01,Email,Communication with IntegrationHQ Technologies regarding feedback request.,47
CUST-0042,DataSync Technologies,SMB,2023-09-29,Product Feedback,Communication with DataSync Technologies regarding billing.,37
CUST-0062,AuditPro Systems,SMB,2023-09-29,Support Ticket,AuditPro Systems reported bug report. Sentiment: Neutral.,47
CUST-0051,CloudScale Systems,Enterprise,2023-09-28,Meeting,Renewal discussion with CloudScale Systems. 7 attendees. Discussed roadmap and usage.,46
CUST-0011,CloudScale Group,SMB,2023-09-27,Email,Communication with CloudScale Group regarding product updates.,41
CUST-0058,CodeCraft Systems,Enterprise,2023-09-27,Meeting,Quarterly business review with CodeCraft Systems. 2 attendees. Discussed roadmap and usage.,35
CUST-0100,DisasterRecovery Inc,SMB,2023-09-26,Call,Issue escalation call with DisasterRecovery Inc. 24 minutes. Needs follow-up outcome.,39
CUST-0085,AuditPro Inc,Commercial,2023-09-25,Email,Communication with AuditPro Inc regarding product updates.,40
CUST-0094,LogStream Labs,Enterprise,2023-09-25,Meeting,Quarterly business review with LogStream Labs. 6 attendees. Discussed roadmap and usage.,39
CUST-0190,MetricsDash Corp,Commercial,2023-09-22,Meeting,Training session with MetricsDash Corp. 2 attendees. Discussed roadmap and usage.,38
CUST-0094,LogStream Labs,Enterprise,2023-09-21,Meeting,Training session with LogStream Labs. 8 attendees. Discussed roadmap and usage.,39
CUST-0190,MetricsDash Corp,Commercial,2023-09-19,Email,Communication with MetricsDash Corp regarding product updates.,38
CUST-0130,QueueManager Systems,SMB,2023-09-17,Meeting,Quarterly business review with QueueManager Systems. 5 attendees. Discussed roadmap and usage.,43
CUST-0158,DevOpsHub LLC,SMB,2023-09-17,Email,Communication with DevOpsHub LLC regarding usage tips.,47
CUST-0190,MetricsDash Corp,Commercial,2023-09-16,Meeting,Feature demo with MetricsDash Corp. 2 attendees. Discussed roadmap and usage.,38
CUST-0018,CloudScale Corp,SMB,2023-09-15,Call,Issue escalation call with CloudScale Corp. 39 minutes. Needs follow-up outcome.,41
CUST-0086,StreamPro LLC,SMB,2023-09-15,Support Ticket,StreamPro LLC reported performance issue. Sentiment: Neutral.,35
CUST-0094,LogStream Labs,Enterprise,2023-09-15,Call,Feature question call with LogStream Labs. 29 minutes. Positive outcome.,39
CUST-0001,AnalyticsCo LLC,Commercial,2023-09-13,Email,Communication with AnalyticsCo LLC regarding billing.,39
CUST-0109,MonitorPlus Labs,SMB,2023-09-12,Email,Communication with MonitorPlus Labs regarding usage tips.,35
CUST-0127,MetricsDash Labs,Enterprise,2023-09-12,Call,Expansion discussion call with MetricsDash Labs. 30 minutes. Positive outcome.,38
CUST-0059,CloudScale Solutions,SMB,2023-09-11,Email,Communication with CloudScale Solutions regarding feedback request.,37
CUST-0098,StreamPro Systems,SMB,2023-09-07,Call,Expansion discussion call with StreamPro Systems. 20 minutes. Positive outcome.,43
CUST-0001,AnalyticsCo LLC,Commercial,2023-09-06,Support Ticket,AnalyticsCo LLC reported integration help. Sentiment: Neutral.,39
CUST-0085,AuditPro Inc,Commercial,2023-09-05,Email,Communication with AuditPro Inc regarding usage tips.,40
CUST-0011,CloudScale Group,SMB,2023-09-03,Product Feedback,Communication with CloudScale Group regarding billing.,41
CUST-0100,DisasterRecovery Inc,SMB,2023-09-03,Meeting,Training session with DisasterRecovery Inc. 3 attendees. Discussed roadmap and usage.,39
CUST-0051,CloudScale Systems,Enterprise,2023-09-02,Email,Communication with CloudScale Systems regarding product updates.,46
CUST-0100,DisasterRecovery Inc,SMB,2023-09-02,Support Ticket,DisasterRecovery Inc reported bug report. Sentiment: Neutral.,39
CUST-0158,DevOpsHub LLC,SMB,2023-09-02,Call,Issue escalation call with DevOpsHub LLC. 47 minutes. Needs follow-up outcome.,47
CUST-0001,AnalyticsCo LLC,Commercial,2023-09-01,Support Ticket,AnalyticsCo LLC reported feature request. Sentiment: Neutral.,39
CUST-0182,WorkflowPro Systems,Commercial,2023-08-31,Call,Feature question call with WorkflowPro Systems. 60 minutes. Positive outcome.,44
CUST-0142,ScaleSystems Systems,SMB,2023-08-29,Support Ticket,ScaleSystems Systems reported bug report. Sentiment: Frustrated.,47
CUST-0050,SecurityFirst Group,SMB,2023-08-28,Call,Feature question call with SecurityFirst Group. 22 minutes. Positive outcome.,41
CUST-0031,MonitorPlus Technologies,Commercial,2023-08-27,Product Feedback,Communication with MonitorPlus Technologies regarding product updates.,45
CUST-0105,CodeCraft Inc,SMB,2023-08-26,Email,Communication with CodeCraft Inc regarding product updates.,37
CUST-0119,LogStream Inc,Enterprise,2023-08-24,Email,Communication with LogStream Inc regarding feedback request.,36
CUST-0001,AnalyticsCo LLC,Commercial,2023-08-21,Email,Communication with AnalyticsCo LLC regarding usage tips.,39
CUST-0085,AuditPro Inc,Commercial,2023-08-15,Meeting,Quarterly business review with AuditPro Inc. 2 attendees. Discussed roadmap and usage.,40
CUST-0130,QueueManager Systems,SMB,2023-08-15,Call,Check-in call with QueueManager Systems. 59 minutes. Positive outcome.,43
CUST-0102,DevOpsHub Systems,SMB,2023-08-11,Support Ticket,DevOpsHub Systems reported performance issue. Sentiment: Neutral.,38
CUST-0098,StreamPro Systems,SMB,2023-08-10,Support Ticket,StreamPro Systems reported performance issue. Sentiment: Neutral.,43
CUST-0009,CacheMaster Labs,Commercial,2023-08-08,Support Ticket,CacheMaster Labs reported feature request. Sentiment: Neutral.,39
CUST-0072,AnalyticsCo Labs,SMB,2023-08-07,Support Ticket,AnalyticsCo Labs reported feature request. Sentiment: Satisfied.,46
CUST-0007,DisasterRecovery Solutions,SMB,2023-08-06,Meeting,Training session with DisasterRecovery Solutions. 3 attendees. Discussed roadmap and usage.,41
CUST-0179,CodeCraft Corp,Commercial,2023-08-06,Support Ticket,CodeCraft Corp reported integration help. Sentiment: Neutral.,42
CUST-0072,AnalyticsCo Labs,SMB,2023-08-05,Call,Expansion discussion call with AnalyticsCo Labs. 52 minutes. Positive outcome.,46
CUST-0123,CloudScale LLC,Commercial,2023-08-04,Meeting,Training session with CloudScale LLC. 2 attendees. Discussed roadmap and usage.,36
CUST-0108,DevTools LLC,Enterprise,2023-08-03,Call,Feature question call with DevTools LLC. 40 minutes. Positive outcome.,41
CUST-0116,LogStream Corp,SMB,2023-08-03,Email,Communication with LogStream Corp regarding feedback request.,46
CUST-0150,MonitorPlus Inc,SMB,2023-08-01,Support Ticket,MonitorPlus Inc reported performance issue. Sentiment: Neutral.,38
CUST-0182,WorkflowPro Systems,Commercial,2023-07-31,Call,Check-in call with WorkflowPro Systems. 53 minutes. Positive outcome.,44
CUST-0034,QueueManager Solutions,Commercial,2023-07-30,Meeting,Training session with QueueManager Solutions. 4 attendees. Discussed roadmap and usage.,39
CUST-0026,LoadBalance Group,SMB,2023-07-29,Email,Communication with LoadBalance Group regarding feedback request.,38
CUST-0050,SecurityFirst Group,SMB,2023-07-29,Email,Communication with SecurityFirst Group regarding feedback request.,41
CUST-0127,MetricsDash Labs,Enterprise,2023-07-25,Product Feedback,Communication with MetricsDash Labs regarding usage tips.,38
CUST-0018,CloudScale Corp,SMB,2023-07-22,Support Ticket,CloudScale Corp reported integration help. Sentiment: Frustrated.,41
CUST-0095,IntegrationHQ Technologies,Commercial,2023-07-22,Call,Expansion discussion call with IntegrationHQ Technologies. 47 minutes. Positive outcome.,47
CUST-0142,ScaleSystems Systems,SMB,2023-07-22,Email,Communication with ScaleSystems Systems regarding product updates.,47
CUST-0153,QueueManager Technologies,SMB,2023-07-22,Email,Communication with QueueManager Technologies regarding product updates.,44
CUST-0187,AIForge Corp,SMB,2023-07-22,Meeting,Quarterly business review with AIForge Corp. 6 attendees. Discussed roadmap and usage.,40
CUST-0001,AnalyticsCo LLC,Commercial,2023-07-21,Product Feedback,Communication with AnalyticsCo LLC regarding billing.,39
CUST-0122,DevOpsHub Corp,SMB,2023-07-21,Meeting,Feature demo with DevOpsHub Corp. 6 attendees. Discussed roadmap and usage.,44
CUST-0157,AIForge Inc,Enterprise,2023-07-20,Meeting,Renewal discussion with AIForge Inc. 2 attendees. Discussed roadmap and usage.,48
CUST-0135,CloudScale Labs,SMB,2023-07-19,Email,Communication with CloudScale Labs regarding usage tips.,42
CUST-0100,DisasterRecovery Inc,SMB,2023-07-18,Support Ticket,DisasterRecovery Inc reported integration help. Sentiment: Neutral.,39
CUST-0130,QueueManager Systems,SMB,2023-07-18,Call,Check-in call with QueueManager Systems. 20 minutes. Positive outcome.,43
CUST-0123,CloudScale LLC,Commercial,2023-07-16,Call,Expansion discussion call with CloudScale LLC. 17 minutes. Positive outcome.,36
CUST-0026,LoadBalance Group,SMB,2023-07-15,Meeting,Renewal discussion with LoadBalance Group. 3 attendees. Discussed roadmap and usage.,38
CUST-0042,DataSync Technologies,SMB,2023-07-15,Email,Communication with DataSync Technologies regarding usage tips.,37
CUST-0158,DevOpsHub LLC,SMB,2023-07-13,Product Feedback,Communication with DevOpsHub LLC regarding usage tips.,47
CUST-0185,DataBridge LLC,Enterprise,2023-07-13,Support Ticket,DataBridge LLC reported bug report. Sentiment: Neutral.,46
CUST-0185,DataBridge LLC,Enterprise,2023-07-12,Product Feedback,Communication with DataBridge LLC regarding feedback request.,46
CUST-0062,AuditPro Systems,SMB,2023-07-06,Email,Communication with AuditPro Systems regarding usage tips.,47
CUST-0142,ScaleSystems Systems,SMB,2023-07-04,Email,Communication with ScaleSystems Systems regarding feedback request.,47
CUST-0179,CodeCraft Corp,Commercial,2023-07-04,Call,Check-in call with CodeCraft Corp. 16 minutes. Positive outcome.,42
CUST-0085,AuditPro Inc,Commercial,2023-07-03,Product Feedback,Communication with AuditPro Inc regarding feedback request.,40
CUST-0158,DevOpsHub LLC,SMB,2023-07-02,Email,Communication with DevOpsHub LLC regarding usage tips.,47
CUST-0073,DataBridge Systems,SMB,2023-06-30,Support Ticket,DataBridge Systems reported performance issue. Sentiment: Neutral.,42
CUST-0126,LogStream Systems,Commercial,2023-06-30,Product Feedback,Communication with LogStream Systems regarding product updates.,47
CUST-0127,MetricsDash Labs,Enterprise,2023-06-30,Support Ticket,MetricsDash Labs reported performance issue. Sentiment: Satisfied.,38
CUST-0130,QueueManager Systems,SMB,2023-06-29,Meeting,Feature demo with QueueManager Systems. 4 attendees. Discussed roadmap and usage.,43
CUST-0062,AuditPro Systems,SMB,2023-06-28,Meeting,Renewal discussion with AuditPro Systems. 3 attendees. Discussed roadmap and usage.,47
CUST-0090,StreamPro Technologies,SMB,2023-06-27,Email,Communication with StreamPro Technologies regarding billing.,39
CUST-0130,QueueManager Systems,SMB,2023-06-27,Call,Feature question call with QueueManager Systems. 52 minutes. Positive outcome.,43
CUST-0193,LoadBalance LLC,Commercial,2023-06-25,Call,Feature question call with LoadBalance LLC. 26 minutes. Positive outcome.,47
CUST-0131,ComplianceHub Technologies,SMB,2023-06-22,Product Feedback,Communication with ComplianceHub Technologies regarding feedback request.,45
CUST-0179,CodeCraft Corp,Commercial,2023-06-21,Product Feedback,Communication with CodeCraft Corp regarding feedback request.,42
CUST-0050,SecurityFirst Group,SMB,2023-06-17,Email,Communication with SecurityFirst Group regarding billing.,41
CUST-0122,DevOpsHub Corp,SMB,2023-06-15,Product Feedback,Communication with DevOpsHub Corp regarding product updates.,44
CUST-0095,IntegrationHQ Technologies,Commercial,2023-06-14,Support Ticket,IntegrationHQ Technologies reported performance issue. Sentiment: Neutral.,47
CUST-0153,QueueManager Technologies,SMB,2023-06-13,Call,Issue escalation call with QueueManager Technologies. 31 minutes. Needs follow-up outcome.,44
CUST-0178,MonitorPlus Systems,Enterprise,2023-06-13,Meeting,Feature demo with MonitorPlus Systems. 5 attendees. Discussed roadmap and usage.,45
CUST-0018,CloudScale Corp,SMB,2023-06-09,Support Ticket,CloudScale Corp reported performance issue. Sentiment: Frustrated.,41
CUST-0126,LogStream Systems,Commercial,2023-06-09,Email,Communication with LogStream Systems regarding product updates.,47
CUST-0157,AIForge Inc,Enterprise,2023-06-09,Email,Communication with AIForge Inc regarding usage tips.,48
CUST-0001,AnalyticsCo LLC,Commercial,2023-06-08,Meeting,Quarterly business review with AnalyticsCo LLC. 7 attendees. Discussed roadmap and usage.,39
CUST-0182,WorkflowPro Systems,Commercial,2023-06-08,Support Ticket,WorkflowPro Systems reported bug report. Sentiment: Neutral.,44
CUST-0142,ScaleSystems Systems,SMB,2023-06-04,Email,Communication with ScaleSystems Systems regarding product updates.,47
CUST-0031,MonitorPlus Technologies,Commercial,2023-06-02,Support Ticket,MonitorPlus Technologies reported integration help. Sentiment: Satisfied.,45
CUST-0083,DisasterRecovery Labs,Enterprise,2023-05-31,Email,Communication with DisasterRecovery Labs regarding usage tips.,44
CUST-0051,CloudScale Systems,Enterprise,2023-05-28,Support Ticket,CloudScale Systems reported performance issue. Sentiment: Neutral.,46
CUST-0090,StreamPro Technologies,SMB,2023-05-27,Meeting,Quarterly business review with StreamPro Technologies. 3 attendees. Discussed roadmap and usage.,39
CUST-0172,ComplianceHub Solutions,Commercial,2023-05-25,Meeting,Training session with ComplianceHub Solutions. 8 attendees. Discussed roadmap and usage.,45
CUST-0090,StreamPro Technologies,SMB,2023-05-24,Email,Communication with StreamPro Technologies regarding billing.,39
CUST-0095,IntegrationHQ Technologies,Commercial,2023-05-23,Meeting,Quarterly business review with IntegrationHQ Technologies. 3 attendees. Discussed roadmap and usage.,47
CUST-0150,MonitorPlus Inc,SMB,2023-05-22,Meeting,Feature demo with MonitorPlus Inc. 3 attendees. Discussed roadmap and usage.,38
CUST-0178,MonitorPlus Systems,Enterprise,2023-05-21,Call,Check-in call with MonitorPlus Systems. 20 minutes. Positive outcome.,45
CUST-0182,WorkflowPro Systems,Commercial,2023-05-20,Call,Expansion discussion call with WorkflowPro Systems. 22 minutes. Positive outcome.,44
CUST-0137,DisasterRecovery Corp,Commercial,2023-05-19,Meeting,Quarterly business review with DisasterRecovery Corp. 8 attendees. Discussed roadmap and usage.,44
CUST-0153,QueueManager Technologies,SMB,2023-05-19,Meeting,Renewal discussion with QueueManager Technologies. 8 attendees. Discussed roadmap and usage.,44
CUST-0178,MonitorPlus Systems,Enterprise,2023-05-17,Email,Communication with MonitorPlus Systems regarding feedback request.,45
CUST-0089,ScaleSystems Technologies,SMB,2023-05-15,Email,Communication with ScaleSystems Technologies regarding usage tips.,43
CUST-0156,CloudVision Technologies,Commercial,2023-05-10,Support Ticket,CloudVision Technologies reported bug report. Sentiment: Satisfied.,39
CUST-0157,AIForge Inc,Enterprise,2023-05-08,Support Ticket,AIForge Inc reported performance issue. Sentiment: Frustrated.,48
CUST-0172,ComplianceHub Solutions,Commercial,2023-05-07,Email,Communication with ComplianceHub Solutions regarding product updates.,45
CUST-0131,ComplianceHub Technologies,SMB,2023-05-06,Meeting,Quarterly business review with ComplianceHub Technologies. 3 attendees. Discussed roadmap and usage.,45
CUST-0187,AIForge Corp,SMB,2023-04-30,Product Feedback,Communication with AIForge Corp regarding product updates.,40
CUST-0178,MonitorPlus Systems,Enterprise,2023-04-28,Email,Communication with MonitorPlus Systems regarding billing.,45
CUST-0132,StreamPro Inc,Commercial,2023-04-27,Support Ticket,StreamPro Inc reported feature request. Sentiment: Neutral.,39
CUST-0185,DataBridge LLC,Enterprise,2023-04-27,Email,Communication with DataBridge LLC regarding usage tips.,46
CUST-0090,StreamPro Technologies,SMB,2023-04-23,Meeting,Training session with StreamPro Technologies. 5 attendees. Discussed roadmap and usage.,39
CUST-0135,CloudScale Labs,SMB,2023-04-21,Call,Issue escalation call with CloudScale Labs. 48 minutes. Needs follow-up outcome.,42
CUST-0130,QueueManager Systems,SMB,2023-04-19,Support Ticket,QueueManager Systems reported bug report. Sentiment: Neutral.,43
CUST-0055,SecureNet Inc,SMB,2023-04-15,Meeting,Training session with SecureNet Inc. 2 attendees. Discussed roadmap and usage.,47
CUST-0193,LoadBalance LLC,Commercial,2023-04-13,Email,Communication with LoadBalance LLC regarding product updates.,47
CUST-0187,AIForge Corp,SMB,2023-04-12,Product Feedback,Communication with AIForge Corp regarding product updates.,40
CUST-0146,ScaleSystems Corp,Commercial,2023-04-10,Meeting,Feature demo with ScaleSystems Corp. 8 attendees. Discussed roadmap and usage.,48
CUST-0089,ScaleSystems Technologies,SMB,2023-04-09,Support Ticket,ScaleSystems Technologies reported integration help. Sentiment: Neutral.,43
CUST-0095,IntegrationHQ Technologies,Commercial,2023-04-08,Call,Check-in call with IntegrationHQ Technologies. 55 minutes. Positive outcome.,47
CUST-0031,MonitorPlus Technologies,Commercial,2023-04-07,Product Feedback,Communication with MonitorPlus Technologies regarding usage tips.,45
CUST-0083,DisasterRecovery Labs,Enterprise,2023-04-07,Support Ticket,DisasterRecovery Labs reported feature request. Sentiment: Satisfied.,44
CUST-0135,CloudScale Labs,SMB,2023-04-07,Product Feedback,Communication with CloudScale Labs regarding feedback request.,42
CUST-0011,CloudScale Group,SMB,2023-04-04,Support Ticket,CloudScale Group reported feature request. Sentiment: Neutral.,41
CUST-0130,QueueManager Systems,SMB,2023-04-04,Product Feedback,Communication with QueueManager Systems regarding product updates.,43
CUST-0062,AuditPro Systems,SMB,2023-04-01,Call,Check-in call with AuditPro Systems. 26 minutes. Positive outcome.,47
CUST-0108,DevTools LLC,Enterprise,2023-03-27,Call,Check-in call with DevTools LLC. 52 minutes. Positive outcome.,41
CUST-0051,CloudScale Systems,Enterprise,2023-03-26,Call,Expansion discussion call with CloudScale Systems. 46 minutes. Positive outcome.,46
CUST-0055,SecureNet Inc,SMB,2023-03-26,Email,Communication with SecureNet Inc regarding usage tips.,47
CUST-0113,IntegrationHQ Group,Commercial,2023-03-25,Email,Communication with IntegrationHQ Group regarding feedback request.,48
CUST-0178,MonitorPlus Systems,Enterprise,2023-03-25,Email,Communication with MonitorPlus Systems regarding product updates.,45
CUST-0051,CloudScale Systems,Enterprise,2023-03-23,Meeting,Renewal discussion with CloudScale Systems. 3 attendees. Discussed roadmap and usage.,46
CUST-0002,DataBridge Solutions,Commercial,2023-03-21,Support Ticket,DataBridge Solutions reported feature request. Sentiment: Satisfied.,44
CUST-0179,CodeCraft Corp,Commercial,2023-03-20,Support Ticket,CodeCraft Corp reported integration help. Sentiment: Satisfied.,42
CUST-0185,DataBridge LLC,Enterprise,2023-03-18,Product Feedback,Communication with DataBridge LLC regarding product updates.,46
CUST-0031,MonitorPlus Technologies,Commercial,2023-03-14,Product Feedback,Communication with MonitorPlus Technologies regarding usage tips.,45
CUST-0131,ComplianceHub Technologies,SMB,2023-03-14,Meeting,Feature demo with ComplianceHub Technologies. 7 attendees. Discussed roadmap and usage.,45
CUST-0126,LogStream Systems,Commercial,2023-03-13,Product Feedback,Communication with LogStream Systems regarding usage tips.,47
CUST-0116,LogStream Corp,SMB,2023-03-11,Email,Communication with LogStream Corp regarding usage tips.,46
CUST-0108,DevTools LLC,Enterprise,2023-03-08,Call,Feature question call with DevTools LLC. 21 minutes. Positive outcome.,41
CUST-0011,CloudScale Group,SMB,2023-03-06,Email,Communication with CloudScale Group regarding billing.,41
CUST-0135,CloudScale Labs,SMB,2023-03-02,Call,Issue escalation call with CloudScale Labs. 56 minutes. Needs follow-up outcome.,42
CUST-0116,LogStream Corp,SMB,2023-02-25,Meeting,Renewal discussion with LogStream Corp. 3 attendees. Discussed roadmap and usage.,46
CUST-0098,StreamPro Systems,SMB,2023-02-24,Meeting,Renewal discussion with StreamPro Systems. 6 attendees. Discussed roadmap and usage.,43
CUST-0011,CloudScale Group,SMB,2023-02-22,Email,Communication with CloudScale Group regarding feedback request.,41
CUST-0051,CloudScale Systems,Enterprise,2023-02-22,Email,Communication with CloudScale Systems regarding usage tips.,46
CUST-0089,ScaleSystems Technologies,SMB,2023-02-20,Support Ticket,ScaleSystems Technologies reported integration help. Sentiment: Neutral.,43
CUST-0178,MonitorPlus Systems,Enterprise,2023-02-20,Call,Expansion discussion call with MonitorPlus Systems. 44 minutes. Positive outcome.,45
CUST-0179,CodeCraft Corp,Commercial,2023-02-17,Email,Communication with CodeCraft Corp regarding feedback request.,42
CUST-0179,CodeCraft Corp,Commercial,2023-02-16,Meeting,Feature demo with CodeCraft Corp. 8 attendees. Discussed roadmap and usage.,42
CUST-0072,AnalyticsCo Labs,SMB,2023-02-13,Product Feedback,Communication with AnalyticsCo Labs regarding product updates.,46
CUST-0182,WorkflowPro Systems,Commercial,2023-02-13,Call,Expansion discussion call with WorkflowPro Systems. 31 minutes. Positive outcome.,44
CUST-0126,LogStream Systems,Commercial,2023-02-11,Call,Issue escalation call with LogStream Systems. 43 minutes. Needs follow-up outcome.,47
CUST-0142,ScaleSystems Systems,SMB,2023-02-10,Support Ticket,ScaleSystems Systems reported bug report. Sentiment: Frustrated.,47
CUST-0153,QueueManager Technologies,SMB,2023-02-10,Email,Communication with QueueManager Technologies regarding product updates.,44
CUST-0126,LogStream Systems,Commercial,2023-02-06,Meeting,Quarterly business review with LogStream Systems. 5 attendees. Discussed roadmap and usage.,47
CUST-0130,QueueManager Systems,SMB,2023-02-06,Meeting,Quarterly business review with QueueManager Systems. 8 attendees. Discussed roadmap and usage.,43
CUST-0146,ScaleSystems Corp,Commercial,2023-02-06,Support Ticket,ScaleSystems Corp reported feature request. Sentiment: Satisfied.,48
CUST-0031,MonitorPlus Technologies,Commercial,2023-02-04,Product Feedback,Communication with MonitorPlus Technologies regarding product updates.,45
CUST-0185,DataBridge LLC,Enterprise,2023-02-04,Call,Check-in call with DataBridge LLC. 40 minutes. Positive outcome.,46
CUST-0135,CloudScale Labs,SMB,2023-02-03,Product Feedback,Communication with CloudScale Labs regarding billing.,42
CUST-0178,MonitorPlus Systems,Enterprise,2023-01-27,Product Feedback,Communication with MonitorPlus Systems regarding product updates.,45
CUST-0179,CodeCraft Corp,Commercial,2023-01-26,Support Ticket,CodeCraft Corp reported feature request. Sentiment: Satisfied.,42
CUST-0083,DisasterRecovery Labs,Enterprise,2023-01-24,Email,Communication with DisasterRecovery Labs regarding feedback request.,44
CUST-0062,AuditPro Systems,SMB,2023-01-12,Email,Communication with AuditPro Systems regarding usage tips.,47
CUST-0146,ScaleSystems Corp,Commercial,2023-01-10,Email,Communication with ScaleSystems Corp regarding product updates.,48
CUST-0062,AuditPro Systems,SMB,2023-01-09,Meeting,Renewal discussion with AuditPro Systems. 4 attendees. Discussed roadmap and usage.,47
CUST-0180,APIGateway LLC,Commercial,2023-01-03,Email,Communication with APIGateway LLC regarding billing.,47
CUST-0089,ScaleSystems Technologies,SMB,2022-12-31,Support Ticket,ScaleSystems Technologies reported bug report. Sentiment: Neutral.,43
CUST-0153,QueueManager Technologies,SMB,2022-12-27,Email,Communication with QueueManager Technologies regarding billing.,44
CUST-0142,ScaleSystems Systems,SMB,2022-12-25,Meeting,Renewal discussion with ScaleSystems Systems. 8 attendees. Discussed roadmap and usage.,47
CUST-0185,DataBridge LLC,Enterprise,2022-12-24,Product Feedback,Communication with DataBridge LLC regarding feedback request.,46
CUST-0089,ScaleSystems Technologies,SMB,2022-12-22,Product Feedback,Communication with ScaleSystems Technologies regarding usage tips.,43
CUST-0031,MonitorPlus Technologies,Commercial,2022-12-20,Product Feedback,Communication with MonitorPlus Technologies regarding feedback request.,45
CUST-0146,ScaleSystems Corp,Commercial,2022-12-20,Product Feedback,Communication with ScaleSystems Corp regarding feedback request.,48
CUST-0126,LogStream Systems,Commercial,2022-12-18,Product Feedback,Communication with LogStream Systems regarding product updates.,47
CUST-0142,ScaleSystems Systems,SMB,2022-12-17,Meeting,Feature demo with ScaleSystems Systems. 7 attendees. Discussed roadmap and usage.,47
CUST-0172,ComplianceHub Solutions,Commercial,2022-12-10,Support Ticket,ComplianceHub Solutions reported performance issue. Sentiment: Neutral.,45
CUST-0122,DevOpsHub Corp,SMB,2022-12-08,Email,Communication with DevOpsHub Corp regarding product updates.,44
CUST-0055,SecureNet Inc,SMB,2022-12-07,Email,Communication with SecureNet Inc regarding product updates.,47
CUST-0178,MonitorPlus Systems,Enterprise,2022-11-25,Support Ticket,MonitorPlus Systems reported integration help. Sentiment: Satisfied.,45
CUST-0182,WorkflowPro Systems,Commercial,2022-11-19,Product Feedback,Communication with WorkflowPro Systems regarding usage tips.,44
CUST-0116,LogStream Corp,SMB,2022-11-05,Support Ticket,LogStream Corp reported bug report. Sentiment: Frustrated.,46
CUST-0157,AIForge Inc,Enterprise,2022-11-05,Email,Communication with AIForge Inc regarding usage tips.,48
CUST-0131,ComplianceHub Technologies,SMB,2022-10-31,Product Feedback,Communication with ComplianceHub Technologies regarding billing.,45
CUST-0062,AuditPro Systems,SMB,2022-10-23,Product Feedback,Communication with AuditPro Systems regarding usage tips.,47
CUST-0095,IntegrationHQ Technologies,Commercial,2022-10-22,Email,Communication with IntegrationHQ Technologies regarding billing.,47
CUST-0116,LogStream Corp,SMB,2022-10-22,Call,Issue escalation call with LogStream Corp. 45 minutes. Needs follow-up outcome.,46
CUST-0178,MonitorPlus Systems,Enterprise,2022-10-20,Product Feedback,Communication with MonitorPlus Systems regarding product updates.,45
CUST-0158,DevOpsHub LLC,SMB,2022-10-16,Meeting,Renewal discussion with DevOpsHub LLC. 4 attendees. Discussed roadmap and usage.,47
CUST-0071,MicroServe Solutions,Enterprise,2022-10-12,Product Feedback,Communication with MicroServe Solutions regarding product updates.,46
CUST-0193,LoadBalance LLC,Commercial,2022-10-09,Email,Communication with LoadBalance LLC regarding usage tips.,47
CUST-0055,SecureNet Inc,SMB,2022-10-05,Product Feedback,Communication with SecureNet Inc regarding billing.,47
CUST-0062,AuditPro Systems,SMB,2022-10-05,Email,Communication with AuditPro Systems regarding usage tips.,47
CUST-0062,AuditPro Systems,SMB,2022-10-04,Support Ticket,AuditPro Systems reported bug report. Sentiment: Neutral.,47
CUST-0116,LogStream Corp,SMB,2022-09-30,Meeting,Feature demo with LogStream Corp. 7 attendees. Discussed roadmap and usage.,46
CUST-0051,CloudScale Systems,Enterprise,2022-09-29,Support Ticket,CloudScale Systems reported feature request. Sentiment: Satisfied.,46
CUST-0185,DataBridge LLC,Enterprise,2022-09-27,Meeting,Feature demo with DataBridge LLC. 4 attendees. Discussed roadmap and usage.,46
CUST-0158,DevOpsHub LLC,SMB,2022-09-26,Call,Issue escalation call with DevOpsHub LLC. 20 minutes. Needs follow-up outcome.,47
CUST-0157,AIForge Inc,Enterprise,2022-09-22,Product Feedback,Communication with AIForge Inc regarding usage tips.,48
CUST-0095,IntegrationHQ Technologies,Commercial,2022-09-14,Call,Check-in call with IntegrationHQ Technologies. 52 minutes. Positive outcome.,47
CUST-0158,DevOpsHub LLC,SMB,2022-09-10,Email,Communication with DevOpsHub LLC regarding usage tips.,47
CUST-0146,ScaleSystems Corp,Commercial,2022-09-08,Call,Check-in call with ScaleSystems Corp. 18 minutes. Positive outcome.,48
CUST-0113,IntegrationHQ Group,Commercial,2022-09-03,Email,Communication with IntegrationHQ Group regarding usage tips.,48
