customer_id,week_start,active_users,sessions,feature_adoption_rate,engagement_score
CUST-0001,2023-04-17,39,35,0.537,0.613
CUST-0001,2023-04-24,40,64,0.486,0.538
CUST-0001,2023-05-01,51,102,0.543,0.611
CUST-0001,2023-05-08,39,69,0.44,0.483
CUST-0001,2023-05-15,38,88,0.501,0.418
CUST-0001,2023-05-22,47,133,0.413,0.491
CUST-0001,2023-05-29,45,63,0.491,0.455
CUST-0001,2023-06-05,29,60,0.446,0.514
CUST-0001,2023-06-12,37,37,0.41,0.532
CUST-0001,2023-06-19,33,97,0.438,0.536
CUST-0001,2023-06-26,37,57,0.509,0.48
CUST-0001,2023-07-03,40,90,0.431,0.519
CUST-0001,2023-07-10,31,44,0.351,0.54
CUST-0001,2023-07-17,42,66,0.457,0.446
CUST-0001,2023-07-24,32,53,0.491,0.529
CUST-0001,2023-07-31,39,107,0.387,0.444
CUST-0001,2023-08-07,40,45,0.433,0.519
CUST-0001,2023-08-14,30,78,0.482,0.525
CUST-0001,2023-08-21,39,75,0.424,0.545
CUST-0001,2023-08-28,32,56,0.409,0.532
CUST-0001,2023-09-04,41,98,0.383,0.457
CUST-0001,2023-09-11,38,44,0.435,0.537
CUST-0001,2023-09-18,26,45,0.514,0.442
CUST-0001,2023-09-25,36,45,0.362,0.423
CUST-0001,2023-10-02,26,58,0.383,0.284
CUST-0001,2023-10-09,37,57,0.388,0.432
CUST-0001,2023-10-16,36,26,0.346,0.447
CUST-0001,2023-10-23,48,41,0.408,0.574
CUST-0001,2023-10-30,37,80,0.394,0.469
CUST-0001,2023-11-06,23,43,0.373,0.408
CUST-0001,2023-11-13,37,83,0.437,0.368
CUST-0001,2023-11-20,31,57,0.349,0.332
CUST-0001,2023-11-27,32,80,0.523,0.518
CUST-0001,2023-12-04,33,73,0.292,0.509
CUST-0001,2023-12-11,32,37,0.459,0.496
CUST-0001,2023-12-18,25,22,0.35,0.438
CUST-0001,2023-12-25,33,45,0.425,0.456
CUST-0001,2024-01-01,40,72,0.432,0.537
CUST-0001,2024-01-08,36,49,0.399,0.401
CUST-0001,2024-01-15,23,52,0.382,0.317
CUST-0001,2024-01-22,21,45,0.395,0.346
CUST-0001,2024-01-29,41,73,0.488,0.35
CUST-0001,2024-02-05,33,78,0.281,0.368
CUST-0001,2024-02-12,25,29,0.397,0.345
CUST-0001,2024-02-19,40,80,0.43,0.384
CUST-0001,2024-02-26,24,16,0.432,0.483
CUST-0001,2024-03-04,45,39,0.295,0.314
CUST-0001,2024-03-11,36,48,0.21,0.405
CUST-0001,2024-03-18,34,71,0.354,0.519
CUST-0001,2024-03-25,28,33,0.37,0.35
CUST-0001,2024-04-01,28,46,0.388,0.459
CUST-0001,2024-04-08,19,24,0.336,0.363
CUST-0001,2024-04-15,30,47,0.358,0.398
CUST-0001,2024-04-22,28,16,0.289,0.396
CUST-0001,2024-04-29,35,47,0.361,0.353
CUST-0001,2024-05-06,31,58,0.34,0.295
CUST-0001,2024-05-13,26,48,0.363,0.409
CUST-0001,2024-05-20,22,36,0.382,0.416
CUST-0001,2024-05-27,25,27,0.356,0.428
CUST-0001,2024-06-03,38,75,0.345,0.331
CUST-0001,2024-06-10,30,22,0.287,0.303
CUST-0001,2024-06-17,34,36,0.378,0.473
CUST-0001,2024-06-24,27,24,0.355,0.249
CUST-0001,2024-07-01,21,19,0.25,0.428
CUST-0001,2024-07-08,34,27,0.308,0.352
CUST-0001,2024-07-15,23,25,0.284,0.236
CUST-0001,2024-07-22,27,29,0.237,0.269
CUST-0001,2024-07-29,35,21,0.307,0.287
CUST-0001,2024-08-05,22,23,0.296,0.334
CUST-0001,2024-08-12,19,24,0.326,0.364
CUST-0001,2024-08-19,27,35,0.345,0.352
CUST-0001,2024-08-26,25,44,0.327,0.316
CUST-0001,2024-09-02,22,34,0.274,0.372
CUST-0001,2024-09-09,27,36,0.242,0.404
CUST-0001,2024-09-16,26,45,0.277,0.275
CUST-0001,2024-09-23,23,20,0.31,0.318
CUST-0001,2024-09-30,18,15,0.234,0.215
CUST-0001,2024-10-07,29,22,0.161,0.23
CUST-0001,2024-10-14,29,15,0.386,0.301
CUST-0001,2024-10-21,15,10,0.233,0.348
CUST-0001,2024-10-28,30,26,0.269,0.323
CUST-0001,2024-11-04,21,16,0.172,0.292
CUST-0001,2024-11-11,29,16,0.321,0.215
CUST-0001,2024-11-18,18,17,0.295,0.212
CUST-0001,2024-11-25,30,31,0.25,0.232
CUST-0001,2024-12-02,21,30,0.236,0.262
CUST-0001,2024-12-09,23,28,0.276,0.289
CUST-0001,2024-12-16,28,11,0.309,0.143
CUST-0001,2024-12-23,26,38,0.239,0.272
CUST-0001,2024-12-30,35,15,0.297,0.279
CUST-0001,2025-01-06,18,12,0.164,0.291
CUST-0001,2025-01-13,17,22,0.274,0.221
CUST-0001,2025-01-20,19,12,0.222,0.226
CUST-0001,2025-01-27,19,15,0.215,0.233
CUST-0001,2025-02-03,20,9,0.158,0.334
CUST-0001,2025-02-10,20,13,0.179,0.193
CUST-0001,2025-02-17,19,26,0.142,0.263
CUST-0001,2025-02-24,18,20,0.306,0.296
CUST-0001,2025-03-03,27,10,0.191,0.133
CUST-0002,2024-07-02,62,249,0.731,0.982
CUST-0002,2024-07-09,64,268,0.804,0.925
CUST-0002,2024-07-16,68,351,0.79,0.814
CUST-0002,2024-07-23,67,161,0.865,0.739
CUST-0002,2024-07-30,65,301,0.839,0.868
CUST-0002,2024-08-06,55,197,0.86,0.766
CUST-0002,2024-08-13,64,183,0.735,0.902
CUST-0002,2024-08-20,63,155,0.797,0.859
CUST-0002,2024-08-27,54,155,0.876,0.852
CUST-0002,2024-09-03,60,303,0.771,0.906
CUST-0002,2024-09-10,72,126,0.867,0.894
CUST-0002,2024-09-17,64,175,0.845,0.934
CUST-0002,2024-09-24,58,183,0.82,0.911
CUST-0002,2024-10-01,67,276,0.796,0.9
CUST-0002,2024-10-08,63,298,0.787,0.838
CUST-0002,2024-10-15,71,108,0.879,0.943
CUST-0002,2024-10-22,74,149,0.789,0.876
CUST-0002,2024-10-29,58,99,0.789,1.0
CUST-0002,2024-11-05,72,131,0.89,0.864
CUST-0002,2024-11-12,66,194,0.853,0.988
CUST-0002,2024-11-19,53,88,0.775,0.932
CUST-0002,2024-11-26,74,158,0.765,0.779
CUST-0002,2024-12-03,57,97,0.768,0.988
CUST-0002,2024-12-10,74,114,0.75,0.958
CUST-0002,2024-12-17,63,268,0.873,0.997
CUST-0002,2024-12-24,61,306,0.827,0.839
CUST-0002,2024-12-31,72,140,0.819,0.924
CUST-0002,2025-01-07,62,305,0.783,0.838
CUST-0002,2025-01-14,67,194,0.808,0.845
CUST-0002,2025-01-21,68,366,0.865,0.827
CUST-0002,2025-01-28,66,192,0.822,0.86
CUST-0002,2025-02-04,68,248,0.777,0.889
CUST-0002,2025-02-11,71,104,0.816,0.852
CUST-0002,2025-02-18,68,317,0.828,0.895
CUST-0002,2025-02-25,68,255,0.79,0.863
CUST-0002,2025-03-04,67,237,0.866,0.913
CUST-0002,2025-03-11,58,260,0.859,0.955
CUST-0002,2025-03-18,73,380,0.818,0.986
CUST-0002,2025-03-25,67,156,0.871,0.907
CUST-0002,2025-04-01,62,264,0.916,0.874
CUST-0002,2025-04-08,73,142,0.804,0.978
CUST-0002,2025-04-15,73,263,0.813,1.0
CUST-0002,2025-04-22,69,110,0.851,0.77
CUST-0002,2025-04-29,62,242,0.839,0.909
CUST-0002,2025-05-06,63,133,0.862,0.927
CUST-0002,2025-05-13,71,305,0.752,0.96
CUST-0002,2025-05-20,70,249,0.864,0.935
CUST-0002,2025-05-27,65,248,0.864,0.908
CUST-0002,2025-06-03,72,392,0.828,0.84
CUST-0002,2025-06-10,64,173,0.798,0.919
CUST-0002,2025-06-17,61,311,0.836,0.874
CUST-0002,2025-06-24,63,187,0.823,0.885
CUST-0002,2025-07-01,63,134,0.851,0.834
CUST-0002,2025-07-08,58,268,0.857,1.0
CUST-0002,2025-07-15,67,182,0.828,0.88
CUST-0002,2025-07-22,67,233,0.794,0.962
CUST-0002,2025-07-29,71,202,0.849,0.912
CUST-0002,2025-08-05,74,312,0.925,0.899
CUST-0002,2025-08-12,63,91,0.855,0.91
CUST-0002,2025-08-19,63,279,0.937,0.96
CUST-0002,2025-08-26,71,225,0.915,1.0
CUST-0002,2025-09-02,73,218,0.909,0.971
CUST-0002,2025-09-09,60,231,0.907,0.903
CUST-0002,2025-09-16,59,91,0.831,0.944
CUST-0002,2025-09-23,70,130,0.906,0.975
CUST-0002,2025-09-30,71,384,0.956,0.876
CUST-0002,2025-10-07,69,386,0.915,0.965
CUST-0002,2025-10-14,62,248,0.822,1.0
CUST-0002,2025-10-21,70,198,0.857,0.984
CUST-0002,2025-10-28,57,212,0.865,1.0
CUST-0002,2025-11-04,66,121,0.851,0.904
CUST-0002,2025-11-11,68,98,0.914,0.892
CUST-0002,2025-11-18,74,303,0.955,0.953
CUST-0002,2025-11-25,72,404,0.88,0.926
CUST-0002,2025-12-02,71,340,0.854,1.0
CUST-0002,2025-12-09,69,213,0.898,0.83
CUST-0002,2025-12-16,74,165,0.846,1.0
CUST-0002,2025-12-23,69,266,0.896,1.0
CUST-0002,2025-12-30,74,137,0.927,1.0
CUST-0002,2026-01-06,62,150,0.804,0.906
CUST-0002,2026-01-13,73,270,0.93,1.0
CUST-0002,2026-01-20,74,182,0.869,1.0
CUST-0002,2026-01-27,74,380,0.871,0.933
CUST-0002,2026-02-03,63,359,0.902,1.0
CUST-0002,2026-02-10,74,251,0.962,0.958
CUST-0002,2026-02-17,72,117,0.88,1.0
CUST-0002,2026-02-24,74,172,0.958,1.0
CUST-0002,2026-03-03,67,309,0.866,0.984
CUST-0002,2026-03-10,69,268,0.9,0.941
CUST-0002,2026-03-17,58,87,0.862,0.86
CUST-0002,2026-03-24,64,312,0.875,0.956
CUST-0002,2026-03-31,64,364,0.914,1.0
CUST-0002,2026-04-07,73,356,0.916,0.943
CUST-0002,2026-04-14,74,194,0.8,1.0
CUST-0002,2026-04-21,65,230,0.862,0.893
CUST-0002,2026-04-28,65,210,0.945,1.0
CUST-0002,2026-05-05,74,334,0.82,0.918
CUST-0002,2026-05-12,71,210,0.92,1.0
CUST-0002,2026-05-19,67,348,0.915,1.0
CUST-0002,2026-05-26,74,207,0.845,1.0
CUST-0002,2026-06-02,62,179,0.902,0.977
CUST-0002,2026-06-09,74,409,0.839,0.975
CUST-0002,2026-06-16,74,279,0.86,1.0
CUST-0002,2026-06-23,73,338,0.921,0.973
CUST-0003,2024-07-02,27,90,0.728,0.847
CUST-0003,2024-07-09,26,40,0.794,0.844
CUST-0003,2024-07-16,25,69,0.831,0.858
CUST-0003,2024-07-23,23,116,0.869,0.913
CUST-0003,2024-07-30,24,80,0.816,0.917
CUST-0003,2024-08-06,23,63,0.881,0.768
CUST-0003,2024-08-13,25,120,0.867,0.933
CUST-0003,2024-08-20,29,135,0.862,0.941
CUST-0003,2024-08-27,28,66,0.871,0.974
CUST-0003,2024-09-03,22,121,0.941,0.97
CUST-0003,2024-09-10,25,50,0.856,0.946
CUST-0003,2024-09-17,28,155,0.967,1.0
CUST-0003,2024-09-24,24,63,0.877,1.0
CUST-0003,2024-10-01,26,72,0.844,1.0
CUST-0003,2024-10-08,28,114,0.842,1.0
CUST-0003,2024-10-15,29,116,0.928,1.0
CUST-0003,2024-10-22,27,123,0.886,0.976
CUST-0003,2024-10-29,28,76,0.925,0.946
CUST-0003,2024-11-05,24,106,0.851,1.0
CUST-0003,2024-11-12,29,155,0.976,1.0
CUST-0003,2024-11-19,26,76,0.939,1.0
CUST-0003,2024-11-26,27,150,0.929,1.0
CUST-0003,2024-12-03,29,119,0.853,1.0
CUST-0003,2024-12-10,26,119,0.917,1.0
CUST-0003,2024-12-17,26,149,0.883,1.0
CUST-0003,2024-12-24,29,116,0.953,0.968
CUST-0003,2024-12-31,29,140,0.905,1.0
CUST-0003,2025-01-07,29,160,0.857,0.988
CUST-0003,2025-01-14,27,67,0.9,0.924
CUST-0003,2025-01-21,29,119,0.882,1.0
CUST-0003,2025-01-28,29,50,0.896,0.962
CUST-0003,2025-02-04,27,64,0.871,0.947
CUST-0003,2025-02-11,29,112,0.975,0.953
CUST-0003,2025-02-18,29,88,0.973,0.896
CUST-0003,2025-02-25,28,166,1.0,1.0
CUST-0003,2025-03-04,29,86,0.998,1.0
CUST-0003,2025-03-11,28,49,0.963,1.0
CUST-0003,2025-03-18,29,64,0.93,0.961
CUST-0003,2025-03-25,25,52,0.939,0.922
CUST-0003,2025-04-01,26,39,0.941,0.942
CUST-0003,2025-04-08,28,161,0.841,1.0
CUST-0003,2025-04-15,28,42,0.867,1.0
CUST-0003,2025-04-22,27,147,0.916,0.998
CUST-0003,2025-04-29,27,48,0.942,0.989
CUST-0003,2025-05-06,29,102,1.0,0.999
CUST-0003,2025-05-13,25,52,0.912,0.927
CUST-0003,2025-05-20,28,136,0.978,1.0
CUST-0003,2025-05-27,29,72,1.0,1.0
CUST-0003,2025-06-03,28,44,0.954,0.989
CUST-0003,2025-06-10,28,89,0.919,0.969
CUST-0003,2025-06-17,25,107,0.865,0.897
CUST-0003,2025-06-24,29,49,0.911,0.984
CUST-0003,2025-07-01,29,59,0.96,1.0
CUST-0003,2025-07-08,29,44,0.998,0.998
CUST-0003,2025-07-15,29,111,0.9,1.0
CUST-0003,2025-07-22,24,91,0.866,0.933
CUST-0003,2025-07-29,27,135,0.89,1.0
CUST-0003,2025-08-05,29,170,0.921,0.918
CUST-0003,2025-08-12,29,64,0.888,0.889
CUST-0003,2025-08-19,27,68,0.887,0.874
CUST-0003,2025-08-26,29,57,0.942,0.936
CUST-0003,2025-09-02,29,53,0.894,0.937
CUST-0003,2025-09-09,24,105,0.902,0.967
CUST-0003,2025-09-16,28,144,0.957,0.841
CUST-0003,2025-09-23,25,78,0.989,1.0
CUST-0003,2025-09-30,29,159,0.873,0.972
CUST-0003,2025-10-07,29,127,0.947,1.0
CUST-0003,2025-10-14,29,139,1.0,0.94
CUST-0003,2025-10-21,29,58,0.888,0.987
CUST-0003,2025-10-28,29,105,0.952,0.946
CUST-0003,2025-11-04,29,65,0.828,0.921
CUST-0003,2025-11-11,29,57,0.98,1.0
CUST-0003,2025-11-18,27,109,0.969,0.987
CUST-0003,2025-11-25,29,156,0.946,0.924
CUST-0003,2025-12-02,26,143,0.979,0.919
CUST-0003,2025-12-09,29,51,0.926,0.931
CUST-0003,2025-12-16,28,151,0.916,0.958
CUST-0003,2025-12-23,28,162,0.907,0.902
CUST-0003,2025-12-30,26,119,0.962,0.958
CUST-0003,2026-01-06,28,125,0.884,0.953
CUST-0003,2026-01-13,27,140,0.902,0.932
CUST-0003,2026-01-20,29,109,0.877,1.0
CUST-0003,2026-01-27,29,65,0.863,1.0
CUST-0003,2026-02-03,28,105,0.876,1.0
CUST-0003,2026-02-10,28,144,0.874,1.0
CUST-0003,2026-02-17,28,104,0.946,1.0
CUST-0003,2026-02-24,29,140,0.863,0.989
CUST-0003,2026-03-03,29,151,0.926,1.0
CUST-0003,2026-03-10,23,100,0.953,1.0
CUST-0003,2026-03-17,27,81,0.879,1.0
CUST-0003,2026-03-24,25,132,0.962,0.945
CUST-0003,2026-03-31,26,81,0.994,0.95
CUST-0003,2026-04-07,29,129,0.898,0.944
CUST-0003,2026-04-14,26,103,0.921,1.0
CUST-0003,2026-04-21,29,160,0.903,0.92
CUST-0003,2026-04-28,28,74,0.924,0.889
CUST-0003,2026-05-05,29,154,0.928,0.939
CUST-0003,2026-05-12,29,142,1.0,1.0
CUST-0003,2026-05-19,29,131,0.988,1.0
CUST-0003,2026-05-26,26,97,0.994,1.0
CUST-0003,2026-06-02,28,134,0.925,1.0
CUST-0003,2026-06-09,24,120,0.903,0.94
CUST-0003,2026-06-16,27,61,0.985,0.931
CUST-0003,2026-06-23,27,79,0.899,1.0
CUST-0004,2025-06-10,221,513,0.543,0.48
CUST-0004,2025-06-17,221,343,0.47,0.534
CUST-0004,2025-06-24,230,533,0.516,0.584
CUST-0004,2025-07-01,274,440,0.469,0.607
CUST-0004,2025-07-08,204,279,0.504,0.491
CUST-0004,2025-07-15,218,253,0.587,0.579
CUST-0004,2025-07-22,155,198,0.479,0.432
CUST-0004,2025-07-29,236,530,0.495,0.476
CUST-0004,2025-08-05,209,548,0.411,0.461
CUST-0004,2025-08-12,180,343,0.422,0.502
CUST-0004,2025-08-19,254,458,0.541,0.536
CUST-0004,2025-08-26,247,824,0.524,0.583
CUST-0004,2025-09-02,236,237,0.508,0.669
CUST-0004,2025-09-09,222,444,0.488,0.575
CUST-0004,2025-09-16,219,500,0.466,0.553
CUST-0004,2025-09-23,223,645,0.595,0.583
CUST-0004,2025-09-30,204,199,0.499,0.616
CUST-0004,2025-10-07,270,902,0.561,0.526
CUST-0004,2025-10-14,278,384,0.605,0.484
CUST-0004,2025-10-21,234,584,0.456,0.655
CUST-0004,2025-10-28,226,539,0.518,0.591
CUST-0004,2025-11-04,256,519,0.498,0.574
CUST-0004,2025-11-11,259,873,0.552,0.539
CUST-0004,2025-11-18,289,450,0.508,0.577
CUST-0004,2025-11-25,321,284,0.586,0.593
CUST-0004,2025-12-02,342,833,0.561,0.444
CUST-0004,2025-12-09,213,658,0.547,0.618
CUST-0004,2025-12-16,250,685,0.622,0.552
CUST-0004,2025-12-23,250,563,0.416,0.579
CUST-0004,2025-12-30,229,413,0.512,0.596
CUST-0004,2026-01-06,230,405,0.597,0.573
CUST-0004,2026-01-13,236,561,0.661,0.551
CUST-0004,2026-01-20,214,255,0.546,0.546
CUST-0004,2026-01-27,216,332,0.576,0.568
CUST-0004,2026-02-03,286,546,0.648,0.49
CUST-0004,2026-02-10,266,255,0.525,0.604
CUST-0004,2026-02-17,262,597,0.464,0.694
CUST-0004,2026-02-24,254,447,0.548,0.53
CUST-0004,2026-03-03,278,979,0.572,0.684
CUST-0004,2026-03-10,253,659,0.492,0.612
CUST-0004,2026-03-17,325,1030,0.572,0.573
CUST-0004,2026-03-24,315,658,0.646,0.635
CUST-0004,2026-03-31,260,722,0.565,0.537
CUST-0004,2026-04-07,287,400,0.57,0.701
CUST-0004,2026-04-14,288,910,0.559,0.614
CUST-0004,2026-04-21,239,426,0.534,0.662
CUST-0004,2026-04-28,287,267,0.543,0.629
CUST-0004,2026-05-05,275,895,0.546,0.608
CUST-0004,2026-05-12,310,533,0.528,0.595
CUST-0004,2026-05-19,261,516,0.503,0.583
CUST-0004,2026-05-26,269,365,0.573,0.751
CUST-0004,2026-06-02,298,520,0.65,0.637
CUST-0004,2026-06-09,256,870,0.542,0.507
CUST-0004,2026-06-16,225,216,0.549,0.738
CUST-0004,2026-06-23,266,279,0.592,0.501
CUST-0005,2024-10-08,6,4,0.239,0.23
CUST-0005,2024-10-15,4,2,0.261,0.281
CUST-0005,2024-10-22,8,9,0.214,0.389
CUST-0005,2024-10-29,9,12,0.271,0.325
CUST-0005,2024-11-05,8,9,0.268,0.281
CUST-0005,2024-11-12,7,9,0.267,0.121
CUST-0005,2024-11-19,3,2,0.315,0.307
CUST-0005,2024-11-26,6,5,0.268,0.239
CUST-0005,2024-12-03,6,8,0.303,0.35
CUST-0005,2024-12-10,7,9,0.283,0.323
CUST-0005,2024-12-17,9,14,0.178,0.376
CUST-0005,2024-12-24,5,4,0.283,0.371
CUST-0005,2024-12-31,7,8,0.361,0.272
CUST-0005,2025-01-07,6,3,0.315,0.393
CUST-0005,2025-01-14,8,14,0.294,0.322
CUST-0005,2025-01-21,12,17,0.34,0.451
CUST-0005,2025-01-28,11,19,0.212,0.326
CUST-0005,2025-02-04,7,5,0.245,0.279
CUST-0005,2025-02-11,11,17,0.333,0.397
CUST-0005,2025-02-18,11,21,0.357,0.309
CUST-0005,2025-02-25,11,7,0.278,0.259
CUST-0005,2025-03-04,10,9,0.329,0.416
CUST-0005,2025-03-11,8,6,0.306,0.532
CUST-0005,2025-03-18,12,17,0.376,0.278
CUST-0005,2025-03-25,9,5,0.324,0.398
CUST-0005,2025-04-01,8,8,0.351,0.237
CUST-0005,2025-04-08,6,7,0.425,0.391
CUST-0005,2025-04-15,8,5,0.445,0.374
CUST-0005,2025-04-22,13,13,0.34,0.373
CUST-0005,2025-04-29,7,11,0.358,0.376
CUST-0005,2025-05-06,6,4,0.399,0.355
CUST-0005,2025-05-13,16,16,0.367,0.334
CUST-0005,2025-05-20,8,17,0.424,0.313
CUST-0005,2025-05-27,11,15,0.479,0.496
CUST-0005,2025-06-03,10,9,0.439,0.421
CUST-0005,2025-06-10,8,14,0.309,0.449
CUST-0005,2025-06-17,13,19,0.409,0.373
CUST-0005,2025-06-24,9,12,0.329,0.482
CUST-0005,2025-07-01,10,16,0.419,0.428
CUST-0005,2025-07-08,10,9,0.418,0.413
CUST-0005,2025-07-15,7,13,0.372,0.498
CUST-0005,2025-07-22,9,20,0.462,0.527
CUST-0005,2025-07-29,10,16,0.395,0.482
CUST-0005,2025-08-05,14,13,0.42,0.404
CUST-0005,2025-08-12,10,10,0.371,0.361
CUST-0005,2025-08-19,7,13,0.373,0.403
CUST-0005,2025-08-26,12,21,0.441,0.51
CUST-0005,2025-09-02,10,24,0.488,0.469
CUST-0005,2025-09-09,14,35,0.408,0.435
CUST-0005,2025-09-16,11,9,0.349,0.421
CUST-0005,2025-09-23,12,32,0.344,0.402
CUST-0005,2025-09-30,10,16,0.415,0.475
CUST-0005,2025-10-07,8,14,0.386,0.545
CUST-0005,2025-10-14,11,27,0.45,0.545
CUST-0005,2025-10-21,11,14,0.396,0.583
CUST-0005,2025-10-28,8,7,0.463,0.462
CUST-0005,2025-11-04,13,31,0.419,0.433
CUST-0005,2025-11-11,13,24,0.519,0.505
CUST-0005,2025-11-18,14,13,0.486,0.473
CUST-0005,2025-11-25,14,18,0.406,0.448
CUST-0005,2025-12-02,8,13,0.454,0.434
CUST-0005,2025-12-09,16,32,0.491,0.393
CUST-0005,2025-12-16,7,14,0.533,0.55
CUST-0005,2025-12-23,11,12,0.487,0.539
CUST-0005,2025-12-30,14,42,0.464,0.545
CUST-0005,2026-01-06,15,39,0.534,0.633
CUST-0005,2026-01-13,14,24,0.424,0.558
CUST-0005,2026-01-20,11,30,0.434,0.518
CUST-0005,2026-01-27,16,27,0.509,0.46
CUST-0005,2026-02-03,12,37,0.438,0.568
CUST-0005,2026-02-10,13,12,0.546,0.476
CUST-0005,2026-02-17,13,26,0.511,0.701
CUST-0005,2026-02-24,17,22,0.517,0.671
CUST-0005,2026-03-03,12,31,0.526,0.528
CUST-0005,2026-03-10,13,43,0.468,0.495
CUST-0005,2026-03-17,16,29,0.555,0.634
CUST-0005,2026-03-24,15,39,0.48,0.54
CUST-0005,2026-03-31,14,38,0.583,0.584
CUST-0005,2026-04-07,13,18,0.507,0.503
CUST-0005,2026-04-14,15,28,0.588,0.671
CUST-0005,2026-04-21,13,28,0.539,0.622
CUST-0005,2026-04-28,16,35,0.528,0.586
CUST-0005,2026-05-05,16,33,0.607,0.589
CUST-0005,2026-05-12,17,26,0.507,0.552
CUST-0005,2026-05-19,14,45,0.625,0.544
CUST-0005,2026-05-26,16,31,0.517,0.487
CUST-0005,2026-06-02,15,30,0.525,0.618
CUST-0005,2026-06-09,18,51,0.525,0.508
CUST-0005,2026-06-16,13,24,0.607,0.611
CUST-0005,2026-06-23,16,28,0.54,0.678
CUST-0006,2024-05-22,69,300,0.769,0.782
CUST-0006,2024-05-29,75,147,0.735,0.857
CUST-0006,2024-06-05,66,266,0.745,0.769
CUST-0006,2024-06-12,74,115,0.652,0.88
CUST-0006,2024-06-19,64,262,0.764,0.899
CUST-0006,2024-06-26,61,148,0.799,0.767
CUST-0006,2024-07-03,71,148,0.803,0.715
CUST-0006,2024-07-10,75,218,0.74,0.713
CUST-0006,2024-07-17,70,182,0.755,0.686
CUST-0006,2024-07-24,64,150,0.717,0.819
CUST-0006,2024-07-31,61,179,0.639,0.833
CUST-0006,2024-08-07,65,225,0.702,0.774
CUST-0006,2024-08-14,56,100,0.721,0.746
CUST-0006,2024-08-21,70,311,0.702,0.857
CUST-0006,2024-08-28,58,217,0.731,0.745
CUST-0006,2024-09-04,70,189,0.671,0.795
CUST-0006,2024-09-11,60,218,0.644,0.616
CUST-0006,2024-09-18,56,229,0.726,0.665
CUST-0006,2024-09-25,64,75,0.789,0.802
CUST-0006,2024-10-02,66,279,0.681,0.698
CUST-0006,2024-10-09,61,122,0.659,0.715
CUST-0006,2024-10-16,63,93,0.714,0.829
CUST-0006,2024-10-23,64,94,0.734,0.787
CUST-0006,2024-10-30,59,141,0.703,0.88
CUST-0006,2024-11-06,61,143,0.672,0.663
CUST-0006,2024-11-13,56,175,0.675,0.817
CUST-0006,2024-11-20,70,158,0.654,0.722
CUST-0006,2024-11-27,64,172,0.618,0.759
CUST-0006,2024-12-04,48,198,0.737,0.839
CUST-0006,2024-12-11,52,135,0.631,0.799
CUST-0006,2024-12-18,67,156,0.671,0.719
CUST-0006,2024-12-25,74,266,0.676,0.752
CUST-0006,2025-01-01,74,324,0.673,0.718
CUST-0006,2025-01-08,56,151,0.703,0.698
CUST-0006,2025-01-15,68,137,0.789,0.824
CUST-0006,2025-01-22,53,99,0.701,0.796
CUST-0006,2025-01-29,72,95,0.718,0.744
CUST-0006,2025-02-05,56,256,0.712,0.739
CUST-0006,2025-02-12,78,194,0.746,0.831
CUST-0006,2025-02-19,76,203,0.715,0.835
CUST-0006,2025-02-26,65,154,0.748,0.817
CUST-0006,2025-03-05,58,159,0.79,0.779
CUST-0006,2025-03-12,61,269,0.619,0.862
CUST-0006,2025-03-19,62,168,0.639,0.755
CUST-0006,2025-03-26,56,167,0.601,0.764
CUST-0006,2025-04-02,60,115,0.752,0.799
CUST-0006,2025-04-09,61,72,0.727,0.808
CUST-0006,2025-04-16,63,101,0.62,0.783
CUST-0006,2025-04-23,61,228,0.764,0.748
CUST-0006,2025-04-30,76,295,0.677,0.7
CUST-0006,2025-05-07,60,250,0.652,0.677
CUST-0006,2025-05-14,66,238,0.668,0.753
CUST-0006,2025-05-21,65,214,0.629,0.696
CUST-0006,2025-05-28,63,205,0.614,0.789
CUST-0006,2025-06-04,59,122,0.666,0.748
CUST-0006,2025-06-11,67,108,0.71,0.705
CUST-0006,2025-06-18,54,153,0.739,0.815
CUST-0006,2025-06-25,68,304,0.691,0.792
CUST-0006,2025-07-02,64,169,0.722,0.924
CUST-0006,2025-07-09,65,77,0.725,0.795
CUST-0006,2025-07-16,66,159,0.754,0.777
CUST-0006,2025-07-23,63,89,0.699,0.696
CUST-0006,2025-07-30,64,192,0.675,0.764
CUST-0006,2025-08-06,78,156,0.747,0.824
CUST-0006,2025-08-13,75,185,0.708,0.757
CUST-0006,2025-08-20,64,292,0.74,0.749
CUST-0006,2025-08-27,73,135,0.78,0.795
CUST-0006,2025-09-03,76,331,0.605,0.813
CUST-0006,2025-09-10,64,100,0.771,0.817
CUST-0006,2025-09-17,65,155,0.661,0.688
CUST-0006,2025-09-24,69,182,0.727,0.848
CUST-0006,2025-10-01,66,208,0.791,0.756
CUST-0006,2025-10-08,73,256,0.725,0.728
CUST-0006,2025-10-15,61,231,0.692,0.748
CUST-0006,2025-10-22,62,277,0.761,0.764
CUST-0006,2025-10-29,62,146,0.704,0.713
CUST-0006,2025-11-05,71,158,0.754,0.806
CUST-0006,2025-11-12,61,142,0.635,0.807
CUST-0006,2025-11-19,71,258,0.651,0.839
CUST-0006,2025-11-26,66,235,0.702,0.771
CUST-0006,2025-12-03,56,168,0.68,0.694
CUST-0006,2025-12-10,71,292,0.677,0.768
CUST-0006,2025-12-17,69,185,0.645,0.666
CUST-0006,2025-12-24,57,154,0.729,0.826
CUST-0006,2025-12-31,63,206,0.644,0.775
CUST-0006,2026-01-07,72,161,0.656,0.64
CUST-0006,2026-01-14,66,230,0.753,0.908
CUST-0006,2026-01-21,60,127,0.705,0.728
CUST-0006,2026-01-28,73,94,0.726,0.719
CUST-0006,2026-02-04,63,78,0.731,0.813
CUST-0006,2026-02-11,74,183,0.722,0.794
CUST-0006,2026-02-18,65,206,0.632,0.78
CUST-0006,2026-02-25,64,275,0.713,0.803
CUST-0006,2026-03-04,51,204,0.638,0.753
CUST-0006,2026-03-11,57,239,0.716,0.679
CUST-0006,2026-03-18,53,71,0.741,0.839
CUST-0006,2026-03-25,63,88,0.661,0.708
CUST-0006,2026-04-01,72,107,0.715,0.65
CUST-0006,2026-04-08,68,210,0.751,0.77
CUST-0006,2026-04-15,62,189,0.762,0.845
CUST-0006,2026-04-22,55,195,0.616,0.76
CUST-0006,2026-04-29,66,254,0.681,0.721
CUST-0006,2026-05-06,60,192,0.683,0.695
CUST-0006,2026-05-13,58,175,0.8,0.701
CUST-0007,2024-07-02,16,83,0.918,1.0
CUST-0007,2024-07-09,18,71,0.903,1.0
CUST-0007,2024-07-16,17,60,0.965,0.946
CUST-0007,2024-07-23,17,28,0.921,0.943
CUST-0007,2024-07-30,18,27,0.929,0.998
CUST-0007,2024-08-06,17,49,0.955,1.0
CUST-0007,2024-08-13,18,68,0.801,1.0
CUST-0007,2024-08-20,17,32,0.861,0.879
CUST-0007,2024-08-27,17,44,0.927,0.966
CUST-0007,2024-09-03,18,73,0.918,1.0
CUST-0007,2024-09-10,18,66,0.905,0.962
CUST-0007,2024-09-17,18,83,0.813,1.0
CUST-0007,2024-09-24,17,87,0.9,1.0
CUST-0007,2024-10-01,18,101,0.856,0.987
CUST-0007,2024-10-08,14,28,1.0,0.938
CUST-0007,2024-10-15,15,79,0.931,1.0
CUST-0007,2024-10-22,17,65,0.889,1.0
CUST-0007,2024-10-29,18,53,0.893,0.985
CUST-0007,2024-11-05,15,88,0.893,0.989
CUST-0007,2024-11-12,16,30,0.921,0.817
CUST-0007,2024-11-19,18,65,0.956,0.904
CUST-0007,2024-11-26,16,42,0.918,1.0
CUST-0007,2024-12-03,17,62,0.952,0.949
CUST-0007,2024-12-10,18,73,0.936,0.904
CUST-0007,2024-12-17,16,43,0.856,0.81
CUST-0007,2024-12-24,18,73,0.851,0.993
CUST-0007,2024-12-31,17,51,0.954,1.0
CUST-0007,2025-01-07,15,33,0.872,1.0
CUST-0007,2025-01-14,18,62,0.995,0.935
CUST-0007,2025-01-21,17,77,0.952,0.921
CUST-0007,2025-01-28,18,46,0.987,1.0
CUST-0007,2025-02-04,17,89,0.9,1.0
CUST-0007,2025-02-11,18,65,0.965,0.987
CUST-0007,2025-02-18,18,44,0.88,0.952
CUST-0007,2025-02-25,16,95,0.896,0.904
CUST-0007,2025-03-04,15,47,0.895,0.975
CUST-0007,2025-03-11,17,40,0.886,1.0
CUST-0007,2025-03-18,16,57,0.907,1.0
CUST-0007,2025-03-25,16,89,0.914,1.0
CUST-0007,2025-04-01,18,50,0.905,0.925
CUST-0007,2025-04-08,18,84,0.887,1.0
CUST-0007,2025-04-15,17,71,0.967,0.991
CUST-0007,2025-04-22,18,84,0.937,1.0
CUST-0007,2025-04-29,18,51,1.0,0.984
CUST-0007,2025-05-06,18,55,0.925,0.901
CUST-0007,2025-05-13,18,106,0.866,1.0
CUST-0007,2025-05-20,17,101,0.938,0.997
CUST-0007,2025-05-27,17,98,1.0,1.0
CUST-0007,2025-06-03,17,81,0.965,1.0
CUST-0007,2025-06-10,17,92,0.845,1.0
CUST-0007,2025-06-17,16,46,0.872,0.976
CUST-0007,2025-06-24,17,35,0.877,0.972
CUST-0007,2025-07-01,17,36,0.866,0.954
CUST-0007,2025-07-08,15,83,0.88,0.963
CUST-0007,2025-07-15,18,72,0.967,0.881
CUST-0007,2025-07-22,18,70,0.93,0.913
CUST-0007,2025-07-29,18,29,0.889,0.993
CUST-0007,2025-08-05,18,104,0.864,0.972
CUST-0007,2025-08-12,18,86,0.998,0.967
CUST-0007,2025-08-19,18,37,0.939,0.923
CUST-0007,2025-08-26,16,68,0.944,1.0
CUST-0007,2025-09-02,17,27,0.89,0.945
CUST-0007,2025-09-09,18,64,0.962,1.0
CUST-0007,2025-09-16,17,55,0.901,1.0
CUST-0007,2025-09-23,18,105,0.925,0.965
CUST-0007,2025-09-30,16,40,1.0,1.0
CUST-0007,2025-10-07,18,104,0.89,0.981
CUST-0007,2025-10-14,18,82,0.856,1.0
CUST-0007,2025-10-21,15,63,0.842,1.0
CUST-0007,2025-10-28,15,49,0.956,1.0
CUST-0007,2025-11-04,15,70,0.896,1.0
CUST-0007,2025-11-11,18,64,0.943,0.981
CUST-0007,2025-11-18,18,106,0.849,1.0
CUST-0007,2025-11-25,18,88,0.968,1.0
CUST-0007,2025-12-02,15,74,0.912,1.0
CUST-0007,2025-12-09,18,50,0.913,1.0
CUST-0007,2025-12-16,18,79,0.883,1.0
CUST-0007,2025-12-23,18,41,0.97,0.962
CUST-0007,2025-12-30,16,47,0.866,0.891
CUST-0007,2026-01-06,18,99,0.974,0.983
CUST-0007,2026-01-13,18,79,0.857,1.0
CUST-0007,2026-01-20,17,81,0.913,1.0
CUST-0007,2026-01-27,17,79,0.962,1.0
CUST-0007,2026-02-03,14,59,0.9,0.981
CUST-0007,2026-02-10,18,54,0.973,1.0
CUST-0007,2026-02-17,15,33,0.989,1.0
CUST-0007,2026-02-24,18,86,0.988,1.0
CUST-0007,2026-03-03,17,39,0.96,1.0
CUST-0007,2026-03-10,18,27,0.844,1.0
CUST-0007,2026-03-17,18,92,0.861,1.0
CUST-0007,2026-03-24,18,63,0.883,0.946
CUST-0007,2026-03-31,18,27,0.857,1.0
CUST-0007,2026-04-07,16,38,0.893,1.0
CUST-0007,2026-04-14,18,55,0.927,0.92
CUST-0007,2026-04-21,16,47,0.93,1.0
CUST-0007,2026-04-28,18,107,0.94,0.962
CUST-0007,2026-05-05,16,65,0.955,1.0
CUST-0007,2026-05-12,16,77,0.8,0.921
CUST-0007,2026-05-19,18,99,0.93,0.99
CUST-0007,2026-05-26,15,79,0.956,0.947
CUST-0007,2026-06-02,18,53,0.942,1.0
CUST-0007,2026-06-09,18,43,0.891,1.0
CUST-0007,2026-06-16,18,34,0.943,1.0
CUST-0007,2026-06-23,16,80,0.909,0.99
CUST-0008,2023-06-11,8,8,0.176,0.229
CUST-0008,2023-06-18,3,3,0.142,0.205
CUST-0008,2023-06-25,2,2,0.223,0.144
CUST-0008,2023-07-02,8,4,0.223,0.239
CUST-0008,2023-07-09,7,3,0.254,0.284
CUST-0008,2023-07-16,5,1,0.174,0.138
CUST-0008,2023-07-23,7,7,0.284,0.165
CUST-0008,2023-07-30,7,4,0.207,0.309
CUST-0008,2023-08-06,8,5,0.178,0.125
CUST-0008,2023-08-13,3,3,0.087,0.255
CUST-0008,2023-08-20,8,6,0.288,0.256
CUST-0008,2023-08-27,6,2,0.223,0.181
CUST-0008,2023-09-03,8,8,0.218,0.094
CUST-0008,2023-09-10,5,3,0.206,0.167
CUST-0008,2023-09-17,5,4,0.158,0.122
CUST-0008,2023-09-24,10,10,0.131,0.198
CUST-0008,2023-10-01,6,3,0.194,0.23
CUST-0008,2023-10-08,5,4,0.15,0.149
CUST-0008,2023-10-15,5,5,0.2,0.204
CUST-0008,2023-10-22,3,1,0.164,0.139
CUST-0008,2023-10-29,6,4,0.138,0.228
CUST-0008,2023-11-05,7,2,0.191,0.139
CUST-0008,2023-11-12,1,1,0.187,0.188
CUST-0008,2023-11-19,6,3,0.189,0.173
CUST-0008,2023-11-26,3,1,0.13,0.211
CUST-0008,2023-12-03,4,4,0.218,0.262
CUST-0008,2023-12-10,1,0,0.168,0.173
CUST-0008,2023-12-17,5,4,0.147,0.243
CUST-0008,2023-12-24,5,4,0.117,0.2
CUST-0008,2023-12-31,4,3,0.146,0.142
CUST-0008,2024-01-07,5,3,0.118,0.13
CUST-0008,2024-01-14,1,0,0.152,0.2
CUST-0008,2024-01-21,7,2,0.159,0.167
CUST-0008,2024-01-28,3,1,0.075,0.128
CUST-0008,2024-02-04,2,0,0.101,0.246
CUST-0008,2024-02-11,2,0,0.179,0.125
CUST-0008,2024-02-18,6,1,0.147,0.266
CUST-0008,2024-02-25,6,4,0.064,0.154
CUST-0008,2024-03-03,1,0,0.066,0.069
CUST-0008,2024-03-10,7,4,0.146,0.148
CUST-0008,2024-03-17,3,0,0.17,0.246
CUST-0008,2024-03-24,1,0,0.139,0.046
CUST-0008,2024-03-31,3,2,0.178,0.089
CUST-0008,2024-04-07,7,2,0.174,0.05
CUST-0008,2024-04-14,5,3,0.129,0.09
CUST-0008,2024-04-21,5,1,0.076,0.085
CUST-0008,2024-04-28,4,1,0.137,0.16
CUST-0008,2024-05-05,1,0,0.044,0.065
CUST-0008,2024-05-12,2,0,0.071,0.096
CUST-0008,2024-05-19,3,0,0.027,0.092
CUST-0008,2024-05-26,1,0,0.118,0.098
CUST-0008,2024-06-02,1,0,0.068,0.096
CUST-0008,2024-06-09,2,0,0.064,0.04
CUST-0008,2024-06-16,1,0,0.075,0.053
CUST-0008,2024-06-23,1,0,0.122,0.145
CUST-0008,2024-06-30,4,1,0.057,0.106
CUST-0008,2024-07-07,3,1,0.01,0.047
CUST-0008,2024-07-14,2,0,0.102,0.027
CUST-0008,2024-07-21,3,0,0.026,0.0
CUST-0008,2024-07-28,2,0,0.024,0.0
CUST-0008,2024-08-04,3,1,0.072,0.028
CUST-0008,2024-08-11,1,0,0.01,0.028
CUST-0008,2024-08-18,4,1,0.0,0.034
CUST-0008,2024-08-25,1,0,0.0,0.053
CUST-0008,2024-09-01,1,0,0.091,0.174
CUST-0008,2024-09-08,1,0,0.071,0.051
CUST-0008,2024-09-15,1,0,0.055,0.111
CUST-0008,2024-09-22,2,0,0.0,0.0
CUST-0008,2024-09-29,1,0,0.063,0.058
CUST-0008,2024-10-06,2,0,0.001,0.0
CUST-0008,2024-10-13,1,0,0.039,0.043
CUST-0008,2024-10-20,1,0,0.0,0.007
CUST-0008,2024-10-27,4,0,0.097,0.101
CUST-0008,2024-11-03,1,0,0.089,0.0
CUST-0008,2024-11-10,1,0,0.065,0.0
CUST-0008,2024-11-17,1,0,0.078,0.05
CUST-0008,2024-11-24,3,0,0.0,0.007
CUST-0008,2024-12-01,1,0,0.07,0.0
CUST-0008,2024-12-08,3,0,0.0,0.0
CUST-0008,2024-12-15,1,0,0.062,0.056
CUST-0008,2024-12-22,1,0,0.0,0.0
CUST-0008,2024-12-29,1,0,0.0,0.0
CUST-0008,2025-01-05,1,0,0.0,0.0
CUST-0008,2025-01-12,1,0,0.055,0.0
CUST-0008,2025-01-19,1,0,0.0,0.0
CUST-0008,2025-01-26,3,0,0.038,0.132
CUST-0008,2025-02-02,1,0,0.083,0.0
CUST-0008,2025-02-09,1,0,0.0,0.084
CUST-0008,2025-02-16,1,0,0.0,0.0
CUST-0008,2025-02-23,1,0,0.008,0.003
CUST-0008,2025-03-02,1,0,0.038,0.0
CUST-0008,2025-03-09,1,0,0.0,0.0
CUST-0008,2025-03-16,1,0,0.078,0.047
CUST-0008,2025-03-23,1,0,0.141,0.038
CUST-0008,2025-03-30,2,0,0.0,0.0
CUST-0008,2025-04-06,2,0,0.0,0.0
CUST-0008,2025-04-13,1,0,0.057,0.039
CUST-0008,2025-04-20,1,0,0.007,0.0
CUST-0008,2025-04-27,4,0,0.008,0.0
CUST-0008,2025-05-04,1,0,0.0,0.0
CUST-0008,2025-05-11,1,0,0.0,0.0
CUST-0008,2025-05-18,2,0,0.0,0.104
CUST-0008,2025-05-25,1,0,0.035,0.06
CUST-0008,2025-06-01,1,0,0.0,0.092
CUST-0009,2024-05-27,21,58,0.528,0.628
CUST-0009,2024-06-03,29,88,0.566,0.578
CUST-0009,2024-06-10,27,25,0.552,0.52
CUST-0009,2024-06-17,24,48,0.578,0.606
CUST-0009,2024-06-24,21,33,0.546,0.517
CUST-0009,2024-07-01,25,26,0.625,0.683
CUST-0009,2024-07-08,25,30,0.496,0.498
CUST-0009,2024-07-15,23,58,0.574,0.681
CUST-0009,2024-07-22,20,28,0.612,0.528
CUST-0009,2024-07-29,25,42,0.576,0.512
CUST-0009,2024-08-05,13,38,0.533,0.585
CUST-0009,2024-08-12,19,56,0.522,0.653
CUST-0009,2024-08-19,23,44,0.634,0.59
CUST-0009,2024-08-26,23,70,0.584,0.614
CUST-0009,2024-09-02,25,48,0.561,0.601
CUST-0009,2024-09-09,22,51,0.528,0.585
CUST-0009,2024-09-16,26,40,0.57,0.513
CUST-0009,2024-09-23,23,64,0.558,0.627
CUST-0009,2024-09-30,18,15,0.529,0.587
CUST-0009,2024-10-07,24,30,0.585,0.585
CUST-0009,2024-10-14,28,80,0.579,0.553
CUST-0009,2024-10-21,23,63,0.484,0.583
CUST-0009,2024-10-28,23,61,0.515,0.588
CUST-0009,2024-11-04,21,47,0.536,0.636
CUST-0009,2024-11-11,22,75,0.527,0.63
CUST-0009,2024-11-18,20,61,0.5,0.593
CUST-0009,2024-11-25,23,31,0.608,0.511
CUST-0009,2024-12-02,20,51,0.402,0.522
CUST-0009,2024-12-09,26,54,0.572,0.552
CUST-0009,2024-12-16,20,26,0.563,0.625
CUST-0009,2024-12-23,25,46,0.524,0.58
CUST-0009,2024-12-30,18,38,0.539,0.564
CUST-0009,2025-01-06,23,39,0.498,0.671
CUST-0009,2025-01-13,26,48,0.475,0.56
CUST-0009,2025-01-20,14,42,0.586,0.581
CUST-0009,2025-01-27,21,29,0.434,0.538
CUST-0009,2025-02-03,21,65,0.548,0.645
CUST-0009,2025-02-10,20,49,0.484,0.557
CUST-0009,2025-02-17,27,28,0.516,0.639
CUST-0009,2025-02-24,18,17,0.436,0.49
CUST-0009,2025-03-03,18,17,0.485,0.563
CUST-0009,2025-03-10,24,69,0.519,0.503
CUST-0009,2025-03-17,25,54,0.454,0.543
CUST-0009,2025-03-24,29,38,0.447,0.609
CUST-0009,2025-03-31,24,64,0.51,0.581
CUST-0009,2025-04-07,24,29,0.524,0.562
CUST-0009,2025-04-14,25,58,0.565,0.545
CUST-0009,2025-04-21,22,64,0.476,0.619
CUST-0009,2025-04-28,26,58,0.499,0.545
CUST-0009,2025-05-05,26,70,0.478,0.495
CUST-0009,2025-05-12,23,43,0.497,0.505
CUST-0009,2025-05-19,23,56,0.494,0.572
CUST-0009,2025-05-26,20,55,0.445,0.454
CUST-0009,2025-06-02,24,51,0.472,0.514
CUST-0009,2025-06-09,25,71,0.624,0.592
CUST-0009,2025-06-16,20,37,0.545,0.516
CUST-0009,2025-06-23,22,25,0.46,0.498
CUST-0009,2025-06-30,15,29,0.544,0.535
CUST-0009,2025-07-07,23,29,0.577,0.596
CUST-0009,2025-07-14,25,71,0.48,0.541
CUST-0009,2025-07-21,24,27,0.486,0.493
CUST-0009,2025-07-28,21,19,0.536,0.543
CUST-0009,2025-08-04,17,42,0.53,0.523
CUST-0009,2025-08-11,19,19,0.503,0.486
CUST-0009,2025-08-18,18,51,0.509,0.52
CUST-0009,2025-08-25,22,19,0.531,0.534
CUST-0009,2025-09-01,18,29,0.484,0.473
CUST-0009,2025-09-08,20,31,0.437,0.486
CUST-0009,2025-09-15,24,33,0.512,0.501
CUST-0009,2025-09-22,22,37,0.509,0.522
CUST-0009,2025-09-29,19,48,0.429,0.508
CUST-0009,2025-10-06,18,37,0.567,0.537
CUST-0009,2025-10-13,16,43,0.45,0.461
CUST-0009,2025-10-20,23,41,0.472,0.539
CUST-0009,2025-10-27,21,36,0.464,0.562
CUST-0009,2025-11-03,27,77,0.477,0.465
CUST-0009,2025-11-10,18,53,0.401,0.606
CUST-0009,2025-11-17,15,25,0.448,0.503
CUST-0009,2025-11-24,19,34,0.509,0.406
CUST-0009,2025-12-01,22,49,0.524,0.465
CUST-0009,2025-12-08,18,52,0.47,0.454
CUST-0009,2025-12-15,19,20,0.523,0.522
CUST-0009,2025-12-22,11,19,0.464,0.411
CUST-0009,2025-12-29,23,26,0.496,0.402
CUST-0009,2026-01-05,19,39,0.394,0.542
CUST-0009,2026-01-12,22,41,0.386,0.479
CUST-0009,2026-01-19,17,33,0.522,0.451
CUST-0009,2026-01-26,23,47,0.461,0.4
CUST-0009,2026-02-02,12,17,0.539,0.406
CUST-0009,2026-02-09,20,34,0.484,0.463
CUST-0009,2026-02-16,15,28,0.448,0.529
CUST-0009,2026-02-23,17,24,0.439,0.397
CUST-0009,2026-03-02,18,45,0.415,0.387
CUST-0009,2026-03-09,13,30,0.407,0.369
CUST-0009,2026-03-16,15,12,0.527,0.413
CUST-0009,2026-03-23,21,36,0.391,0.465
CUST-0009,2026-03-30,12,30,0.378,0.497
CUST-0009,2026-04-06,19,39,0.38,0.441
CUST-0009,2026-04-13,20,50,0.295,0.404
CUST-0009,2026-04-20,20,21,0.466,0.434
CUST-0009,2026-04-27,19,18,0.417,0.482
CUST-0009,2026-05-04,20,52,0.44,0.482
CUST-0009,2026-05-11,15,24,0.426,0.517
CUST-0009,2026-05-18,20,14,0.346,0.327
CUST-0010,2024-09-10,10,10,0.264,0.281
CUST-0010,2024-09-17,11,13,0.211,0.158
CUST-0010,2024-09-24,6,6,0.179,0.272
CUST-0010,2024-10-01,9,12,0.164,0.182
CUST-0010,2024-10-08,8,5,0.3,0.199
CUST-0010,2024-10-15,6,3,0.224,0.283
CUST-0010,2024-10-22,8,4,0.18,0.296
CUST-0010,2024-10-29,10,11,0.225,0.269
CUST-0010,2024-11-05,12,9,0.151,0.205
CUST-0010,2024-11-12,7,3,0.126,0.314
CUST-0010,2024-11-19,7,4,0.09,0.152
CUST-0010,2024-11-26,4,1,0.213,0.161
CUST-0010,2024-12-03,5,4,0.161,0.292
CUST-0010,2024-12-10,10,5,0.207,0.0
CUST-0010,2024-12-17,2,1,0.121,0.049
CUST-0010,2024-12-24,1,0,0.119,0.248
CUST-0010,2024-12-31,5,1,0.029,0.145
CUST-0010,2025-01-07,3,1,0.082,0.079
CUST-0010,2025-01-14,1,0,0.095,0.105
CUST-0010,2025-01-21,6,1,0.046,0.056
CUST-0010,2025-01-28,2,0,0.054,0.0
CUST-0010,2025-02-04,1,0,0.103,0.025
CUST-0010,2025-02-11,1,0,0.043,0.114
CUST-0010,2025-02-18,2,0,0.11,0.049
CUST-0010,2025-02-25,1,0,0.0,0.021
CUST-0010,2025-03-04,3,0,0.003,0.03
CUST-0010,2025-03-11,1,0,0.115,0.041
CUST-0010,2025-03-18,3,0,0.045,0.0
CUST-0010,2025-03-25,1,0,0.0,0.0
CUST-0010,2025-04-01,7,0,0.0,0.0
CUST-0010,2025-04-08,1,0,0.1,0.0
CUST-0010,2025-04-15,1,0,0.0,0.0
CUST-0010,2025-04-22,1,0,0.015,0.0
CUST-0010,2025-04-29,2,0,0.0,0.0
CUST-0010,2025-05-06,1,0,0.063,0.0
CUST-0010,2025-05-13,1,0,0.007,0.004
CUST-0010,2025-05-20,2,0,0.0,0.0
CUST-0010,2025-05-27,5,0,0.047,0.062
CUST-0010,2025-06-03,1,0,0.015,0.1
CUST-0010,2025-06-10,2,0,0.0,0.007
CUST-0010,2025-06-17,4,0,0.076,0.0
CUST-0010,2025-06-24,1,0,0.0,0.0
CUST-0010,2025-07-01,1,0,0.0,0.0
CUST-0010,2025-07-08,1,0,0.045,0.022
CUST-0010,2025-07-15,1,0,0.0,0.018
CUST-0010,2025-07-22,3,0,0.024,0.083
CUST-0010,2025-07-29,1,0,0.0,0.0
CUST-0010,2025-08-05,1,0,0.012,0.047
CUST-0010,2025-08-12,1,0,0.047,0.0
CUST-0010,2025-08-19,4,0,0.0,0.027
CUST-0010,2025-08-26,1,0,0.0,0.031
CUST-0010,2025-09-02,1,0,0.018,0.07
CUST-0010,2025-09-09,1,0,0.0,0.111
CUST-0010,2025-09-16,2,0,0.0,0.0
CUST-0010,2025-09-23,1,0,0.007,0.008
CUST-0010,2025-09-30,2,0,0.0,0.075
CUST-0010,2025-10-07,1,0,0.0,0.036
CUST-0010,2025-10-14,2,0,0.053,0.093
CUST-0010,2025-10-21,2,0,0.032,0.0
CUST-0010,2025-10-28,1,0,0.007,0.0
CUST-0010,2025-11-04,3,0,0.014,0.0
CUST-0010,2025-11-11,1,0,0.0,0.018
CUST-0010,2025-11-18,1,0,0.007,0.0
CUST-0010,2025-11-25,1,0,0.0,0.018
CUST-0010,2025-12-02,1,0,0.005,0.033
CUST-0010,2025-12-09,4,0,0.0,0.0
CUST-0010,2025-12-16,4,0,0.0,0.0
CUST-0010,2025-12-23,1,0,0.0,0.046
CUST-0010,2025-12-30,4,0,0.074,0.047
CUST-0010,2026-01-06,1,0,0.086,0.003
CUST-0010,2026-01-13,1,0,0.0,0.0
CUST-0010,2026-01-20,1,0,0.052,0.0
CUST-0010,2026-01-27,1,0,0.046,0.0
CUST-0010,2026-02-03,1,0,0.0,0.062
CUST-0010,2026-02-10,1,0,0.0,0.0
CUST-0010,2026-02-17,1,0,0.0,0.002
CUST-0010,2026-02-24,2,0,0.051,0.009
CUST-0010,2026-03-03,1,0,0.071,0.0
CUST-0010,2026-03-10,1,0,0.006,0.0
CUST-0010,2026-03-17,1,0,0.0,0.0
CUST-0010,2026-03-24,4,0,0.047,0.0
CUST-0010,2026-03-31,2,0,0.023,0.0
CUST-0010,2026-04-07,1,0,0.092,0.036
CUST-0010,2026-04-14,1,0,0.0,0.025
CUST-0010,2026-04-21,1,0,0.0,0.0
CUST-0010,2026-04-28,1,0,0.0,0.0
CUST-0010,2026-05-05,1,0,0.0,0.0
CUST-0010,2026-05-12,6,0,0.014,0.009
CUST-0010,2026-05-19,1,0,0.0,0.0
CUST-0010,2026-05-26,1,0,0.0,0.0
CUST-0010,2026-06-02,1,0,0.0,0.0
CUST-0011,2024-07-02,10,29,0.691,0.733
CUST-0011,2024-07-09,10,12,0.732,0.723
CUST-0011,2024-07-16,7,30,0.749,0.73
CUST-0011,2024-07-23,11,14,0.776,0.851
CUST-0011,2024-07-30,11,44,0.773,0.753
CUST-0011,2024-08-06,9,23,0.723,0.834
CUST-0011,2024-08-13,9,27,0.751,0.832
CUST-0011,2024-08-20,9,16,0.727,0.742
CUST-0011,2024-08-27,10,33,0.787,0.83
CUST-0011,2024-09-03,10,14,0.804,0.753
CUST-0011,2024-09-10,10,25,0.732,0.771
CUST-0011,2024-09-17,10,26,0.695,0.852
CUST-0011,2024-09-24,12,33,0.619,0.741
CUST-0011,2024-10-01,10,15,0.774,0.87
CUST-0011,2024-10-08,8,13,0.725,0.882
CUST-0011,2024-10-15,12,33,0.82,0.869
CUST-0011,2024-10-22,10,13,0.716,0.855
CUST-0011,2024-10-29,10,24,0.773,0.825
CUST-0011,2024-11-05,11,42,0.82,0.911
CUST-0011,2024-11-12,11,20,0.831,0.862
CUST-0011,2024-11-19,13,26,0.737,0.763
CUST-0011,2024-11-26,12,25,0.678,0.741
CUST-0011,2024-12-03,11,38,0.778,0.903
CUST-0011,2024-12-10,12,41,0.718,0.881
CUST-0011,2024-12-17,10,34,0.753,0.83
CUST-0011,2024-12-24,10,44,0.779,0.795
CUST-0011,2024-12-31,11,42,0.749,0.88
CUST-0011,2025-01-07,11,42,0.841,0.838
CUST-0011,2025-01-14,10,37,0.697,0.937
CUST-0011,2025-01-21,9,40,0.795,0.829
CUST-0011,2025-01-28,10,38,0.837,0.87
CUST-0011,2025-02-04,13,54,0.711,0.915
CUST-0011,2025-02-11,11,34,0.836,0.798
CUST-0011,2025-02-18,11,32,0.89,0.884
CUST-0011,2025-02-25,9,34,0.88,0.765
CUST-0011,2025-03-04,11,44,0.779,0.909
CUST-0011,2025-03-11,12,23,0.817,0.92
CUST-0011,2025-03-18,11,58,0.832,0.993
CUST-0011,2025-03-25,12,25,0.723,0.954
CUST-0011,2025-04-01,11,39,0.833,0.89
CUST-0011,2025-04-08,11,46,0.814,0.848
CUST-0011,2025-04-15,12,30,0.809,0.902
CUST-0011,2025-04-22,12,59,0.943,0.868
CUST-0011,2025-04-29,10,47,0.739,0.843
CUST-0011,2025-05-06,13,44,0.838,0.974
CUST-0011,2025-05-13,10,35,0.886,0.972
CUST-0011,2025-05-20,11,42,0.815,0.86
CUST-0011,2025-05-27,12,56,0.797,0.92
CUST-0011,2025-06-03,9,20,0.837,0.83
CUST-0011,2025-06-10,11,54,0.866,0.95
CUST-0011,2025-06-17,12,51,0.904,0.981
CUST-0011,2025-06-24,11,27,0.89,0.98
CUST-0011,2025-07-01,11,37,0.857,0.932
CUST-0011,2025-07-08,10,15,0.885,0.893
CUST-0011,2025-07-15,10,16,0.85,0.827
CUST-0011,2025-07-22,12,48,0.821,1.0
CUST-0011,2025-07-29,10,42,0.827,0.994
CUST-0011,2025-08-05,12,65,0.854,0.894
CUST-0011,2025-08-12,11,29,0.965,0.943
CUST-0011,2025-08-19,11,23,0.834,1.0
CUST-0011,2025-08-26,12,58,0.829,1.0
CUST-0011,2025-09-02,12,56,0.802,0.882
CUST-0011,2025-09-09,12,64,0.792,0.974
CUST-0011,2025-09-16,12,25,0.922,0.921
CUST-0011,2025-09-23,12,38,0.877,0.941
CUST-0011,2025-09-30,11,51,0.818,0.948
CUST-0011,2025-10-07,11,36,0.863,1.0
CUST-0011,2025-10-14,12,47,0.882,0.959
CUST-0011,2025-10-21,13,59,0.917,1.0
CUST-0011,2025-10-28,13,42,0.818,0.977
CUST-0011,2025-11-04,12,63,0.943,1.0
CUST-0011,2025-11-11,11,29,0.918,0.997
CUST-0011,2025-11-18,13,41,0.938,0.945
CUST-0011,2025-11-25,12,18,0.965,0.896
CUST-0011,2025-12-02,12,29,0.837,0.975
CUST-0011,2025-12-09,12,20,0.933,1.0
CUST-0011,2025-12-16,11,23,0.856,1.0
CUST-0011,2025-12-23,12,45,0.9,1.0
CUST-0011,2025-12-30,10,51,0.928,0.986
CUST-0011,2026-01-06,13,66,0.914,0.95
CUST-0011,2026-01-13,13,41,0.907,1.0
CUST-0011,2026-01-20,13,61,0.932,0.96
CUST-0011,2026-01-27,13,65,0.932,1.0
CUST-0011,2026-02-03,13,34,0.945,1.0
CUST-0011,2026-02-10,12,22,0.857,1.0
CUST-0011,2026-02-17,13,31,0.94,0.881
CUST-0011,2026-02-24,13,54,0.881,0.99
CUST-0011,2026-03-03,13,47,0.948,1.0
CUST-0011,2026-03-10,13,58,0.878,1.0
CUST-0011,2026-03-17,13,49,0.846,1.0
CUST-0011,2026-03-24,13,58,0.819,0.994
CUST-0011,2026-03-31,13,29,0.998,1.0
CUST-0011,2026-04-07,13,46,0.875,1.0
CUST-0011,2026-04-14,12,34,0.962,1.0
CUST-0011,2026-04-21,12,70,0.978,1.0
CUST-0011,2026-04-28,10,26,0.966,0.989
CUST-0011,2026-05-05,10,38,0.975,1.0
CUST-0011,2026-05-12,12,69,0.932,0.967
CUST-0011,2026-05-19,12,52,0.814,0.93
CUST-0011,2026-05-26,13,47,0.932,0.964
CUST-0011,2026-06-02,13,26,0.949,1.0
CUST-0011,2026-06-09,10,40,0.884,1.0
CUST-0011,2026-06-16,13,61,0.896,1.0
CUST-0011,2026-06-23,13,68,0.957,1.0
CUST-0012,2024-07-11,12,29,0.56,0.656
CUST-0012,2024-07-18,16,47,0.524,0.58
CUST-0012,2024-07-25,20,30,0.593,0.593
CUST-0012,2024-08-01,14,48,0.539,0.559
CUST-0012,2024-08-08,17,55,0.566,0.621
CUST-0012,2024-08-15,17,45,0.552,0.611
CUST-0012,2024-08-22,15,22,0.447,0.574
CUST-0012,2024-08-29,17,33,0.472,0.525
CUST-0012,2024-09-05,11,33,0.699,0.569
CUST-0012,2024-09-12,17,25,0.47,0.548
CUST-0012,2024-09-19,10,21,0.513,0.449
CUST-0012,2024-09-26,14,36,0.468,0.501
CUST-0012,2024-10-03,14,17,0.465,0.559
CUST-0012,2024-10-10,10,11,0.499,0.46
CUST-0012,2024-10-17,17,40,0.432,0.38
CUST-0012,2024-10-24,11,10,0.401,0.606
CUST-0012,2024-10-31,14,23,0.422,0.449
CUST-0012,2024-11-07,12,19,0.463,0.439
CUST-0012,2024-11-14,13,26,0.409,0.452
CUST-0012,2024-11-21,15,30,0.456,0.52
CUST-0012,2024-11-28,7,12,0.39,0.437
CUST-0012,2024-12-05,11,24,0.392,0.429
CUST-0012,2024-12-12,17,33,0.357,0.441
CUST-0012,2024-12-19,9,15,0.43,0.414
CUST-0012,2024-12-26,10,15,0.439,0.455
CUST-0012,2025-01-02,10,12,0.409,0.355
CUST-0012,2025-01-09,9,5,0.299,0.297
CUST-0012,2025-01-16,11,7,0.31,0.393
CUST-0012,2025-01-23,12,13,0.291,0.277
CUST-0012,2025-01-30,6,6,0.268,0.365
CUST-0012,2025-02-06,8,7,0.423,0.407
CUST-0012,2025-02-13,9,11,0.403,0.516
CUST-0012,2025-02-20,9,5,0.379,0.447
CUST-0012,2025-02-27,6,10,0.276,0.313
CUST-0012,2025-03-06,7,12,0.308,0.391
CUST-0012,2025-03-13,12,20,0.256,0.266
CUST-0012,2025-03-20,9,6,0.323,0.306
CUST-0012,2025-03-27,8,9,0.222,0.356
CUST-0012,2025-04-03,9,14,0.309,0.324
CUST-0012,2025-04-10,11,7,0.23,0.35
CUST-0012,2025-04-17,8,13,0.249,0.348
CUST-0012,2025-04-24,7,7,0.21,0.283
CUST-0012,2025-05-01,9,13,0.259,0.28
CUST-0012,2025-05-08,10,9,0.278,0.229
CUST-0012,2025-05-15,8,8,0.192,0.334
CUST-0012,2025-05-22,9,8,0.05,0.229
CUST-0012,2025-05-29,1,1,0.209,0.262
CUST-0012,2025-06-05,6,5,0.194,0.269
CUST-0012,2025-06-12,5,5,0.176,0.237
CUST-0012,2025-06-19,3,2,0.19,0.247
CUST-0012,2025-06-26,6,6,0.172,0.156
CUST-0012,2025-07-03,2,1,0.202,0.145
CUST-0012,2025-07-10,3,2,0.271,0.197
CUST-0012,2025-07-17,4,2,0.198,0.071
CUST-0012,2025-07-24,3,1,0.238,0.126
CUST-0012,2025-07-31,5,4,0.186,0.02
CUST-0012,2025-08-07,5,1,0.205,0.204
CUST-0012,2025-08-14,5,3,0.197,0.2
CUST-0012,2025-08-21,6,5,0.147,0.015
CUST-0012,2025-08-28,3,2,0.164,0.116
CUST-0012,2025-09-04,3,1,0.036,0.105
CUST-0012,2025-09-11,1,0,0.143,0.163
CUST-0012,2025-09-18,1,0,0.131,0.096
CUST-0012,2025-09-25,5,2,0.068,0.0
CUST-0012,2025-10-02,3,1,0.111,0.009
CUST-0012,2025-10-09,2,0,0.0,0.145
CUST-0012,2025-10-16,1,0,0.007,0.0
CUST-0012,2025-10-23,2,0,0.054,0.017
CUST-0012,2025-10-30,4,1,0.017,0.101
CUST-0012,2025-11-06,2,0,0.003,0.073
CUST-0012,2025-11-13,1,0,0.065,0.034
CUST-0012,2025-11-20,5,0,0.031,0.152
CUST-0012,2025-11-27,2,0,0.033,0.048
CUST-0012,2025-12-04,1,0,0.0,0.022
CUST-0012,2025-12-11,1,0,0.0,0.0
CUST-0012,2025-12-18,4,0,0.067,0.0
CUST-0012,2025-12-25,1,0,0.0,0.0
CUST-0012,2026-01-01,1,0,0.0,0.017
CUST-0012,2026-01-08,2,0,0.0,0.0
CUST-0012,2026-01-15,1,0,0.009,0.0
CUST-0012,2026-01-22,1,0,0.139,0.0
CUST-0012,2026-01-29,1,0,0.0,0.114
CUST-0012,2026-02-05,1,0,0.056,0.061
CUST-0012,2026-02-12,2,0,0.078,0.0
CUST-0012,2026-02-19,1,0,0.0,0.0
CUST-0012,2026-02-26,1,0,0.0,0.0
CUST-0012,2026-03-05,1,0,0.0,0.02
CUST-0012,2026-03-12,1,0,0.031,0.064
CUST-0012,2026-03-19,1,0,0.0,0.061
CUST-0013,2024-05-27,5,3,0.452,0.443
CUST-0013,2024-06-03,5,6,0.501,0.564
CUST-0013,2024-06-10,4,9,0.413,0.515
CUST-0013,2024-06-17,5,9,0.469,0.52
CUST-0013,2024-06-24,6,11,0.504,0.556
CUST-0013,2024-07-01,5,6,0.488,0.458
CUST-0013,2024-07-08,5,10,0.374,0.476
CUST-0013,2024-07-15,5,6,0.458,0.338
CUST-0013,2024-07-22,5,7,0.355,0.418
CUST-0013,2024-07-29,5,8,0.431,0.456
CUST-0013,2024-08-05,5,7,0.511,0.504
CUST-0013,2024-08-12,5,7,0.409,0.474
CUST-0013,2024-08-19,6,9,0.45,0.49
CUST-0013,2024-08-26,4,9,0.341,0.502
CUST-0013,2024-09-02,6,15,0.384,0.383
CUST-0013,2024-09-09,4,4,0.411,0.452
CUST-0013,2024-09-16,2,3,0.413,0.382
CUST-0013,2024-09-23,5,7,0.336,0.489
CUST-0013,2024-09-30,3,2,0.416,0.48
CUST-0013,2024-10-07,4,5,0.422,0.393
CUST-0013,2024-10-14,5,7,0.464,0.422
CUST-0013,2024-10-21,5,4,0.399,0.471
CUST-0013,2024-10-28,5,6,0.348,0.447
CUST-0013,2024-11-04,6,3,0.43,0.412
CUST-0013,2024-11-11,6,7,0.389,0.407
CUST-0013,2024-11-18,5,6,0.348,0.445
CUST-0013,2024-11-25,5,9,0.308,0.481
CUST-0013,2024-12-02,3,2,0.392,0.445
CUST-0013,2024-12-09,4,5,0.363,0.414
CUST-0013,2024-12-16,4,2,0.419,0.356
CUST-0013,2024-12-23,4,3,0.332,0.381
CUST-0013,2024-12-30,5,10,0.446,0.435
CUST-0013,2025-01-06,4,9,0.441,0.375
CUST-0013,2025-01-13,4,9,0.29,0.384
CUST-0013,2025-01-20,4,7,0.358,0.302
CUST-0013,2025-01-27,4,4,0.241,0.398
CUST-0013,2025-02-03,5,3,0.454,0.426
CUST-0013,2025-02-10,4,6,0.318,0.326
CUST-0013,2025-02-17,4,2,0.365,0.25
CUST-0013,2025-02-24,4,2,0.308,0.419
CUST-0013,2025-03-03,4,7,0.346,0.459
CUST-0013,2025-03-10,6,10,0.421,0.419
CUST-0013,2025-03-17,5,5,0.395,0.522
CUST-0013,2025-03-24,4,8,0.369,0.462
CUST-0013,2025-03-31,4,3,0.463,0.366
CUST-0013,2025-04-07,4,5,0.311,0.359
CUST-0013,2025-04-14,4,5,0.335,0.221
CUST-0013,2025-04-21,4,6,0.347,0.417
CUST-0013,2025-04-28,3,2,0.328,0.372
CUST-0013,2025-05-05,2,1,0.337,0.333
CUST-0013,2025-05-12,4,7,0.306,0.298
CUST-0013,2025-05-19,5,3,0.365,0.296
CUST-0013,2025-05-26,5,2,0.447,0.356
CUST-0013,2025-06-02,1,1,0.37,0.33
CUST-0013,2025-06-09,6,5,0.293,0.325
CUST-0013,2025-06-16,5,10,0.315,0.393
CUST-0013,2025-06-23,4,3,0.284,0.363
CUST-0013,2025-06-30,3,1,0.292,0.296
CUST-0013,2025-07-07,3,5,0.219,0.299
CUST-0013,2025-07-14,5,8,0.32,0.114
CUST-0013,2025-07-21,2,3,0.223,0.437
CUST-0013,2025-07-28,5,4,0.29,0.201
CUST-0013,2025-08-04,2,1,0.42,0.361
CUST-0013,2025-08-11,3,1,0.356,0.438
CUST-0013,2025-08-18,2,2,0.295,0.355
CUST-0013,2025-08-25,4,6,0.274,0.284
CUST-0013,2025-09-01,5,5,0.237,0.269
CUST-0013,2025-09-08,5,4,0.381,0.241
CUST-0013,2025-09-15,4,7,0.253,0.259
CUST-0013,2025-09-22,4,2,0.314,0.211
CUST-0013,2025-09-29,3,4,0.282,0.4
CUST-0013,2025-10-06,5,6,0.308,0.208
CUST-0013,2025-10-13,6,2,0.239,0.311
CUST-0013,2025-10-20,3,3,0.192,0.274
CUST-0013,2025-10-27,3,2,0.274,0.463
CUST-0013,2025-11-03,3,2,0.234,0.266
CUST-0013,2025-11-10,2,2,0.188,0.279
CUST-0013,2025-11-17,2,3,0.259,0.26
CUST-0013,2025-11-24,3,4,0.176,0.356
CUST-0013,2025-12-01,3,3,0.386,0.229
CUST-0013,2025-12-08,3,2,0.202,0.206
CUST-0013,2025-12-15,2,2,0.216,0.269
CUST-0013,2025-12-22,2,2,0.333,0.217
CUST-0013,2025-12-29,3,1,0.184,0.283
CUST-0013,2026-01-05,4,3,0.227,0.26
CUST-0013,2026-01-12,3,4,0.204,0.224
CUST-0013,2026-01-19,3,4,0.095,0.322
CUST-0013,2026-01-26,2,1,0.263,0.345
CUST-0013,2026-02-02,4,1,0.259,0.33
CUST-0013,2026-02-09,1,1,0.263,0.26
CUST-0013,2026-02-16,4,5,0.283,0.248
CUST-0013,2026-02-23,2,0,0.188,0.215
CUST-0013,2026-03-02,3,1,0.19,0.189
CUST-0013,2026-03-09,2,1,0.329,0.275
CUST-0013,2026-03-16,2,2,0.168,0.306
CUST-0013,2026-03-23,3,2,0.279,0.212
CUST-0013,2026-03-30,4,3,0.222,0.246
CUST-0013,2026-04-06,2,2,0.171,0.265
CUST-0013,2026-04-13,1,0,0.138,0.244
CUST-0013,2026-04-20,2,1,0.187,0.241
CUST-0013,2026-04-27,1,0,0.191,0.213
CUST-0013,2026-05-04,2,1,0.278,0.207
CUST-0013,2026-05-11,3,1,0.105,0.283
CUST-0013,2026-05-18,2,0,0.124,0.261
CUST-0014,2024-07-02,57,183,0.791,0.859
CUST-0014,2024-07-09,48,167,0.75,0.902
CUST-0014,2024-07-16,45,106,0.767,0.809
CUST-0014,2024-07-23,50,187,0.831,0.855
CUST-0014,2024-07-30,54,78,0.799,0.864
CUST-0014,2024-08-06,62,226,0.691,0.764
CUST-0014,2024-08-13,53,203,0.782,0.838
CUST-0014,2024-08-20,52,229,0.687,0.892
CUST-0014,2024-08-27,49,79,0.741,0.776
CUST-0014,2024-09-03,43,132,0.835,0.874
CUST-0014,2024-09-10,48,96,0.72,0.895
CUST-0014,2024-09-17,51,215,0.667,0.754
CUST-0014,2024-09-24,42,52,0.704,0.835
CUST-0014,2024-10-01,50,162,0.794,0.878
CUST-0014,2024-10-08,42,106,0.786,0.85
CUST-0014,2024-10-15,49,109,0.775,0.709
CUST-0014,2024-10-22,54,113,0.778,0.813
CUST-0014,2024-10-29,52,111,0.747,0.904
CUST-0014,2024-11-05,54,236,0.79,0.889
CUST-0014,2024-11-12,52,146,0.714,0.862
CUST-0014,2024-11-19,52,210,0.765,0.753
CUST-0014,2024-11-26,45,167,0.689,0.855
CUST-0014,2024-12-03,51,156,0.795,0.879
CUST-0014,2024-12-10,44,118,0.707,0.813
CUST-0014,2024-12-17,49,204,0.634,0.693
CUST-0014,2024-12-24,51,103,0.709,0.7
CUST-0014,2024-12-31,52,166,0.685,0.743
CUST-0014,2025-01-07,48,186,0.631,0.825
CUST-0014,2025-01-14,50,210,0.643,0.792
CUST-0014,2025-01-21,42,123,0.707,0.82
CUST-0014,2025-01-28,41,182,0.776,0.806
CUST-0014,2025-02-04,48,160,0.637,0.752
CUST-0014,2025-02-11,49,131,0.629,0.782
CUST-0014,2025-02-18,50,129,0.7,0.88
CUST-0014,2025-02-25,48,68,0.715,0.73
CUST-0014,2025-03-04,42,121,0.692,0.714
CUST-0014,2025-03-11,41,108,0.704,0.751
CUST-0014,2025-03-18,48,133,0.643,0.742
CUST-0014,2025-03-25,42,57,0.695,0.742
CUST-0014,2025-04-01,43,119,0.716,0.758
CUST-0014,2025-04-08,45,67,0.673,0.715
CUST-0014,2025-04-15,50,110,0.637,0.778
CUST-0014,2025-04-22,45,174,0.64,0.712
CUST-0014,2025-04-29,51,78,0.697,0.628
CUST-0014,2025-05-06,41,148,0.607,0.786
CUST-0014,2025-05-13,49,212,0.658,0.712
CUST-0014,2025-05-20,44,141,0.633,0.827
CUST-0014,2025-05-27,43,166,0.784,0.71
CUST-0014,2025-06-03,45,133,0.739,0.73
CUST-0014,2025-06-10,42,154,0.604,0.756
CUST-0014,2025-06-17,47,191,0.672,0.697
CUST-0014,2025-06-24,46,173,0.605,0.656
CUST-0014,2025-07-01,46,156,0.654,0.738
CUST-0014,2025-07-08,43,93,0.573,0.666
CUST-0014,2025-07-15,43,138,0.696,0.71
CUST-0014,2025-07-22,49,138,0.621,0.596
CUST-0014,2025-07-29,58,163,0.645,0.727
CUST-0014,2025-08-05,32,90,0.67,0.665
CUST-0014,2025-08-12,44,98,0.665,0.644
CUST-0014,2025-08-19,43,172,0.588,0.68
CUST-0014,2025-08-26,45,70,0.596,0.651
CUST-0014,2025-09-02,36,39,0.658,0.76
CUST-0014,2025-09-09,39,74,0.729,0.72
CUST-0014,2025-09-16,41,87,0.567,0.702
CUST-0014,2025-09-23,45,180,0.622,0.726
CUST-0014,2025-09-30,45,146,0.652,0.638
CUST-0014,2025-10-07,44,84,0.684,0.568
CUST-0014,2025-10-14,34,50,0.642,0.782
CUST-0014,2025-10-21,43,101,0.589,0.616
CUST-0014,2025-10-28,55,127,0.652,0.75
CUST-0014,2025-11-04,40,106,0.543,0.694
CUST-0014,2025-11-11,40,43,0.546,0.707
CUST-0014,2025-11-18,44,151,0.638,0.724
CUST-0014,2025-11-25,35,118,0.61,0.621
CUST-0014,2025-12-02,42,93,0.552,0.682
CUST-0014,2025-12-09,44,131,0.537,0.718
CUST-0014,2025-12-16,49,69,0.633,0.717
CUST-0014,2025-12-23,35,100,0.632,0.671
CUST-0014,2025-12-30,48,102,0.617,0.723
CUST-0014,2026-01-06,36,71,0.583,0.556
CUST-0014,2026-01-13,39,55,0.52,0.632
CUST-0014,2026-01-20,40,40,0.58,0.566
CUST-0014,2026-01-27,34,69,0.516,0.566
CUST-0014,2026-02-03,39,63,0.576,0.634
CUST-0014,2026-02-10,35,77,0.543,0.61
CUST-0014,2026-02-17,41,118,0.63,0.557
CUST-0014,2026-02-24,37,119,0.585,0.55
CUST-0014,2026-03-03,35,43,0.537,0.645
CUST-0014,2026-03-10,37,61,0.529,0.606
CUST-0014,2026-03-17,38,108,0.527,0.597
CUST-0014,2026-03-24,35,91,0.515,0.66
CUST-0014,2026-03-31,36,96,0.478,0.606
CUST-0014,2026-04-07,30,30,0.595,0.67
CUST-0014,2026-04-14,39,60,0.522,0.622
CUST-0014,2026-04-21,37,34,0.526,0.625
CUST-0014,2026-04-28,29,30,0.574,0.59
CUST-0014,2026-05-05,40,111,0.533,0.612
CUST-0014,2026-05-12,37,111,0.594,0.507
CUST-0014,2026-05-19,27,51,0.597,0.543
CUST-0014,2026-05-26,37,42,0.499,0.479
CUST-0014,2026-06-02,35,49,0.537,0.57
CUST-0014,2026-06-09,42,66,0.54,0.564
CUST-0014,2026-06-16,39,110,0.513,0.557
CUST-0014,2026-06-23,35,93,0.369,0.526
CUST-0015,2024-07-02,23,23,0.388,0.575
CUST-0015,2024-07-09,30,51,0.456,0.511
CUST-0015,2024-07-16,26,66,0.439,0.612
CUST-0015,2024-07-23,14,32,0.416,0.538
CUST-0015,2024-07-30,27,51,0.464,0.51
CUST-0015,2024-08-06,18,41,0.448,0.456
CUST-0015,2024-08-13,23,28,0.442,0.492
CUST-0015,2024-08-20,23,20,0.399,0.439
CUST-0015,2024-08-27,23,46,0.468,0.506
CUST-0015,2024-09-03,27,72,0.42,0.505
CUST-0015,2024-09-10,23,51,0.44,0.325
CUST-0015,2024-09-17,22,31,0.481,0.469
CUST-0015,2024-09-24,20,25,0.309,0.458
CUST-0015,2024-10-01,20,46,0.382,0.506
CUST-0015,2024-10-08,18,39,0.361,0.507
CUST-0015,2024-10-15,18,30,0.327,0.35
CUST-0015,2024-10-22,19,43,0.372,0.444
CUST-0015,2024-10-29,16,13,0.364,0.364
CUST-0015,2024-11-05,18,22,0.304,0.258
CUST-0015,2024-11-12,17,14,0.292,0.418
CUST-0015,2024-11-19,14,27,0.344,0.267
CUST-0015,2024-11-26,23,27,0.333,0.404
CUST-0015,2024-12-03,12,13,0.28,0.374
CUST-0015,2024-12-10,12,8,0.244,0.357
CUST-0015,2024-12-17,14,7,0.259,0.366
CUST-0015,2024-12-24,12,13,0.302,0.227
CUST-0015,2024-12-31,11,8,0.247,0.244
CUST-0015,2025-01-07,11,8,0.195,0.305
CUST-0015,2025-01-14,12,16,0.207,0.251
CUST-0015,2025-01-21,8,6,0.224,0.247
CUST-0015,2025-01-28,11,7,0.246,0.188
CUST-0015,2025-02-04,10,12,0.23,0.171
CUST-0015,2025-02-11,12,13,0.201,0.251
CUST-0015,2025-02-18,8,8,0.276,0.195
CUST-0015,2025-02-25,7,2,0.248,0.145
CUST-0015,2025-03-04,11,5,0.135,0.146
CUST-0015,2025-03-11,4,1,0.181,0.046
CUST-0015,2025-03-18,6,4,0.142,0.241
CUST-0015,2025-03-25,7,5,0.137,0.191
CUST-0015,2025-04-01,8,2,0.151,0.228
CUST-0015,2025-04-08,3,0,0.081,0.125
CUST-0015,2025-04-15,2,0,0.205,0.0
CUST-0015,2025-04-22,1,0,0.144,0.037
CUST-0015,2025-04-29,2,1,0.031,0.109
CUST-0015,2025-05-06,8,4,0.045,0.207
CUST-0015,2025-05-13,1,0,0.098,0.139
CUST-0015,2025-05-20,6,1,0.0,0.079
CUST-0015,2025-05-27,7,1,0.135,0.071
CUST-0015,2025-06-03,1,0,0.075,0.017
CUST-0015,2025-06-10,5,0,0.084,0.065
CUST-0015,2025-06-17,2,0,0.078,0.099
CUST-0015,2025-06-24,1,0,0.039,0.069
CUST-0015,2025-07-01,2,0,0.0,0.064
CUST-0015,2025-07-08,1,0,0.027,0.0
CUST-0015,2025-07-15,1,0,0.005,0.014
CUST-0015,2025-07-22,1,0,0.039,0.069
CUST-0015,2025-07-29,2,0,0.0,0.0
CUST-0015,2025-08-05,3,0,0.0,0.011
CUST-0015,2025-08-12,1,0,0.057,0.0
CUST-0015,2025-08-19,1,0,0.0,0.0
CUST-0015,2025-08-26,1,0,0.047,0.004
CUST-0015,2025-09-02,1,0,0.063,0.049
CUST-0015,2025-09-09,4,0,0.0,0.042
CUST-0015,2025-09-16,3,0,0.044,0.0
CUST-0015,2025-09-23,1,0,0.0,0.0
CUST-0015,2025-09-30,1,0,0.0,0.027
CUST-0015,2025-10-07,1,0,0.0,0.0
CUST-0015,2025-10-14,1,0,0.08,0.076
CUST-0015,2025-10-21,1,0,0.057,0.007
CUST-0015,2025-10-28,1,0,0.111,0.0
CUST-0015,2025-11-04,3,0,0.0,0.0
CUST-0015,2025-11-11,1,0,0.0,0.035
CUST-0015,2025-11-18,4,0,0.0,0.021
CUST-0015,2025-11-25,1,0,0.083,0.014
CUST-0015,2025-12-02,4,0,0.022,0.0
CUST-0015,2025-12-09,2,0,0.001,0.0
CUST-0015,2025-12-16,1,0,0.0,0.0
CUST-0015,2025-12-23,3,0,0.0,0.0
CUST-0015,2025-12-30,5,0,0.0,0.0
CUST-0015,2026-01-06,1,0,0.063,0.0
CUST-0015,2026-01-13,1,0,0.0,0.015
CUST-0015,2026-01-20,1,0,0.042,0.078
CUST-0015,2026-01-27,1,0,0.0,0.0
CUST-0015,2026-02-03,1,0,0.0,0.0
CUST-0015,2026-02-10,1,0,0.023,0.0
CUST-0015,2026-02-17,1,0,0.061,0.068
CUST-0015,2026-02-24,1,0,0.045,0.0
CUST-0015,2026-03-03,3,0,0.018,0.0
CUST-0015,2026-03-10,1,0,0.0,0.014
CUST-0015,2026-03-17,1,0,0.0,0.0
CUST-0015,2026-03-24,1,0,0.0,0.031
CUST-0015,2026-03-31,1,0,0.0,0.0
CUST-0015,2026-04-07,1,0,0.0,0.0
CUST-0015,2026-04-14,1,0,0.0,0.0
CUST-0015,2026-04-21,1,0,0.0,0.045
CUST-0015,2026-04-28,1,0,0.017,0.0
CUST-0015,2026-05-05,5,0,0.065,0.055
CUST-0015,2026-05-12,1,0,0.0,0.0
CUST-0015,2026-05-19,1,0,0.0,0.06
CUST-0015,2026-05-26,1,0,0.006,0.105
CUST-0015,2026-06-02,1,0,0.027,0.0
CUST-0015,2026-06-09,1,0,0.0,0.049
CUST-0015,2026-06-16,2,0,0.0,0.0
CUST-0015,2026-06-23,1,0,0.011,0.03
CUST-0016,2024-07-02,3,6,0.603,0.551
CUST-0016,2024-07-09,3,8,0.566,0.556
CUST-0016,2024-07-16,3,3,0.612,0.62
CUST-0016,2024-07-23,3,5,0.57,0.686
CUST-0016,2024-07-30,4,7,0.545,0.691
CUST-0016,2024-08-06,4,4,0.439,0.625
CUST-0016,2024-08-13,3,8,0.559,0.558
CUST-0016,2024-08-20,4,8,0.569,0.631
CUST-0016,2024-08-27,4,12,0.636,0.596
CUST-0016,2024-09-03,4,4,0.652,0.715
CUST-0016,2024-09-10,3,6,0.603,0.525
CUST-0016,2024-09-17,4,5,0.612,0.696
CUST-0016,2024-09-24,4,15,0.507,0.561
CUST-0016,2024-10-01,4,4,0.521,0.728
CUST-0016,2024-10-08,5,9,0.575,0.605
CUST-0016,2024-10-15,4,12,0.638,0.659
CUST-0016,2024-10-22,3,6,0.564,0.713
CUST-0016,2024-10-29,3,7,0.652,0.722
CUST-0016,2024-11-05,3,8,0.658,0.78
CUST-0016,2024-11-12,4,12,0.627,0.653
CUST-0016,2024-11-19,4,9,0.698,0.774
CUST-0016,2024-11-26,4,11,0.63,0.685
CUST-0016,2024-12-03,4,5,0.623,0.681
CUST-0016,2024-12-10,5,20,0.675,0.802
CUST-0016,2024-12-17,4,4,0.771,0.785
CUST-0016,2024-12-24,4,8,0.757,0.674
CUST-0016,2024-12-31,4,16,0.654,0.685
CUST-0016,2025-01-07,5,13,0.733,0.726
CUST-0016,2025-01-14,5,7,0.601,0.694
CUST-0016,2025-01-21,4,6,0.696,0.738
CUST-0016,2025-01-28,5,12,0.658,0.662
CUST-0016,2025-02-04,5,16,0.647,0.839
CUST-0016,2025-02-11,6,25,0.736,0.783
CUST-0016,2025-02-18,5,16,0.715,0.723
CUST-0016,2025-02-25,4,12,0.769,0.749
CUST-0016,2025-03-04,4,6,0.668,0.689
CUST-0016,2025-03-11,5,22,0.669,0.793
CUST-0016,2025-03-18,5,15,0.714,0.718
CUST-0016,2025-03-25,5,21,0.671,0.756
CUST-0016,2025-04-01,5,19,0.728,0.808
CUST-0016,2025-04-08,5,22,0.75,0.787
CUST-0016,2025-04-15,5,15,0.738,0.791
CUST-0016,2025-04-22,5,12,0.69,0.858
CUST-0016,2025-04-29,5,10,0.705,0.781
CUST-0016,2025-05-06,5,9,0.756,0.827
CUST-0016,2025-05-13,4,16,0.778,0.908
CUST-0016,2025-05-20,5,10,0.724,0.705
CUST-0016,2025-05-27,4,14,0.731,0.874
CUST-0016,2025-06-03,5,18,0.817,0.881
CUST-0016,2025-06-10,6,22,0.712,0.972
CUST-0016,2025-06-17,5,15,0.803,0.786
CUST-0016,2025-06-24,7,22,0.752,0.87
CUST-0016,2025-07-01,6,9,0.674,0.827
CUST-0016,2025-07-08,6,27,0.761,0.944
CUST-0016,2025-07-15,6,21,0.78,0.849
CUST-0016,2025-07-22,6,29,0.835,0.896
CUST-0016,2025-07-29,6,29,0.798,0.878
CUST-0016,2025-08-05,6,24,0.848,0.851
CUST-0016,2025-08-12,6,12,0.759,0.853
CUST-0016,2025-08-19,6,18,0.822,0.898
CUST-0016,2025-08-26,7,35,0.814,0.842
CUST-0016,2025-09-02,6,24,0.95,0.898
CUST-0016,2025-09-09,6,26,0.848,0.97
CUST-0016,2025-09-16,6,17,0.864,1.0
CUST-0016,2025-09-23,7,14,0.878,0.955
CUST-0016,2025-09-30,6,25,0.893,0.944
CUST-0016,2025-10-07,6,20,0.768,0.985
CUST-0016,2025-10-14,6,24,0.858,0.894
CUST-0016,2025-10-21,7,25,0.933,0.831
CUST-0016,2025-10-28,5,26,0.96,0.878
CUST-0016,2025-11-04,7,18,0.859,0.961
CUST-0016,2025-11-11,7,31,0.914,0.956
CUST-0016,2025-11-18,6,22,0.886,0.953
CUST-0016,2025-11-25,6,32,0.929,0.981
CUST-0016,2025-12-02,6,18,0.896,1.0
CUST-0016,2025-12-09,7,26,0.827,1.0
CUST-0016,2025-12-16,6,12,1.0,0.958
CUST-0016,2025-12-23,6,32,0.906,0.932
CUST-0016,2025-12-30,6,20,0.888,0.983
CUST-0016,2026-01-06,7,31,0.91,1.0
CUST-0016,2026-01-13,7,25,0.88,1.0
CUST-0016,2026-01-20,7,14,0.844,0.997
CUST-0016,2026-01-27,6,29,0.833,1.0
CUST-0016,2026-02-03,6,34,0.932,1.0
CUST-0016,2026-02-10,6,27,0.895,1.0
CUST-0016,2026-02-17,7,24,1.0,1.0
CUST-0016,2026-02-24,6,11,0.916,0.994
CUST-0016,2026-03-03,7,33,0.857,1.0
CUST-0016,2026-03-10,7,32,0.957,1.0
CUST-0016,2026-03-17,6,21,0.893,1.0
CUST-0016,2026-03-24,6,14,0.897,1.0
CUST-0016,2026-03-31,6,13,0.963,0.918
CUST-0016,2026-04-07,6,12,0.955,1.0
CUST-0016,2026-04-14,7,37,0.953,1.0
CUST-0016,2026-04-21,6,14,0.962,0.947
CUST-0016,2026-04-28,7,23,0.904,0.84
CUST-0016,2026-05-05,6,28,0.928,1.0
CUST-0016,2026-05-12,7,16,0.922,1.0
CUST-0016,2026-05-19,6,16,0.92,1.0
CUST-0016,2026-05-26,6,15,0.878,1.0
CUST-0016,2026-06-02,7,32,0.922,0.946
CUST-0016,2026-06-09,6,18,0.923,1.0
CUST-0016,2026-06-16,6,15,0.843,1.0
CUST-0016,2026-06-23,7,13,0.909,0.957
CUST-0017,2024-11-12,105,362,0.585,0.655
CUST-0017,2024-11-19,91,127,0.613,0.581
CUST-0017,2024-11-26,129,219,0.554,0.569
CUST-0017,2024-12-03,114,265,0.466,0.567
CUST-0017,2024-12-10,90,297,0.573,0.618
CUST-0017,2024-12-17,82,198,0.56,0.649
CUST-0017,2024-12-24,106,222,0.596,0.573
CUST-0017,2024-12-31,114,401,0.499,0.587
CUST-0017,2025-01-07,107,183,0.533,0.62
CUST-0017,2025-01-14,112,404,0.582,0.769
CUST-0017,2025-01-21,95,223,0.653,0.657
CUST-0017,2025-01-28,121,284,0.618,0.622
CUST-0017,2025-02-04,107,100,0.554,0.567
CUST-0017,2025-02-11,107,103,0.515,0.6
CUST-0017,2025-02-18,92,154,0.552,0.693
CUST-0017,2025-02-25,106,181,0.606,0.629
CUST-0017,2025-03-04,105,291,0.607,0.665
CUST-0017,2025-03-11,113,150,0.623,0.626
CUST-0017,2025-03-18,162,253,0.577,0.653
CUST-0017,2025-03-25,133,371,0.645,0.62
CUST-0017,2025-04-01,148,256,0.586,0.697
CUST-0017,2025-04-08,143,261,0.667,0.607
CUST-0017,2025-04-15,134,417,0.592,0.735
CUST-0017,2025-04-22,132,135,0.594,0.657
CUST-0017,2025-04-29,139,433,0.52,0.59
CUST-0017,2025-05-06,88,154,0.561,0.63
CUST-0017,2025-05-13,126,246,0.561,0.605
CUST-0017,2025-05-20,142,506,0.632,0.727
CUST-0017,2025-05-27,121,175,0.647,0.616
CUST-0017,2025-06-03,126,301,0.559,0.607
CUST-0017,2025-06-10,92,143,0.591,0.688
CUST-0017,2025-06-17,137,507,0.613,0.615
CUST-0017,2025-06-24,128,297,0.555,0.717
CUST-0017,2025-07-01,132,298,0.558,0.713
CUST-0017,2025-07-08,126,168,0.603,0.679
CUST-0017,2025-07-15,131,140,0.614,0.678
CUST-0017,2025-07-22,144,268,0.533,0.758
CUST-0017,2025-07-29,120,421,0.7,0.769
CUST-0017,2025-08-05,102,378,0.645,0.802
CUST-0017,2025-08-12,133,457,0.666,0.67
CUST-0017,2025-08-19,123,224,0.588,0.788
CUST-0017,2025-08-26,127,353,0.61,0.768
CUST-0017,2025-09-02,124,481,0.653,0.725
CUST-0017,2025-09-09,131,233,0.651,0.702
CUST-0017,2025-09-16,124,499,0.705,0.721
CUST-0017,2025-09-23,111,374,0.628,0.755
CUST-0017,2025-09-30,143,596,0.627,0.775
CUST-0017,2025-10-07,139,300,0.66,0.719
CUST-0017,2025-10-14,137,216,0.754,0.637
CUST-0017,2025-10-21,140,235,0.628,0.736
CUST-0017,2025-10-28,127,258,0.719,0.617
CUST-0017,2025-11-04,127,348,0.702,0.655
CUST-0017,2025-11-11,158,586,0.705,0.703
CUST-0017,2025-11-18,105,387,0.768,0.679
CUST-0017,2025-11-25,112,489,0.704,0.762
CUST-0017,2025-12-02,130,331,0.694,0.779
CUST-0017,2025-12-09,134,495,0.659,0.742
CUST-0017,2025-12-16,152,417,0.654,0.778
CUST-0017,2025-12-23,133,575,0.681,0.833
CUST-0017,2025-12-30,132,395,0.738,0.73
CUST-0017,2026-01-06,129,183,0.683,0.69
CUST-0017,2026-01-13,123,467,0.687,0.751
CUST-0017,2026-01-20,153,282,0.67,0.779
CUST-0017,2026-01-27,130,361,0.733,0.796
CUST-0017,2026-02-03,154,630,0.726,0.789
CUST-0017,2026-02-10,134,369,0.715,0.742
CUST-0017,2026-02-17,157,297,0.658,0.814
CUST-0017,2026-02-24,168,264,0.729,0.752
CUST-0017,2026-03-03,141,375,0.692,0.769
CUST-0017,2026-03-10,147,474,0.743,0.691
CUST-0017,2026-03-17,149,250,0.733,0.707
CUST-0017,2026-03-24,148,611,0.726,0.817
CUST-0017,2026-03-31,138,423,0.771,0.703
CUST-0017,2026-04-07,141,532,0.785,0.801
CUST-0017,2026-04-14,154,217,0.758,0.716
CUST-0017,2026-04-21,132,240,0.694,0.803
CUST-0017,2026-04-28,116,330,0.781,0.835
CUST-0017,2026-05-05,138,453,0.732,0.873
CUST-0017,2026-05-12,160,247,0.778,0.794
CUST-0017,2026-05-19,175,688,0.658,0.792
CUST-0017,2026-05-26,129,619,0.759,0.798
CUST-0017,2026-06-02,147,554,0.736,0.887
CUST-0017,2026-06-09,139,199,0.765,0.734
CUST-0017,2026-06-16,163,364,0.721,0.856
CUST-0017,2026-06-23,155,329,0.789,0.871
CUST-0018,2024-07-02,2,2,0.421,0.391
CUST-0018,2024-07-09,2,5,0.417,0.577
CUST-0018,2024-07-16,2,3,0.412,0.484
CUST-0018,2024-07-23,2,1,0.453,0.617
CUST-0018,2024-07-30,3,6,0.363,0.451
CUST-0018,2024-08-06,2,2,0.4,0.519
CUST-0018,2024-08-13,3,4,0.468,0.507
CUST-0018,2024-08-20,1,0,0.382,0.51
CUST-0018,2024-08-27,2,4,0.435,0.454
CUST-0018,2024-09-03,2,3,0.427,0.491
CUST-0018,2024-09-10,2,2,0.456,0.436
CUST-0018,2024-09-17,2,3,0.398,0.446
CUST-0018,2024-09-24,2,3,0.492,0.274
CUST-0018,2024-10-01,3,5,0.371,0.47
CUST-0018,2024-10-08,2,4,0.44,0.5
CUST-0018,2024-10-15,3,8,0.394,0.447
CUST-0018,2024-10-22,2,1,0.282,0.465
CUST-0018,2024-10-29,2,4,0.438,0.57
CUST-0018,2024-11-05,2,3,0.478,0.581
CUST-0018,2024-11-12,3,4,0.47,0.495
CUST-0018,2024-11-19,3,5,0.505,0.505
CUST-0018,2024-11-26,2,5,0.423,0.639
CUST-0018,2024-12-03,2,3,0.561,0.41
CUST-0018,2024-12-10,2,4,0.469,0.444
CUST-0018,2024-12-17,3,6,0.384,0.523
CUST-0018,2024-12-24,2,5,0.46,0.469
CUST-0018,2024-12-31,2,5,0.457,0.514
CUST-0018,2025-01-07,2,2,0.474,0.581
CUST-0018,2025-01-14,3,5,0.483,0.41
CUST-0018,2025-01-21,3,4,0.418,0.51
CUST-0018,2025-01-28,3,7,0.386,0.423
CUST-0018,2025-02-04,3,4,0.468,0.517
CUST-0018,2025-02-11,3,2,0.403,0.584
CUST-0018,2025-02-18,3,2,0.508,0.445
CUST-0018,2025-02-25,3,8,0.392,0.588
CUST-0018,2025-03-04,1,2,0.481,0.518
CUST-0018,2025-03-11,3,7,0.539,0.42
CUST-0018,2025-03-18,2,4,0.452,0.537
CUST-0018,2025-03-25,3,3,0.424,0.51
CUST-0018,2025-04-01,3,5,0.49,0.529
CUST-0018,2025-04-08,3,8,0.43,0.56
CUST-0018,2025-04-15,3,8,0.477,0.509
CUST-0018,2025-04-22,3,8,0.453,0.464
CUST-0018,2025-04-29,3,5,0.471,0.43
CUST-0018,2025-05-06,2,5,0.521,0.353
CUST-0018,2025-05-13,3,6,0.427,0.389
CUST-0018,2025-05-20,3,7,0.513,0.6
CUST-0018,2025-05-27,3,8,0.376,0.499
CUST-0018,2025-06-03,2,2,0.524,0.501
CUST-0018,2025-06-10,3,9,0.399,0.536
CUST-0018,2025-06-17,2,4,0.565,0.61
CUST-0018,2025-06-24,3,3,0.424,0.465
CUST-0018,2025-07-01,2,4,0.447,0.539
CUST-0018,2025-07-08,3,9,0.51,0.527
CUST-0018,2025-07-15,3,4,0.446,0.604
CUST-0018,2025-07-22,3,9,0.566,0.482
CUST-0018,2025-07-29,3,8,0.441,0.572
CUST-0018,2025-08-05,2,3,0.543,0.379
CUST-0018,2025-08-12,3,3,0.439,0.643
CUST-0018,2025-08-19,2,4,0.501,0.482
CUST-0018,2025-08-26,2,5,0.451,0.452
CUST-0018,2025-09-02,3,2,0.5,0.55
CUST-0018,2025-09-09,3,7,0.51,0.509
CUST-0018,2025-09-16,2,5,0.446,0.479
CUST-0018,2025-09-23,2,2,0.443,0.481
CUST-0018,2025-09-30,3,9,0.43,0.548
CUST-0018,2025-10-07,3,5,0.441,0.614
CUST-0018,2025-10-14,3,9,0.456,0.61
CUST-0018,2025-10-21,2,2,0.508,0.481
CUST-0018,2025-10-28,4,9,0.462,0.513
CUST-0018,2025-11-04,3,2,0.608,0.467
CUST-0018,2025-11-11,3,7,0.515,0.648
CUST-0018,2025-11-18,3,6,0.489,0.484
CUST-0018,2025-11-25,2,3,0.53,0.477
CUST-0018,2025-12-02,3,5,0.614,0.6
CUST-0018,2025-12-09,3,4,0.487,0.605
CUST-0018,2025-12-16,3,7,0.526,0.49
CUST-0018,2025-12-23,2,5,0.526,0.573
CUST-0018,2025-12-30,2,2,0.592,0.526
CUST-0018,2026-01-06,3,8,0.53,0.543
CUST-0018,2026-01-13,3,6,0.551,0.558
CUST-0018,2026-01-20,4,13,0.502,0.635
CUST-0018,2026-01-27,2,2,0.457,0.574
CUST-0018,2026-02-03,3,8,0.487,0.536
CUST-0018,2026-02-10,2,3,0.534,0.67
CUST-0018,2026-02-17,3,10,0.525,0.587
CUST-0018,2026-02-24,3,9,0.536,0.575
CUST-0018,2026-03-03,3,3,0.54,0.59
CUST-0018,2026-03-10,2,2,0.584,0.605
CUST-0018,2026-03-17,2,4,0.576,0.655
CUST-0018,2026-03-24,3,9,0.538,0.606
CUST-0018,2026-03-31,3,9,0.485,0.528
CUST-0018,2026-04-07,2,6,0.489,0.616
CUST-0018,2026-04-14,2,4,0.559,0.615
CUST-0018,2026-04-21,3,4,0.591,0.736
CUST-0018,2026-04-28,2,5,0.578,0.636
CUST-0018,2026-05-05,3,9,0.542,0.562
CUST-0018,2026-05-12,4,4,0.539,0.612
CUST-0018,2026-05-19,3,3,0.53,0.628
CUST-0018,2026-05-26,2,4,0.466,0.56
CUST-0018,2026-06-02,3,4,0.644,0.607
CUST-0018,2026-06-09,3,3,0.63,0.623
CUST-0018,2026-06-16,2,2,0.558,0.437
CUST-0018,2026-06-23,3,7,0.618,0.615
CUST-0019,2026-04-07,14,9,0.316,0.377
CUST-0019,2026-04-14,8,14,0.342,0.318
CUST-0019,2026-04-21,13,26,0.218,0.447
CUST-0019,2026-04-28,7,13,0.366,0.341
CUST-0019,2026-05-05,11,7,0.263,0.265
CUST-0019,2026-05-12,12,9,0.261,0.361
CUST-0019,2026-05-19,12,11,0.289,0.376
CUST-0019,2026-05-26,11,14,0.311,0.424
CUST-0019,2026-06-02,13,7,0.288,0.289
CUST-0019,2026-06-09,12,18,0.335,0.319
CUST-0019,2026-06-16,9,13,0.385,0.4
CUST-0019,2026-06-23,10,16,0.264,0.245
CUST-0020,2024-09-14,24,35,0.374,0.343
CUST-0020,2024-09-21,26,43,0.379,0.446
CUST-0020,2024-09-28,21,13,0.335,0.443
CUST-0020,2024-10-05,22,31,0.374,0.5
CUST-0020,2024-10-12,31,20,0.451,0.392
CUST-0020,2024-10-19,22,31,0.348,0.321
CUST-0020,2024-10-26,18,20,0.384,0.4
CUST-0020,2024-11-02,29,41,0.4,0.366
CUST-0020,2024-11-09,23,52,0.396,0.437
CUST-0020,2024-11-16,29,63,0.357,0.299
CUST-0020,2024-11-23,24,47,0.381,0.322
CUST-0020,2024-11-30,26,24,0.473,0.504
CUST-0020,2024-12-07,25,48,0.418,0.306
CUST-0020,2024-12-14,29,19,0.291,0.408
CUST-0020,2024-12-21,20,12,0.357,0.379
CUST-0020,2024-12-28,18,21,0.381,0.359
CUST-0020,2025-01-04,11,16,0.307,0.274
CUST-0020,2025-01-11,25,49,0.371,0.409
CUST-0020,2025-01-18,17,28,0.396,0.433
CUST-0020,2025-01-25,15,15,0.333,0.323
CUST-0020,2025-02-01,15,10,0.344,0.375
CUST-0020,2025-02-08,15,14,0.256,0.373
CUST-0020,2025-02-15,13,21,0.274,0.453
CUST-0020,2025-02-22,22,28,0.358,0.423
CUST-0020,2025-03-01,24,26,0.286,0.445
CUST-0020,2025-03-08,16,32,0.25,0.396
CUST-0020,2025-03-15,14,26,0.308,0.35
CUST-0020,2025-03-22,24,29,0.341,0.378
CUST-0020,2025-03-29,18,20,0.299,0.321
CUST-0020,2025-04-05,15,21,0.343,0.406
CUST-0020,2025-04-12,23,15,0.364,0.212
CUST-0020,2025-04-19,16,20,0.324,0.354
CUST-0020,2025-04-26,19,13,0.271,0.355
CUST-0020,2025-05-03,20,23,0.3,0.289
CUST-0020,2025-05-10,24,25,0.286,0.399
CUST-0020,2025-05-17,22,17,0.326,0.395
CUST-0020,2025-05-24,22,31,0.328,0.319
CUST-0020,2025-05-31,22,14,0.305,0.306
CUST-0020,2025-06-07,25,34,0.386,0.347
CUST-0020,2025-06-14,17,26,0.366,0.337
CUST-0020,2025-06-21,21,17,0.262,0.452
CUST-0020,2025-06-28,16,12,0.233,0.369
CUST-0020,2025-07-05,13,11,0.249,0.327
CUST-0020,2025-07-12,24,37,0.299,0.362
CUST-0020,2025-07-19,13,9,0.342,0.276
CUST-0020,2025-07-26,16,29,0.267,0.305
CUST-0020,2025-08-02,14,7,0.267,0.376
CUST-0020,2025-08-09,22,10,0.275,0.439
CUST-0020,2025-08-16,22,10,0.256,0.404
CUST-0020,2025-08-23,19,27,0.248,0.361
CUST-0020,2025-08-30,21,24,0.278,0.315
CUST-0020,2025-09-06,24,22,0.199,0.313
CUST-0020,2025-09-13,18,21,0.237,0.372
CUST-0020,2025-09-20,9,7,0.249,0.282
CUST-0020,2025-09-27,22,30,0.25,0.333
CUST-0020,2025-10-04,13,15,0.206,0.379
CUST-0020,2025-10-11,15,15,0.259,0.305
CUST-0020,2025-10-18,16,19,0.432,0.335
CUST-0020,2025-10-25,12,8,0.256,0.309
CUST-0021,2024-09-10,289,522,0.669,0.776
CUST-0021,2024-09-17,270,1006,0.568,0.685
CUST-0021,2024-09-24,341,699,0.607,0.79
CUST-0021,2024-10-01,348,1344,0.585,0.789
CUST-0021,2024-10-08,257,910,0.653,0.668
CUST-0021,2024-10-15,354,971,0.687,0.633
CUST-0021,2024-10-22,314,1212,0.582,0.695
CUST-0021,2024-10-29,355,935,0.675,0.689
CUST-0021,2024-11-05,335,412,0.694,0.668
CUST-0021,2024-11-12,353,603,0.62,0.749
CUST-0021,2024-11-19,312,667,0.615,0.707
CUST-0021,2024-11-26,307,453,0.649,0.697
CUST-0021,2024-12-03,226,636,0.583,0.776
CUST-0021,2024-12-10,303,456,0.722,0.701
CUST-0021,2024-12-17,348,404,0.597,0.699
CUST-0021,2024-12-24,312,1007,0.687,0.685
CUST-0021,2024-12-31,388,1558,0.688,0.666
CUST-0021,2025-01-07,313,774,0.633,0.643
CUST-0021,2025-01-14,367,692,0.598,0.796
CUST-0021,2025-01-21,341,706,0.635,0.8
CUST-0021,2025-01-28,307,1117,0.776,0.685
CUST-0021,2025-02-04,317,892,0.681,0.737
CUST-0021,2025-02-11,319,721,0.617,0.707
CUST-0021,2025-02-18,354,929,0.551,0.682
CUST-0021,2025-02-25,337,529,0.672,0.749
CUST-0021,2025-03-04,302,919,0.754,0.715
CUST-0021,2025-03-11,399,516,0.734,0.685
CUST-0021,2025-03-18,324,1092,0.702,0.674
CUST-0021,2025-03-25,272,383,0.71,0.651
CUST-0021,2025-04-01,449,670,0.674,0.74
CUST-0021,2025-04-08,293,1194,0.644,0.664
CUST-0021,2025-04-15,379,1093,0.746,0.723
CUST-0021,2025-04-22,301,1343,0.625,0.743
CUST-0021,2025-04-29,407,1364,0.774,0.758
CUST-0021,2025-05-06,334,1316,0.765,0.816
CUST-0021,2025-05-13,334,464,0.686,0.634
CUST-0021,2025-05-20,326,496,0.797,0.846
CUST-0021,2025-05-27,361,915,0.775,0.773
CUST-0021,2025-06-03,333,665,0.7,0.827
CUST-0021,2025-06-10,334,1115,0.744,0.788
CUST-0021,2025-06-17,373,469,0.752,0.706
CUST-0021,2025-06-24,407,831,0.779,0.814
CUST-0021,2025-07-01,374,832,0.725,0.701
CUST-0021,2025-07-08,392,985,0.787,0.862
CUST-0021,2025-07-15,377,1556,0.785,0.791
CUST-0021,2025-07-22,390,639,0.763,0.74
CUST-0021,2025-07-29,419,1506,0.784,0.746
CUST-0021,2025-08-05,396,992,0.642,0.828
CUST-0021,2025-08-12,365,656,0.827,0.892
CUST-0021,2025-08-19,371,741,0.651,0.818
CUST-0021,2025-08-26,350,625,0.718,0.879
CUST-0021,2025-09-02,335,982,0.721,0.819
CUST-0021,2025-09-09,388,1811,0.738,0.846
CUST-0021,2025-09-16,406,1236,0.849,0.743
CUST-0021,2025-09-23,403,1267,0.749,0.911
CUST-0021,2025-09-30,356,1378,0.747,0.92
CUST-0021,2025-10-07,322,486,0.736,0.771
CUST-0021,2025-10-14,394,842,0.854,0.784
CUST-0021,2025-10-21,371,796,0.726,0.808
CUST-0021,2025-10-28,305,1312,0.795,0.799
CUST-0021,2025-11-04,382,1910,0.846,0.948
CUST-0021,2025-11-11,383,858,0.801,0.795
CUST-0021,2025-11-18,357,1327,0.808,0.954
CUST-0021,2025-11-25,396,675,0.822,0.881
CUST-0021,2025-12-02,363,745,0.802,0.833
CUST-0021,2025-12-09,398,866,0.722,0.808
CUST-0021,2025-12-16,332,544,0.746,0.866
CUST-0021,2025-12-23,411,693,0.928,0.854
CUST-0021,2025-12-30,456,1620,0.811,0.908
CUST-0021,2026-01-06,375,1506,0.839,0.882
CUST-0021,2026-01-13,378,811,0.79,0.975
CUST-0021,2026-01-20,365,1002,0.842,0.878
CUST-0021,2026-01-27,417,1598,0.759,0.983
CUST-0021,2026-02-03,372,687,0.866,0.83
CUST-0021,2026-02-10,396,1392,0.82,0.867
CUST-0021,2026-02-17,418,1052,0.918,0.898
CUST-0021,2026-02-24,364,724,0.785,0.929
CUST-0021,2026-03-03,456,1066,0.817,0.999
CUST-0021,2026-03-10,394,1414,0.827,0.825
CUST-0021,2026-03-17,384,1997,0.889,0.987
CUST-0021,2026-03-24,453,993,0.833,1.0
CUST-0021,2026-03-31,409,906,0.856,0.929
CUST-0021,2026-04-07,423,692,0.805,0.941
CUST-0021,2026-04-14,423,1575,0.759,0.791
CUST-0021,2026-04-21,434,730,0.791,0.838
CUST-0021,2026-04-28,453,2391,0.784,0.877
CUST-0021,2026-05-05,456,836,0.821,0.984
CUST-0021,2026-05-12,427,1228,0.825,1.0
CUST-0021,2026-05-19,446,2381,0.876,0.835
CUST-0021,2026-05-26,439,984,0.952,0.911
CUST-0021,2026-06-02,427,1480,0.838,0.899
CUST-0021,2026-06-09,455,890,0.835,0.937
CUST-0021,2026-06-16,447,1815,0.815,0.928
CUST-0021,2026-06-23,415,1205,0.916,0.974
CUST-0022,2025-06-10,95,199,0.558,0.664
CUST-0022,2025-06-17,71,172,0.573,0.626
CUST-0022,2025-06-24,99,107,0.593,0.72
CUST-0022,2025-07-01,96,162,0.613,0.58
CUST-0022,2025-07-08,124,156,0.621,0.576
CUST-0022,2025-07-15,101,271,0.496,0.468
CUST-0022,2025-07-22,95,293,0.605,0.724
CUST-0022,2025-07-29,75,155,0.625,0.684
CUST-0022,2025-08-05,65,99,0.587,0.571
CUST-0022,2025-08-12,81,186,0.572,0.546
CUST-0022,2025-08-19,62,132,0.562,0.624
CUST-0022,2025-08-26,99,301,0.626,0.654
CUST-0022,2025-09-02,80,217,0.52,0.52
CUST-0022,2025-09-09,82,118,0.524,0.556
CUST-0022,2025-09-16,87,257,0.548,0.467
CUST-0022,2025-09-23,100,158,0.504,0.553
CUST-0022,2025-09-30,90,78,0.504,0.573
CUST-0022,2025-10-07,91,125,0.464,0.501
CUST-0022,2025-10-14,64,57,0.55,0.479
CUST-0022,2025-10-21,53,159,0.505,0.521
CUST-0022,2025-10-28,85,221,0.446,0.536
CUST-0022,2025-11-04,82,206,0.49,0.488
CUST-0022,2025-11-11,84,215,0.414,0.438
CUST-0022,2025-11-18,64,192,0.501,0.385
CUST-0022,2025-11-25,92,161,0.458,0.561
CUST-0022,2025-12-02,56,76,0.454,0.507
CUST-0022,2025-12-09,85,240,0.452,0.572
CUST-0022,2025-12-16,93,127,0.447,0.5
CUST-0022,2025-12-23,70,58,0.457,0.6
CUST-0022,2025-12-30,83,107,0.447,0.568
CUST-0022,2026-01-06,84,183,0.379,0.429
CUST-0022,2026-01-13,52,87,0.495,0.488
CUST-0022,2026-01-20,83,173,0.441,0.487
CUST-0022,2026-01-27,67,130,0.388,0.487
CUST-0022,2026-02-03,42,68,0.483,0.582
CUST-0022,2026-02-10,91,112,0.424,0.418
CUST-0022,2026-02-17,80,164,0.425,0.418
CUST-0022,2026-02-24,86,91,0.427,0.564
CUST-0022,2026-03-03,61,69,0.413,0.387
CUST-0022,2026-03-10,56,147,0.559,0.516
CUST-0022,2026-03-17,75,56,0.417,0.558
CUST-0022,2026-03-24,71,117,0.405,0.377
CUST-0022,2026-03-31,69,156,0.412,0.451
CUST-0022,2026-04-07,60,87,0.386,0.503
CUST-0022,2026-04-14,55,137,0.401,0.421
CUST-0022,2026-04-21,56,134,0.425,0.384
CUST-0022,2026-04-28,55,49,0.394,0.411
CUST-0022,2026-05-05,58,58,0.357,0.447
CUST-0022,2026-05-12,60,114,0.446,0.369
CUST-0022,2026-05-19,56,92,0.414,0.296
CUST-0022,2026-05-26,61,140,0.341,0.378
CUST-0022,2026-06-02,49,77,0.511,0.305
CUST-0022,2026-06-09,56,44,0.355,0.472
CUST-0022,2026-06-16,42,68,0.417,0.308
CUST-0022,2026-06-23,53,81,0.297,0.339
CUST-0023,2026-02-03,9,26,0.578,0.624
CUST-0023,2026-02-10,8,21,0.539,0.634
CUST-0023,2026-02-17,11,21,0.429,0.742
CUST-0023,2026-02-24,11,24,0.581,0.666
CUST-0023,2026-03-03,12,18,0.565,0.628
CUST-0023,2026-03-10,11,37,0.427,0.688
CUST-0023,2026-03-17,8,20,0.526,0.589
CUST-0023,2026-03-24,11,25,0.52,0.628
CUST-0023,2026-03-31,11,37,0.602,0.658
CUST-0023,2026-04-07,9,18,0.6,0.632
CUST-0023,2026-04-14,8,18,0.581,0.634
CUST-0023,2026-04-21,10,14,0.637,0.725
CUST-0023,2026-04-28,11,26,0.634,0.619
CUST-0023,2026-05-05,12,19,0.617,0.586
CUST-0023,2026-05-12,12,39,0.575,0.704
CUST-0023,2026-05-19,12,14,0.649,0.599
CUST-0023,2026-05-26,9,32,0.701,0.705
CUST-0023,2026-06-02,8,24,0.537,0.582
CUST-0023,2026-06-09,8,21,0.592,0.692
CUST-0023,2026-06-16,11,30,0.55,0.686
CUST-0023,2026-06-23,9,17,0.582,0.666
CUST-0024,2025-01-07,69,138,0.796,0.83
CUST-0024,2025-01-14,72,218,0.712,0.893
CUST-0024,2025-01-21,77,197,0.722,0.724
CUST-0024,2025-01-28,54,72,0.741,0.778
CUST-0024,2025-02-04,72,159,0.704,0.92
CUST-0024,2025-02-11,69,170,0.774,0.744
CUST-0024,2025-02-18,68,124,0.782,0.836
CUST-0024,2025-02-25,72,248,0.786,0.819
CUST-0024,2025-03-04,73,238,0.776,0.853
CUST-0024,2025-03-11,74,255,0.727,0.849
CUST-0024,2025-03-18,70,214,0.787,0.949
CUST-0024,2025-03-25,69,158,0.786,0.822
CUST-0024,2025-04-01,72,212,0.751,0.895
CUST-0024,2025-04-08,70,330,0.841,0.85
CUST-0024,2025-04-15,73,130,0.847,0.935
CUST-0024,2025-04-22,87,431,0.766,0.848
CUST-0024,2025-04-29,77,144,0.705,0.884
CUST-0024,2025-05-06,84,345,0.758,0.878
CUST-0024,2025-05-13,72,103,0.773,0.848
CUST-0024,2025-05-20,85,282,0.857,0.746
CUST-0024,2025-05-27,84,420,0.857,0.895
CUST-0024,2025-06-03,75,270,0.775,0.799
CUST-0024,2025-06-10,82,264,0.779,0.904
CUST-0024,2025-06-17,87,160,0.831,0.943
CUST-0024,2025-06-24,68,147,0.796,0.866
CUST-0024,2025-07-01,84,316,0.763,0.877
CUST-0024,2025-07-08,77,297,0.806,0.887
CUST-0024,2025-07-15,88,306,0.828,0.818
CUST-0024,2025-07-22,89,360,0.798,1.0
CUST-0024,2025-07-29,82,310,0.76,0.8
CUST-0024,2025-08-05,86,431,0.823,0.858
CUST-0024,2025-08-12,75,239,0.842,1.0
CUST-0024,2025-08-19,91,372,0.894,0.916
CUST-0024,2025-08-26,89,169,0.816,1.0
CUST-0024,2025-09-02,90,381,0.784,1.0
CUST-0024,2025-09-09,85,194,0.891,0.865
CUST-0024,2025-09-16,78,329,0.815,0.967
CUST-0024,2025-09-23,91,290,0.783,0.914
CUST-0024,2025-09-30,80,327,0.88,0.937
CUST-0024,2025-10-07,88,207,0.92,0.947
CUST-0024,2025-10-14,86,476,0.827,0.999
CUST-0024,2025-10-21,84,313,0.854,0.922
CUST-0024,2025-10-28,77,220,0.875,0.966
CUST-0024,2025-11-04,91,155,0.831,1.0
CUST-0024,2025-11-11,66,334,0.896,1.0
CUST-0024,2025-11-18,91,246,0.826,0.928
CUST-0024,2025-11-25,80,203,0.934,1.0
CUST-0024,2025-12-02,89,424,0.993,1.0
CUST-0024,2025-12-09,89,241,0.891,0.909
CUST-0024,2025-12-16,90,406,0.974,0.966
CUST-0024,2025-12-23,91,296,0.925,1.0
CUST-0024,2025-12-30,76,404,0.954,0.937
CUST-0024,2026-01-06,87,137,0.942,1.0
CUST-0024,2026-01-13,81,455,0.916,0.905
CUST-0024,2026-01-20,80,429,0.958,1.0
CUST-0024,2026-01-27,83,402,0.931,1.0
CUST-0024,2026-02-03,91,372,0.972,0.979
CUST-0024,2026-02-10,91,227,0.882,1.0
CUST-0024,2026-02-17,88,332,0.942,0.96
CUST-0024,2026-02-24,91,434,0.803,1.0
CUST-0024,2026-03-03,89,364,0.895,1.0
CUST-0024,2026-03-10,91,319,1.0,0.936
CUST-0024,2026-03-17,89,385,0.923,0.971
CUST-0024,2026-03-24,91,221,0.975,1.0
CUST-0024,2026-03-31,91,479,0.896,1.0
CUST-0024,2026-04-07,88,433,0.825,1.0
CUST-0024,2026-04-14,80,420,0.941,1.0
CUST-0024,2026-04-21,91,381,0.994,1.0
CUST-0024,2026-04-28,91,336,0.891,1.0
CUST-0024,2026-05-05,91,233,0.793,1.0
CUST-0024,2026-05-12,79,379,0.934,0.933
CUST-0024,2026-05-19,87,160,0.966,0.967
CUST-0024,2026-05-26,87,207,0.926,1.0
CUST-0024,2026-06-02,88,482,0.937,0.996
CUST-0024,2026-06-09,87,472,0.922,0.916
CUST-0024,2026-06-16,91,184,0.914,0.995
CUST-0024,2026-06-23,91,268,0.918,1.0
CUST-0025,2025-09-09,4,2,0.329,0.271
CUST-0025,2025-09-16,7,6,0.354,0.281
CUST-0025,2025-09-23,5,3,0.236,0.165
CUST-0025,2025-09-30,10,6,0.354,0.258
CUST-0025,2025-10-07,4,3,0.269,0.303
CUST-0025,2025-10-14,6,8,0.333,0.336
CUST-0025,2025-10-21,7,7,0.29,0.307
CUST-0025,2025-10-28,5,6,0.323,0.378
CUST-0025,2025-11-04,5,2,0.319,0.297
CUST-0025,2025-11-11,8,11,0.323,0.327
CUST-0025,2025-11-18,8,14,0.228,0.277
CUST-0025,2025-11-25,7,4,0.259,0.231
CUST-0025,2025-12-02,7,8,0.293,0.389
CUST-0025,2025-12-09,5,6,0.331,0.364
CUST-0025,2025-12-16,4,7,0.329,0.267
CUST-0025,2025-12-23,7,3,0.22,0.307
CUST-0025,2025-12-30,7,12,0.293,0.292
CUST-0025,2026-01-06,6,3,0.272,0.29
CUST-0025,2026-01-13,6,9,0.317,0.316
CUST-0025,2026-01-20,5,4,0.317,0.256
CUST-0025,2026-01-27,8,11,0.224,0.413
CUST-0025,2026-02-03,6,8,0.368,0.248
CUST-0025,2026-02-10,7,9,0.3,0.341
CUST-0025,2026-02-17,5,7,0.321,0.314
CUST-0025,2026-02-24,7,12,0.294,0.345
CUST-0025,2026-03-03,8,12,0.27,0.299
CUST-0025,2026-03-10,8,10,0.266,0.233
CUST-0025,2026-03-17,7,12,0.217,0.418
CUST-0025,2026-03-24,6,6,0.33,0.377
CUST-0025,2026-03-31,5,9,0.36,0.351
CUST-0025,2026-04-07,6,5,0.29,0.44
CUST-0025,2026-04-14,2,3,0.242,0.273
CUST-0025,2026-04-21,7,9,0.297,0.444
CUST-0025,2026-04-28,4,4,0.315,0.42
CUST-0025,2026-05-05,9,12,0.339,0.342
CUST-0025,2026-05-12,5,7,0.295,0.301
CUST-0025,2026-05-19,5,8,0.293,0.389
CUST-0025,2026-05-26,8,12,0.35,0.428
CUST-0025,2026-06-02,9,8,0.264,0.374
CUST-0025,2026-06-09,6,8,0.246,0.383
CUST-0025,2026-06-16,4,2,0.391,0.277
CUST-0025,2026-06-23,6,8,0.298,0.427
CUST-0026,2024-07-02,6,4,0.354,0.462
CUST-0026,2024-07-09,5,5,0.497,0.49
CUST-0026,2024-07-16,5,10,0.483,0.491
CUST-0026,2024-07-23,6,7,0.455,0.381
CUST-0026,2024-07-30,5,8,0.393,0.333
CUST-0026,2024-08-06,5,12,0.397,0.465
CUST-0026,2024-08-13,5,6,0.424,0.44
CUST-0026,2024-08-20,5,9,0.407,0.442
CUST-0026,2024-08-27,5,12,0.315,0.458
CUST-0026,2024-09-03,7,15,0.484,0.417
CUST-0026,2024-09-10,4,5,0.41,0.406
CUST-0026,2024-09-17,4,9,0.452,0.437
CUST-0026,2024-09-24,6,15,0.407,0.423
CUST-0026,2024-10-01,6,8,0.465,0.443
CUST-0026,2024-10-08,4,9,0.419,0.477
CUST-0026,2024-10-15,6,5,0.382,0.431
CUST-0026,2024-10-22,4,6,0.265,0.42
CUST-0026,2024-10-29,5,13,0.349,0.389
CUST-0026,2024-11-05,4,4,0.33,0.497
CUST-0026,2024-11-12,5,12,0.405,0.402
CUST-0026,2024-11-19,5,8,0.337,0.488
CUST-0026,2024-11-26,4,9,0.416,0.39
CUST-0026,2024-12-03,5,6,0.396,0.407
CUST-0026,2024-12-10,4,9,0.388,0.469
CUST-0026,2024-12-17,6,5,0.423,0.448
CUST-0026,2024-12-24,4,7,0.38,0.344
CUST-0026,2024-12-31,3,4,0.376,0.47
CUST-0026,2025-01-07,4,5,0.483,0.442
CUST-0026,2025-01-14,5,5,0.514,0.397
CUST-0026,2025-01-21,6,7,0.356,0.563
CUST-0026,2025-01-28,4,3,0.342,0.476
CUST-0026,2025-02-04,4,6,0.437,0.461
CUST-0026,2025-02-11,4,3,0.462,0.382
CUST-0026,2025-02-18,5,11,0.324,0.38
CUST-0026,2025-02-25,5,7,0.428,0.443
CUST-0026,2025-03-04,5,6,0.417,0.348
CUST-0026,2025-03-11,6,8,0.438,0.468
CUST-0026,2025-03-18,3,1,0.369,0.426
CUST-0026,2025-03-25,5,8,0.409,0.396
CUST-0026,2025-04-01,4,6,0.418,0.398
CUST-0026,2025-04-08,7,9,0.401,0.44
CUST-0026,2025-04-15,4,4,0.502,0.371
CUST-0026,2025-04-22,3,5,0.348,0.46
CUST-0026,2025-04-29,3,2,0.384,0.374
CUST-0026,2025-05-06,4,4,0.417,0.288
CUST-0026,2025-05-13,6,8,0.438,0.381
CUST-0026,2025-05-20,5,7,0.424,0.427
CUST-0026,2025-05-27,5,4,0.403,0.475
CUST-0026,2025-06-03,5,9,0.416,0.458
CUST-0026,2025-06-10,5,6,0.395,0.378
CUST-0026,2025-06-17,5,10,0.367,0.414
CUST-0026,2025-06-24,4,8,0.456,0.368
CUST-0026,2025-07-01,5,7,0.403,0.372
CUST-0026,2025-07-08,4,5,0.381,0.419
CUST-0026,2025-07-15,5,10,0.437,0.348
CUST-0026,2025-07-22,6,12,0.448,0.502
CUST-0026,2025-07-29,3,7,0.364,0.382
CUST-0026,2025-08-05,3,6,0.406,0.448
CUST-0026,2025-08-12,5,12,0.391,0.466
CUST-0026,2025-08-19,3,6,0.348,0.406
CUST-0026,2025-08-26,5,3,0.333,0.41
CUST-0026,2025-09-02,6,7,0.343,0.462
CUST-0026,2025-09-09,5,10,0.316,0.442
CUST-0026,2025-09-16,4,5,0.389,0.463
CUST-0026,2025-09-23,5,4,0.378,0.475
CUST-0026,2025-09-30,4,6,0.32,0.406
CUST-0026,2025-10-07,5,7,0.401,0.437
CUST-0026,2025-10-14,3,6,0.352,0.457
CUST-0026,2025-10-21,3,6,0.475,0.435
CUST-0026,2025-10-28,4,6,0.373,0.397
CUST-0026,2025-11-04,3,2,0.364,0.427
CUST-0026,2025-11-11,4,4,0.372,0.315
CUST-0026,2025-11-18,5,9,0.352,0.483
CUST-0026,2025-11-25,6,14,0.296,0.392
CUST-0026,2025-12-02,3,7,0.394,0.472
CUST-0026,2025-12-09,5,3,0.335,0.353
CUST-0026,2025-12-16,4,9,0.344,0.319
CUST-0026,2025-12-23,5,3,0.45,0.393
CUST-0026,2025-12-30,5,5,0.349,0.472
CUST-0026,2026-01-06,5,5,0.375,0.447
CUST-0026,2026-01-13,5,8,0.287,0.32
CUST-0026,2026-01-20,4,6,0.393,0.44
CUST-0026,2026-01-27,3,4,0.363,0.363
CUST-0026,2026-02-03,3,4,0.404,0.333
CUST-0026,2026-02-10,5,10,0.347,0.386
CUST-0026,2026-02-17,3,2,0.45,0.471
CUST-0026,2026-02-24,5,8,0.331,0.402
CUST-0026,2026-03-03,2,1,0.36,0.379
CUST-0026,2026-03-10,3,3,0.368,0.415
CUST-0026,2026-03-17,4,6,0.313,0.4
CUST-0026,2026-03-24,3,4,0.322,0.406
CUST-0026,2026-03-31,4,9,0.284,0.408
CUST-0026,2026-04-07,5,6,0.322,0.495
CUST-0026,2026-04-14,4,3,0.358,0.427
CUST-0026,2026-04-21,6,11,0.341,0.422
CUST-0026,2026-04-28,3,2,0.351,0.562
CUST-0026,2026-05-05,4,7,0.397,0.378
CUST-0026,2026-05-12,4,6,0.31,0.334
CUST-0026,2026-05-19,4,3,0.301,0.316
CUST-0026,2026-05-26,4,3,0.41,0.311
CUST-0026,2026-06-02,4,2,0.397,0.526
CUST-0026,2026-06-09,3,2,0.287,0.442
CUST-0026,2026-06-16,4,5,0.315,0.316
CUST-0026,2026-06-23,4,5,0.371,0.397
CUST-0027,2025-12-04,16,29,0.565,0.633
CUST-0027,2025-12-11,16,40,0.513,0.629
CUST-0027,2025-12-18,14,31,0.51,0.615
CUST-0027,2025-12-25,13,39,0.447,0.553
CUST-0027,2026-01-01,15,20,0.413,0.53
CUST-0027,2026-01-08,14,13,0.5,0.435
CUST-0027,2026-01-15,14,26,0.546,0.554
CUST-0027,2026-01-22,14,25,0.428,0.493
CUST-0027,2026-01-29,10,27,0.416,0.552
CUST-0027,2026-02-05,13,12,0.39,0.601
CUST-0027,2026-02-12,10,16,0.464,0.601
CUST-0027,2026-02-19,10,29,0.453,0.433
CUST-0027,2026-02-26,11,25,0.502,0.565
CUST-0027,2026-03-05,12,30,0.358,0.35
CUST-0027,2026-03-12,14,35,0.532,0.423
CUST-0027,2026-03-19,9,18,0.429,0.479
CUST-0027,2026-03-26,14,13,0.357,0.558
CUST-0027,2026-04-02,9,20,0.365,0.53
CUST-0028,2024-07-13,14,12,0.337,0.368
CUST-0028,2024-07-20,11,21,0.44,0.419
CUST-0028,2024-07-27,12,24,0.304,0.467
CUST-0028,2024-08-03,11,15,0.332,0.413
CUST-0028,2024-08-10,13,8,0.373,0.358
CUST-0028,2024-08-17,16,26,0.42,0.452
CUST-0028,2024-08-24,9,17,0.361,0.423
CUST-0028,2024-08-31,10,8,0.35,0.353
CUST-0028,2024-09-07,10,16,0.374,0.31
CUST-0028,2024-09-14,12,19,0.333,0.424
CUST-0028,2024-09-21,11,13,0.365,0.507
CUST-0028,2024-09-28,8,17,0.352,0.268
CUST-0028,2024-10-05,10,15,0.426,0.379
CUST-0028,2024-10-12,7,11,0.352,0.31
CUST-0028,2024-10-19,9,12,0.39,0.476
CUST-0028,2024-10-26,12,11,0.399,0.313
CUST-0028,2024-11-02,13,23,0.385,0.392
CUST-0028,2024-11-09,7,11,0.365,0.401
CUST-0028,2024-11-16,11,21,0.423,0.37
CUST-0028,2024-11-23,10,6,0.234,0.397
CUST-0028,2024-11-30,6,8,0.249,0.307
CUST-0028,2024-12-07,12,8,0.459,0.341
CUST-0028,2024-12-14,7,9,0.346,0.297
CUST-0028,2024-12-21,12,22,0.417,0.36
CUST-0028,2024-12-28,13,10,0.336,0.482
CUST-0028,2025-01-04,9,15,0.317,0.397
CUST-0028,2025-01-11,7,5,0.414,0.445
CUST-0028,2025-01-18,10,12,0.35,0.332
CUST-0028,2025-01-25,12,7,0.399,0.444
CUST-0028,2025-02-01,7,8,0.294,0.345
CUST-0028,2025-02-08,11,15,0.364,0.346
CUST-0028,2025-02-15,5,7,0.314,0.332
CUST-0028,2025-02-22,10,13,0.238,0.387
CUST-0028,2025-03-01,11,12,0.239,0.262
CUST-0028,2025-03-08,12,11,0.291,0.324
CUST-0028,2025-03-15,8,10,0.302,0.274
CUST-0028,2025-03-22,12,14,0.254,0.283
CUST-0028,2025-03-29,9,4,0.275,0.297
CUST-0028,2025-04-05,7,8,0.337,0.277
CUST-0028,2025-04-12,8,13,0.363,0.356
CUST-0028,2025-04-19,11,17,0.243,0.286
CUST-0028,2025-04-26,9,7,0.305,0.317
CUST-0028,2025-05-03,6,8,0.286,0.355
CUST-0028,2025-05-10,7,4,0.262,0.338
CUST-0028,2025-05-17,9,5,0.25,0.252
CUST-0028,2025-05-24,5,6,0.234,0.268
CUST-0028,2025-05-31,10,7,0.2,0.286
CUST-0028,2025-06-07,9,7,0.383,0.279
CUST-0028,2025-06-14,4,3,0.251,0.238
CUST-0028,2025-06-21,8,13,0.322,0.257
CUST-0028,2025-06-28,8,9,0.308,0.276
CUST-0028,2025-07-05,7,4,0.3,0.322
CUST-0028,2025-07-12,6,8,0.234,0.386
CUST-0028,2025-07-19,5,6,0.26,0.337
CUST-0028,2025-07-26,4,3,0.27,0.323
CUST-0028,2025-08-02,9,13,0.266,0.265
CUST-0028,2025-08-09,4,6,0.142,0.347
CUST-0028,2025-08-16,11,7,0.193,0.275
CUST-0028,2025-08-23,7,3,0.306,0.237
CUST-0028,2025-08-30,5,3,0.253,0.309
CUST-0028,2025-09-06,8,3,0.133,0.24
CUST-0028,2025-09-13,9,9,0.22,0.348
CUST-0028,2025-09-20,5,4,0.172,0.14
CUST-0028,2025-09-27,5,6,0.282,0.211
CUST-0028,2025-10-04,5,6,0.214,0.179
CUST-0028,2025-10-11,6,4,0.166,0.305
CUST-0028,2025-10-18,3,1,0.231,0.088
CUST-0028,2025-10-25,5,6,0.249,0.217
CUST-0028,2025-11-01,9,11,0.21,0.263
CUST-0028,2025-11-08,2,2,0.267,0.285
CUST-0028,2025-11-15,5,6,0.218,0.275
CUST-0028,2025-11-22,12,14,0.253,0.17
CUST-0028,2025-11-29,8,4,0.175,0.218
CUST-0028,2025-12-06,7,6,0.218,0.208
CUST-0028,2025-12-13,7,5,0.222,0.229
CUST-0028,2025-12-20,2,1,0.144,0.26
CUST-0028,2025-12-27,7,7,0.262,0.228
CUST-0028,2026-01-03,7,4,0.214,0.085
CUST-0028,2026-01-10,8,5,0.216,0.204
CUST-0028,2026-01-17,10,6,0.106,0.222
CUST-0028,2026-01-24,8,5,0.165,0.16
CUST-0028,2026-01-31,8,6,0.184,0.25
CUST-0028,2026-02-07,2,1,0.186,0.29
CUST-0028,2026-02-14,9,8,0.265,0.226
CUST-0028,2026-02-21,4,1,0.145,0.132
CUST-0028,2026-02-28,1,0,0.193,0.176
CUST-0028,2026-03-07,6,1,0.201,0.154
CUST-0028,2026-03-14,4,1,0.083,0.276
CUST-0028,2026-03-21,5,5,0.2,0.144
CUST-0028,2026-03-28,9,3,0.15,0.177
CUST-0028,2026-04-04,4,3,0.17,0.072
CUST-0028,2026-04-11,7,2,0.129,0.195
CUST-0028,2026-04-18,1,0,0.163,0.187
CUST-0028,2026-04-25,2,0,0.14,0.235
CUST-0028,2026-05-02,10,7,0.179,0.128
CUST-0028,2026-05-09,3,0,0.274,0.035
CUST-0028,2026-05-16,4,2,0.087,0.177
CUST-0028,2026-05-23,2,1,0.138,0.164
CUST-0029,2024-07-02,7,10,0.536,0.584
CUST-0029,2024-07-09,6,15,0.548,0.677
CUST-0029,2024-07-16,5,14,0.449,0.511
CUST-0029,2024-07-23,6,5,0.518,0.703
CUST-0029,2024-07-30,6,5,0.526,0.425
CUST-0029,2024-08-06,6,13,0.507,0.522
CUST-0029,2024-08-13,8,12,0.533,0.561
CUST-0029,2024-08-20,6,12,0.453,0.478
CUST-0029,2024-08-27,8,20,0.571,0.581
CUST-0029,2024-09-03,7,9,0.606,0.475
CUST-0029,2024-09-10,7,21,0.483,0.554
CUST-0029,2024-09-17,7,14,0.517,0.561
CUST-0029,2024-09-24,6,11,0.526,0.576
CUST-0029,2024-10-01,7,7,0.51,0.478
CUST-0029,2024-10-08,8,15,0.513,0.544
CUST-0029,2024-10-15,6,19,0.589,0.727
CUST-0029,2024-10-22,8,24,0.447,0.599
CUST-0029,2024-10-29,8,13,0.541,0.656
CUST-0029,2024-11-05,7,18,0.422,0.563
CUST-0029,2024-11-12,8,9,0.579,0.651
CUST-0029,2024-11-19,7,8,0.458,0.528
CUST-0029,2024-11-26,7,17,0.482,0.546
CUST-0029,2024-12-03,8,23,0.554,0.554
CUST-0029,2024-12-10,6,13,0.631,0.575
CUST-0029,2024-12-17,7,23,0.598,0.626
CUST-0029,2024-12-24,8,26,0.604,0.583
CUST-0029,2024-12-31,6,15,0.563,0.69
CUST-0029,2025-01-07,9,29,0.432,0.661
CUST-0029,2025-01-14,9,8,0.573,0.626
CUST-0029,2025-01-21,8,29,0.583,0.503
CUST-0029,2025-01-28,9,19,0.444,0.736
CUST-0029,2025-02-04,8,19,0.63,0.621
CUST-0029,2025-02-11,11,16,0.491,0.542
CUST-0029,2025-02-18,8,9,0.667,0.566
CUST-0029,2025-02-25,6,10,0.637,0.569
CUST-0029,2025-03-04,9,11,0.535,0.65
CUST-0029,2025-03-11,8,10,0.682,0.652
CUST-0029,2025-03-18,7,17,0.567,0.636
CUST-0029,2025-03-25,7,26,0.715,0.7
CUST-0029,2025-04-01,9,12,0.681,0.694
CUST-0029,2025-04-08,6,9,0.563,0.604
CUST-0029,2025-04-15,8,20,0.541,0.652
CUST-0029,2025-04-22,8,20,0.664,0.581
CUST-0029,2025-04-29,8,24,0.446,0.589
CUST-0029,2025-05-06,7,11,0.544,0.693
CUST-0029,2025-05-13,6,13,0.579,0.752
CUST-0029,2025-05-20,9,35,0.619,0.63
CUST-0029,2025-05-27,7,17,0.646,0.622
CUST-0029,2025-06-03,10,19,0.585,0.665
CUST-0029,2025-06-10,8,25,0.658,0.76
CUST-0029,2025-06-17,8,26,0.609,0.643
CUST-0029,2025-06-24,10,40,0.672,0.726
CUST-0029,2025-07-01,8,12,0.679,0.82
CUST-0029,2025-07-08,8,13,0.665,0.617
CUST-0029,2025-07-15,8,18,0.661,0.746
CUST-0029,2025-07-22,8,11,0.572,0.681
CUST-0029,2025-07-29,9,27,0.633,0.66
CUST-0029,2025-08-05,9,15,0.635,0.626
CUST-0029,2025-08-12,9,24,0.559,0.621
CUST-0029,2025-08-19,10,33,0.629,0.677
CUST-0029,2025-08-26,7,8,0.737,0.638
CUST-0029,2025-09-02,8,12,0.62,0.734
CUST-0029,2025-09-09,7,18,0.63,0.667
CUST-0029,2025-09-16,10,41,0.717,0.697
CUST-0029,2025-09-23,8,30,0.685,0.769
CUST-0029,2025-09-30,9,12,0.666,0.627
CUST-0029,2025-10-07,7,24,0.678,0.732
CUST-0029,2025-10-14,8,15,0.628,0.797
CUST-0029,2025-10-21,9,30,0.666,0.807
CUST-0029,2025-10-28,9,17,0.679,0.652
CUST-0029,2025-11-04,9,24,0.769,0.798
CUST-0029,2025-11-11,7,23,0.638,0.677
CUST-0029,2025-11-18,9,35,0.704,0.665
CUST-0029,2025-11-25,11,21,0.666,0.726
CUST-0029,2025-12-02,8,25,0.617,0.834
CUST-0029,2025-12-09,11,28,0.616,0.786
CUST-0029,2025-12-16,10,12,0.594,0.773
CUST-0029,2025-12-23,9,37,0.747,0.667
CUST-0029,2025-12-30,10,32,0.703,0.693
CUST-0029,2026-01-06,9,24,0.735,0.736
CUST-0029,2026-01-13,9,31,0.738,0.77
CUST-0029,2026-01-20,9,20,0.808,0.672
CUST-0029,2026-01-27,8,30,0.684,0.871
CUST-0029,2026-02-03,11,40,0.763,0.811
CUST-0029,2026-02-10,8,14,0.713,0.708
CUST-0029,2026-02-17,9,35,0.714,0.75
CUST-0029,2026-02-24,9,20,0.759,0.839
CUST-0029,2026-03-03,8,27,0.708,0.804
CUST-0029,2026-03-10,9,37,0.723,0.831
CUST-0029,2026-03-17,9,15,0.728,0.733
CUST-0029,2026-03-24,10,18,0.731,0.812
CUST-0029,2026-03-31,9,28,0.784,0.766
CUST-0029,2026-04-07,11,16,0.762,0.756
CUST-0029,2026-04-14,11,46,0.778,0.877
CUST-0029,2026-04-21,11,27,0.765,0.756
CUST-0029,2026-04-28,11,48,0.776,0.843
CUST-0029,2026-05-05,9,42,0.763,0.725
CUST-0029,2026-05-12,10,17,0.776,0.79
CUST-0029,2026-05-19,10,20,0.759,0.772
CUST-0029,2026-05-26,11,46,0.717,0.801
CUST-0029,2026-06-02,11,52,0.778,0.772
CUST-0029,2026-06-09,9,44,0.71,0.863
CUST-0029,2026-06-16,11,34,0.769,0.852
CUST-0029,2026-06-23,11,24,0.798,0.762
CUST-0030,2026-03-03,5,10,0.38,0.364
CUST-0030,2026-03-10,7,11,0.389,0.349
CUST-0030,2026-03-17,7,8,0.44,0.384
CUST-0030,2026-03-24,7,5,0.305,0.45
CUST-0030,2026-03-31,4,7,0.503,0.334
CUST-0030,2026-04-07,7,8,0.374,0.385
CUST-0030,2026-04-14,3,6,0.341,0.377
CUST-0030,2026-04-21,7,10,0.423,0.426
CUST-0030,2026-04-28,6,15,0.372,0.364
CUST-0030,2026-05-05,5,7,0.397,0.488
CUST-0030,2026-05-12,6,7,0.387,0.323
CUST-0030,2026-05-19,7,4,0.383,0.475
CUST-0030,2026-05-26,6,12,0.354,0.56
CUST-0030,2026-06-02,6,12,0.437,0.475
CUST-0030,2026-06-09,8,17,0.39,0.393
CUST-0030,2026-06-16,7,12,0.402,0.379
CUST-0030,2026-06-23,4,3,0.494,0.276
CUST-0031,2024-07-02,65,96,0.697,0.832
CUST-0031,2024-07-09,66,130,0.738,0.807
CUST-0031,2024-07-16,76,102,0.752,0.932
CUST-0031,2024-07-23,60,148,0.835,0.822
CUST-0031,2024-07-30,61,258,0.791,0.879
CUST-0031,2024-08-06,69,303,0.72,0.741
CUST-0031,2024-08-13,67,146,0.801,0.849
CUST-0031,2024-08-20,67,133,0.794,0.884
CUST-0031,2024-08-27,70,111,0.819,0.776
CUST-0031,2024-09-03,77,112,0.755,0.859
CUST-0031,2024-09-10,64,313,0.733,0.741
CUST-0031,2024-09-17,64,152,0.804,0.828
CUST-0031,2024-09-24,62,116,0.698,0.849
CUST-0031,2024-10-01,58,186,0.72,0.841
CUST-0031,2024-10-08,62,162,0.755,0.851
CUST-0031,2024-10-15,70,306,0.782,0.792
CUST-0031,2024-10-22,66,233,0.699,0.834
CUST-0031,2024-10-29,59,246,0.854,0.763
CUST-0031,2024-11-05,66,248,0.837,0.925
CUST-0031,2024-11-12,62,99,0.731,0.811
CUST-0031,2024-11-19,59,171,0.784,0.834
CUST-0031,2024-11-26,54,223,0.705,0.786
CUST-0031,2024-12-03,68,119,0.73,0.905
CUST-0031,2024-12-10,62,258,0.811,0.839
CUST-0031,2024-12-17,71,308,0.759,0.841
CUST-0031,2024-12-24,55,187,0.709,0.812
CUST-0031,2024-12-31,56,185,0.736,0.835
CUST-0031,2025-01-07,56,225,0.736,0.71
CUST-0031,2025-01-14,70,161,0.721,0.788
CUST-0031,2025-01-21,59,154,0.717,0.895
CUST-0031,2025-01-28,60,159,0.756,0.748
CUST-0031,2025-02-04,63,143,0.664,0.88
CUST-0031,2025-02-11,65,100,0.736,0.809
CUST-0031,2025-02-18,57,189,0.816,0.783
CUST-0031,2025-02-25,65,310,0.79,0.84
CUST-0031,2025-03-04,67,214,0.716,0.82
CUST-0031,2025-03-11,56,243,0.682,0.856
CUST-0031,2025-03-18,63,87,0.674,0.844
CUST-0031,2025-03-25,65,155,0.803,0.829
CUST-0031,2025-04-01,56,185,0.736,0.853
CUST-0031,2025-04-08,53,87,0.739,0.8
CUST-0031,2025-04-15,76,276,0.721,0.901
CUST-0031,2025-04-22,66,135,0.725,0.859
CUST-0031,2025-04-29,60,107,0.792,0.866
CUST-0031,2025-05-06,62,229,0.707,0.744
CUST-0031,2025-05-13,50,117,0.72,0.947
CUST-0031,2025-05-20,68,85,0.72,0.893
CUST-0031,2025-05-27,57,244,0.768,0.779
CUST-0031,2025-06-03,63,235,0.827,0.849
CUST-0031,2025-06-10,65,109,0.828,0.819
CUST-0031,2025-06-17,65,266,0.727,0.801
CUST-0031,2025-06-24,66,120,0.801,0.833
CUST-0031,2025-07-01,61,137,0.62,0.8
CUST-0031,2025-07-08,75,162,0.722,0.718
CUST-0031,2025-07-15,66,100,0.694,0.812
CUST-0031,2025-07-22,59,182,0.762,0.781
CUST-0031,2025-07-29,64,167,0.756,0.874
CUST-0031,2025-08-05,67,97,0.809,0.818
CUST-0031,2025-08-12,62,248,0.761,0.753
CUST-0031,2025-08-19,56,265,0.711,0.742
CUST-0031,2025-08-26,63,111,0.662,0.817
CUST-0031,2025-09-02,59,108,0.765,0.808
CUST-0031,2025-09-09,68,315,0.766,0.679
CUST-0031,2025-09-16,62,215,0.705,0.825
CUST-0031,2025-09-23,69,293,0.808,0.755
CUST-0031,2025-09-30,59,105,0.706,0.814
CUST-0031,2025-10-07,64,196,0.726,0.753
CUST-0031,2025-10-14,63,240,0.818,0.817
CUST-0031,2025-10-21,70,85,0.751,0.795
CUST-0031,2025-10-28,62,161,0.755,0.749
CUST-0031,2025-11-04,62,196,0.697,0.694
CUST-0031,2025-11-11,63,183,0.83,0.785
CUST-0031,2025-11-18,60,268,0.715,0.748
CUST-0031,2025-11-25,69,145,0.741,0.746
CUST-0031,2025-12-02,49,138,0.727,0.885
CUST-0031,2025-12-09,59,131,0.762,0.817
CUST-0031,2025-12-16,58,102,0.608,0.781
CUST-0031,2025-12-23,55,125,0.732,0.829
CUST-0031,2025-12-30,71,336,0.748,0.858
CUST-0031,2026-01-06,68,132,0.784,0.718
CUST-0031,2026-01-13,55,253,0.792,0.694
CUST-0031,2026-01-20,63,225,0.689,0.813
CUST-0031,2026-01-27,62,200,0.779,0.846
CUST-0031,2026-02-03,58,232,0.809,0.891
CUST-0031,2026-02-10,69,175,0.775,0.752
CUST-0031,2026-02-17,67,192,0.715,0.715
CUST-0031,2026-02-24,74,318,0.717,0.732
CUST-0031,2026-03-03,64,153,0.703,0.71
CUST-0031,2026-03-10,68,310,0.684,0.862
CUST-0031,2026-03-17,62,199,0.764,0.77
CUST-0031,2026-03-24,57,198,0.857,0.874
CUST-0031,2026-03-31,56,96,0.65,0.7
CUST-0031,2026-04-07,61,178,0.764,0.775
CUST-0031,2026-04-14,55,169,0.664,0.691
CUST-0031,2026-04-21,63,79,0.719,0.781
CUST-0031,2026-04-28,55,130,0.817,0.804
CUST-0031,2026-05-05,55,252,0.79,0.909
CUST-0031,2026-05-12,63,214,0.721,0.868
CUST-0031,2026-05-19,56,101,0.827,0.738
CUST-0031,2026-05-26,72,126,0.697,0.808
CUST-0031,2026-06-02,71,187,0.706,0.816
CUST-0031,2026-06-09,58,212,0.661,0.878
CUST-0031,2026-06-16,61,276,0.821,0.766
CUST-0031,2026-06-23,59,78,0.744,0.818
CUST-0032,2024-07-02,7,17,0.532,0.67
CUST-0032,2024-07-09,9,19,0.627,0.645
CUST-0032,2024-07-16,11,31,0.564,0.58
CUST-0032,2024-07-23,11,13,0.571,0.657
CUST-0032,2024-07-30,9,33,0.628,0.632
CUST-0032,2024-08-06,12,46,0.704,0.604
CUST-0032,2024-08-13,10,34,0.69,0.705
CUST-0032,2024-08-20,13,33,0.544,0.789
CUST-0032,2024-08-27,12,22,0.594,0.638
CUST-0032,2024-09-03,10,39,0.507,0.702
CUST-0032,2024-09-10,12,39,0.664,0.766
CUST-0032,2024-09-17,15,32,0.652,0.799
CUST-0032,2024-09-24,10,21,0.836,0.705
CUST-0032,2024-10-01,12,50,0.783,0.669
CUST-0032,2024-10-08,11,29,0.696,0.83
CUST-0032,2024-10-15,13,26,0.641,0.799
CUST-0032,2024-10-22,8,21,0.743,0.73
CUST-0032,2024-10-29,11,26,0.711,0.765
CUST-0032,2024-11-05,12,33,0.759,0.787
CUST-0032,2024-11-12,10,44,0.692,0.823
CUST-0032,2024-11-19,13,51,0.662,0.89
CUST-0032,2024-11-26,13,19,0.754,0.822
CUST-0032,2024-12-03,13,51,0.745,0.787
CUST-0032,2024-12-10,12,56,0.766,0.849
CUST-0032,2024-12-17,16,58,0.806,0.917
CUST-0032,2024-12-24,15,54,0.751,0.821
CUST-0032,2024-12-31,16,32,0.805,0.895
CUST-0032,2025-01-07,13,39,0.8,0.806
CUST-0032,2025-01-14,13,49,0.781,0.867
CUST-0032,2025-01-21,16,66,0.854,0.835
CUST-0032,2025-01-28,12,45,0.832,0.808
CUST-0032,2025-02-04,13,44,0.873,0.93
CUST-0032,2025-02-11,14,52,0.912,1.0
CUST-0032,2025-02-18,15,68,0.865,1.0
CUST-0032,2025-02-25,15,46,0.954,0.984
CUST-0032,2025-03-04,14,44,0.895,0.906
CUST-0032,2025-03-11,15,37,0.855,0.932
CUST-0032,2025-03-18,15,66,0.995,1.0
CUST-0032,2025-03-25,16,86,0.928,0.97
CUST-0032,2025-04-01,16,54,0.986,1.0
CUST-0032,2025-04-08,12,54,0.821,0.937
CUST-0032,2025-04-15,16,89,0.884,1.0
CUST-0032,2025-04-22,16,76,0.855,0.974
CUST-0032,2025-04-29,16,82,0.9,0.98
CUST-0032,2025-05-06,14,67,0.951,0.965
CUST-0032,2025-05-13,16,73,0.924,1.0
CUST-0032,2025-05-20,14,80,0.975,0.896
CUST-0032,2025-05-27,16,57,0.837,1.0
CUST-0032,2025-06-03,13,70,0.987,1.0
CUST-0032,2025-06-10,14,75,0.932,1.0
CUST-0032,2025-06-17,13,72,0.958,1.0
CUST-0032,2025-06-24,16,39,0.99,1.0
CUST-0032,2025-07-01,15,56,0.926,1.0
CUST-0032,2025-07-08,16,85,0.971,1.0
CUST-0032,2025-07-15,14,48,0.952,0.993
CUST-0032,2025-07-22,14,62,0.954,0.956
CUST-0032,2025-07-29,16,67,0.939,0.983
CUST-0032,2025-08-05,16,59,0.958,0.973
CUST-0032,2025-08-12,16,48,0.977,1.0
CUST-0032,2025-08-19,16,68,0.894,0.977
CUST-0032,2025-08-26,15,68,0.884,0.94
CUST-0032,2025-09-02,16,58,0.965,1.0
CUST-0032,2025-09-09,16,73,0.925,1.0
CUST-0032,2025-09-16,14,60,1.0,1.0
CUST-0032,2025-09-23,15,76,0.887,1.0
CUST-0032,2025-09-30,13,75,0.886,1.0
CUST-0032,2025-10-07,16,67,0.856,1.0
CUST-0032,2025-10-14,15,60,0.935,0.95
CUST-0032,2025-10-21,16,34,0.892,1.0
CUST-0032,2025-10-28,16,57,0.893,0.96
CUST-0032,2025-11-04,15,48,0.849,1.0
CUST-0032,2025-11-11,16,75,0.95,0.978
CUST-0032,2025-11-18,15,22,0.985,0.932
CUST-0032,2025-11-25,16,64,0.877,1.0
CUST-0032,2025-12-02,14,76,0.798,1.0
CUST-0032,2025-12-09,16,37,0.948,1.0
CUST-0032,2025-12-16,15,82,0.889,1.0
CUST-0032,2025-12-23,15,39,0.861,1.0
CUST-0032,2025-12-30,16,38,0.975,0.934
CUST-0032,2026-01-06,16,70,0.917,0.96
CUST-0032,2026-01-13,16,56,0.943,0.949
CUST-0032,2026-01-20,16,55,0.898,0.814
CUST-0032,2026-01-27,15,63,1.0,0.945
CUST-0032,2026-02-03,16,47,0.906,1.0
CUST-0032,2026-02-10,15,32,0.922,1.0
CUST-0032,2026-02-17,14,22,0.944,1.0
CUST-0032,2026-02-24,16,78,0.938,0.951
CUST-0032,2026-03-03,15,73,0.893,1.0
CUST-0032,2026-03-10,15,56,0.935,1.0
CUST-0032,2026-03-17,15,29,0.945,0.906
CUST-0032,2026-03-24,16,49,0.988,1.0
CUST-0032,2026-03-31,16,29,0.96,1.0
CUST-0032,2026-04-07,14,64,0.93,0.983
CUST-0032,2026-04-14,15,36,0.899,1.0
CUST-0032,2026-04-21,16,28,0.991,1.0
CUST-0032,2026-04-28,15,65,0.916,0.968
CUST-0032,2026-05-05,16,92,0.866,0.978
CUST-0032,2026-05-12,15,44,0.946,1.0
CUST-0032,2026-05-19,14,39,0.966,0.935
CUST-0032,2026-05-26,16,53,0.998,1.0
CUST-0032,2026-06-02,16,59,0.934,1.0
CUST-0032,2026-06-09,16,87,0.908,1.0
CUST-0032,2026-06-16,15,22,0.915,0.887
CUST-0032,2026-06-23,14,37,0.871,1.0
CUST-0033,2025-12-02,13,21,0.611,0.583
CUST-0033,2025-12-09,15,30,0.604,0.531
CUST-0033,2025-12-16,8,22,0.516,0.571
CUST-0033,2025-12-23,10,12,0.558,0.654
CUST-0033,2025-12-30,12,35,0.562,0.572
CUST-0033,2026-01-06,10,26,0.535,0.569
CUST-0033,2026-01-13,10,25,0.597,0.596
CUST-0033,2026-01-20,14,42,0.538,0.633
CUST-0033,2026-01-27,14,42,0.528,0.565
CUST-0033,2026-02-03,14,25,0.543,0.563
CUST-0033,2026-02-10,10,20,0.63,0.465
CUST-0033,2026-02-17,10,31,0.457,0.517
CUST-0033,2026-02-24,8,22,0.458,0.559
CUST-0033,2026-03-03,8,24,0.408,0.439
CUST-0033,2026-03-10,8,9,0.455,0.561
CUST-0033,2026-03-17,10,11,0.499,0.559
CUST-0033,2026-03-24,11,8,0.506,0.39
CUST-0033,2026-03-31,6,8,0.465,0.52
CUST-0033,2026-04-07,11,12,0.559,0.472
CUST-0033,2026-04-14,8,17,0.509,0.405
CUST-0033,2026-04-21,9,7,0.452,0.603
CUST-0033,2026-04-28,12,22,0.432,0.461
CUST-0033,2026-05-05,8,17,0.401,0.407
CUST-0033,2026-05-12,9,18,0.418,0.378
CUST-0033,2026-05-19,9,23,0.412,0.505
CUST-0033,2026-05-26,8,6,0.38,0.373
CUST-0033,2026-06-02,8,17,0.346,0.426
CUST-0033,2026-06-09,8,17,0.418,0.479
CUST-0033,2026-06-16,10,21,0.426,0.41
CUST-0033,2026-06-23,6,13,0.392,0.397
CUST-0034,2023-12-07,23,50,0.651,0.662
CUST-0034,2023-12-14,21,53,0.601,0.687
CUST-0034,2023-12-21,20,30,0.706,0.744
CUST-0034,2023-12-28,20,31,0.636,0.751
CUST-0034,2024-01-04,21,75,0.67,0.638
CUST-0034,2024-01-11,19,51,0.635,0.73
CUST-0034,2024-01-18,18,37,0.672,0.646
CUST-0034,2024-01-25,24,80,0.593,0.608
CUST-0034,2024-02-01,25,91,0.603,0.703
CUST-0034,2024-02-08,19,50,0.575,0.696
CUST-0034,2024-02-15,22,76,0.594,0.691
CUST-0034,2024-02-22,26,32,0.638,0.639
CUST-0034,2024-02-29,21,27,0.626,0.642
CUST-0034,2024-03-07,22,65,0.728,0.664
CUST-0034,2024-03-14,21,28,0.639,0.683
CUST-0034,2024-03-21,17,44,0.595,0.606
CUST-0034,2024-03-28,18,57,0.647,0.586
CUST-0034,2024-04-04,14,22,0.543,0.701
CUST-0034,2024-04-11,19,58,0.574,0.627
CUST-0034,2024-04-18,16,52,0.697,0.551
CUST-0034,2024-04-25,20,62,0.595,0.509
CUST-0034,2024-05-02,22,61,0.577,0.591
CUST-0034,2024-05-09,23,35,0.576,0.674
CUST-0034,2024-05-16,17,19,0.618,0.638
CUST-0034,2024-05-23,24,23,0.587,0.601
CUST-0034,2024-05-30,19,37,0.539,0.597
CUST-0034,2024-06-06,23,59,0.639,0.596
CUST-0034,2024-06-13,13,30,0.512,0.579
CUST-0034,2024-06-20,15,45,0.599,0.59
CUST-0034,2024-06-27,17,43,0.572,0.632
CUST-0034,2024-07-04,16,31,0.479,0.718
CUST-0034,2024-07-11,19,21,0.642,0.43
CUST-0034,2024-07-18,20,52,0.579,0.605
CUST-0034,2024-07-25,21,38,0.594,0.715
CUST-0034,2024-08-01,18,50,0.517,0.545
CUST-0034,2024-08-08,20,22,0.482,0.664
CUST-0034,2024-08-15,19,42,0.484,0.56
CUST-0034,2024-08-22,20,32,0.571,0.577
CUST-0034,2024-08-29,15,23,0.504,0.487
CUST-0034,2024-09-05,21,27,0.581,0.562
CUST-0034,2024-09-12,22,43,0.563,0.468
CUST-0034,2024-09-19,12,12,0.48,0.597
CUST-0034,2024-09-26,15,38,0.532,0.529
CUST-0034,2024-10-03,21,34,0.547,0.635
CUST-0034,2024-10-10,16,42,0.621,0.588
CUST-0034,2024-10-17,12,13,0.563,0.529
CUST-0034,2024-10-24,22,19,0.539,0.578
CUST-0034,2024-10-31,18,34,0.425,0.547
CUST-0034,2024-11-07,16,30,0.408,0.522
CUST-0034,2024-11-14,18,46,0.56,0.607
CUST-0034,2024-11-21,20,39,0.514,0.572
CUST-0034,2024-11-28,17,52,0.465,0.484
CUST-0034,2024-12-05,19,24,0.508,0.551
CUST-0034,2024-12-12,15,32,0.463,0.559
CUST-0034,2024-12-19,15,16,0.512,0.378
CUST-0034,2024-12-26,18,27,0.523,0.467
CUST-0034,2025-01-02,15,12,0.438,0.529
CUST-0034,2025-01-09,17,34,0.446,0.579
CUST-0034,2025-01-16,16,30,0.568,0.488
CUST-0034,2025-01-23,20,38,0.496,0.561
CUST-0034,2025-01-30,13,36,0.506,0.526
CUST-0034,2025-02-06,18,49,0.54,0.487
CUST-0034,2025-02-13,8,7,0.537,0.573
CUST-0034,2025-02-20,19,32,0.503,0.534
CUST-0034,2025-02-27,17,41,0.381,0.406
CUST-0034,2025-03-06,17,27,0.504,0.448
CUST-0034,2025-03-13,14,36,0.534,0.533
CUST-0034,2025-03-20,22,39,0.473,0.543
CUST-0034,2025-03-27,11,23,0.435,0.561
CUST-0034,2025-04-03,19,34,0.454,0.557
CUST-0034,2025-04-10,13,29,0.478,0.559
CUST-0034,2025-04-17,11,8,0.459,0.522
CUST-0034,2025-04-24,11,16,0.482,0.472
CUST-0034,2025-05-01,12,32,0.474,0.334
CUST-0034,2025-05-08,11,27,0.392,0.516
CUST-0034,2025-05-15,13,27,0.379,0.479
CUST-0034,2025-05-22,16,34,0.379,0.382
CUST-0034,2025-05-29,14,27,0.488,0.506
CUST-0034,2025-06-05,20,38,0.452,0.539
CUST-0034,2025-06-12,21,28,0.438,0.409
CUST-0034,2025-06-19,16,21,0.451,0.458
CUST-0034,2025-06-26,13,24,0.398,0.445
CUST-0034,2025-07-03,11,25,0.385,0.43
CUST-0034,2025-07-10,13,26,0.398,0.377
CUST-0034,2025-07-17,15,25,0.346,0.425
CUST-0034,2025-07-24,17,21,0.464,0.504
CUST-0034,2025-07-31,12,28,0.469,0.438
CUST-0034,2025-08-07,11,15,0.416,0.393
CUST-0034,2025-08-14,11,12,0.282,0.402
CUST-0034,2025-08-21,14,19,0.416,0.441
CUST-0034,2025-08-28,18,20,0.374,0.367
CUST-0034,2025-09-04,14,23,0.27,0.465
CUST-0034,2025-09-11,11,27,0.33,0.449
CUST-0034,2025-09-18,11,9,0.341,0.437
CUST-0034,2025-09-25,14,28,0.395,0.363
CUST-0034,2025-10-02,13,9,0.39,0.432
CUST-0034,2025-10-09,14,27,0.412,0.463
CUST-0034,2025-10-16,13,23,0.357,0.421
CUST-0034,2025-10-23,17,18,0.376,0.426
CUST-0034,2025-10-30,14,23,0.366,0.382
CUST-0034,2025-11-06,11,6,0.247,0.394
CUST-0034,2025-11-13,10,8,0.285,0.425
CUST-0034,2025-11-20,12,10,0.345,0.444
CUST-0034,2025-11-27,11,24,0.291,0.38
CUST-0035,2024-07-02,43,52,0.409,0.482
CUST-0035,2024-07-09,33,88,0.354,0.535
CUST-0035,2024-07-16,40,102,0.442,0.476
CUST-0035,2024-07-23,37,45,0.473,0.423
CUST-0035,2024-07-30,40,106,0.402,0.518
CUST-0035,2024-08-06,34,26,0.495,0.497
CUST-0035,2024-08-13,41,108,0.415,0.492
CUST-0035,2024-08-20,46,85,0.446,0.434
CUST-0035,2024-08-27,46,41,0.489,0.444
CUST-0035,2024-09-03,36,40,0.496,0.529
CUST-0035,2024-09-10,42,98,0.479,0.464
CUST-0035,2024-09-17,41,112,0.501,0.54
CUST-0035,2024-09-24,36,32,0.446,0.593
CUST-0035,2024-10-01,45,93,0.465,0.474
CUST-0035,2024-10-08,39,67,0.477,0.503
CUST-0035,2024-10-15,49,68,0.429,0.539
CUST-0035,2024-10-22,50,106,0.454,0.556
CUST-0035,2024-10-29,46,56,0.416,0.554
CUST-0035,2024-11-05,53,129,0.491,0.579
CUST-0035,2024-11-12,56,117,0.52,0.537
CUST-0035,2024-11-19,48,54,0.546,0.527
CUST-0035,2024-11-26,54,66,0.395,0.564
CUST-0035,2024-12-03,62,141,0.506,0.502
CUST-0035,2024-12-10,43,124,0.414,0.585
CUST-0035,2024-12-17,47,86,0.434,0.605
CUST-0035,2024-12-24,50,157,0.503,0.607
CUST-0035,2024-12-31,50,136,0.489,0.525
CUST-0035,2025-01-07,47,102,0.418,0.5
CUST-0035,2025-01-14,45,124,0.529,0.524
CUST-0035,2025-01-21,54,81,0.494,0.544
CUST-0035,2025-01-28,56,70,0.457,0.583
CUST-0035,2025-02-04,54,78,0.419,0.521
CUST-0035,2025-02-11,53,105,0.486,0.517
CUST-0035,2025-02-18,40,50,0.499,0.498
CUST-0035,2025-02-25,56,88,0.512,0.553
CUST-0035,2025-03-04,50,139,0.467,0.566
CUST-0035,2025-03-11,58,146,0.501,0.48
CUST-0035,2025-03-18,51,120,0.442,0.532
CUST-0035,2025-03-25,53,68,0.488,0.61
CUST-0035,2025-04-01,50,48,0.55,0.722
CUST-0035,2025-04-08,55,178,0.609,0.757
CUST-0035,2025-04-15,58,54,0.508,0.561
CUST-0035,2025-04-22,56,160,0.549,0.489
CUST-0035,2025-04-29,57,165,0.481,0.693
CUST-0035,2025-05-06,51,168,0.616,0.663
CUST-0035,2025-05-13,51,100,0.581,0.618
CUST-0035,2025-05-20,56,195,0.505,0.587
CUST-0035,2025-05-27,59,155,0.556,0.634
CUST-0035,2025-06-03,46,153,0.586,0.653
CUST-0035,2025-06-10,53,91,0.574,0.715
CUST-0035,2025-06-17,76,246,0.506,0.644
CUST-0035,2025-06-24,59,104,0.606,0.657
CUST-0035,2025-07-01,66,164,0.568,0.608
CUST-0035,2025-07-08,60,161,0.626,0.679
CUST-0035,2025-07-15,52,99,0.612,0.578
CUST-0035,2025-07-22,63,201,0.553,0.697
CUST-0035,2025-07-29,58,138,0.525,0.522
CUST-0035,2025-08-05,50,153,0.549,0.567
CUST-0035,2025-08-12,66,124,0.577,0.416
CUST-0035,2025-08-19,46,127,0.568,0.729
CUST-0035,2025-08-26,62,108,0.655,0.703
CUST-0035,2025-09-02,61,60,0.594,0.721
CUST-0035,2025-09-09,63,222,0.632,0.687
CUST-0035,2025-09-16,63,243,0.538,0.749
CUST-0035,2025-09-23,60,186,0.748,0.696
CUST-0035,2025-09-30,55,202,0.61,0.668
CUST-0035,2025-10-07,68,230,0.668,0.702
CUST-0035,2025-10-14,70,146,0.562,0.718
CUST-0035,2025-10-21,52,191,0.633,0.515
CUST-0035,2025-10-28,50,98,0.608,0.63
CUST-0035,2025-11-04,59,108,0.677,0.719
CUST-0035,2025-11-11,52,87,0.528,0.6
CUST-0035,2025-11-18,57,143,0.628,0.742
CUST-0035,2025-11-25,54,211,0.614,0.739
CUST-0035,2025-12-02,65,110,0.719,0.642
CUST-0035,2025-12-09,47,83,0.649,0.703
CUST-0035,2025-12-16,60,137,0.566,0.798
CUST-0035,2025-12-23,68,133,0.58,0.62
CUST-0035,2025-12-30,73,251,0.705,0.694
CUST-0035,2026-01-06,62,142,0.653,0.665
CUST-0035,2026-01-13,70,154,0.662,0.639
CUST-0035,2026-01-20,72,301,0.622,0.691
CUST-0035,2026-01-27,66,118,0.623,0.756
CUST-0035,2026-02-03,78,165,0.652,0.766
CUST-0035,2026-02-10,67,88,0.612,0.641
CUST-0035,2026-02-17,61,148,0.651,0.688
CUST-0035,2026-02-24,68,105,0.585,0.824
CUST-0035,2026-03-03,68,80,0.712,0.626
CUST-0035,2026-03-10,58,193,0.754,0.689
CUST-0035,2026-03-17,63,101,0.653,0.6
CUST-0035,2026-03-24,69,83,0.687,0.714
CUST-0035,2026-03-31,66,242,0.782,0.726
CUST-0035,2026-04-07,61,125,0.615,0.819
CUST-0035,2026-04-14,64,199,0.684,0.735
CUST-0035,2026-04-21,70,256,0.719,0.778
CUST-0035,2026-04-28,67,123,0.621,0.71
CUST-0035,2026-05-05,65,174,0.731,0.728
CUST-0035,2026-05-12,73,156,0.567,0.774
CUST-0035,2026-05-19,53,200,0.611,0.684
CUST-0035,2026-05-26,60,110,0.732,0.818
CUST-0035,2026-06-02,71,290,0.711,0.661
CUST-0035,2026-06-09,90,140,0.801,0.76
CUST-0035,2026-06-16,66,128,0.657,0.749
CUST-0035,2026-06-23,70,302,0.649,0.806
CUST-0036,2024-06-16,26,49,0.309,0.363
CUST-0036,2024-06-23,21,26,0.43,0.354
CUST-0036,2024-06-30,36,73,0.398,0.359
CUST-0036,2024-07-07,32,45,0.296,0.433
CUST-0036,2024-07-14,29,59,0.346,0.498
CUST-0036,2024-07-21,17,29,0.359,0.343
CUST-0036,2024-07-28,28,59,0.337,0.487
CUST-0036,2024-08-04,28,20,0.376,0.359
CUST-0036,2024-08-11,28,40,0.322,0.423
CUST-0036,2024-08-18,25,22,0.31,0.39
CUST-0036,2024-08-25,29,33,0.361,0.386
CUST-0036,2024-09-01,21,15,0.312,0.379
CUST-0036,2024-09-08,25,42,0.212,0.394
CUST-0036,2024-09-15,17,17,0.392,0.402
CUST-0036,2024-09-22,14,12,0.377,0.31
CUST-0036,2024-09-29,15,9,0.345,0.29
CUST-0036,2024-10-06,19,24,0.318,0.44
CUST-0036,2024-10-13,24,35,0.328,0.555
CUST-0036,2024-10-20,26,33,0.323,0.377
CUST-0036,2024-10-27,18,35,0.373,0.298
CUST-0036,2024-11-03,22,41,0.291,0.372
CUST-0036,2024-11-10,15,21,0.35,0.473
CUST-0036,2024-11-17,23,41,0.32,0.34
CUST-0036,2024-11-24,22,12,0.314,0.384
CUST-0036,2024-12-01,11,21,0.353,0.435
CUST-0036,2024-12-08,23,37,0.409,0.307
CUST-0036,2024-12-15,22,27,0.219,0.344
CUST-0036,2024-12-22,18,23,0.249,0.242
CUST-0036,2024-12-29,26,40,0.204,0.349
CUST-0036,2025-01-05,28,14,0.331,0.297
CUST-0036,2025-01-12,21,13,0.315,0.273
CUST-0036,2025-01-19,17,12,0.367,0.387
CUST-0036,2025-01-26,23,34,0.328,0.304
CUST-0036,2025-02-02,27,23,0.233,0.367
CUST-0036,2025-02-09,19,12,0.284,0.402
CUST-0036,2025-02-16,28,49,0.368,0.289
CUST-0036,2025-02-23,20,14,0.315,0.398
CUST-0036,2025-03-02,15,16,0.282,0.254
CUST-0036,2025-03-09,13,16,0.222,0.336
CUST-0036,2025-03-16,14,7,0.282,0.291
CUST-0036,2025-03-23,15,6,0.351,0.341
CUST-0036,2025-03-30,14,20,0.344,0.277
CUST-0036,2025-04-06,20,29,0.274,0.306
CUST-0036,2025-04-13,17,27,0.206,0.312
CUST-0036,2025-04-20,24,23,0.25,0.271
CUST-0036,2025-04-27,9,8,0.287,0.194
CUST-0036,2025-05-04,11,14,0.314,0.317
CUST-0036,2025-05-11,16,22,0.333,0.281
CUST-0036,2025-05-18,12,9,0.213,0.366
CUST-0036,2025-05-25,25,11,0.173,0.244
CUST-0036,2025-06-01,25,20,0.303,0.294
CUST-0036,2025-06-08,24,9,0.197,0.271
CUST-0036,2025-06-15,18,17,0.289,0.232
CUST-0036,2025-06-22,9,8,0.242,0.276
CUST-0036,2025-06-29,16,20,0.212,0.181
CUST-0036,2025-07-06,9,5,0.246,0.22
CUST-0036,2025-07-13,18,25,0.215,0.186
CUST-0036,2025-07-20,1,1,0.133,0.251
CUST-0036,2025-07-27,13,18,0.048,0.333
CUST-0036,2025-08-03,14,12,0.267,0.353
CUST-0036,2025-08-10,19,10,0.166,0.231
CUST-0036,2025-08-17,16,14,0.237,0.241
CUST-0036,2025-08-24,26,29,0.198,0.208
CUST-0036,2025-08-31,17,15,0.198,0.334
CUST-0036,2025-09-07,19,20,0.196,0.203
CUST-0036,2025-09-14,2,0,0.207,0.237
CUST-0036,2025-09-21,18,21,0.087,0.186
CUST-0036,2025-09-28,12,8,0.186,0.161
CUST-0036,2025-10-05,15,9,0.178,0.26
CUST-0036,2025-10-12,11,4,0.192,0.192
CUST-0036,2025-10-19,14,14,0.189,0.212
CUST-0036,2025-10-26,14,6,0.168,0.193
CUST-0036,2025-11-02,13,6,0.146,0.32
CUST-0036,2025-11-09,9,3,0.25,0.253
CUST-0036,2025-11-16,12,11,0.128,0.222
CUST-0036,2025-11-23,5,2,0.211,0.162
CUST-0036,2025-11-30,17,15,0.216,0.114
CUST-0036,2025-12-07,7,3,0.204,0.132
CUST-0036,2025-12-14,4,2,0.199,0.11
CUST-0036,2025-12-21,22,13,0.256,0.254
CUST-0036,2025-12-28,3,2,0.146,0.137
CUST-0036,2026-01-04,18,4,0.16,0.092
CUST-0036,2026-01-11,11,7,0.203,0.233
CUST-0036,2026-01-18,4,3,0.183,0.078
CUST-0036,2026-01-25,11,3,0.233,0.168
CUST-0036,2026-02-01,13,12,0.196,0.21
CUST-0036,2026-02-08,14,4,0.173,0.157
CUST-0036,2026-02-15,5,2,0.129,0.16
CUST-0036,2026-02-22,8,3,0.153,0.124
CUST-0036,2026-03-01,9,5,0.189,0.128
CUST-0036,2026-03-08,11,5,0.211,0.136
CUST-0036,2026-03-15,16,13,0.164,0.121
CUST-0036,2026-03-22,9,1,0.191,0.148
CUST-0036,2026-03-29,9,7,0.113,0.16
CUST-0036,2026-04-05,7,5,0.148,0.201
CUST-0036,2026-04-12,12,5,0.151,0.196
CUST-0036,2026-04-19,1,0,0.13,0.238
CUST-0036,2026-04-26,4,2,0.086,0.116
CUST-0036,2026-05-03,5,1,0.173,0.116
CUST-0037,2024-07-02,76,157,0.753,0.833
CUST-0037,2024-07-09,85,394,0.752,0.772
CUST-0037,2024-07-16,85,267,0.813,0.794
CUST-0037,2024-07-23,70,279,0.718,0.803
CUST-0037,2024-07-30,79,356,0.822,0.734
CUST-0037,2024-08-06,83,309,0.802,0.83
CUST-0037,2024-08-13,75,317,0.699,0.737
CUST-0037,2024-08-20,69,124,0.761,0.796
CUST-0037,2024-08-27,81,336,0.855,0.839
CUST-0037,2024-09-03,75,302,0.796,0.793
CUST-0037,2024-09-10,72,281,0.767,0.849
CUST-0037,2024-09-17,68,242,0.813,0.842
CUST-0037,2024-09-24,79,243,0.762,0.917
CUST-0037,2024-10-01,87,269,0.821,0.869
CUST-0037,2024-10-08,88,190,0.792,0.873
CUST-0037,2024-10-15,90,164,0.79,0.872
CUST-0037,2024-10-22,83,258,0.783,0.9
CUST-0037,2024-10-29,95,327,0.781,0.772
CUST-0037,2024-11-05,77,165,0.795,0.98
CUST-0037,2024-11-12,93,166,0.815,0.863
CUST-0037,2024-11-19,93,287,0.795,0.884
CUST-0037,2024-11-26,84,379,0.855,0.895
CUST-0037,2024-12-03,74,283,0.83,0.915
CUST-0037,2024-12-10,80,316,0.802,0.889
CUST-0037,2024-12-17,83,391,0.818,0.822
CUST-0037,2024-12-24,79,134,0.791,0.912
CUST-0037,2024-12-31,76,187,0.728,0.927
CUST-0037,2025-01-07,80,334,0.85,0.852
CUST-0037,2025-01-14,86,336,0.855,0.957
CUST-0037,2025-01-21,88,385,0.841,0.956
CUST-0037,2025-01-28,81,180,0.835,0.943
CUST-0037,2025-02-04,84,161,0.883,0.96
CUST-0037,2025-02-11,95,211,0.927,0.882
CUST-0037,2025-02-18,84,169,0.774,0.836
CUST-0037,2025-02-25,94,315,0.951,1.0
CUST-0037,2025-03-04,76,389,0.857,0.987
CUST-0037,2025-03-11,95,217,0.924,0.913
CUST-0037,2025-03-18,90,227,0.88,0.952
CUST-0037,2025-03-25,87,371,0.801,1.0
CUST-0037,2025-04-01,95,530,0.831,1.0
CUST-0037,2025-04-08,86,486,0.892,0.866
CUST-0037,2025-04-15,95,383,0.86,0.873
CUST-0037,2025-04-22,84,213,0.888,0.934
CUST-0037,2025-04-29,91,289,0.959,0.978
CUST-0037,2025-05-06,95,516,0.839,0.947
CUST-0037,2025-05-13,85,207,0.868,0.984
CUST-0037,2025-05-20,74,143,0.851,0.845
CUST-0037,2025-05-27,81,165,0.906,0.839
CUST-0037,2025-06-03,91,225,0.833,0.925
CUST-0037,2025-06-10,82,438,0.976,1.0
CUST-0037,2025-06-17,95,281,0.905,0.975
CUST-0037,2025-06-24,91,205,0.895,0.938
CUST-0037,2025-07-01,95,227,0.82,1.0
CUST-0037,2025-07-08,88,375,0.877,1.0
CUST-0037,2025-07-15,95,373,0.986,0.938
CUST-0037,2025-07-22,95,502,0.873,0.992
CUST-0037,2025-07-29,95,475,1.0,1.0
CUST-0037,2025-08-05,95,178,0.844,1.0
CUST-0037,2025-08-12,95,414,0.962,0.927
CUST-0037,2025-08-19,81,281,0.957,1.0
CUST-0037,2025-08-26,88,154,0.977,1.0
CUST-0037,2025-09-02,95,293,0.824,0.893
CUST-0037,2025-09-09,95,533,0.902,1.0
CUST-0037,2025-09-16,94,484,0.854,0.939
CUST-0037,2025-09-23,89,324,0.867,1.0
CUST-0037,2025-09-30,95,468,0.926,0.868
CUST-0037,2025-10-07,94,273,0.832,1.0
CUST-0037,2025-10-14,92,158,0.932,0.93
CUST-0037,2025-10-21,81,259,0.865,1.0
CUST-0037,2025-10-28,94,204,0.904,0.983
CUST-0037,2025-11-04,95,319,0.902,0.953
CUST-0037,2025-11-11,95,163,0.863,1.0
CUST-0037,2025-11-18,95,389,0.909,0.997
CUST-0037,2025-11-25,95,316,0.857,0.99
CUST-0037,2025-12-02,95,405,0.924,1.0
CUST-0037,2025-12-09,95,475,0.932,0.946
CUST-0037,2025-12-16,90,347,1.0,0.999
CUST-0037,2025-12-23,95,512,0.933,1.0
CUST-0037,2025-12-30,95,523,0.919,0.87
CUST-0037,2026-01-06,94,547,0.878,1.0
CUST-0037,2026-01-13,87,315,0.881,1.0
CUST-0037,2026-01-20,95,222,0.894,1.0
CUST-0037,2026-01-27,88,227,0.89,1.0
CUST-0037,2026-02-03,85,405,0.896,0.985
CUST-0037,2026-02-10,93,418,0.849,1.0
CUST-0037,2026-02-17,95,465,0.959,0.982
CUST-0037,2026-02-24,95,503,0.975,1.0
CUST-0037,2026-03-03,95,339,0.93,0.974
CUST-0037,2026-03-10,95,546,0.968,0.989
CUST-0037,2026-03-17,95,266,0.899,0.976
CUST-0037,2026-03-24,91,459,0.943,0.981
CUST-0037,2026-03-31,90,212,0.873,0.99
CUST-0037,2026-04-07,85,383,0.974,0.99
CUST-0037,2026-04-14,95,361,0.928,0.949
CUST-0037,2026-04-21,92,517,0.98,0.885
CUST-0037,2026-04-28,95,440,0.925,1.0
CUST-0037,2026-05-05,93,254,0.826,1.0
CUST-0037,2026-05-12,85,385,0.893,0.995
CUST-0037,2026-05-19,95,415,0.898,0.941
CUST-0037,2026-05-26,95,557,0.918,1.0
CUST-0037,2026-06-02,90,348,0.935,1.0
CUST-0037,2026-06-09,95,487,0.866,0.894
CUST-0037,2026-06-16,91,427,0.927,1.0
CUST-0037,2026-06-23,95,163,0.936,0.935
CUST-0038,2025-01-07,12,14,0.6,0.591
CUST-0038,2025-01-14,13,47,0.508,0.579
CUST-0038,2025-01-21,12,12,0.607,0.671
CUST-0038,2025-01-28,12,27,0.565,0.625
CUST-0038,2025-02-04,10,11,0.702,0.498
CUST-0038,2025-02-11,12,27,0.525,0.712
CUST-0038,2025-02-18,12,17,0.656,0.499
CUST-0038,2025-02-25,10,19,0.558,0.698
CUST-0038,2025-03-04,10,22,0.45,0.559
CUST-0038,2025-03-11,10,21,0.544,0.675
CUST-0038,2025-03-18,8,19,0.522,0.655
CUST-0038,2025-03-25,14,36,0.505,0.705
CUST-0038,2025-04-01,12,21,0.475,0.512
CUST-0038,2025-04-08,9,27,0.513,0.589
CUST-0038,2025-04-15,9,10,0.481,0.502
CUST-0038,2025-04-22,9,8,0.555,0.554
CUST-0038,2025-04-29,15,20,0.626,0.552
CUST-0038,2025-05-06,11,13,0.487,0.573
CUST-0038,2025-05-13,12,20,0.514,0.635
CUST-0038,2025-05-20,13,34,0.526,0.593
CUST-0038,2025-05-27,12,37,0.548,0.572
CUST-0038,2025-06-03,13,18,0.515,0.601
CUST-0038,2025-06-10,10,31,0.548,0.557
CUST-0038,2025-06-17,12,22,0.436,0.537
CUST-0038,2025-06-24,7,21,0.561,0.593
CUST-0038,2025-07-01,11,19,0.479,0.548
CUST-0038,2025-07-08,8,20,0.416,0.493
CUST-0038,2025-07-15,13,16,0.535,0.458
CUST-0038,2025-07-22,9,12,0.564,0.587
CUST-0038,2025-07-29,8,14,0.493,0.51
CUST-0038,2025-08-05,11,20,0.53,0.55
CUST-0038,2025-08-12,10,19,0.401,0.521
CUST-0038,2025-08-19,12,10,0.463,0.543
CUST-0038,2025-08-26,12,21,0.574,0.514
CUST-0038,2025-09-02,11,20,0.479,0.507
CUST-0038,2025-09-09,10,8,0.407,0.464
CUST-0038,2025-09-16,11,26,0.463,0.478
CUST-0038,2025-09-23,7,14,0.48,0.579
CUST-0038,2025-09-30,10,19,0.498,0.52
CUST-0038,2025-10-07,9,6,0.363,0.46
CUST-0038,2025-10-14,9,18,0.602,0.523
CUST-0038,2025-10-21,9,18,0.516,0.533
CUST-0038,2025-10-28,7,10,0.448,0.399
CUST-0038,2025-11-04,7,14,0.397,0.486
CUST-0038,2025-11-11,7,19,0.426,0.446
CUST-0038,2025-11-18,8,11,0.461,0.349
CUST-0038,2025-11-25,11,13,0.337,0.538
CUST-0038,2025-12-02,11,14,0.447,0.45
CUST-0038,2025-12-09,6,6,0.324,0.47
CUST-0038,2025-12-16,10,23,0.449,0.475
CUST-0038,2025-12-23,9,23,0.41,0.55
CUST-0038,2025-12-30,10,20,0.451,0.387
CUST-0038,2026-01-06,8,11,0.468,0.424
CUST-0038,2026-01-13,9,13,0.466,0.52
CUST-0038,2026-01-20,7,17,0.406,0.439
CUST-0038,2026-01-27,9,16,0.343,0.426
CUST-0038,2026-02-03,9,22,0.376,0.523
CUST-0038,2026-02-10,8,20,0.479,0.514
CUST-0038,2026-02-17,5,12,0.444,0.315
CUST-0038,2026-02-24,10,18,0.375,0.448
CUST-0038,2026-03-03,10,22,0.354,0.494
CUST-0038,2026-03-10,6,8,0.439,0.467
CUST-0038,2026-03-17,11,14,0.374,0.486
CUST-0038,2026-03-24,10,6,0.415,0.368
CUST-0038,2026-03-31,8,14,0.324,0.459
CUST-0038,2026-04-07,8,13,0.348,0.393
CUST-0038,2026-04-14,7,7,0.454,0.472
CUST-0038,2026-04-21,6,12,0.405,0.417
CUST-0038,2026-04-28,9,15,0.343,0.385
CUST-0038,2026-05-05,9,8,0.365,0.408
CUST-0038,2026-05-12,7,9,0.457,0.373
CUST-0038,2026-05-19,8,16,0.422,0.291
CUST-0038,2026-05-26,5,3,0.358,0.392
CUST-0038,2026-06-02,5,10,0.27,0.327
CUST-0038,2026-06-09,7,10,0.365,0.514
CUST-0038,2026-06-16,6,12,0.318,0.338
CUST-0038,2026-06-23,9,16,0.318,0.45
CUST-0039,2025-05-06,286,691,0.461,0.598
CUST-0039,2025-05-13,221,383,0.494,0.444
CUST-0039,2025-05-20,257,591,0.474,0.517
CUST-0039,2025-05-27,236,741,0.49,0.508
CUST-0039,2025-06-03,231,262,0.449,0.619
CUST-0039,2025-06-10,232,643,0.508,0.483
CUST-0039,2025-06-17,200,351,0.442,0.542
CUST-0039,2025-06-24,232,584,0.527,0.494
CUST-0039,2025-07-01,223,465,0.447,0.459
CUST-0039,2025-07-08,223,286,0.479,0.6
CUST-0039,2025-07-15,301,472,0.531,0.552
CUST-0039,2025-07-22,204,334,0.488,0.481
CUST-0039,2025-07-29,211,175,0.488,0.565
CUST-0039,2025-08-05,165,197,0.555,0.529
CUST-0039,2025-08-12,239,622,0.532,0.6
CUST-0039,2025-08-19,262,630,0.495,0.533
CUST-0039,2025-08-26,194,211,0.533,0.579
CUST-0039,2025-09-02,234,559,0.492,0.506
CUST-0039,2025-09-09,302,862,0.525,0.516
CUST-0039,2025-09-16,237,410,0.474,0.575
CUST-0039,2025-09-23,242,762,0.476,0.366
CUST-0039,2025-09-30,242,334,0.487,0.553
CUST-0039,2025-10-07,233,438,0.517,0.579
CUST-0039,2025-10-14,170,201,0.501,0.545
CUST-0039,2025-10-21,226,438,0.489,0.526
CUST-0039,2025-10-28,180,217,0.506,0.544
CUST-0039,2025-11-04,249,528,0.451,0.488
CUST-0039,2025-11-11,270,704,0.427,0.493
CUST-0039,2025-11-18,219,288,0.427,0.493
CUST-0039,2025-11-25,193,201,0.492,0.396
CUST-0039,2025-12-02,249,388,0.468,0.441
CUST-0039,2025-12-09,198,491,0.424,0.513
CUST-0039,2025-12-16,168,285,0.476,0.42
CUST-0039,2025-12-23,206,385,0.494,0.488
CUST-0039,2025-12-30,141,276,0.507,0.621
CUST-0039,2026-01-06,151,120,0.504,0.513
CUST-0039,2026-01-13,242,279,0.419,0.514
CUST-0039,2026-01-20,242,556,0.474,0.576
CUST-0039,2026-01-27,233,589,0.491,0.558
CUST-0039,2026-02-03,202,201,0.412,0.464
CUST-0039,2026-02-10,206,515,0.528,0.497
CUST-0039,2026-02-17,294,313,0.527,0.43
CUST-0039,2026-02-24,212,426,0.407,0.358
CUST-0039,2026-03-03,198,253,0.386,0.351
CUST-0039,2026-03-10,222,641,0.415,0.446
CUST-0039,2026-03-17,261,692,0.536,0.38
CUST-0039,2026-03-24,199,522,0.34,0.541
CUST-0039,2026-03-31,228,533,0.383,0.455
CUST-0040,2025-01-10,48,111,0.639,0.551
CUST-0040,2025-01-17,42,91,0.54,0.504
CUST-0040,2025-01-24,44,89,0.502,0.56
CUST-0040,2025-01-31,46,40,0.568,0.598
CUST-0040,2025-02-07,53,109,0.462,0.507
CUST-0040,2025-02-14,51,102,0.419,0.494
CUST-0040,2025-02-21,55,89,0.46,0.544
CUST-0040,2025-02-28,51,120,0.52,0.472
CUST-0040,2025-03-07,39,75,0.404,0.457
CUST-0040,2025-03-14,37,62,0.486,0.439
CUST-0040,2025-03-21,46,83,0.44,0.36
CUST-0040,2025-03-28,66,51,0.484,0.442
CUST-0040,2025-04-04,35,37,0.39,0.429
CUST-0040,2025-04-11,38,29,0.391,0.444
CUST-0040,2025-04-18,47,125,0.423,0.444
CUST-0040,2025-04-25,48,96,0.353,0.404
CUST-0040,2025-05-02,44,74,0.391,0.417
CUST-0040,2025-05-09,33,44,0.398,0.458
CUST-0040,2025-05-16,31,30,0.499,0.415
CUST-0040,2025-05-23,49,56,0.32,0.458
CUST-0040,2025-05-30,43,70,0.315,0.346
CUST-0040,2025-06-06,44,93,0.356,0.448
CUST-0040,2025-06-13,52,114,0.33,0.412
CUST-0040,2025-06-20,39,27,0.332,0.345
CUST-0040,2025-06-27,28,61,0.301,0.348
CUST-0040,2025-07-04,35,38,0.224,0.352
CUST-0040,2025-07-11,25,48,0.384,0.394
CUST-0040,2025-07-18,41,71,0.331,0.394
CUST-0040,2025-07-25,40,54,0.339,0.311
CUST-0040,2025-08-01,35,67,0.269,0.329
CUST-0040,2025-08-08,19,18,0.302,0.279
CUST-0040,2025-08-15,21,33,0.228,0.395
CUST-0040,2025-08-22,35,46,0.323,0.3
CUST-0040,2025-08-29,17,26,0.355,0.305
CUST-0040,2025-09-05,36,23,0.314,0.397
CUST-0040,2025-09-12,40,34,0.294,0.246
CUST-0040,2025-09-19,32,29,0.346,0.29
CUST-0040,2025-09-26,28,15,0.286,0.302
CUST-0040,2025-10-03,25,28,0.214,0.284
CUST-0040,2025-10-10,31,38,0.249,0.294
CUST-0040,2025-10-17,25,18,0.223,0.276
CUST-0040,2025-10-24,23,32,0.292,0.18
CUST-0040,2025-10-31,24,28,0.297,0.306
CUST-0040,2025-11-07,28,14,0.283,0.181
CUST-0040,2025-11-14,32,27,0.244,0.165
CUST-0040,2025-11-21,16,17,0.132,0.211
CUST-0040,2025-11-28,15,11,0.183,0.205
CUST-0040,2025-12-05,13,8,0.102,0.231
CUST-0040,2025-12-12,2,1,0.1,0.298
CUST-0040,2025-12-19,26,25,0.06,0.135
CUST-0040,2025-12-26,16,7,0.135,0.121
CUST-0040,2026-01-02,12,9,0.172,0.093
CUST-0041,2024-07-02,20,35,0.368,0.238
CUST-0041,2024-07-09,14,18,0.373,0.381
CUST-0041,2024-07-16,19,29,0.315,0.484
CUST-0041,2024-07-23,22,18,0.359,0.374
CUST-0041,2024-07-30,19,45,0.422,0.497
CUST-0041,2024-08-06,18,16,0.399,0.418
CUST-0041,2024-08-13,12,9,0.454,0.391
CUST-0041,2024-08-20,23,50,0.395,0.359
CUST-0041,2024-08-27,17,17,0.389,0.454
CUST-0041,2024-09-03,22,36,0.366,0.473
CUST-0041,2024-09-10,18,21,0.355,0.386
CUST-0041,2024-09-17,23,42,0.383,0.339
CUST-0041,2024-09-24,18,45,0.443,0.369
CUST-0041,2024-10-01,11,16,0.356,0.401
CUST-0041,2024-10-08,18,26,0.348,0.521
CUST-0041,2024-10-15,17,39,0.402,0.388
CUST-0041,2024-10-22,21,53,0.397,0.532
CUST-0041,2024-10-29,20,45,0.438,0.417
CUST-0041,2024-11-05,20,46,0.32,0.414
CUST-0041,2024-11-12,22,53,0.457,0.465
CUST-0041,2024-11-19,18,38,0.355,0.395
CUST-0041,2024-11-26,16,24,0.458,0.434
CUST-0041,2024-12-03,16,28,0.417,0.41
CUST-0041,2024-12-10,16,33,0.421,0.434
CUST-0041,2024-12-17,21,34,0.391,0.435
CUST-0041,2024-12-24,29,53,0.411,0.506
CUST-0041,2024-12-31,22,16,0.448,0.455
CUST-0041,2025-01-07,21,49,0.437,0.524
CUST-0041,2025-01-14,16,19,0.36,0.522
CUST-0041,2025-01-21,21,52,0.44,0.523
CUST-0041,2025-01-28,19,31,0.304,0.435
CUST-0041,2025-02-04,24,53,0.442,0.438
CUST-0041,2025-02-11,18,44,0.495,0.485
CUST-0041,2025-02-18,21,21,0.464,0.452
CUST-0041,2025-02-25,21,22,0.404,0.599
CUST-0041,2025-03-04,23,32,0.479,0.535
CUST-0041,2025-03-11,19,19,0.423,0.491
CUST-0041,2025-03-18,19,28,0.475,0.55
CUST-0041,2025-03-25,23,32,0.422,0.583
CUST-0041,2025-04-01,20,19,0.48,0.423
CUST-0041,2025-04-08,21,22,0.39,0.473
CUST-0041,2025-04-15,23,17,0.417,0.416
CUST-0041,2025-04-22,13,23,0.536,0.428
CUST-0041,2025-04-29,19,51,0.445,0.42
CUST-0041,2025-05-06,21,41,0.393,0.399
CUST-0041,2025-05-13,22,32,0.426,0.491
CUST-0041,2025-05-20,22,51,0.397,0.455
CUST-0041,2025-05-27,27,69,0.475,0.365
CUST-0041,2025-06-03,25,26,0.553,0.594
CUST-0041,2025-06-10,22,64,0.534,0.476
CUST-0041,2025-06-17,21,18,0.498,0.54
CUST-0041,2025-06-24,23,19,0.469,0.409
CUST-0041,2025-07-01,24,43,0.408,0.511
CUST-0041,2025-07-08,22,38,0.368,0.423
CUST-0041,2025-07-15,21,48,0.399,0.473
CUST-0041,2025-07-22,24,47,0.448,0.391
CUST-0041,2025-07-29,28,74,0.432,0.609
CUST-0041,2025-08-05,22,66,0.483,0.466
CUST-0041,2025-08-12,26,68,0.525,0.523
CUST-0041,2025-08-19,26,41,0.454,0.558
CUST-0041,2025-08-26,26,76,0.39,0.624
CUST-0041,2025-09-02,26,59,0.553,0.467
CUST-0041,2025-09-09,28,65,0.582,0.593
CUST-0041,2025-09-16,24,34,0.512,0.491
CUST-0041,2025-09-23,29,85,0.442,0.577
CUST-0041,2025-09-30,18,17,0.35,0.569
CUST-0041,2025-10-07,22,38,0.435,0.505
CUST-0041,2025-10-14,19,20,0.437,0.515
CUST-0041,2025-10-21,31,55,0.577,0.602
CUST-0041,2025-10-28,21,22,0.495,0.468
CUST-0041,2025-11-04,26,27,0.422,0.552
CUST-0041,2025-11-11,23,53,0.511,0.581
CUST-0041,2025-11-18,20,42,0.505,0.575
CUST-0041,2025-11-25,25,77,0.467,0.628
CUST-0041,2025-12-02,23,40,0.469,0.546
CUST-0041,2025-12-09,24,30,0.507,0.587
CUST-0041,2025-12-16,22,26,0.447,0.499
CUST-0041,2025-12-23,22,23,0.515,0.622
CUST-0041,2025-12-30,21,65,0.519,0.631
CUST-0041,2026-01-06,20,33,0.554,0.601
CUST-0041,2026-01-13,24,69,0.564,0.612
CUST-0041,2026-01-20,31,103,0.549,0.568
CUST-0041,2026-01-27,26,70,0.557,0.528
CUST-0041,2026-02-03,24,63,0.634,0.458
CUST-0041,2026-02-10,25,73,0.501,0.516
CUST-0041,2026-02-17,22,44,0.528,0.49
CUST-0041,2026-02-24,29,64,0.549,0.594
CUST-0041,2026-03-03,29,34,0.461,0.541
CUST-0041,2026-03-10,30,37,0.496,0.6
CUST-0041,2026-03-17,28,28,0.565,0.62
CUST-0041,2026-03-24,20,31,0.579,0.636
CUST-0041,2026-03-31,29,58,0.567,0.589
CUST-0041,2026-04-07,21,40,0.513,0.576
CUST-0041,2026-04-14,30,67,0.604,0.618
CUST-0041,2026-04-21,22,28,0.53,0.611
CUST-0041,2026-04-28,22,19,0.59,0.721
CUST-0041,2026-05-05,27,25,0.445,0.552
CUST-0041,2026-05-12,31,106,0.472,0.594
CUST-0041,2026-05-19,22,65,0.511,0.498
CUST-0041,2026-05-26,23,56,0.512,0.613
CUST-0041,2026-06-02,24,82,0.502,0.605
CUST-0041,2026-06-09,33,41,0.549,0.71
CUST-0041,2026-06-16,27,28,0.5,0.624
CUST-0041,2026-06-23,30,37,0.617,0.601
CUST-0042,2024-02-15,5,8,0.72,0.717
CUST-0042,2024-02-22,5,19,0.592,0.623
CUST-0042,2024-02-29,5,6,0.63,0.618
CUST-0042,2024-03-07,4,5,0.616,0.68
CUST-0042,2024-03-14,5,5,0.564,0.573
CUST-0042,2024-03-21,5,11,0.668,0.705
CUST-0042,2024-03-28,5,19,0.623,0.683
CUST-0042,2024-04-04,4,15,0.626,0.611
CUST-0042,2024-04-11,5,6,0.59,0.726
CUST-0042,2024-04-18,5,11,0.606,0.713
CUST-0042,2024-04-25,4,12,0.681,0.583
CUST-0042,2024-05-02,4,6,0.549,0.59
CUST-0042,2024-05-09,6,19,0.576,0.595
CUST-0042,2024-05-16,4,13,0.567,0.641
CUST-0042,2024-05-23,5,11,0.544,0.763
CUST-0042,2024-05-30,5,5,0.611,0.527
CUST-0042,2024-06-06,5,5,0.607,0.633
CUST-0042,2024-06-13,5,6,0.572,0.618
CUST-0042,2024-06-20,5,6,0.558,0.706
CUST-0042,2024-06-27,5,11,0.516,0.623
CUST-0042,2024-07-04,4,6,0.56,0.63
CUST-0042,2024-07-11,4,12,0.571,0.566
CUST-0042,2024-07-18,4,9,0.53,0.523
CUST-0042,2024-07-25,5,14,0.528,0.516
CUST-0042,2024-08-01,4,4,0.582,0.587
CUST-0042,2024-08-08,4,10,0.489,0.68
CUST-0042,2024-08-15,4,8,0.549,0.462
CUST-0042,2024-08-22,4,8,0.547,0.519
CUST-0042,2024-08-29,3,8,0.55,0.559
CUST-0042,2024-09-05,5,16,0.625,0.626
CUST-0042,2024-09-12,5,11,0.58,0.622
CUST-0042,2024-09-19,5,14,0.532,0.556
CUST-0042,2024-09-26,4,9,0.541,0.535
CUST-0042,2024-10-03,5,5,0.508,0.503
CUST-0042,2024-10-10,5,7,0.463,0.482
CUST-0042,2024-10-17,3,9,0.59,0.608
CUST-0042,2024-10-24,5,15,0.541,0.585
CUST-0042,2024-10-31,4,7,0.524,0.576
CUST-0042,2024-11-07,3,7,0.446,0.599
CUST-0042,2024-11-14,5,15,0.498,0.477
CUST-0042,2024-11-21,4,10,0.463,0.39
CUST-0042,2024-11-28,3,6,0.453,0.57
CUST-0042,2024-12-05,5,5,0.491,0.617
CUST-0042,2024-12-12,4,11,0.481,0.459
CUST-0042,2024-12-19,4,3,0.486,0.45
CUST-0042,2024-12-26,3,6,0.493,0.612
CUST-0042,2025-01-02,3,3,0.504,0.485
CUST-0042,2025-01-09,3,5,0.576,0.512
CUST-0042,2025-01-16,5,8,0.438,0.512
CUST-0042,2025-01-23,3,2,0.528,0.495
CUST-0042,2025-01-30,3,6,0.478,0.582
CUST-0042,2025-02-06,3,3,0.479,0.531
CUST-0042,2025-02-13,3,6,0.445,0.455
CUST-0042,2025-02-20,3,5,0.513,0.556
CUST-0042,2025-02-27,4,7,0.418,0.514
CUST-0042,2025-03-06,3,7,0.396,0.568
CUST-0042,2025-03-13,4,8,0.36,0.29
CUST-0042,2025-03-20,4,4,0.438,0.454
CUST-0042,2025-03-27,4,3,0.515,0.576
CUST-0042,2025-04-03,4,7,0.386,0.518
CUST-0042,2025-04-10,3,5,0.493,0.473
CUST-0042,2025-04-17,4,5,0.444,0.372
CUST-0042,2025-04-24,4,8,0.374,0.477
CUST-0042,2025-05-01,4,3,0.391,0.358
CUST-0042,2025-05-08,2,2,0.39,0.409
CUST-0042,2025-05-15,3,7,0.342,0.367
CUST-0042,2025-05-22,3,4,0.432,0.408
CUST-0042,2025-05-29,4,5,0.438,0.445
CUST-0042,2025-06-05,3,5,0.507,0.519
CUST-0042,2025-06-12,4,2,0.395,0.419
CUST-0042,2025-06-19,3,4,0.376,0.586
CUST-0042,2025-06-26,3,2,0.387,0.387
CUST-0042,2025-07-03,3,7,0.452,0.269
CUST-0042,2025-07-10,3,2,0.325,0.447
CUST-0042,2025-07-17,3,7,0.402,0.535
CUST-0042,2025-07-24,4,10,0.466,0.431
CUST-0042,2025-07-31,4,3,0.455,0.416
CUST-0042,2025-08-07,2,2,0.393,0.405
CUST-0042,2025-08-14,3,2,0.432,0.415
CUST-0042,2025-08-21,4,4,0.373,0.405
CUST-0042,2025-08-28,3,6,0.365,0.34
CUST-0042,2025-09-04,4,7,0.285,0.306
CUST-0042,2025-09-11,2,3,0.363,0.347
CUST-0042,2025-09-18,2,2,0.413,0.348
CUST-0042,2025-09-25,3,5,0.305,0.401
CUST-0042,2025-10-02,2,1,0.444,0.327
CUST-0042,2025-10-09,2,3,0.341,0.286
CUST-0042,2025-10-16,3,6,0.406,0.332
CUST-0042,2025-10-23,3,3,0.343,0.433
CUST-0042,2025-10-30,3,5,0.291,0.339
CUST-0042,2025-11-06,2,2,0.358,0.399
CUST-0042,2025-11-13,3,3,0.304,0.395
CUST-0042,2025-11-20,3,4,0.27,0.314
CUST-0042,2025-11-27,2,2,0.305,0.307
CUST-0042,2025-12-04,2,2,0.32,0.273
CUST-0042,2025-12-11,1,1,0.201,0.235
CUST-0042,2025-12-18,3,2,0.324,0.373
CUST-0042,2025-12-25,1,2,0.361,0.4
CUST-0042,2026-01-01,2,1,0.424,0.339
CUST-0042,2026-01-08,2,3,0.254,0.321
CUST-0042,2026-01-15,2,2,0.369,0.34
CUST-0042,2026-01-22,2,3,0.266,0.249
CUST-0042,2026-01-29,2,2,0.278,0.305
CUST-0042,2026-02-05,2,1,0.288,0.293
CUST-0043,2025-05-06,15,43,0.405,0.455
CUST-0043,2025-05-13,15,42,0.464,0.457
CUST-0043,2025-05-20,14,38,0.468,0.6
CUST-0043,2025-05-27,13,22,0.433,0.643
CUST-0043,2025-06-03,17,50,0.526,0.49
CUST-0043,2025-06-10,19,36,0.443,0.619
CUST-0043,2025-06-17,17,52,0.509,0.46
CUST-0043,2025-06-24,9,11,0.507,0.547
CUST-0043,2025-07-01,14,37,0.494,0.458
CUST-0043,2025-07-08,18,31,0.499,0.566
CUST-0043,2025-07-15,16,24,0.559,0.609
CUST-0043,2025-07-22,18,42,0.567,0.502
CUST-0043,2025-07-29,21,40,0.61,0.483
CUST-0043,2025-08-05,15,18,0.537,0.574
CUST-0043,2025-08-12,10,20,0.603,0.614
CUST-0043,2025-08-19,15,18,0.507,0.623
CUST-0043,2025-08-26,17,27,0.552,0.573
CUST-0043,2025-09-02,16,52,0.562,0.591
CUST-0043,2025-09-09,17,44,0.471,0.658
CUST-0043,2025-09-16,17,56,0.555,0.705
CUST-0043,2025-09-23,11,24,0.549,0.575
CUST-0043,2025-09-30,17,24,0.495,0.518
CUST-0043,2025-10-07,19,66,0.595,0.682
CUST-0043,2025-10-14,14,23,0.661,0.58
CUST-0043,2025-10-21,19,51,0.633,0.687
CUST-0043,2025-10-28,18,22,0.553,0.515
CUST-0043,2025-11-04,18,62,0.612,0.655
CUST-0043,2025-11-11,20,59,0.559,0.737
CUST-0043,2025-11-18,16,31,0.493,0.629
CUST-0043,2025-11-25,17,65,0.61,0.636
CUST-0043,2025-12-02,21,63,0.592,0.69
CUST-0043,2025-12-09,21,36,0.612,0.724
CUST-0043,2025-12-16,19,72,0.478,0.714
CUST-0043,2025-12-23,22,41,0.614,0.685
CUST-0043,2025-12-30,22,27,0.638,0.579
CUST-0043,2026-01-06,20,77,0.647,0.596
CUST-0043,2026-01-13,16,52,0.627,0.735
CUST-0043,2026-01-20,20,66,0.517,0.667
CUST-0043,2026-01-27,22,37,0.635,0.761
CUST-0043,2026-02-03,17,54,0.608,0.666
CUST-0043,2026-02-10,22,60,0.676,0.725
CUST-0043,2026-02-17,16,63,0.618,0.817
CUST-0043,2026-02-24,16,20,0.666,0.711
CUST-0043,2026-03-03,15,56,0.691,0.693
CUST-0043,2026-03-10,21,91,0.748,0.724
CUST-0043,2026-03-17,20,57,0.718,0.788
CUST-0043,2026-03-24,23,42,0.644,0.76
CUST-0043,2026-03-31,22,92,0.679,0.709
CUST-0043,2026-04-07,22,89,0.621,0.722
CUST-0043,2026-04-14,22,63,0.638,0.767
CUST-0043,2026-04-21,23,46,0.719,0.816
CUST-0043,2026-04-28,20,40,0.68,0.76
CUST-0043,2026-05-05,24,84,0.727,0.838
CUST-0043,2026-05-12,22,60,0.643,0.662
CUST-0043,2026-05-19,20,87,0.693,0.785
CUST-0043,2026-05-26,20,68,0.715,0.716
CUST-0043,2026-06-02,25,52,0.77,0.842
CUST-0043,2026-06-09,22,75,0.683,0.777
CUST-0043,2026-06-16,19,83,0.665,0.643
CUST-0043,2026-06-23,20,46,0.747,0.787
CUST-0044,2026-04-04,30,28,0.434,0.546
CUST-0044,2026-04-11,26,32,0.476,0.364
CUST-0044,2026-04-18,44,81,0.523,0.482
CUST-0044,2026-04-25,31,33,0.505,0.332
CUST-0044,2026-05-02,29,47,0.45,0.49
CUST-0044,2026-05-09,31,72,0.385,0.444
CUST-0044,2026-05-16,27,20,0.438,0.472
CUST-0044,2026-05-23,30,73,0.441,0.391
CUST-0045,2026-01-06,92,351,0.778,0.822
CUST-0045,2026-01-13,79,139,0.72,0.717
CUST-0045,2026-01-20,83,103,0.764,0.852
CUST-0045,2026-01-27,85,251,0.818,0.863
CUST-0045,2026-02-03,97,338,0.777,0.82
CUST-0045,2026-02-10,69,263,0.847,0.86
CUST-0045,2026-02-17,69,136,0.752,0.837
CUST-0045,2026-02-24,86,129,0.765,0.817
CUST-0045,2026-03-03,82,182,0.681,0.834
CUST-0045,2026-03-10,81,341,0.853,0.911
CUST-0045,2026-03-17,88,302,0.756,0.876
CUST-0045,2026-03-24,91,264,0.829,0.77
CUST-0045,2026-03-31,85,112,0.8,0.927
CUST-0045,2026-04-07,61,191,0.793,0.856
CUST-0045,2026-04-14,99,241,0.704,0.887
CUST-0045,2026-04-21,99,282,0.78,0.893
CUST-0045,2026-04-28,90,278,0.786,0.923
CUST-0045,2026-05-05,84,205,0.869,0.891
CUST-0045,2026-05-12,83,406,0.882,1.0
CUST-0045,2026-05-19,78,392,0.819,0.948
CUST-0045,2026-05-26,99,268,0.792,1.0
CUST-0045,2026-06-02,99,513,0.774,0.923
CUST-0045,2026-06-09,99,289,0.922,0.917
CUST-0045,2026-06-16,90,284,0.827,0.954
CUST-0045,2026-06-23,83,314,0.923,0.96
CUST-0046,2024-07-02,17,35,0.499,0.654
CUST-0046,2024-07-09,13,42,0.548,0.636
CUST-0046,2024-07-16,15,53,0.498,0.628
CUST-0046,2024-07-23,15,28,0.506,0.566
CUST-0046,2024-07-30,16,34,0.533,0.57
CUST-0046,2024-08-06,14,22,0.59,0.671
CUST-0046,2024-08-13,17,36,0.59,0.683
CUST-0046,2024-08-20,11,26,0.431,0.57
CUST-0046,2024-08-27,15,30,0.484,0.672
CUST-0046,2024-09-03,20,74,0.602,0.626
CUST-0046,2024-09-10,15,54,0.483,0.559
CUST-0046,2024-09-17,12,15,0.546,0.656
CUST-0046,2024-09-24,18,22,0.556,0.639
CUST-0046,2024-10-01,17,20,0.544,0.654
CUST-0046,2024-10-08,17,49,0.521,0.685
CUST-0046,2024-10-15,18,25,0.629,0.681
CUST-0046,2024-10-22,20,56,0.614,0.611
CUST-0046,2024-10-29,19,60,0.63,0.604
CUST-0046,2024-11-05,18,58,0.73,0.69
CUST-0046,2024-11-12,21,65,0.714,0.597
CUST-0046,2024-11-19,22,25,0.57,0.738
CUST-0046,2024-11-26,22,31,0.664,0.631
CUST-0046,2024-12-03,17,17,0.686,0.703
CUST-0046,2024-12-10,22,38,0.597,0.581
CUST-0046,2024-12-17,17,33,0.642,0.738
CUST-0046,2024-12-24,20,77,0.67,0.752
CUST-0046,2024-12-31,20,81,0.724,0.68
CUST-0046,2025-01-07,21,26,0.602,0.632
CUST-0046,2025-01-14,20,82,0.602,0.701
CUST-0046,2025-01-21,20,28,0.676,0.703
CUST-0046,2025-01-28,20,85,0.703,0.809
CUST-0046,2025-02-04,20,26,0.658,0.615
CUST-0046,2025-02-11,15,49,0.721,0.747
CUST-0046,2025-02-18,22,25,0.681,0.759
CUST-0046,2025-02-25,23,90,0.728,0.803
CUST-0046,2025-03-04,20,74,0.699,0.857
CUST-0046,2025-03-11,22,98,0.758,0.833
CUST-0046,2025-03-18,22,29,0.677,0.822
CUST-0046,2025-03-25,22,72,0.634,0.756
CUST-0046,2025-04-01,17,70,0.723,0.788
CUST-0046,2025-04-08,18,58,0.674,0.809
CUST-0046,2025-04-15,21,74,0.81,0.765
CUST-0046,2025-04-22,19,51,0.759,0.765
CUST-0046,2025-04-29,24,81,0.735,0.772
CUST-0046,2025-05-06,25,41,0.741,0.773
CUST-0046,2025-05-13,20,93,0.738,0.835
CUST-0046,2025-05-20,22,52,0.794,0.759
CUST-0046,2025-05-27,23,31,0.757,0.792
CUST-0046,2025-06-03,24,100,0.756,0.735
CUST-0046,2025-06-10,23,106,0.732,0.811
CUST-0046,2025-06-17,28,120,0.804,0.827
CUST-0046,2025-06-24,24,61,0.814,0.824
CUST-0046,2025-07-01,22,33,0.835,0.747
CUST-0046,2025-07-08,20,60,0.688,0.971
CUST-0046,2025-07-15,23,94,0.769,0.908
CUST-0046,2025-07-22,23,57,0.846,0.873
CUST-0046,2025-07-29,28,79,0.849,0.869
CUST-0046,2025-08-05,26,129,0.801,1.0
CUST-0046,2025-08-12,24,37,0.775,0.88
CUST-0046,2025-08-19,24,75,0.719,0.95
CUST-0046,2025-08-26,25,131,0.818,0.842
CUST-0046,2025-09-02,25,37,0.887,0.947
CUST-0046,2025-09-09,23,61,0.937,0.902
CUST-0046,2025-09-16,25,136,0.861,0.997
CUST-0046,2025-09-23,26,138,0.877,0.934
CUST-0046,2025-09-30,23,89,0.851,0.993
CUST-0046,2025-10-07,24,114,0.846,0.929
CUST-0046,2025-10-14,23,49,0.81,0.918
CUST-0046,2025-10-21,24,97,0.832,1.0
CUST-0046,2025-10-28,28,151,0.85,0.993
CUST-0046,2025-11-04,19,99,0.803,0.929
CUST-0046,2025-11-11,28,148,0.853,0.938
CUST-0046,2025-11-18,28,41,0.806,0.901
CUST-0046,2025-11-25,26,73,0.825,1.0
CUST-0046,2025-12-02,28,154,0.843,0.955
CUST-0046,2025-12-09,28,113,0.874,1.0
CUST-0046,2025-12-16,28,83,0.807,0.896
CUST-0046,2025-12-23,28,96,0.915,0.972
CUST-0046,2025-12-30,28,116,0.924,0.97
CUST-0046,2026-01-06,27,118,0.934,1.0
CUST-0046,2026-01-13,26,136,0.983,0.91
CUST-0046,2026-01-20,27,66,0.962,1.0
CUST-0046,2026-01-27,28,67,0.893,1.0
CUST-0046,2026-02-03,27,44,0.905,1.0
CUST-0046,2026-02-10,28,119,0.923,1.0
CUST-0046,2026-02-17,28,119,0.913,1.0
CUST-0046,2026-02-24,28,124,0.949,1.0
CUST-0046,2026-03-03,28,85,0.873,1.0
CUST-0046,2026-03-10,23,105,0.92,1.0
CUST-0046,2026-03-17,27,90,0.933,0.99
CUST-0046,2026-03-24,28,43,0.802,1.0
CUST-0046,2026-03-31,28,110,0.928,1.0
CUST-0046,2026-04-07,28,97,0.964,0.954
CUST-0046,2026-04-14,28,105,1.0,0.992
CUST-0046,2026-04-21,26,143,0.911,0.878
CUST-0046,2026-04-28,28,130,0.952,1.0
CUST-0046,2026-05-05,27,42,1.0,0.958
CUST-0046,2026-05-12,28,84,0.955,0.948
CUST-0046,2026-05-19,28,85,0.95,0.884
CUST-0046,2026-05-26,28,58,0.924,1.0
CUST-0046,2026-06-02,28,99,0.888,0.995
CUST-0046,2026-06-09,25,101,0.986,0.998
CUST-0046,2026-06-16,26,64,0.926,0.936
CUST-0046,2026-06-23,28,113,0.94,0.987
CUST-0047,2025-03-12,9,23,0.384,0.499
CUST-0047,2025-03-19,9,17,0.457,0.528
CUST-0047,2025-03-26,13,9,0.409,0.366
CUST-0047,2025-04-02,11,26,0.422,0.499
CUST-0047,2025-04-09,12,31,0.431,0.516
CUST-0047,2025-04-16,14,35,0.548,0.386
CUST-0047,2025-04-23,11,20,0.346,0.436
CUST-0047,2025-04-30,12,26,0.482,0.426
CUST-0047,2025-05-07,10,14,0.426,0.491
CUST-0047,2025-05-14,8,8,0.512,0.466
CUST-0047,2025-05-21,12,19,0.49,0.501
CUST-0047,2025-05-28,11,26,0.435,0.421
CUST-0047,2025-06-04,10,24,0.397,0.612
CUST-0047,2025-06-11,12,25,0.461,0.518
CUST-0047,2025-06-18,11,22,0.43,0.397
CUST-0047,2025-06-25,9,6,0.457,0.471
CUST-0047,2025-07-02,10,8,0.442,0.369
CUST-0047,2025-07-09,13,10,0.361,0.358
CUST-0047,2025-07-16,11,15,0.402,0.418
CUST-0047,2025-07-23,7,15,0.37,0.36
CUST-0047,2025-07-30,10,24,0.325,0.378
CUST-0047,2025-08-06,9,17,0.439,0.45
CUST-0047,2025-08-13,7,15,0.369,0.45
CUST-0047,2025-08-20,9,6,0.376,0.295
CUST-0047,2025-08-27,10,8,0.429,0.28
CUST-0047,2025-09-03,11,12,0.327,0.446
CUST-0047,2025-09-10,7,12,0.428,0.448
CUST-0047,2025-09-17,9,5,0.349,0.413
CUST-0047,2025-09-24,11,11,0.362,0.309
CUST-0047,2025-10-01,11,23,0.425,0.468
CUST-0047,2025-10-08,10,10,0.359,0.364
CUST-0047,2025-10-15,9,17,0.33,0.452
CUST-0047,2025-10-22,8,16,0.332,0.225
CUST-0047,2025-10-29,8,12,0.31,0.432
CUST-0047,2025-11-05,6,4,0.317,0.262
CUST-0047,2025-11-12,8,6,0.217,0.238
CUST-0047,2025-11-19,8,9,0.333,0.438
CUST-0047,2025-11-26,8,8,0.403,0.253
CUST-0047,2025-12-03,13,21,0.347,0.31
CUST-0047,2025-12-10,10,10,0.305,0.27
CUST-0047,2025-12-17,8,4,0.446,0.288
CUST-0047,2025-12-24,10,11,0.233,0.307
CUST-0047,2025-12-31,10,13,0.242,0.295
CUST-0047,2026-01-07,7,13,0.376,0.333
CUST-0047,2026-01-14,10,16,0.352,0.233
CUST-0047,2026-01-21,7,3,0.281,0.332
CUST-0047,2026-01-28,7,12,0.342,0.419
CUST-0047,2026-02-04,9,15,0.394,0.329
CUST-0047,2026-02-11,7,8,0.234,0.305
CUST-0047,2026-02-18,11,18,0.287,0.266
CUST-0047,2026-02-25,7,3,0.258,0.348
CUST-0047,2026-03-04,9,15,0.32,0.181
CUST-0047,2026-03-11,10,15,0.161,0.268
CUST-0047,2026-03-18,6,6,0.264,0.319
CUST-0048,2024-10-10,9,8,0.486,0.532
CUST-0048,2024-10-17,11,9,0.42,0.412
CUST-0048,2024-10-24,10,11,0.504,0.445
CUST-0048,2024-10-31,10,14,0.528,0.451
CUST-0048,2024-11-07,12,12,0.418,0.402
CUST-0048,2024-11-14,8,19,0.522,0.513
CUST-0048,2024-11-21,12,14,0.536,0.504
CUST-0048,2024-11-28,12,31,0.345,0.473
CUST-0048,2024-12-05,9,18,0.368,0.397
CUST-0048,2024-12-12,5,3,0.438,0.495
CUST-0048,2024-12-19,5,8,0.383,0.418
CUST-0048,2024-12-26,7,12,0.366,0.41
CUST-0048,2025-01-02,5,9,0.361,0.369
CUST-0048,2025-01-09,7,11,0.317,0.361
CUST-0048,2025-01-16,5,9,0.399,0.424
CUST-0048,2025-01-23,4,8,0.347,0.435
CUST-0048,2025-01-30,6,5,0.325,0.416
CUST-0048,2025-02-06,8,13,0.463,0.375
CUST-0048,2025-02-13,9,10,0.403,0.357
CUST-0048,2025-02-20,12,11,0.275,0.32
CUST-0048,2025-02-27,5,5,0.375,0.375
CUST-0048,2025-03-06,4,4,0.241,0.304
CUST-0048,2025-03-13,4,7,0.284,0.33
CUST-0048,2025-03-20,8,6,0.178,0.296
CUST-0048,2025-03-27,6,7,0.34,0.286
CUST-0048,2025-04-03,4,6,0.278,0.352
CUST-0048,2025-04-10,8,8,0.206,0.36
CUST-0048,2025-04-17,6,2,0.251,0.314
CUST-0048,2025-04-24,5,4,0.255,0.324
CUST-0048,2025-05-01,7,9,0.191,0.316
CUST-0048,2025-05-08,7,3,0.262,0.237
CUST-0048,2025-05-15,4,3,0.188,0.268
CUST-0048,2025-05-22,8,3,0.313,0.281
CUST-0048,2025-05-29,5,4,0.19,0.272
CUST-0048,2025-06-05,5,2,0.235,0.334
CUST-0048,2025-06-12,4,3,0.189,0.23
CUST-0048,2025-06-19,7,3,0.227,0.173
CUST-0048,2025-06-26,5,2,0.202,0.18
CUST-0048,2025-07-03,2,1,0.202,0.074
CUST-0048,2025-07-10,7,7,0.128,0.153
CUST-0048,2025-07-17,4,3,0.237,0.26
CUST-0048,2025-07-24,3,2,0.16,0.099
CUST-0048,2025-07-31,4,2,0.222,0.193
CUST-0048,2025-08-07,2,1,0.111,0.222
CUST-0048,2025-08-14,1,0,0.091,0.185
CUST-0048,2025-08-21,1,0,0.09,0.194
CUST-0048,2025-08-28,1,0,0.166,0.143
CUST-0048,2025-09-04,5,2,0.235,0.176
CUST-0048,2025-09-11,1,0,0.087,0.013
CUST-0048,2025-09-18,3,0,0.07,0.105
CUST-0048,2025-09-25,3,0,0.022,0.061
CUST-0048,2025-10-02,1,0,0.087,0.092
CUST-0048,2025-10-09,1,0,0.138,0.103
CUST-0048,2025-10-16,1,0,0.112,0.111
CUST-0048,2025-10-23,3,1,0.032,0.062
CUST-0048,2025-10-30,1,0,0.078,0.188
CUST-0048,2025-11-06,1,0,0.074,0.058
CUST-0048,2025-11-13,1,0,0.01,0.063
CUST-0048,2025-11-20,1,0,0.0,0.069
CUST-0048,2025-11-27,1,0,0.071,0.036
CUST-0048,2025-12-04,1,0,0.021,0.0
CUST-0048,2025-12-11,1,0,0.039,0.0
CUST-0048,2025-12-18,1,0,0.01,0.0
CUST-0048,2025-12-25,1,0,0.0,0.0
CUST-0048,2026-01-01,1,0,0.0,0.004
CUST-0048,2026-01-08,1,0,0.0,0.058
CUST-0048,2026-01-15,1,0,0.0,0.0
CUST-0048,2026-01-22,1,0,0.0,0.0
CUST-0048,2026-01-29,1,0,0.046,0.0
CUST-0048,2026-02-05,1,0,0.0,0.008
CUST-0048,2026-02-12,1,0,0.04,0.025
CUST-0048,2026-02-19,1,0,0.066,0.0
CUST-0048,2026-02-26,1,0,0.0,0.0
CUST-0048,2026-03-05,1,0,0.0,0.01
CUST-0048,2026-03-12,1,0,0.026,0.0
CUST-0048,2026-03-19,1,0,0.077,0.0
CUST-0048,2026-03-26,1,0,0.0,0.0
CUST-0048,2026-04-02,1,0,0.0,0.0
CUST-0048,2026-04-09,1,0,0.075,0.005
CUST-0048,2026-04-16,1,0,0.051,0.0
CUST-0048,2026-04-23,3,0,0.085,0.062
CUST-0049,2024-11-07,8,22,0.544,0.778
CUST-0049,2024-11-14,7,17,0.581,0.633
CUST-0049,2024-11-21,6,17,0.583,0.602
CUST-0049,2024-11-28,9,32,0.603,0.566
CUST-0049,2024-12-05,7,7,0.525,0.57
CUST-0049,2024-12-12,9,31,0.589,0.538
CUST-0049,2024-12-19,8,24,0.584,0.56
CUST-0049,2024-12-26,6,18,0.488,0.605
CUST-0049,2025-01-02,7,13,0.636,0.588
CUST-0049,2025-01-09,6,18,0.545,0.595
CUST-0049,2025-01-16,7,11,0.535,0.667
CUST-0049,2025-01-23,8,9,0.575,0.651
CUST-0049,2025-01-30,7,17,0.514,0.59
CUST-0049,2025-02-06,7,13,0.482,0.532
CUST-0049,2025-02-13,6,9,0.486,0.48
CUST-0049,2025-02-20,8,14,0.508,0.514
CUST-0049,2025-02-27,7,7,0.535,0.56
CUST-0049,2025-03-06,8,12,0.63,0.632
CUST-0049,2025-03-13,6,9,0.549,0.644
CUST-0049,2025-03-20,6,13,0.439,0.503
CUST-0049,2025-03-27,6,12,0.606,0.424
CUST-0049,2025-04-03,6,16,0.507,0.509
CUST-0049,2025-04-10,8,19,0.49,0.546
CUST-0049,2025-04-17,7,14,0.586,0.682
CUST-0049,2025-04-24,7,9,0.548,0.594
CUST-0049,2025-05-01,8,23,0.493,0.552
CUST-0049,2025-05-08,5,4,0.449,0.481
CUST-0049,2025-05-15,6,5,0.539,0.5
CUST-0049,2025-05-22,7,21,0.529,0.41
CUST-0049,2025-05-29,7,11,0.5,0.627
CUST-0049,2025-06-05,6,12,0.421,0.524
CUST-0049,2025-06-12,5,8,0.421,0.581
CUST-0049,2025-06-19,7,14,0.541,0.518
CUST-0049,2025-06-26,5,6,0.534,0.59
CUST-0049,2025-07-03,5,4,0.423,0.438
CUST-0049,2025-07-10,6,12,0.382,0.537
CUST-0049,2025-07-17,6,12,0.491,0.477
CUST-0049,2025-07-24,6,9,0.45,0.524
CUST-0049,2025-07-31,6,15,0.416,0.51
CUST-0049,2025-08-07,6,5,0.45,0.574
CUST-0049,2025-08-14,5,9,0.549,0.587
CUST-0049,2025-08-21,5,6,0.45,0.495
CUST-0049,2025-08-28,5,8,0.46,0.419
CUST-0049,2025-09-04,8,13,0.471,0.611
CUST-0049,2025-09-11,6,7,0.435,0.521
CUST-0049,2025-09-18,6,6,0.42,0.483
CUST-0049,2025-09-25,5,5,0.405,0.419
CUST-0049,2025-10-02,6,15,0.409,0.529
CUST-0049,2025-10-09,5,6,0.407,0.411
CUST-0049,2025-10-16,6,9,0.469,0.435
CUST-0049,2025-10-23,6,9,0.423,0.514
CUST-0049,2025-10-30,4,4,0.393,0.501
CUST-0049,2025-11-06,5,11,0.435,0.497
CUST-0049,2025-11-13,4,7,0.458,0.519
CUST-0049,2025-11-20,5,13,0.442,0.416
CUST-0049,2025-11-27,3,7,0.409,0.404
CUST-0049,2025-12-04,5,11,0.438,0.427
CUST-0049,2025-12-11,6,10,0.392,0.334
CUST-0049,2025-12-18,4,9,0.375,0.397
CUST-0049,2025-12-25,6,7,0.392,0.358
CUST-0049,2026-01-01,5,10,0.374,0.384
CUST-0049,2026-01-08,4,3,0.43,0.429
CUST-0049,2026-01-15,4,7,0.453,0.433
CUST-0049,2026-01-22,4,6,0.378,0.417
CUST-0050,2024-07-02,4,16,0.599,0.758
CUST-0050,2024-07-09,3,12,0.688,0.669
CUST-0050,2024-07-16,3,4,0.663,0.823
CUST-0050,2024-07-23,3,7,0.718,0.729
CUST-0050,2024-07-30,3,10,0.756,0.684
CUST-0050,2024-08-06,3,11,0.624,0.761
CUST-0050,2024-08-13,3,6,0.727,0.791
CUST-0050,2024-08-20,3,6,0.574,0.722
CUST-0050,2024-08-27,3,3,0.694,0.808
CUST-0050,2024-09-03,3,4,0.743,0.739
CUST-0050,2024-09-10,3,7,0.628,0.727
CUST-0050,2024-09-17,4,9,0.613,0.678
CUST-0050,2024-09-24,3,3,0.701,0.692
CUST-0050,2024-10-01,3,3,0.784,0.657
CUST-0050,2024-10-08,4,11,0.645,0.68
CUST-0050,2024-10-15,4,9,0.689,0.757
CUST-0050,2024-10-22,4,4,0.679,0.722
CUST-0050,2024-10-29,4,6,0.689,0.687
CUST-0050,2024-11-05,3,5,0.723,0.6
CUST-0050,2024-11-12,3,5,0.644,0.701
CUST-0050,2024-11-19,3,10,0.682,0.724
CUST-0050,2024-11-26,3,9,0.588,0.8
CUST-0050,2024-12-03,3,8,0.585,0.658
CUST-0050,2024-12-10,3,6,0.758,0.712
CUST-0050,2024-12-17,3,8,0.631,0.706
CUST-0050,2024-12-24,3,9,0.756,0.669
CUST-0050,2024-12-31,3,7,0.55,0.617
CUST-0050,2025-01-07,3,5,0.662,0.733
CUST-0050,2025-01-14,2,4,0.683,0.699
CUST-0050,2025-01-21,3,8,0.685,0.689
CUST-0050,2025-01-28,3,6,0.638,0.772
CUST-0050,2025-02-04,2,3,0.734,0.768
CUST-0050,2025-02-11,3,3,0.713,0.734
CUST-0050,2025-02-18,3,8,0.7,0.799
CUST-0050,2025-02-25,3,5,0.676,0.743
CUST-0050,2025-03-04,3,10,0.609,0.712
CUST-0050,2025-03-11,3,11,0.729,0.804
CUST-0050,2025-03-18,3,10,0.605,0.655
CUST-0050,2025-03-25,3,10,0.624,0.668
CUST-0050,2025-04-01,4,6,0.686,0.668
CUST-0050,2025-04-08,4,11,0.704,0.824
CUST-0050,2025-04-15,4,7,0.65,0.657
CUST-0050,2025-04-22,3,4,0.73,0.729
CUST-0050,2025-04-29,3,12,0.647,0.699
CUST-0050,2025-05-06,4,5,0.612,0.623
CUST-0050,2025-05-13,2,6,0.626,0.708
CUST-0050,2025-05-20,3,11,0.663,0.721
CUST-0050,2025-05-27,3,9,0.57,0.754
CUST-0050,2025-06-03,4,10,0.627,0.614
CUST-0050,2025-06-10,3,11,0.612,0.678
CUST-0050,2025-06-17,3,4,0.686,0.635
CUST-0050,2025-06-24,3,9,0.646,0.584
CUST-0050,2025-07-01,2,5,0.75,0.723
CUST-0050,2025-07-08,3,12,0.685,0.744
CUST-0050,2025-07-15,4,14,0.688,0.728
CUST-0050,2025-07-22,3,8,0.621,0.742
CUST-0050,2025-07-29,3,5,0.54,0.674
CUST-0050,2025-08-05,3,8,0.648,0.671
CUST-0050,2025-08-12,3,12,0.615,0.804
CUST-0050,2025-08-19,3,8,0.688,0.719
CUST-0050,2025-08-26,3,11,0.693,0.709
CUST-0050,2025-09-02,3,11,0.591,0.646
CUST-0050,2025-09-09,4,7,0.614,0.756
CUST-0050,2025-09-16,3,5,0.715,0.737
CUST-0050,2025-09-23,4,12,0.665,0.719
CUST-0050,2025-09-30,3,11,0.665,0.687
CUST-0050,2025-10-07,3,7,0.587,0.708
CUST-0050,2025-10-14,3,5,0.616,0.731
CUST-0050,2025-10-21,3,4,0.653,0.667
CUST-0050,2025-10-28,3,6,0.61,0.739
CUST-0050,2025-11-04,3,4,0.582,0.73
CUST-0050,2025-11-11,4,12,0.672,0.607
CUST-0050,2025-11-18,3,11,0.613,0.716
CUST-0050,2025-11-25,3,11,0.665,0.749
CUST-0050,2025-12-02,3,7,0.644,0.618
CUST-0050,2025-12-09,3,6,0.645,0.695
CUST-0050,2025-12-16,3,10,0.565,0.657
CUST-0050,2025-12-23,4,9,0.608,0.677
CUST-0050,2025-12-30,3,9,0.72,0.694
CUST-0050,2026-01-06,4,13,0.697,0.755
CUST-0050,2026-01-13,3,6,0.662,0.657
CUST-0050,2026-01-20,4,11,0.694,0.718
CUST-0050,2026-01-27,3,4,0.643,0.721
CUST-0050,2026-02-03,3,6,0.631,0.741
CUST-0050,2026-02-10,3,6,0.611,0.691
CUST-0050,2026-02-17,2,4,0.716,0.679
CUST-0050,2026-02-24,3,8,0.657,0.773
CUST-0050,2026-03-03,3,9,0.644,0.776
CUST-0050,2026-03-10,3,5,0.573,0.728
CUST-0050,2026-03-17,3,7,0.642,0.768
CUST-0050,2026-03-24,3,9,0.673,0.773
CUST-0050,2026-03-31,3,9,0.621,0.684
CUST-0050,2026-04-07,3,8,0.699,0.706
CUST-0050,2026-04-14,3,11,0.659,0.679
CUST-0050,2026-04-21,3,12,0.666,0.772
CUST-0050,2026-04-28,3,10,0.646,0.723
CUST-0050,2026-05-05,3,4,0.629,0.56
CUST-0050,2026-05-12,3,7,0.589,0.73
CUST-0050,2026-05-19,3,8,0.698,0.588
CUST-0050,2026-05-26,3,6,0.631,0.74
CUST-0050,2026-06-02,3,3,0.63,0.791
CUST-0050,2026-06-09,3,7,0.586,0.614
CUST-0050,2026-06-16,3,6,0.613,0.749
CUST-0050,2026-06-23,4,8,0.597,0.683
CUST-0051,2024-07-02,35,26,0.214,0.038
CUST-0051,2024-07-09,26,9,0.071,0.18
CUST-0051,2024-07-16,90,66,0.111,0.127
CUST-0051,2024-07-23,63,13,0.139,0.243
CUST-0051,2024-07-30,56,17,0.105,0.122
CUST-0051,2024-08-06,38,17,0.153,0.161
CUST-0051,2024-08-13,46,10,0.099,0.0
CUST-0051,2024-08-20,44,10,0.032,0.017
CUST-0051,2024-08-27,3,1,0.027,0.107
CUST-0051,2024-09-03,26,9,0.016,0.049
CUST-0051,2024-09-10,50,15,0.159,0.119
CUST-0051,2024-09-17,52,20,0.006,0.087
CUST-0051,2024-09-24,15,2,0.051,0.069
CUST-0051,2024-10-01,53,8,0.03,0.1
CUST-0051,2024-10-08,69,11,0.081,0.104
CUST-0051,2024-10-15,1,0,0.131,0.086
CUST-0051,2024-10-22,1,0,0.044,0.104
CUST-0051,2024-10-29,1,0,0.0,0.0
CUST-0051,2024-11-05,1,0,0.02,0.018
CUST-0051,2024-11-12,17,1,0.0,0.082
CUST-0051,2024-11-19,26,2,0.114,0.037
CUST-0051,2024-11-26,1,0,0.0,0.011
CUST-0051,2024-12-03,1,0,0.0,0.047
CUST-0051,2024-12-10,11,0,0.0,0.013
CUST-0051,2024-12-17,13,0,0.0,0.0
CUST-0051,2024-12-24,18,0,0.042,0.0
CUST-0051,2024-12-31,14,0,0.0,0.0
CUST-0051,2025-01-07,49,0,0.059,0.016
CUST-0051,2025-01-14,26,0,0.061,0.052
CUST-0051,2025-01-21,1,0,0.045,0.0
CUST-0051,2025-01-28,1,0,0.0,0.045
CUST-0051,2025-02-04,1,0,0.0,0.126
CUST-0051,2025-02-11,45,0,0.001,0.0
CUST-0051,2025-02-18,1,0,0.014,0.027
CUST-0051,2025-02-25,31,0,0.0,0.067
CUST-0051,2025-03-04,6,0,0.023,0.0
CUST-0051,2025-03-11,37,0,0.0,0.029
CUST-0051,2025-03-18,1,0,0.0,0.0
CUST-0051,2025-03-25,1,0,0.077,0.002
CUST-0051,2025-04-01,4,0,0.079,0.057
CUST-0051,2025-04-08,1,0,0.0,0.0
CUST-0051,2025-04-15,1,0,0.006,0.0
CUST-0051,2025-04-22,1,0,0.0,0.016
CUST-0051,2025-04-29,1,0,0.0,0.016
CUST-0051,2025-05-06,1,0,0.039,0.008
CUST-0051,2025-05-13,1,0,0.0,0.034
CUST-0051,2025-05-20,1,0,0.0,0.0
CUST-0051,2025-05-27,38,0,0.0,0.0
CUST-0051,2025-06-03,1,0,0.0,0.007
CUST-0051,2025-06-10,1,0,0.011,0.008
CUST-0051,2025-06-17,1,0,0.001,0.0
CUST-0051,2025-06-24,68,0,0.0,0.0
CUST-0051,2025-07-01,1,0,0.0,0.0
CUST-0051,2025-07-08,1,0,0.032,0.058
CUST-0051,2025-07-15,1,0,0.078,0.026
CUST-0051,2025-07-22,35,0,0.0,0.0
CUST-0051,2025-07-29,1,0,0.007,0.0
CUST-0051,2025-08-05,2,0,0.0,0.0
CUST-0051,2025-08-12,27,0,0.071,0.092
CUST-0051,2025-08-19,6,0,0.049,0.012
CUST-0051,2025-08-26,1,0,0.0,0.009
CUST-0051,2025-09-02,10,0,0.0,0.0
CUST-0051,2025-09-09,1,0,0.0,0.0
CUST-0051,2025-09-16,20,0,0.0,0.0
CUST-0051,2025-09-23,1,0,0.0,0.0
CUST-0051,2025-09-30,1,0,0.063,0.0
CUST-0051,2025-10-07,27,0,0.0,0.007
CUST-0051,2025-10-14,1,0,0.002,0.0
CUST-0051,2025-10-21,1,0,0.041,0.0
CUST-0051,2025-10-28,1,0,0.008,0.0
CUST-0051,2025-11-04,1,0,0.0,0.125
CUST-0051,2025-11-11,1,0,0.0,0.018
CUST-0051,2025-11-18,1,0,0.0,0.0
CUST-0051,2025-11-25,1,0,0.008,0.063
CUST-0051,2025-12-02,30,0,0.0,0.0
CUST-0051,2025-12-09,7,0,0.069,0.105
CUST-0051,2025-12-16,21,0,0.055,0.0
CUST-0051,2025-12-23,1,0,0.036,0.014
CUST-0051,2025-12-30,1,0,0.0,0.056
CUST-0051,2026-01-06,1,0,0.041,0.054
CUST-0051,2026-01-13,1,0,0.102,0.073
CUST-0051,2026-01-20,22,0,0.0,0.073
CUST-0051,2026-01-27,43,0,0.0,0.023
CUST-0051,2026-02-03,1,0,0.016,0.0
CUST-0051,2026-02-10,1,0,0.115,0.012
CUST-0051,2026-02-17,23,0,0.0,0.0
CUST-0051,2026-02-24,5,0,0.039,0.0
CUST-0051,2026-03-03,6,0,0.0,0.0
CUST-0051,2026-03-10,1,0,0.0,0.031
CUST-0051,2026-03-17,19,0,0.029,0.064
CUST-0051,2026-03-24,24,0,0.046,0.075
CUST-0051,2026-03-31,14,0,0.0,0.0
CUST-0051,2026-04-07,43,0,0.055,0.102
CUST-0051,2026-04-14,1,0,0.005,0.0
CUST-0051,2026-04-21,1,0,0.002,0.0
CUST-0051,2026-04-28,1,0,0.0,0.085
CUST-0051,2026-05-05,17,0,0.04,0.0
CUST-0051,2026-05-12,1,0,0.015,0.081
CUST-0051,2026-05-19,1,0,0.015,0.024
CUST-0051,2026-05-26,2,0,0.0,0.0
CUST-0051,2026-06-02,1,0,0.0,0.0
CUST-0051,2026-06-09,6,0,0.0,0.061
CUST-0051,2026-06-16,3,0,0.026,0.0
CUST-0051,2026-06-23,1,0,0.0,0.0
CUST-0052,2024-07-02,10,30,0.518,0.711
CUST-0052,2024-07-09,8,13,0.654,0.705
CUST-0052,2024-07-16,9,22,0.541,0.695
CUST-0052,2024-07-23,9,22,0.627,0.656
CUST-0052,2024-07-30,9,30,0.64,0.536
CUST-0052,2024-08-06,8,11,0.523,0.658
CUST-0052,2024-08-13,6,19,0.564,0.705
CUST-0052,2024-08-20,8,11,0.542,0.631
CUST-0052,2024-08-27,8,11,0.574,0.595
CUST-0052,2024-09-03,7,9,0.563,0.706
CUST-0052,2024-09-10,9,16,0.531,0.607
CUST-0052,2024-09-17,10,31,0.59,0.59
CUST-0052,2024-09-24,9,25,0.592,0.692
CUST-0052,2024-10-01,9,17,0.587,0.579
CUST-0052,2024-10-08,8,20,0.599,0.677
CUST-0052,2024-10-15,10,36,0.474,0.477
CUST-0052,2024-10-22,9,14,0.655,0.631
CUST-0052,2024-10-29,9,14,0.499,0.673
CUST-0052,2024-11-05,7,6,0.551,0.625
CUST-0052,2024-11-12,8,20,0.573,0.565
CUST-0052,2024-11-19,10,31,0.586,0.581
CUST-0052,2024-11-26,7,8,0.535,0.615
CUST-0052,2024-12-03,7,11,0.585,0.668
CUST-0052,2024-12-10,7,20,0.52,0.554
CUST-0052,2024-12-17,6,18,0.541,0.522
CUST-0052,2024-12-24,7,13,0.503,0.495
CUST-0052,2024-12-31,6,13,0.638,0.652
CUST-0052,2025-01-07,7,20,0.497,0.662
CUST-0052,2025-01-14,9,12,0.58,0.635
CUST-0052,2025-01-21,8,16,0.61,0.633
CUST-0052,2025-01-28,7,7,0.515,0.494
CUST-0052,2025-02-04,9,12,0.57,0.504
CUST-0052,2025-02-11,9,29,0.466,0.482
CUST-0052,2025-02-18,6,19,0.526,0.532
CUST-0052,2025-02-25,8,25,0.568,0.565
CUST-0052,2025-03-04,8,10,0.446,0.594
CUST-0052,2025-03-11,8,11,0.515,0.734
CUST-0052,2025-03-18,8,13,0.577,0.585
CUST-0052,2025-03-25,8,18,0.539,0.491
CUST-0052,2025-04-01,7,7,0.607,0.479
CUST-0052,2025-04-08,9,24,0.495,0.605
CUST-0052,2025-04-15,6,19,0.425,0.56
CUST-0052,2025-04-22,7,13,0.436,0.534
CUST-0052,2025-04-29,7,15,0.545,0.571
CUST-0052,2025-05-06,8,13,0.525,0.488
CUST-0052,2025-05-13,6,15,0.448,0.65
CUST-0052,2025-05-20,7,5,0.494,0.527
CUST-0052,2025-05-27,6,6,0.517,0.386
CUST-0052,2025-06-03,8,21,0.543,0.456
CUST-0052,2025-06-10,7,19,0.523,0.586
CUST-0052,2025-06-17,6,17,0.533,0.585
CUST-0052,2025-06-24,8,14,0.463,0.532
CUST-0052,2025-07-01,6,6,0.448,0.442
CUST-0052,2025-07-08,7,10,0.455,0.588
CUST-0052,2025-07-15,7,12,0.488,0.55
CUST-0052,2025-07-22,5,13,0.572,0.582
CUST-0052,2025-07-29,7,12,0.467,0.475
CUST-0052,2025-08-05,8,19,0.481,0.479
CUST-0052,2025-08-12,5,4,0.491,0.473
CUST-0052,2025-08-19,7,10,0.512,0.593
CUST-0052,2025-08-26,7,15,0.405,0.575
CUST-0052,2025-09-02,8,7,0.443,0.497
CUST-0052,2025-09-09,5,10,0.502,0.47
CUST-0052,2025-09-16,8,8,0.402,0.553
CUST-0052,2025-09-23,8,17,0.481,0.462
CUST-0052,2025-09-30,4,7,0.511,0.47
CUST-0052,2025-10-07,7,20,0.461,0.496
CUST-0052,2025-10-14,5,7,0.418,0.555
CUST-0052,2025-10-21,8,10,0.477,0.485
CUST-0052,2025-10-28,5,4,0.475,0.536
CUST-0052,2025-11-04,5,7,0.398,0.546
CUST-0052,2025-11-11,6,15,0.474,0.334
CUST-0052,2025-11-18,6,9,0.405,0.441
CUST-0052,2025-11-25,7,13,0.458,0.457
CUST-0052,2025-12-02,6,10,0.433,0.54
CUST-0052,2025-12-09,7,17,0.437,0.513
CUST-0052,2025-12-16,6,5,0.4,0.498
CUST-0052,2025-12-23,5,6,0.427,0.51
CUST-0052,2025-12-30,4,6,0.433,0.463
CUST-0052,2026-01-06,7,17,0.358,0.514
CUST-0052,2026-01-13,8,14,0.361,0.411
CUST-0052,2026-01-20,7,16,0.445,0.423
CUST-0052,2026-01-27,6,13,0.392,0.516
CUST-0052,2026-02-03,8,9,0.354,0.327
CUST-0052,2026-02-10,6,14,0.371,0.471
CUST-0052,2026-02-17,6,6,0.435,0.377
CUST-0052,2026-02-24,4,3,0.364,0.401
CUST-0052,2026-03-03,6,13,0.441,0.413
CUST-0052,2026-03-10,6,15,0.48,0.423
CUST-0052,2026-03-17,5,12,0.327,0.397
CUST-0052,2026-03-24,4,5,0.394,0.39
CUST-0052,2026-03-31,5,5,0.313,0.444
CUST-0052,2026-04-07,6,6,0.447,0.411
CUST-0052,2026-04-14,5,11,0.397,0.427
CUST-0052,2026-04-21,4,5,0.37,0.472
CUST-0052,2026-04-28,6,8,0.447,0.411
CUST-0052,2026-05-05,8,5,0.454,0.354
CUST-0052,2026-05-12,3,3,0.437,0.387
CUST-0052,2026-05-19,5,4,0.384,0.424
CUST-0052,2026-05-26,6,3,0.371,0.354
CUST-0052,2026-06-02,4,3,0.317,0.387
CUST-0052,2026-06-09,6,14,0.379,0.352
CUST-0052,2026-06-16,6,11,0.432,0.405
CUST-0052,2026-06-23,8,18,0.321,0.436
CUST-0053,2024-03-15,14,47,0.69,0.746
CUST-0053,2024-03-22,13,29,0.626,0.705
CUST-0053,2024-03-29,13,29,0.762,0.697
CUST-0053,2024-04-05,13,45,0.736,0.717
CUST-0053,2024-04-12,14,43,0.641,0.693
CUST-0053,2024-04-19,14,37,0.638,0.602
CUST-0053,2024-04-26,12,15,0.612,0.664
CUST-0053,2024-05-03,13,13,0.603,0.737
CUST-0053,2024-05-10,12,45,0.593,0.599
CUST-0053,2024-05-17,12,23,0.605,0.638
CUST-0053,2024-05-24,13,15,0.548,0.664
CUST-0053,2024-05-31,14,35,0.557,0.551
CUST-0053,2024-06-07,11,12,0.593,0.688
CUST-0053,2024-06-14,12,43,0.551,0.636
CUST-0053,2024-06-21,12,26,0.569,0.613
CUST-0053,2024-06-28,14,38,0.598,0.575
CUST-0053,2024-07-05,12,29,0.579,0.62
CUST-0053,2024-07-12,10,11,0.551,0.707
CUST-0053,2024-07-19,13,20,0.565,0.569
CUST-0053,2024-07-26,9,14,0.595,0.662
CUST-0053,2024-08-02,9,20,0.548,0.557
CUST-0053,2024-08-09,11,33,0.547,0.576
CUST-0053,2024-08-16,7,8,0.534,0.518
CUST-0053,2024-08-23,12,36,0.522,0.655
CUST-0053,2024-08-30,10,18,0.498,0.583
CUST-0053,2024-09-06,11,33,0.523,0.568
CUST-0053,2024-09-13,14,33,0.518,0.537
CUST-0053,2024-09-20,10,25,0.531,0.496
CUST-0053,2024-09-27,11,9,0.517,0.418
CUST-0053,2024-10-04,8,17,0.455,0.481
CUST-0053,2024-10-11,11,25,0.505,0.496
CUST-0053,2024-10-18,9,18,0.433,0.552
CUST-0053,2024-10-25,9,20,0.446,0.589
CUST-0053,2024-11-01,9,14,0.414,0.548
CUST-0053,2024-11-08,9,24,0.465,0.506
CUST-0053,2024-11-15,8,8,0.358,0.434
CUST-0053,2024-11-22,11,24,0.479,0.361
CUST-0053,2024-11-29,6,7,0.463,0.462
CUST-0053,2024-12-06,10,15,0.392,0.36
CUST-0053,2024-12-13,10,7,0.428,0.414
CUST-0053,2024-12-20,8,13,0.414,0.519
CUST-0053,2024-12-27,11,19,0.415,0.482
CUST-0053,2025-01-03,6,11,0.432,0.498
CUST-0053,2025-01-10,8,9,0.373,0.396
CUST-0053,2025-01-17,8,17,0.406,0.493
CUST-0053,2025-01-24,5,6,0.486,0.34
CUST-0053,2025-01-31,9,21,0.357,0.487
CUST-0053,2025-02-07,9,12,0.36,0.308
CUST-0053,2025-02-14,7,11,0.399,0.253
CUST-0053,2025-02-21,7,9,0.312,0.385
CUST-0053,2025-02-28,10,9,0.427,0.449
CUST-0053,2025-03-07,5,9,0.331,0.555
CUST-0053,2025-03-14,5,8,0.301,0.403
CUST-0053,2025-03-21,7,9,0.34,0.467
CUST-0053,2025-03-28,6,7,0.386,0.276
CUST-0053,2025-04-04,5,2,0.26,0.153
CUST-0053,2025-04-11,6,5,0.3,0.237
CUST-0053,2025-04-18,6,8,0.302,0.321
CUST-0053,2025-04-25,4,2,0.282,0.341
CUST-0053,2025-05-02,8,6,0.3,0.277
CUST-0053,2025-05-09,4,5,0.312,0.202
CUST-0053,2025-05-16,6,3,0.203,0.177
CUST-0053,2025-05-23,4,6,0.279,0.405
CUST-0053,2025-05-30,7,11,0.353,0.355
CUST-0053,2025-06-06,5,2,0.366,0.038
CUST-0053,2025-06-13,3,3,0.177,0.289
CUST-0053,2025-06-20,2,2,0.284,0.264
CUST-0053,2025-06-27,7,10,0.245,0.315
CUST-0053,2025-07-04,6,6,0.234,0.232
CUST-0053,2025-07-11,3,1,0.215,0.296
CUST-0053,2025-07-18,5,5,0.184,0.147
CUST-0053,2025-07-25,2,0,0.243,0.247
CUST-0053,2025-08-01,4,3,0.293,0.26
CUST-0053,2025-08-08,5,4,0.16,0.285
CUST-0053,2025-08-15,4,3,0.303,0.191
CUST-0053,2025-08-22,3,2,0.189,0.271
CUST-0053,2025-08-29,4,4,0.259,0.194
CUST-0053,2025-09-05,2,0,0.246,0.2
CUST-0053,2025-09-12,1,0,0.202,0.218
CUST-0053,2025-09-19,3,1,0.296,0.228
CUST-0053,2025-09-26,4,3,0.172,0.231
CUST-0053,2025-10-03,2,1,0.203,0.124
CUST-0053,2025-10-10,2,1,0.253,0.062
CUST-0054,2026-01-06,43,46,0.613,0.718
CUST-0054,2026-01-13,45,67,0.682,0.773
CUST-0054,2026-01-20,37,52,0.641,0.701
CUST-0054,2026-01-27,42,88,0.66,0.687
CUST-0054,2026-02-03,38,145,0.615,0.785
CUST-0054,2026-02-10,45,79,0.717,0.612
CUST-0054,2026-02-17,44,54,0.653,0.745
CUST-0054,2026-02-24,41,55,0.686,0.748
CUST-0054,2026-03-03,33,57,0.741,0.739
CUST-0054,2026-03-10,46,60,0.627,0.786
CUST-0054,2026-03-17,41,165,0.677,0.719
CUST-0054,2026-03-24,47,118,0.642,0.816
CUST-0054,2026-03-31,50,181,0.614,0.736
CUST-0054,2026-04-07,40,49,0.539,0.712
CUST-0054,2026-04-14,36,145,0.727,0.793
CUST-0054,2026-04-21,42,99,0.67,0.798
CUST-0054,2026-04-28,40,56,0.703,0.822
CUST-0054,2026-05-05,39,171,0.729,0.746
CUST-0054,2026-05-12,40,157,0.726,0.638
CUST-0054,2026-05-19,43,192,0.733,0.743
CUST-0054,2026-05-26,41,89,0.659,0.742
CUST-0054,2026-06-02,45,78,0.736,0.824
CUST-0054,2026-06-09,42,103,0.689,0.674
CUST-0054,2026-06-16,51,193,0.74,0.661
CUST-0054,2026-06-23,39,81,0.792,0.703
CUST-0055,2024-07-02,3,4,0.426,0.527
CUST-0055,2024-07-09,2,4,0.314,0.318
CUST-0055,2024-07-16,2,1,0.33,0.415
CUST-0055,2024-07-23,2,1,0.401,0.406
CUST-0055,2024-07-30,2,3,0.428,0.281
CUST-0055,2024-08-06,2,1,0.501,0.351
CUST-0055,2024-08-13,2,3,0.402,0.379
CUST-0055,2024-08-20,2,3,0.425,0.415
CUST-0055,2024-08-27,2,4,0.354,0.427
CUST-0055,2024-09-03,2,1,0.295,0.466
CUST-0055,2024-09-10,3,5,0.448,0.387
CUST-0055,2024-09-17,1,0,0.382,0.397
CUST-0055,2024-09-24,1,1,0.41,0.452
CUST-0055,2024-10-01,2,2,0.381,0.32
CUST-0055,2024-10-08,2,3,0.314,0.426
CUST-0055,2024-10-15,3,4,0.33,0.436
CUST-0055,2024-10-22,1,1,0.369,0.393
CUST-0055,2024-10-29,2,2,0.402,0.373
CUST-0055,2024-11-05,2,1,0.304,0.389
CUST-0055,2024-11-12,3,3,0.426,0.395
CUST-0055,2024-11-19,3,2,0.426,0.411
CUST-0055,2024-11-26,2,1,0.423,0.424
CUST-0055,2024-12-03,1,0,0.266,0.262
CUST-0055,2024-12-10,3,4,0.393,0.425
CUST-0055,2024-12-17,2,4,0.342,0.352
CUST-0055,2024-12-24,3,4,0.361,0.383
CUST-0055,2024-12-31,2,3,0.302,0.301
CUST-0055,2025-01-07,2,2,0.346,0.361
CUST-0055,2025-01-14,2,2,0.302,0.468
CUST-0055,2025-01-21,3,5,0.411,0.465
CUST-0055,2025-01-28,2,3,0.329,0.346
CUST-0055,2025-02-04,2,4,0.355,0.238
CUST-0055,2025-02-11,4,6,0.395,0.303
CUST-0055,2025-02-18,3,2,0.327,0.334
CUST-0055,2025-02-25,1,2,0.322,0.425
CUST-0055,2025-03-04,2,4,0.314,0.339
CUST-0055,2025-03-11,2,2,0.365,0.326
CUST-0055,2025-03-18,3,5,0.356,0.38
CUST-0055,2025-03-25,1,1,0.353,0.259
CUST-0055,2025-04-01,2,1,0.357,0.37
CUST-0055,2025-04-08,1,1,0.348,0.295
CUST-0055,2025-04-15,2,1,0.227,0.325
CUST-0055,2025-04-22,2,2,0.383,0.37
CUST-0055,2025-04-29,2,2,0.232,0.261
CUST-0055,2025-05-06,3,4,0.325,0.23
CUST-0055,2025-05-13,3,2,0.4,0.374
CUST-0055,2025-05-20,2,3,0.322,0.339
CUST-0055,2025-05-27,2,1,0.183,0.265
CUST-0055,2025-06-03,2,3,0.345,0.361
CUST-0055,2025-06-10,2,1,0.322,0.308
CUST-0055,2025-06-17,1,1,0.304,0.366
CUST-0055,2025-06-24,1,1,0.284,0.28
CUST-0055,2025-07-01,1,1,0.32,0.275
CUST-0055,2025-07-08,2,2,0.297,0.342
CUST-0055,2025-07-15,3,4,0.348,0.388
CUST-0055,2025-07-22,1,0,0.414,0.314
CUST-0055,2025-07-29,1,0,0.31,0.355
CUST-0055,2025-08-05,2,1,0.351,0.354
CUST-0055,2025-08-12,3,3,0.313,0.331
CUST-0055,2025-08-19,3,2,0.293,0.283
CUST-0055,2025-08-26,2,1,0.377,0.345
CUST-0055,2025-09-02,2,1,0.335,0.369
CUST-0055,2025-09-09,2,2,0.298,0.331
CUST-0055,2025-09-16,2,0,0.299,0.345
CUST-0055,2025-09-23,3,3,0.279,0.328
CUST-0055,2025-09-30,1,1,0.274,0.393
CUST-0055,2025-10-07,1,0,0.283,0.406
CUST-0055,2025-10-14,1,0,0.334,0.372
CUST-0055,2025-10-21,2,1,0.306,0.301
CUST-0055,2025-10-28,1,1,0.292,0.309
CUST-0055,2025-11-04,1,1,0.254,0.312
CUST-0055,2025-11-11,1,1,0.298,0.303
CUST-0055,2025-11-18,2,1,0.267,0.255
CUST-0055,2025-11-25,1,1,0.293,0.184
CUST-0055,2025-12-02,2,2,0.298,0.289
CUST-0055,2025-12-09,2,1,0.231,0.358
CUST-0055,2025-12-16,2,2,0.358,0.198
CUST-0055,2025-12-23,2,0,0.317,0.323
CUST-0055,2025-12-30,2,1,0.313,0.283
CUST-0055,2026-01-06,3,3,0.255,0.18
CUST-0055,2026-01-13,2,1,0.275,0.315
CUST-0055,2026-01-20,2,1,0.243,0.332
CUST-0055,2026-01-27,1,0,0.34,0.284
CUST-0055,2026-02-03,1,0,0.257,0.273
CUST-0055,2026-02-10,1,1,0.391,0.219
CUST-0055,2026-02-17,2,1,0.258,0.267
CUST-0055,2026-02-24,1,0,0.198,0.339
CUST-0055,2026-03-03,2,2,0.279,0.232
CUST-0055,2026-03-10,2,2,0.213,0.259
CUST-0055,2026-03-17,1,0,0.345,0.334
CUST-0055,2026-03-24,1,1,0.269,0.251
CUST-0055,2026-03-31,3,4,0.331,0.321
CUST-0055,2026-04-07,2,3,0.14,0.238
CUST-0055,2026-04-14,2,1,0.178,0.349
CUST-0055,2026-04-21,1,0,0.327,0.364
CUST-0055,2026-04-28,2,2,0.352,0.303
CUST-0055,2026-05-05,3,3,0.192,0.293
CUST-0055,2026-05-12,2,1,0.25,0.196
CUST-0055,2026-05-19,2,2,0.274,0.239
CUST-0055,2026-05-26,1,0,0.31,0.271
CUST-0055,2026-06-02,2,2,0.294,0.285
CUST-0055,2026-06-09,2,2,0.127,0.33
CUST-0055,2026-06-16,1,0,0.312,0.227
CUST-0055,2026-06-23,1,0,0.174,0.2
CUST-0056,2025-09-09,11,22,0.417,0.488
CUST-0056,2025-09-16,9,22,0.485,0.599
CUST-0056,2025-09-23,6,14,0.556,0.493
CUST-0056,2025-09-30,11,12,0.514,0.516
CUST-0056,2025-10-07,8,7,0.428,0.488
CUST-0056,2025-10-14,10,15,0.507,0.443
CUST-0056,2025-10-21,11,18,0.422,0.544
CUST-0056,2025-10-28,10,21,0.494,0.543
CUST-0056,2025-11-04,9,18,0.448,0.465
CUST-0056,2025-11-11,11,31,0.459,0.568
CUST-0056,2025-11-18,11,27,0.345,0.569
CUST-0056,2025-11-25,12,28,0.493,0.495
CUST-0056,2025-12-02,9,26,0.446,0.662
CUST-0056,2025-12-09,9,14,0.475,0.479
CUST-0056,2025-12-16,9,8,0.45,0.464
CUST-0056,2025-12-23,10,7,0.346,0.493
CUST-0056,2025-12-30,8,21,0.618,0.531
CUST-0056,2026-01-06,10,7,0.491,0.508
CUST-0056,2026-01-13,10,17,0.459,0.562
CUST-0056,2026-01-20,10,19,0.444,0.543
CUST-0056,2026-01-27,7,16,0.364,0.554
CUST-0056,2026-02-03,10,19,0.409,0.51
CUST-0056,2026-02-10,11,30,0.411,0.334
CUST-0056,2026-02-17,10,14,0.439,0.492
CUST-0056,2026-02-24,8,16,0.349,0.464
CUST-0056,2026-03-03,8,13,0.437,0.469
CUST-0056,2026-03-10,10,10,0.509,0.532
CUST-0056,2026-03-17,8,9,0.354,0.584
CUST-0056,2026-03-24,9,7,0.402,0.446
CUST-0056,2026-03-31,7,11,0.474,0.364
CUST-0056,2026-04-07,8,16,0.361,0.405
CUST-0056,2026-04-14,10,17,0.413,0.482
CUST-0056,2026-04-21,8,5,0.384,0.411
CUST-0056,2026-04-28,8,19,0.466,0.517
CUST-0056,2026-05-05,8,20,0.46,0.408
CUST-0056,2026-05-12,11,23,0.461,0.515
CUST-0056,2026-05-19,9,7,0.399,0.535
CUST-0056,2026-05-26,9,13,0.437,0.435
CUST-0056,2026-06-02,10,12,0.39,0.488
CUST-0056,2026-06-09,8,15,0.32,0.387
CUST-0056,2026-06-16,10,10,0.452,0.479
CUST-0056,2026-06-23,8,6,0.461,0.45
CUST-0057,2025-01-08,259,848,0.604,0.647
CUST-0057,2025-01-15,296,867,0.628,0.569
CUST-0057,2025-01-22,293,295,0.56,0.661
CUST-0057,2025-01-29,239,753,0.603,0.524
CUST-0057,2025-02-05,287,857,0.523,0.628
CUST-0057,2025-02-12,350,602,0.564,0.527
CUST-0057,2025-02-19,260,815,0.672,0.612
CUST-0057,2025-02-26,283,831,0.623,0.59
CUST-0057,2025-03-05,341,561,0.558,0.65
CUST-0057,2025-03-12,296,737,0.554,0.717
CUST-0057,2025-03-19,249,819,0.572,0.555
CUST-0057,2025-03-26,262,277,0.535,0.574
CUST-0057,2025-04-02,262,564,0.657,0.702
CUST-0057,2025-04-09,258,279,0.52,0.617
CUST-0057,2025-04-16,277,319,0.557,0.64
CUST-0057,2025-04-23,310,801,0.569,0.554
CUST-0057,2025-04-30,289,809,0.489,0.624
CUST-0057,2025-05-07,292,831,0.591,0.659
CUST-0057,2025-05-14,311,405,0.589,0.642
CUST-0057,2025-05-21,230,452,0.593,0.577
CUST-0057,2025-05-28,276,707,0.621,0.502
CUST-0057,2025-06-04,316,476,0.615,0.607
CUST-0057,2025-06-11,230,761,0.55,0.676
CUST-0057,2025-06-18,288,303,0.536,0.49
CUST-0057,2025-06-25,253,449,0.567,0.608
CUST-0057,2025-07-02,270,391,0.568,0.627
CUST-0057,2025-07-09,249,663,0.522,0.596
CUST-0057,2025-07-16,290,631,0.637,0.552
CUST-0057,2025-07-23,264,322,0.505,0.519
CUST-0057,2025-07-30,241,297,0.529,0.671
CUST-0057,2025-08-06,273,695,0.531,0.658
CUST-0057,2025-08-13,216,498,0.506,0.698
CUST-0057,2025-08-20,270,788,0.56,0.616
CUST-0057,2025-08-27,267,581,0.525,0.583
CUST-0057,2025-09-03,338,971,0.583,0.528
CUST-0057,2025-09-10,209,419,0.414,0.555
CUST-0057,2025-09-17,285,599,0.594,0.685
CUST-0057,2025-09-24,256,514,0.497,0.57
CUST-0057,2025-10-01,222,402,0.557,0.65
CUST-0057,2025-10-08,259,726,0.503,0.502
CUST-0057,2025-10-15,245,519,0.61,0.629
CUST-0057,2025-10-22,275,769,0.508,0.49
CUST-0057,2025-10-29,228,413,0.59,0.572
CUST-0057,2025-11-05,229,578,0.62,0.491
CUST-0057,2025-11-12,270,623,0.575,0.553
CUST-0057,2025-11-19,326,289,0.578,0.518
CUST-0057,2025-11-26,254,637,0.549,0.606
CUST-0057,2025-12-03,326,533,0.58,0.487
CUST-0057,2025-12-10,237,314,0.573,0.603
CUST-0057,2025-12-17,265,343,0.625,0.549
CUST-0057,2025-12-24,300,392,0.623,0.643
CUST-0057,2025-12-31,259,689,0.534,0.612
CUST-0057,2026-01-07,255,486,0.54,0.539
CUST-0057,2026-01-14,258,810,0.636,0.554
CUST-0057,2026-01-21,224,297,0.509,0.578
CUST-0057,2026-01-28,262,249,0.482,0.537
CUST-0057,2026-02-04,315,730,0.454,0.55
CUST-0057,2026-02-11,318,707,0.524,0.598
CUST-0057,2026-02-18,265,865,0.547,0.581
CUST-0057,2026-02-25,326,852,0.537,0.542
CUST-0057,2026-03-04,216,544,0.524,0.553
CUST-0057,2026-03-11,282,317,0.501,0.551
CUST-0057,2026-03-18,277,539,0.47,0.538
CUST-0057,2026-03-25,276,726,0.545,0.504
CUST-0057,2026-04-01,286,574,0.47,0.548
CUST-0057,2026-04-08,290,568,0.531,0.565
CUST-0057,2026-04-15,256,847,0.527,0.529
CUST-0057,2026-04-22,211,237,0.58,0.587
CUST-0058,2024-07-02,144,542,0.524,0.578
CUST-0058,2024-07-09,186,564,0.556,0.738
CUST-0058,2024-07-16,148,462,0.617,0.605
CUST-0058,2024-07-23,149,426,0.536,0.614
CUST-0058,2024-07-30,181,565,0.619,0.596
CUST-0058,2024-08-06,157,506,0.52,0.6
CUST-0058,2024-08-13,177,616,0.567,0.607
CUST-0058,2024-08-20,124,423,0.606,0.619
CUST-0058,2024-08-27,151,509,0.621,0.696
CUST-0058,2024-09-03,127,183,0.536,0.637
CUST-0058,2024-09-10,154,341,0.568,0.627
CUST-0058,2024-09-17,156,488,0.577,0.699
CUST-0058,2024-09-24,127,190,0.614,0.654
CUST-0058,2024-10-01,121,267,0.608,0.653
CUST-0058,2024-10-08,132,324,0.57,0.629
CUST-0058,2024-10-15,124,382,0.575,0.666
CUST-0058,2024-10-22,137,204,0.607,0.558
CUST-0058,2024-10-29,152,169,0.503,0.691
CUST-0058,2024-11-05,130,440,0.583,0.774
CUST-0058,2024-11-12,129,388,0.542,0.598
CUST-0058,2024-11-19,138,429,0.593,0.618
CUST-0058,2024-11-26,119,121,0.495,0.576
CUST-0058,2024-12-03,163,173,0.513,0.632
CUST-0058,2024-12-10,141,291,0.496,0.659
CUST-0058,2024-12-17,99,163,0.587,0.652
CUST-0058,2024-12-24,144,422,0.57,0.611
CUST-0058,2024-12-31,164,310,0.606,0.701
CUST-0058,2025-01-07,157,511,0.472,0.484
CUST-0058,2025-01-14,138,477,0.638,0.695
CUST-0058,2025-01-21,119,229,0.633,0.549
CUST-0058,2025-01-28,104,307,0.634,0.582
CUST-0058,2025-02-04,118,155,0.453,0.594
CUST-0058,2025-02-11,129,391,0.57,0.515
CUST-0058,2025-02-18,141,302,0.552,0.592
CUST-0058,2025-02-25,185,350,0.502,0.646
CUST-0058,2025-03-04,117,213,0.556,0.624
CUST-0058,2025-03-11,98,245,0.572,0.693
CUST-0058,2025-03-18,140,309,0.553,0.647
CUST-0058,2025-03-25,143,434,0.564,0.561
CUST-0058,2025-04-01,122,154,0.603,0.537
CUST-0058,2025-04-08,150,366,0.498,0.591
CUST-0058,2025-04-15,142,133,0.544,0.552
CUST-0058,2025-04-22,118,264,0.543,0.524
CUST-0058,2025-04-29,155,480,0.514,0.591
CUST-0058,2025-05-06,122,329,0.6,0.517
CUST-0058,2025-05-13,152,384,0.573,0.574
CUST-0058,2025-05-20,137,428,0.474,0.648
CUST-0058,2025-05-27,108,338,0.563,0.588
CUST-0058,2025-06-03,123,146,0.482,0.635
CUST-0058,2025-06-10,136,427,0.502,0.573
CUST-0058,2025-06-17,164,439,0.575,0.503
CUST-0058,2025-06-24,138,195,0.49,0.641
CUST-0058,2025-07-01,122,404,0.465,0.637
CUST-0058,2025-07-08,98,207,0.489,0.603
CUST-0058,2025-07-15,146,447,0.511,0.655
CUST-0058,2025-07-22,159,476,0.676,0.682
CUST-0058,2025-07-29,113,193,0.508,0.642
CUST-0058,2025-08-05,122,360,0.556,0.554
CUST-0058,2025-08-12,131,256,0.543,0.511
CUST-0058,2025-08-19,108,141,0.562,0.572
CUST-0058,2025-08-26,137,307,0.513,0.544
CUST-0058,2025-09-02,125,392,0.562,0.662
CUST-0058,2025-09-09,116,290,0.493,0.551
CUST-0058,2025-09-16,120,213,0.516,0.651
CUST-0058,2025-09-23,73,174,0.468,0.417
CUST-0058,2025-09-30,134,298,0.564,0.627
CUST-0058,2025-10-07,150,494,0.566,0.588
CUST-0058,2025-10-14,150,322,0.512,0.564
CUST-0058,2025-10-21,127,154,0.447,0.579
CUST-0058,2025-10-28,107,291,0.57,0.583
CUST-0058,2025-11-04,108,344,0.53,0.489
CUST-0058,2025-11-11,138,339,0.479,0.597
CUST-0058,2025-11-18,112,257,0.45,0.513
CUST-0058,2025-11-25,87,84,0.518,0.63
CUST-0058,2025-12-02,143,378,0.58,0.472
CUST-0058,2025-12-09,153,323,0.573,0.503
CUST-0058,2025-12-16,120,242,0.54,0.536
CUST-0058,2025-12-23,105,195,0.636,0.56
CUST-0058,2025-12-30,129,308,0.56,0.533
CUST-0058,2026-01-06,129,383,0.577,0.556
CUST-0058,2026-01-13,106,245,0.464,0.592
CUST-0058,2026-01-20,129,383,0.479,0.591
CUST-0058,2026-01-27,94,84,0.544,0.533
CUST-0058,2026-02-03,107,223,0.536,0.53
CUST-0058,2026-02-10,134,322,0.392,0.462
CUST-0058,2026-02-17,117,215,0.486,0.533
CUST-0058,2026-02-24,111,330,0.501,0.684
CUST-0058,2026-03-03,128,353,0.48,0.454
CUST-0058,2026-03-10,101,288,0.512,0.514
CUST-0058,2026-03-17,131,124,0.498,0.513
CUST-0058,2026-03-24,132,394,0.464,0.54
CUST-0058,2026-03-31,135,215,0.491,0.519
CUST-0058,2026-04-07,126,404,0.454,0.466
CUST-0058,2026-04-14,87,258,0.449,0.577
CUST-0058,2026-04-21,119,361,0.495,0.541
CUST-0058,2026-04-28,128,371,0.508,0.423
CUST-0058,2026-05-05,83,97,0.555,0.549
CUST-0058,2026-05-12,136,111,0.496,0.457
CUST-0058,2026-05-19,87,260,0.474,0.484
CUST-0058,2026-05-26,128,298,0.55,0.561
CUST-0058,2026-06-02,119,183,0.493,0.496
CUST-0058,2026-06-09,87,131,0.542,0.481
CUST-0058,2026-06-16,119,305,0.511,0.499
CUST-0058,2026-06-23,86,227,0.453,0.477
CUST-0059,2024-07-02,13,27,0.539,0.638
CUST-0059,2024-07-09,9,31,0.556,0.64
CUST-0059,2024-07-16,14,53,0.583,0.612
CUST-0059,2024-07-23,14,51,0.596,0.592
CUST-0059,2024-07-30,13,29,0.617,0.625
CUST-0059,2024-08-06,15,41,0.539,0.688
CUST-0059,2024-08-13,13,27,0.568,0.612
CUST-0059,2024-08-20,16,62,0.582,0.693
CUST-0059,2024-08-27,14,54,0.563,0.73
CUST-0059,2024-09-03,15,23,0.651,0.77
CUST-0059,2024-09-10,14,31,0.617,0.762
CUST-0059,2024-09-17,13,36,0.757,0.736
CUST-0059,2024-09-24,12,34,0.661,0.666
CUST-0059,2024-10-01,12,43,0.701,0.773
CUST-0059,2024-10-08,14,26,0.611,0.627
CUST-0059,2024-10-15,16,41,0.632,0.622
CUST-0059,2024-10-22,12,36,0.653,0.797
CUST-0059,2024-10-29,16,18,0.609,0.744
CUST-0059,2024-11-05,15,59,0.702,0.767
CUST-0059,2024-11-12,16,30,0.68,0.804
CUST-0059,2024-11-19,14,43,0.746,0.707
CUST-0059,2024-11-26,15,17,0.706,0.587
CUST-0059,2024-12-03,14,47,0.697,0.779
CUST-0059,2024-12-10,15,60,0.652,0.846
CUST-0059,2024-12-17,16,54,0.589,0.745
CUST-0059,2024-12-24,15,32,0.714,0.761
CUST-0059,2024-12-31,15,44,0.71,0.801
CUST-0059,2025-01-07,15,65,0.684,0.796
CUST-0059,2025-01-14,17,46,0.681,0.829
CUST-0059,2025-01-21,18,40,0.699,0.815
CUST-0059,2025-01-28,15,18,0.665,0.799
CUST-0059,2025-02-04,14,24,0.687,0.761
CUST-0059,2025-02-11,16,74,0.745,0.771
CUST-0059,2025-02-18,16,75,0.808,0.808
CUST-0059,2025-02-25,14,23,0.832,0.941
CUST-0059,2025-03-04,15,65,0.875,0.802
CUST-0059,2025-03-11,17,76,0.733,0.683
CUST-0059,2025-03-18,17,21,0.755,0.764
CUST-0059,2025-03-25,16,58,0.789,0.793
CUST-0059,2025-04-01,19,55,0.688,0.852
CUST-0059,2025-04-08,17,70,0.842,0.827
CUST-0059,2025-04-15,17,78,0.838,0.78
CUST-0059,2025-04-22,17,69,0.886,0.834
CUST-0059,2025-04-29,20,78,0.755,0.922
CUST-0059,2025-05-06,18,27,0.821,0.802
CUST-0059,2025-05-13,17,34,0.786,0.868
CUST-0059,2025-05-20,19,83,0.827,0.737
CUST-0059,2025-05-27,17,26,0.832,0.926
CUST-0059,2025-06-03,18,77,0.746,0.869
CUST-0059,2025-06-10,17,36,0.79,0.834
CUST-0059,2025-06-17,18,88,0.854,0.881
CUST-0059,2025-06-24,20,51,0.815,0.816
CUST-0059,2025-07-01,18,81,0.801,0.85
CUST-0059,2025-07-08,18,84,0.764,0.937
CUST-0059,2025-07-15,19,94,0.884,0.933
CUST-0059,2025-07-22,19,88,0.855,0.947
CUST-0059,2025-07-29,20,76,0.902,1.0
CUST-0059,2025-08-05,17,59,0.892,0.988
CUST-0059,2025-08-12,20,35,0.961,0.972
CUST-0059,2025-08-19,20,51,0.874,0.911
CUST-0059,2025-08-26,20,59,0.887,0.959
CUST-0059,2025-09-02,19,89,0.885,0.914
CUST-0059,2025-09-09,18,90,0.969,1.0
CUST-0059,2025-09-16,20,83,0.878,1.0
CUST-0059,2025-09-23,18,27,0.954,1.0
CUST-0059,2025-09-30,20,110,0.905,0.911
CUST-0059,2025-10-07,19,74,0.845,1.0
CUST-0059,2025-10-14,19,49,1.0,1.0
CUST-0059,2025-10-21,20,78,0.883,1.0
CUST-0059,2025-10-28,18,58,0.892,1.0
CUST-0059,2025-11-04,19,60,1.0,1.0
CUST-0059,2025-11-11,18,82,0.947,0.956
CUST-0059,2025-11-18,19,74,1.0,0.971
CUST-0059,2025-11-25,20,44,0.97,0.912
CUST-0059,2025-12-02,20,69,0.899,0.992
CUST-0059,2025-12-09,18,85,0.839,0.972
CUST-0059,2025-12-16,20,84,0.963,0.966
CUST-0059,2025-12-23,20,31,0.882,1.0
CUST-0059,2025-12-30,20,73,0.861,1.0
CUST-0059,2026-01-06,19,76,0.791,0.885
CUST-0059,2026-01-13,20,94,0.919,1.0
CUST-0059,2026-01-20,18,70,0.864,1.0
CUST-0059,2026-01-27,20,50,0.844,0.984
CUST-0059,2026-02-03,20,111,0.983,0.968
CUST-0059,2026-02-10,20,79,0.875,1.0
CUST-0059,2026-02-17,19,96,0.877,1.0
CUST-0059,2026-02-24,20,32,0.993,1.0
CUST-0059,2026-03-03,19,85,1.0,1.0
CUST-0059,2026-03-10,20,91,0.928,1.0
CUST-0059,2026-03-17,20,62,0.798,1.0
CUST-0059,2026-03-24,19,102,0.976,0.988
CUST-0059,2026-03-31,17,36,0.887,0.9
CUST-0059,2026-04-07,19,61,0.894,0.975
CUST-0059,2026-04-14,20,60,0.982,1.0
CUST-0059,2026-04-21,20,64,0.96,1.0
CUST-0059,2026-04-28,20,46,0.835,0.951
CUST-0059,2026-05-05,19,48,0.995,0.953
CUST-0059,2026-05-12,20,36,1.0,1.0
CUST-0059,2026-05-19,17,94,0.918,0.989
CUST-0059,2026-05-26,20,76,1.0,1.0
CUST-0059,2026-06-02,20,65,0.954,1.0
CUST-0059,2026-06-09,20,63,0.927,1.0
CUST-0059,2026-06-16,18,61,0.965,1.0
CUST-0059,2026-06-23,18,74,0.957,0.933
CUST-0060,2024-07-02,33,36,0.458,0.537
CUST-0060,2024-07-09,27,21,0.471,0.506
CUST-0060,2024-07-16,30,36,0.469,0.492
CUST-0060,2024-07-23,28,57,0.542,0.539
CUST-0060,2024-07-30,35,92,0.421,0.488
CUST-0060,2024-08-06,31,67,0.483,0.448
CUST-0060,2024-08-13,35,100,0.468,0.495
CUST-0060,2024-08-20,28,64,0.584,0.465
CUST-0060,2024-08-27,23,20,0.517,0.516
CUST-0060,2024-09-03,38,83,0.465,0.413
CUST-0060,2024-09-10,32,67,0.375,0.476
CUST-0060,2024-09-17,30,62,0.467,0.553
CUST-0060,2024-09-24,28,78,0.532,0.465
CUST-0060,2024-10-01,37,116,0.481,0.523
CUST-0060,2024-10-08,34,37,0.518,0.555
CUST-0060,2024-10-15,32,80,0.483,0.483
CUST-0060,2024-10-22,34,62,0.523,0.509
CUST-0060,2024-10-29,38,33,0.54,0.518
CUST-0060,2024-11-05,28,85,0.507,0.612
CUST-0060,2024-11-12,35,59,0.484,0.472
CUST-0060,2024-11-19,32,102,0.507,0.61
CUST-0060,2024-11-26,32,45,0.503,0.573
CUST-0060,2024-12-03,26,42,0.392,0.536
CUST-0060,2024-12-10,36,82,0.574,0.612
CUST-0060,2024-12-17,33,77,0.541,0.537
CUST-0060,2024-12-24,41,40,0.498,0.606
CUST-0060,2024-12-31,35,90,0.552,0.536
CUST-0060,2025-01-07,46,148,0.476,0.531
CUST-0060,2025-01-14,29,80,0.507,0.53
CUST-0060,2025-01-21,24,60,0.538,0.598
CUST-0060,2025-01-28,35,96,0.524,0.518
CUST-0060,2025-02-04,33,62,0.491,0.533
CUST-0060,2025-02-11,42,91,0.565,0.618
CUST-0060,2025-02-18,32,61,0.498,0.525
CUST-0060,2025-02-25,28,97,0.532,0.648
CUST-0060,2025-03-04,36,113,0.625,0.615
CUST-0060,2025-03-11,36,110,0.53,0.606
CUST-0060,2025-03-18,39,37,0.579,0.719
CUST-0060,2025-03-25,39,50,0.6,0.56
CUST-0060,2025-04-01,30,44,0.537,0.721
CUST-0060,2025-04-08,42,68,0.53,0.593
CUST-0060,2025-04-15,43,55,0.589,0.612
CUST-0060,2025-04-22,31,111,0.596,0.618
CUST-0060,2025-04-29,45,123,0.498,0.685
CUST-0060,2025-05-06,44,128,0.625,0.618
CUST-0060,2025-05-13,44,82,0.584,0.583
CUST-0060,2025-05-20,38,45,0.598,0.647
CUST-0060,2025-05-27,38,81,0.579,0.618
CUST-0060,2025-06-03,41,55,0.66,0.671
CUST-0060,2025-06-10,38,43,0.641,0.679
CUST-0060,2025-06-17,32,75,0.572,0.61
CUST-0060,2025-06-24,30,57,0.632,0.573
CUST-0060,2025-07-01,41,149,0.638,0.638
CUST-0060,2025-07-08,45,123,0.566,0.634
CUST-0060,2025-07-15,40,122,0.624,0.718
CUST-0060,2025-07-22,42,71,0.568,0.667
CUST-0060,2025-07-29,41,127,0.575,0.638
CUST-0060,2025-08-05,42,97,0.621,0.47
CUST-0060,2025-08-12,50,124,0.615,0.621
CUST-0060,2025-08-19,38,83,0.731,0.721
CUST-0060,2025-08-26,46,74,0.668,0.646
CUST-0060,2025-09-02,44,149,0.592,0.64
CUST-0060,2025-09-09,35,49,0.656,0.646
CUST-0060,2025-09-16,49,55,0.602,0.6
CUST-0060,2025-09-23,41,103,0.637,0.585
CUST-0060,2025-09-30,43,101,0.698,0.649
CUST-0060,2025-10-07,45,65,0.582,0.695
CUST-0060,2025-10-14,42,163,0.629,0.744
CUST-0060,2025-10-21,50,81,0.627,0.695
CUST-0060,2025-10-28,42,126,0.496,0.716
CUST-0060,2025-11-04,49,196,0.524,0.735
CUST-0060,2025-11-11,39,95,0.637,0.627
CUST-0060,2025-11-18,41,162,0.698,0.674
CUST-0060,2025-11-25,42,120,0.725,0.689
CUST-0060,2025-12-02,39,165,0.657,0.629
CUST-0060,2025-12-09,40,159,0.662,0.697
CUST-0060,2025-12-16,43,158,0.655,0.697
CUST-0060,2025-12-23,44,146,0.699,0.59
CUST-0060,2025-12-30,35,71,0.637,0.701
CUST-0060,2026-01-06,50,212,0.721,0.782
CUST-0060,2026-01-13,46,132,0.715,0.721
CUST-0060,2026-01-20,35,130,0.639,0.753
CUST-0060,2026-01-27,50,147,0.717,0.837
CUST-0060,2026-02-03,48,53,0.654,0.783
CUST-0060,2026-02-10,38,157,0.71,0.817
CUST-0060,2026-02-17,55,210,0.736,0.774
CUST-0060,2026-02-24,44,74,0.668,0.833
CUST-0060,2026-03-03,41,92,0.739,0.81
CUST-0060,2026-03-10,45,128,0.606,0.725
CUST-0060,2026-03-17,46,201,0.662,0.729
CUST-0060,2026-03-24,41,92,0.751,0.773
CUST-0060,2026-03-31,44,59,0.602,0.736
CUST-0060,2026-04-07,54,190,0.691,0.7
CUST-0060,2026-04-14,54,135,0.698,0.806
CUST-0060,2026-04-21,36,161,0.731,0.6
CUST-0060,2026-04-28,52,118,0.641,0.673
CUST-0060,2026-05-05,46,114,0.732,0.711
CUST-0060,2026-05-12,43,195,0.757,0.876
CUST-0060,2026-05-19,44,174,0.636,0.849
CUST-0060,2026-05-26,50,158,0.776,0.792
CUST-0060,2026-06-02,47,124,0.735,0.797
CUST-0060,2026-06-09,52,143,0.694,0.788
CUST-0060,2026-06-16,45,136,0.719,0.64
CUST-0060,2026-06-23,51,197,0.691,0.867
CUST-0061,2024-07-02,185,668,0.89,1.0
CUST-0061,2024-07-09,185,599,0.919,0.998
CUST-0061,2024-07-16,185,989,0.94,0.931
CUST-0061,2024-07-23,185,336,0.916,0.898
CUST-0061,2024-07-30,185,491,0.946,0.966
CUST-0061,2024-08-06,185,703,0.914,1.0
CUST-0061,2024-08-13,185,971,0.845,0.893
CUST-0061,2024-08-20,185,722,0.935,1.0
CUST-0061,2024-08-27,185,668,0.947,0.936
CUST-0061,2024-09-03,185,294,0.937,1.0
CUST-0061,2024-09-10,185,1057,0.953,1.0
CUST-0061,2024-09-17,185,812,0.94,0.966
CUST-0061,2024-09-24,176,692,0.926,1.0
CUST-0061,2024-10-01,174,1030,0.917,0.909
CUST-0061,2024-10-08,185,759,0.88,1.0
CUST-0061,2024-10-15,177,318,0.874,1.0
CUST-0061,2024-10-22,185,1022,0.878,0.937
CUST-0061,2024-10-29,179,488,0.939,0.901
CUST-0061,2024-11-05,185,784,0.916,1.0
CUST-0061,2024-11-12,182,1021,0.878,1.0
CUST-0061,2024-11-19,185,687,0.93,0.945
CUST-0061,2024-11-26,181,283,1.0,0.901
CUST-0061,2024-12-03,185,840,0.984,0.963
CUST-0061,2024-12-10,172,744,0.971,0.977
CUST-0061,2024-12-17,185,874,0.912,0.969
CUST-0061,2024-12-24,185,1003,0.92,1.0
CUST-0061,2024-12-31,185,719,0.85,1.0
CUST-0061,2025-01-07,183,703,0.947,0.989
CUST-0061,2025-01-14,157,343,0.855,0.907
CUST-0061,2025-01-21,185,643,0.929,1.0
CUST-0061,2025-01-28,172,540,0.93,0.952
CUST-0061,2025-02-04,178,320,0.989,1.0
CUST-0061,2025-02-11,185,878,0.872,1.0
CUST-0061,2025-02-18,185,905,0.938,0.996
CUST-0061,2025-02-25,185,607,0.97,1.0
CUST-0061,2025-03-04,181,357,0.803,0.929
CUST-0061,2025-03-11,185,1019,0.938,0.961
CUST-0061,2025-03-18,185,879,0.99,0.964
CUST-0061,2025-03-25,181,954,0.969,0.94
CUST-0061,2025-04-01,185,359,0.904,1.0
CUST-0061,2025-04-08,185,979,0.916,1.0
CUST-0061,2025-04-15,185,1039,0.95,1.0
CUST-0061,2025-04-22,185,942,0.931,1.0
CUST-0061,2025-04-29,185,402,0.973,0.874
CUST-0061,2025-05-06,185,746,0.817,1.0
CUST-0061,2025-05-13,185,973,0.866,0.9
CUST-0061,2025-05-20,185,397,0.874,1.0
CUST-0061,2025-05-27,178,767,0.906,1.0
CUST-0061,2025-06-03,185,670,0.916,1.0
CUST-0061,2025-06-10,180,843,0.928,1.0
CUST-0061,2025-06-17,180,917,0.787,1.0
CUST-0061,2025-06-24,179,313,0.851,1.0
CUST-0061,2025-07-01,169,499,0.894,1.0
CUST-0061,2025-07-08,185,648,0.916,1.0
CUST-0061,2025-07-15,180,933,0.921,0.948
CUST-0061,2025-07-22,171,783,0.961,0.987
CUST-0061,2025-07-29,179,738,0.851,1.0
CUST-0061,2025-08-05,185,741,0.891,1.0
CUST-0061,2025-08-12,166,540,0.976,0.977
CUST-0061,2025-08-19,185,698,0.868,0.94
CUST-0061,2025-08-26,185,406,0.903,0.938
CUST-0061,2025-09-02,185,343,0.977,1.0
CUST-0061,2025-09-09,185,803,0.97,1.0
CUST-0061,2025-09-16,181,963,0.914,1.0
CUST-0061,2025-09-23,185,1050,0.857,0.994
CUST-0061,2025-09-30,170,747,0.882,0.974
CUST-0061,2025-10-07,185,956,0.848,1.0
CUST-0061,2025-10-14,185,283,1.0,1.0
CUST-0061,2025-10-21,185,1004,0.966,0.922
CUST-0061,2025-10-28,185,460,0.984,0.935
CUST-0061,2025-11-04,185,1021,0.854,1.0
CUST-0061,2025-11-11,185,703,0.938,1.0
CUST-0061,2025-11-18,174,982,0.897,1.0
CUST-0061,2025-11-25,185,627,0.922,1.0
CUST-0061,2025-12-02,169,808,0.973,0.966
CUST-0061,2025-12-09,185,559,0.941,1.0
CUST-0061,2025-12-16,174,340,0.912,0.996
CUST-0061,2025-12-23,185,1025,0.963,1.0
CUST-0061,2025-12-30,182,964,0.963,1.0
CUST-0061,2026-01-06,185,304,0.889,1.0
CUST-0061,2026-01-13,165,898,0.936,1.0
CUST-0061,2026-01-20,185,961,0.927,1.0
CUST-0061,2026-01-27,185,364,0.963,0.996
CUST-0061,2026-02-03,185,1016,0.936,0.992
CUST-0061,2026-02-10,177,1011,0.898,1.0
CUST-0061,2026-02-17,181,964,1.0,0.904
CUST-0061,2026-02-24,172,838,0.979,1.0
CUST-0061,2026-03-03,161,677,0.956,1.0
CUST-0061,2026-03-10,157,672,0.854,0.997
CUST-0061,2026-03-17,177,378,0.821,1.0
CUST-0061,2026-03-24,185,632,0.887,0.967
CUST-0061,2026-03-31,185,671,0.907,0.953
CUST-0061,2026-04-07,185,920,0.91,1.0
CUST-0061,2026-04-14,169,480,0.912,0.957
CUST-0061,2026-04-21,185,676,0.927,1.0
CUST-0061,2026-04-28,167,407,0.923,0.968
CUST-0061,2026-05-05,168,945,0.965,1.0
CUST-0061,2026-05-12,171,369,0.857,1.0
CUST-0061,2026-05-19,170,823,0.929,0.974
CUST-0061,2026-05-26,177,926,0.913,1.0
CUST-0061,2026-06-02,181,404,0.962,0.972
CUST-0061,2026-06-09,175,498,0.936,0.951
CUST-0061,2026-06-16,171,738,1.0,0.866
CUST-0061,2026-06-23,185,637,0.919,1.0
CUST-0062,2024-06-02,3,7,0.529,0.38
CUST-0062,2024-06-09,2,3,0.496,0.463
CUST-0062,2024-06-16,3,4,0.405,0.482
CUST-0062,2024-06-23,3,3,0.512,0.448
CUST-0062,2024-06-30,3,2,0.402,0.615
CUST-0062,2024-07-07,3,3,0.479,0.503
CUST-0062,2024-07-14,3,7,0.448,0.462
CUST-0062,2024-07-21,5,6,0.408,0.479
CUST-0062,2024-07-28,3,8,0.354,0.497
CUST-0062,2024-08-04,2,3,0.438,0.436
CUST-0062,2024-08-11,3,3,0.362,0.449
CUST-0062,2024-08-18,2,3,0.484,0.582
CUST-0062,2024-08-25,3,8,0.516,0.466
CUST-0062,2024-09-01,2,5,0.467,0.526
CUST-0062,2024-09-08,4,8,0.541,0.405
CUST-0062,2024-09-15,3,5,0.438,0.503
CUST-0062,2024-09-22,2,3,0.491,0.507
CUST-0062,2024-09-29,3,2,0.399,0.505
CUST-0062,2024-10-06,3,3,0.478,0.517
CUST-0062,2024-10-13,3,7,0.457,0.511
CUST-0062,2024-10-20,3,6,0.422,0.5
CUST-0062,2024-10-27,3,8,0.425,0.442
CUST-0062,2024-11-03,2,3,0.312,0.457
CUST-0062,2024-11-10,3,5,0.437,0.44
CUST-0062,2024-11-17,3,7,0.449,0.459
CUST-0062,2024-11-24,3,6,0.473,0.522
CUST-0062,2024-12-01,2,5,0.526,0.506
CUST-0062,2024-12-08,3,4,0.487,0.534
CUST-0062,2024-12-15,4,5,0.406,0.519
CUST-0062,2024-12-22,2,1,0.442,0.504
CUST-0062,2024-12-29,3,7,0.399,0.393
CUST-0062,2025-01-05,2,4,0.409,0.393
CUST-0062,2025-01-12,2,2,0.396,0.434
CUST-0062,2025-01-19,3,2,0.497,0.522
CUST-0062,2025-01-26,3,2,0.381,0.619
CUST-0062,2025-02-02,4,5,0.478,0.44
CUST-0062,2025-02-09,3,3,0.301,0.454
CUST-0062,2025-02-16,4,10,0.42,0.385
CUST-0062,2025-02-23,2,3,0.454,0.449
CUST-0062,2025-03-02,4,11,0.411,0.46
CUST-0062,2025-03-09,3,6,0.483,0.6
CUST-0062,2025-03-16,3,5,0.397,0.571
CUST-0062,2025-03-23,3,5,0.481,0.492
CUST-0062,2025-03-30,3,7,0.381,0.535
CUST-0062,2025-04-06,3,5,0.462,0.481
CUST-0062,2025-04-13,3,6,0.423,0.427
CUST-0062,2025-04-20,3,4,0.462,0.409
CUST-0062,2025-04-27,3,6,0.456,0.496
CUST-0062,2025-05-04,3,4,0.439,0.428
CUST-0062,2025-05-11,3,4,0.469,0.545
CUST-0062,2025-05-18,4,6,0.427,0.435
CUST-0062,2025-05-25,3,2,0.373,0.536
CUST-0062,2025-06-01,2,1,0.399,0.425
CUST-0062,2025-06-08,2,3,0.439,0.46
CUST-0062,2025-06-15,3,5,0.404,0.36
CUST-0062,2025-06-22,4,8,0.468,0.519
CUST-0062,2025-06-29,3,4,0.459,0.436
CUST-0062,2025-07-06,3,3,0.462,0.43
CUST-0062,2025-07-13,4,5,0.429,0.346
CUST-0062,2025-07-20,2,5,0.405,0.454
CUST-0062,2025-07-27,3,3,0.461,0.499
CUST-0062,2025-08-03,3,2,0.382,0.495
CUST-0062,2025-08-10,3,2,0.449,0.513
CUST-0062,2025-08-17,2,2,0.462,0.449
CUST-0062,2025-08-24,4,5,0.379,0.508
CUST-0062,2025-08-31,3,7,0.471,0.55
CUST-0062,2025-09-07,3,2,0.411,0.432
CUST-0062,2025-09-14,3,6,0.553,0.516
CUST-0062,2025-09-21,3,5,0.33,0.47
CUST-0062,2025-09-28,3,3,0.443,0.491
CUST-0062,2025-10-05,1,0,0.389,0.427
CUST-0062,2025-10-12,3,5,0.434,0.447
CUST-0062,2025-10-19,3,3,0.511,0.402
CUST-0062,2025-10-26,3,6,0.445,0.413
CUST-0062,2025-11-02,3,5,0.476,0.443
CUST-0062,2025-11-09,3,3,0.395,0.426
CUST-0062,2025-11-16,3,6,0.455,0.564
CUST-0062,2025-11-23,2,5,0.387,0.447
CUST-0062,2025-11-30,2,2,0.387,0.481
CUST-0062,2025-12-07,2,2,0.355,0.422
CUST-0062,2025-12-14,2,5,0.404,0.473
CUST-0062,2025-12-21,3,5,0.347,0.268
CUST-0062,2025-12-28,4,5,0.445,0.522
CUST-0062,2026-01-04,4,3,0.423,0.366
CUST-0062,2026-01-11,3,8,0.395,0.512
CUST-0062,2026-01-18,3,5,0.431,0.499
CUST-0062,2026-01-25,1,1,0.45,0.423
CUST-0062,2026-02-01,2,2,0.425,0.524
CUST-0062,2026-02-08,2,5,0.454,0.461
CUST-0062,2026-02-15,3,6,0.469,0.411
CUST-0062,2026-02-22,3,7,0.405,0.404
CUST-0062,2026-03-01,1,1,0.378,0.505
CUST-0062,2026-03-08,3,5,0.395,0.412
CUST-0062,2026-03-15,2,3,0.468,0.475
CUST-0062,2026-03-22,3,3,0.484,0.482
CUST-0062,2026-03-29,2,2,0.389,0.431
CUST-0062,2026-04-05,2,1,0.379,0.453
CUST-0062,2026-04-12,2,3,0.413,0.424
CUST-0062,2026-04-19,2,3,0.396,0.415
CUST-0062,2026-04-26,2,2,0.387,0.373
CUST-0062,2026-05-03,3,6,0.535,0.475
CUST-0062,2026-05-10,2,1,0.372,0.481
CUST-0062,2026-05-17,3,2,0.473,0.453
CUST-0062,2026-05-24,2,4,0.383,0.481
CUST-0063,2024-10-08,19,100,0.819,0.95
CUST-0063,2024-10-15,22,109,0.839,0.831
CUST-0063,2024-10-22,22,40,0.856,0.865
CUST-0063,2024-10-29,25,93,0.809,0.931
CUST-0063,2024-11-05,21,51,0.909,0.868
CUST-0063,2024-11-12,24,112,0.866,0.929
CUST-0063,2024-11-19,21,45,0.906,0.954
CUST-0063,2024-11-26,19,60,0.849,0.99
CUST-0063,2024-12-03,23,58,0.754,0.891
CUST-0063,2024-12-10,25,59,0.839,0.811
CUST-0063,2024-12-17,21,62,0.801,0.903
CUST-0063,2024-12-24,20,71,0.884,0.854
CUST-0063,2024-12-31,22,89,0.842,0.938
CUST-0063,2025-01-07,21,46,0.78,0.883
CUST-0063,2025-01-14,21,93,0.827,0.904
CUST-0063,2025-01-21,21,92,0.788,0.904
CUST-0063,2025-01-28,21,90,0.877,0.881
CUST-0063,2025-02-04,23,118,0.82,0.862
CUST-0063,2025-02-11,19,84,0.915,0.905
CUST-0063,2025-02-18,21,93,0.843,0.908
CUST-0063,2025-02-25,18,29,0.895,0.851
CUST-0063,2025-03-04,22,66,0.819,0.845
CUST-0063,2025-03-11,25,41,0.792,0.856
CUST-0063,2025-03-18,24,85,0.688,0.863
CUST-0063,2025-03-25,22,101,0.725,0.844
CUST-0063,2025-04-01,17,81,0.733,0.871
CUST-0063,2025-04-08,22,64,0.809,0.935
CUST-0063,2025-04-15,24,123,0.874,0.807
CUST-0063,2025-04-22,21,50,0.772,0.859
CUST-0063,2025-04-29,24,49,0.859,0.846
CUST-0063,2025-05-06,20,94,0.787,0.758
CUST-0063,2025-05-13,21,42,0.821,0.922
CUST-0063,2025-05-20,18,56,0.82,0.771
CUST-0063,2025-05-27,20,41,0.846,0.816
CUST-0063,2025-06-03,20,90,0.777,0.83
CUST-0063,2025-06-10,18,30,0.846,0.91
CUST-0063,2025-06-17,23,110,0.718,0.922
CUST-0063,2025-06-24,15,36,0.846,0.898
CUST-0063,2025-07-01,23,77,0.799,0.726
CUST-0063,2025-07-08,19,32,0.751,0.96
CUST-0063,2025-07-15,19,89,0.726,0.876
CUST-0063,2025-07-22,20,95,0.79,0.8
CUST-0063,2025-07-29,22,59,0.822,0.852
CUST-0063,2025-08-05,19,28,0.789,0.789
CUST-0063,2025-08-12,23,54,0.724,0.688
CUST-0063,2025-08-19,20,53,0.838,0.852
CUST-0063,2025-08-26,22,37,0.585,0.875
CUST-0063,2025-09-02,21,81,0.759,0.904
CUST-0063,2025-09-09,19,70,0.784,0.874
CUST-0063,2025-09-16,20,29,0.791,0.88
CUST-0063,2025-09-23,16,30,0.731,0.719
CUST-0063,2025-09-30,17,77,0.711,1.0
CUST-0063,2025-10-07,19,27,0.756,0.906
CUST-0063,2025-10-14,17,58,0.736,0.913
CUST-0063,2025-10-21,22,58,0.713,0.763
CUST-0063,2025-10-28,22,103,0.738,0.787
CUST-0063,2025-11-04,18,63,0.766,0.818
CUST-0063,2025-11-11,18,44,0.741,0.872
CUST-0063,2025-11-18,17,39,0.703,0.78
CUST-0063,2025-11-25,25,71,0.838,0.887
CUST-0063,2025-12-02,19,68,0.689,0.797
CUST-0063,2025-12-09,20,51,0.732,0.827
CUST-0063,2025-12-16,21,101,0.741,0.817
CUST-0063,2025-12-23,19,38,0.76,0.816
CUST-0063,2025-12-30,16,68,0.733,0.86
CUST-0063,2026-01-06,23,69,0.73,0.677
CUST-0063,2026-01-13,25,117,0.711,0.803
CUST-0063,2026-01-20,21,29,0.68,0.802
CUST-0063,2026-01-27,20,62,0.864,0.773
CUST-0063,2026-02-03,19,35,0.781,0.724
CUST-0063,2026-02-10,21,35,0.703,0.786
CUST-0063,2026-02-17,20,36,0.745,0.726
CUST-0063,2026-02-24,19,32,0.732,0.794
CUST-0063,2026-03-03,25,81,0.801,0.839
CUST-0063,2026-03-10,22,68,0.725,0.784
CUST-0063,2026-03-17,20,39,0.635,0.837
CUST-0063,2026-03-24,20,70,0.705,0.803
CUST-0063,2026-03-31,15,34,0.773,0.81
CUST-0063,2026-04-07,18,69,0.795,0.735
CUST-0063,2026-04-14,19,77,0.689,0.789
CUST-0063,2026-04-21,21,73,0.662,0.792
CUST-0063,2026-04-28,18,23,0.773,0.837
CUST-0063,2026-05-05,23,28,0.65,0.776
CUST-0063,2026-05-12,21,31,0.804,0.796
CUST-0063,2026-05-19,20,28,0.805,0.741
CUST-0063,2026-05-26,22,85,0.664,0.752
CUST-0063,2026-06-02,20,55,0.697,0.635
CUST-0063,2026-06-09,20,73,0.657,0.744
CUST-0063,2026-06-16,20,69,0.656,0.71
CUST-0063,2026-06-23,18,44,0.732,0.838
CUST-0064,2026-01-05,15,47,0.438,0.542
CUST-0064,2026-01-12,11,23,0.483,0.498
CUST-0064,2026-01-19,16,37,0.428,0.558
CUST-0064,2026-01-26,11,34,0.549,0.612
CUST-0064,2026-02-02,11,17,0.454,0.642
CUST-0064,2026-02-09,14,23,0.487,0.598
CUST-0064,2026-02-16,10,8,0.514,0.498
CUST-0064,2026-02-23,12,37,0.516,0.518
CUST-0064,2026-03-02,15,14,0.517,0.624
CUST-0064,2026-03-09,17,36,0.488,0.547
CUST-0064,2026-03-16,11,20,0.471,0.587
CUST-0064,2026-03-23,14,28,0.491,0.637
CUST-0064,2026-03-30,15,18,0.58,0.563
CUST-0064,2026-04-06,16,31,0.431,0.591
CUST-0064,2026-04-13,14,25,0.516,0.531
CUST-0064,2026-04-20,12,16,0.494,0.568
CUST-0064,2026-04-27,15,28,0.468,0.569
CUST-0064,2026-05-04,16,49,0.532,0.656
CUST-0064,2026-05-11,15,34,0.517,0.612
CUST-0064,2026-05-18,12,15,0.527,0.487
CUST-0065,2024-07-02,41,67,0.586,0.599
CUST-0065,2024-07-09,54,64,0.524,0.588
CUST-0065,2024-07-16,59,104,0.579,0.571
CUST-0065,2024-07-23,59,184,0.514,0.532
CUST-0065,2024-07-30,56,169,0.535,0.575
CUST-0065,2024-08-06,52,96,0.578,0.648
CUST-0065,2024-08-13,54,134,0.599,0.77
CUST-0065,2024-08-20,59,106,0.498,0.665
CUST-0065,2024-08-27,47,139,0.49,0.682
CUST-0065,2024-09-03,50,79,0.493,0.641
CUST-0065,2024-09-10,46,143,0.511,0.599
CUST-0065,2024-09-17,48,60,0.507,0.583
CUST-0065,2024-09-24,39,35,0.531,0.419
CUST-0065,2024-10-01,54,172,0.565,0.496
CUST-0065,2024-10-08,46,142,0.538,0.573
CUST-0065,2024-10-15,52,155,0.487,0.484
CUST-0065,2024-10-22,62,167,0.466,0.585
CUST-0065,2024-10-29,48,67,0.532,0.542
CUST-0065,2024-11-05,32,54,0.517,0.559
CUST-0065,2024-11-12,50,52,0.508,0.518
CUST-0065,2024-11-19,48,82,0.487,0.518
CUST-0065,2024-11-26,57,57,0.507,0.585
CUST-0065,2024-12-03,58,137,0.501,0.557
CUST-0065,2024-12-10,50,62,0.448,0.547
CUST-0065,2024-12-17,42,39,0.556,0.481
CUST-0065,2024-12-24,40,88,0.484,0.445
CUST-0065,2024-12-31,59,66,0.485,0.592
CUST-0065,2025-01-07,46,73,0.57,0.522
CUST-0065,2025-01-14,46,77,0.446,0.534
CUST-0065,2025-01-21,40,103,0.437,0.493
CUST-0065,2025-01-28,40,57,0.433,0.521
CUST-0065,2025-02-04,46,113,0.471,0.557
CUST-0065,2025-02-11,38,89,0.389,0.401
CUST-0065,2025-02-18,46,82,0.482,0.579
CUST-0065,2025-02-25,43,66,0.464,0.345
CUST-0065,2025-03-04,35,86,0.422,0.448
CUST-0065,2025-03-11,36,93,0.463,0.511
CUST-0065,2025-03-18,37,32,0.422,0.461
CUST-0065,2025-03-25,40,51,0.377,0.436
CUST-0065,2025-04-01,37,78,0.428,0.465
CUST-0065,2025-04-08,33,69,0.399,0.459
CUST-0065,2025-04-15,48,50,0.456,0.558
CUST-0065,2025-04-22,40,104,0.419,0.469
CUST-0065,2025-04-29,49,111,0.389,0.506
CUST-0065,2025-05-06,43,38,0.399,0.441
CUST-0065,2025-05-13,34,38,0.474,0.542
CUST-0065,2025-05-20,42,98,0.462,0.608
CUST-0065,2025-05-27,53,100,0.432,0.58
CUST-0065,2025-06-03,40,39,0.331,0.425
CUST-0065,2025-06-10,44,87,0.362,0.439
CUST-0065,2025-06-17,45,101,0.383,0.494
CUST-0065,2025-06-24,39,65,0.382,0.61
CUST-0065,2025-07-01,33,27,0.387,0.351
CUST-0065,2025-07-08,38,96,0.52,0.452
CUST-0065,2025-07-15,41,30,0.429,0.465
CUST-0065,2025-07-22,43,88,0.374,0.357
CUST-0065,2025-07-29,27,29,0.427,0.412
CUST-0065,2025-08-05,37,34,0.418,0.475
CUST-0065,2025-08-12,43,96,0.439,0.456
CUST-0065,2025-08-19,56,76,0.4,0.419
CUST-0065,2025-08-26,32,46,0.469,0.323
CUST-0065,2025-09-02,36,63,0.335,0.472
CUST-0065,2025-09-09,39,52,0.425,0.451
CUST-0065,2025-09-16,41,74,0.42,0.376
CUST-0065,2025-09-23,20,28,0.502,0.36
CUST-0065,2025-09-30,48,107,0.298,0.341
CUST-0065,2025-10-07,44,88,0.439,0.47
CUST-0065,2025-10-14,28,26,0.434,0.335
CUST-0065,2025-10-21,33,55,0.348,0.501
CUST-0065,2025-10-28,46,50,0.39,0.327
CUST-0065,2025-11-04,41,82,0.391,0.423
CUST-0065,2025-11-11,36,31,0.365,0.441
CUST-0065,2025-11-18,15,27,0.465,0.44
CUST-0065,2025-11-25,26,47,0.408,0.436
CUST-0065,2025-12-02,25,52,0.405,0.379
CUST-0065,2025-12-09,37,55,0.374,0.392
CUST-0065,2025-12-16,39,63,0.34,0.38
CUST-0065,2025-12-23,38,58,0.38,0.39
CUST-0065,2025-12-30,45,40,0.249,0.458
CUST-0065,2026-01-06,21,36,0.284,0.344
CUST-0065,2026-01-13,33,69,0.31,0.458
CUST-0065,2026-01-20,34,44,0.257,0.394
CUST-0065,2026-01-27,33,65,0.371,0.321
CUST-0065,2026-02-03,31,27,0.397,0.399
CUST-0065,2026-02-10,42,24,0.432,0.5
CUST-0065,2026-02-17,31,61,0.347,0.286
CUST-0065,2026-02-24,35,64,0.292,0.336
CUST-0065,2026-03-03,17,14,0.341,0.34
CUST-0065,2026-03-10,37,41,0.323,0.394
CUST-0065,2026-03-17,28,56,0.378,0.276
CUST-0065,2026-03-24,19,12,0.255,0.317
CUST-0065,2026-03-31,31,32,0.318,0.345
CUST-0065,2026-04-07,28,53,0.253,0.305
CUST-0065,2026-04-14,36,38,0.354,0.401
CUST-0065,2026-04-21,31,24,0.34,0.268
CUST-0065,2026-04-28,36,64,0.303,0.307
CUST-0065,2026-05-05,20,38,0.241,0.446
CUST-0065,2026-05-12,27,48,0.315,0.407
CUST-0065,2026-05-19,20,30,0.322,0.317
CUST-0065,2026-05-26,22,27,0.352,0.428
CUST-0065,2026-06-02,27,42,0.33,0.46
CUST-0065,2026-06-09,22,30,0.287,0.238
CUST-0065,2026-06-16,28,28,0.295,0.333
CUST-0065,2026-06-23,27,20,0.266,0.366
CUST-0066,2023-12-13,19,83,0.973,0.965
CUST-0066,2023-12-20,20,61,0.86,0.954
CUST-0066,2023-12-27,19,62,0.913,1.0
CUST-0066,2024-01-03,18,62,0.948,0.961
CUST-0066,2024-01-10,19,108,0.905,0.866
CUST-0066,2024-01-17,18,62,0.87,0.965
CUST-0066,2024-01-24,20,77,0.875,0.988
CUST-0066,2024-01-31,17,31,0.865,0.914
CUST-0066,2024-02-07,20,97,0.902,1.0
CUST-0066,2024-02-14,18,69,0.895,0.918
CUST-0066,2024-02-21,16,70,0.882,0.829
CUST-0066,2024-02-28,19,59,0.869,0.964
CUST-0066,2024-03-06,18,97,0.856,0.911
CUST-0066,2024-03-13,18,43,0.801,0.935
CUST-0066,2024-03-20,17,72,0.828,0.902
CUST-0066,2024-03-27,17,89,0.801,0.954
CUST-0066,2024-04-03,15,30,0.826,0.983
CUST-0066,2024-04-10,19,36,0.853,0.842
CUST-0066,2024-04-17,15,24,0.838,0.79
CUST-0066,2024-04-24,20,100,0.771,0.895
CUST-0066,2024-05-01,17,81,0.835,0.818
CUST-0066,2024-05-08,18,60,0.813,0.87
CUST-0066,2024-05-15,15,42,0.902,0.904
CUST-0066,2024-05-22,15,32,0.717,0.878
CUST-0066,2024-05-29,18,34,0.853,0.821
CUST-0066,2024-06-05,18,87,0.824,0.762
CUST-0066,2024-06-12,18,78,0.835,0.703
CUST-0066,2024-06-19,16,75,0.777,0.84
CUST-0066,2024-06-26,16,47,0.754,0.86
CUST-0066,2024-07-03,14,54,0.79,0.819
CUST-0066,2024-07-10,14,55,0.804,0.854
CUST-0066,2024-07-17,15,60,0.75,0.824
CUST-0066,2024-07-24,15,45,0.786,0.794
CUST-0066,2024-07-31,16,54,0.736,0.738
CUST-0066,2024-08-07,16,27,0.738,0.927
CUST-0066,2024-08-14,15,33,0.744,0.805
CUST-0066,2024-08-21,15,56,0.755,0.773
CUST-0066,2024-08-28,15,52,0.623,0.76
CUST-0066,2024-09-04,12,43,0.708,0.799
CUST-0066,2024-09-11,15,47,0.682,0.672
CUST-0066,2024-09-18,13,30,0.682,0.74
CUST-0066,2024-09-25,16,40,0.625,0.816
CUST-0066,2024-10-02,14,26,0.705,0.828
CUST-0066,2024-10-09,16,18,0.673,0.676
CUST-0066,2024-10-16,17,71,0.649,0.728
CUST-0066,2024-10-23,14,48,0.72,0.685
CUST-0066,2024-10-30,15,22,0.718,0.746
CUST-0066,2024-11-06,14,26,0.677,0.806
CUST-0066,2024-11-13,12,23,0.647,0.805
CUST-0066,2024-11-20,12,41,0.625,0.721
CUST-0066,2024-11-27,13,52,0.72,0.646
CUST-0066,2024-12-04,14,16,0.714,0.681
CUST-0066,2024-12-11,13,33,0.69,0.598
CUST-0066,2024-12-18,14,38,0.658,0.689
CUST-0066,2024-12-25,12,28,0.66,0.688
CUST-0066,2025-01-01,12,20,0.524,0.681
CUST-0066,2025-01-08,13,16,0.668,0.647
CUST-0066,2025-01-15,14,30,0.621,0.725
CUST-0066,2025-01-22,9,27,0.56,0.552
CUST-0066,2025-01-29,10,20,0.723,0.752
CUST-0066,2025-02-05,12,18,0.681,0.616
CUST-0066,2025-02-12,11,32,0.698,0.622
CUST-0066,2025-02-19,10,13,0.531,0.653
CUST-0066,2025-02-26,13,43,0.537,0.7
CUST-0066,2025-03-05,11,19,0.55,0.586
CUST-0066,2025-03-12,12,39,0.574,0.522
CUST-0066,2025-03-19,9,10,0.531,0.589
CUST-0066,2025-03-26,10,9,0.526,0.573
CUST-0066,2025-04-02,11,33,0.55,0.603
CUST-0066,2025-04-09,11,37,0.514,0.538
CUST-0066,2025-04-16,10,34,0.55,0.586
CUST-0066,2025-04-23,12,30,0.506,0.498
CUST-0066,2025-04-30,11,32,0.589,0.585
CUST-0066,2025-05-07,11,29,0.532,0.435
CUST-0066,2025-05-14,10,22,0.479,0.494
CUST-0066,2025-05-21,10,28,0.426,0.525
CUST-0066,2025-05-28,11,26,0.587,0.503
CUST-0066,2025-06-04,10,31,0.538,0.53
CUST-0066,2025-06-11,13,29,0.514,0.601
CUST-0066,2025-06-18,11,9,0.562,0.491
CUST-0066,2025-06-25,8,10,0.514,0.517
CUST-0066,2025-07-02,10,28,0.446,0.536
CUST-0066,2025-07-09,14,32,0.481,0.613
CUST-0066,2025-07-16,10,26,0.445,0.588
CUST-0066,2025-07-23,10,29,0.407,0.548
CUST-0066,2025-07-30,6,15,0.462,0.365
CUST-0066,2025-08-06,12,11,0.427,0.52
CUST-0066,2025-08-13,9,24,0.515,0.473
CUST-0067,2024-06-12,3,1,0.047,0.085
CUST-0067,2024-06-19,2,0,0.129,0.127
CUST-0067,2024-06-26,1,0,0.102,0.141
CUST-0067,2024-07-03,1,0,0.064,0.091
CUST-0067,2024-07-10,1,0,0.145,0.0
CUST-0067,2024-07-17,1,0,0.104,0.01
CUST-0067,2024-07-24,1,0,0.11,0.14
CUST-0067,2024-07-31,1,0,0.0,0.152
CUST-0067,2024-08-07,2,0,0.124,0.074
CUST-0067,2024-08-14,1,0,0.048,0.01
CUST-0067,2024-08-21,1,0,0.005,0.009
CUST-0067,2024-08-28,1,0,0.0,0.09
CUST-0067,2024-09-04,1,0,0.027,0.0
CUST-0067,2024-09-11,1,0,0.169,0.0
CUST-0067,2024-09-18,1,0,0.121,0.071
CUST-0067,2024-09-25,1,0,0.0,0.0
CUST-0067,2024-10-02,1,0,0.047,0.007
CUST-0067,2024-10-09,1,0,0.0,0.0
CUST-0067,2024-10-16,1,0,0.0,0.113
CUST-0067,2024-10-23,1,0,0.041,0.009
CUST-0067,2024-10-30,1,0,0.002,0.014
CUST-0067,2024-11-06,1,0,0.038,0.042
CUST-0067,2024-11-13,1,0,0.0,0.01
CUST-0067,2024-11-20,1,0,0.03,0.0
CUST-0067,2024-11-27,1,0,0.04,0.0
CUST-0067,2024-12-04,1,0,0.0,0.0
CUST-0067,2024-12-11,1,0,0.007,0.0
CUST-0067,2024-12-18,1,0,0.0,0.0
CUST-0067,2024-12-25,1,0,0.0,0.0
CUST-0067,2025-01-01,1,0,0.0,0.037
CUST-0067,2025-01-08,1,0,0.0,0.0
CUST-0067,2025-01-15,1,0,0.033,0.0
CUST-0067,2025-01-22,1,0,0.0,0.0
CUST-0067,2025-01-29,1,0,0.0,0.0
CUST-0067,2025-02-05,1,0,0.0,0.0
CUST-0067,2025-02-12,1,0,0.0,0.039
CUST-0067,2025-02-19,1,0,0.003,0.036
CUST-0067,2025-02-26,2,0,0.04,0.027
CUST-0067,2025-03-05,1,0,0.0,0.029
CUST-0067,2025-03-12,1,0,0.019,0.0
CUST-0067,2025-03-19,1,0,0.0,0.092
CUST-0067,2025-03-26,1,0,0.0,0.013
CUST-0067,2025-04-02,1,0,0.0,0.0
CUST-0067,2025-04-09,1,0,0.061,0.056
CUST-0067,2025-04-16,1,0,0.08,0.0
CUST-0067,2025-04-23,1,0,0.0,0.0
CUST-0067,2025-04-30,1,0,0.08,0.0
CUST-0067,2025-05-07,1,0,0.073,0.086
CUST-0067,2025-05-14,1,0,0.0,0.065
CUST-0067,2025-05-21,1,0,0.015,0.0
CUST-0067,2025-05-28,1,0,0.0,0.0
CUST-0067,2025-06-04,1,0,0.058,0.0
CUST-0067,2025-06-11,1,0,0.0,0.112
CUST-0067,2025-06-18,1,0,0.0,0.0
CUST-0067,2025-06-25,1,0,0.021,0.0
CUST-0067,2025-07-02,1,0,0.038,0.0
CUST-0067,2025-07-09,1,0,0.0,0.0
CUST-0067,2025-07-16,1,0,0.0,0.0
CUST-0067,2025-07-23,1,0,0.0,0.01
CUST-0068,2024-07-02,14,44,0.626,0.679
CUST-0068,2024-07-09,15,51,0.578,0.605
CUST-0068,2024-07-16,16,24,0.645,0.688
CUST-0068,2024-07-23,16,38,0.609,0.75
CUST-0068,2024-07-30,19,71,0.628,0.687
CUST-0068,2024-08-06,15,30,0.562,0.716
CUST-0068,2024-08-13,14,24,0.566,0.778
CUST-0068,2024-08-20,17,35,0.612,0.693
CUST-0068,2024-08-27,18,55,0.576,0.734
CUST-0068,2024-09-03,14,55,0.591,0.643
CUST-0068,2024-09-10,17,29,0.652,0.751
CUST-0068,2024-09-17,13,40,0.668,0.8
CUST-0068,2024-09-24,13,43,0.589,0.622
CUST-0068,2024-10-01,15,48,0.563,0.6
CUST-0068,2024-10-08,15,26,0.649,0.705
CUST-0068,2024-10-15,17,36,0.64,0.676
CUST-0068,2024-10-22,14,20,0.7,0.685
CUST-0068,2024-10-29,19,39,0.663,0.605
CUST-0068,2024-11-05,14,35,0.612,0.629
CUST-0068,2024-11-12,15,31,0.624,0.615
CUST-0068,2024-11-19,17,40,0.698,0.642
CUST-0068,2024-11-26,17,29,0.655,0.772
CUST-0068,2024-12-03,17,65,0.686,0.681
CUST-0068,2024-12-10,15,48,0.729,0.658
CUST-0068,2024-12-17,12,28,0.605,0.781
CUST-0068,2024-12-24,18,32,0.653,0.624
CUST-0068,2024-12-31,17,63,0.644,0.741
CUST-0068,2025-01-07,17,40,0.584,0.752
CUST-0068,2025-01-14,13,20,0.629,0.652
CUST-0068,2025-01-21,17,45,0.695,0.593
CUST-0068,2025-01-28,16,56,0.59,0.761
CUST-0068,2025-02-04,13,31,0.661,0.674
CUST-0068,2025-02-11,19,46,0.658,0.634
CUST-0068,2025-02-18,19,77,0.665,0.824
CUST-0068,2025-02-25,17,21,0.6,0.673
CUST-0068,2025-03-04,16,44,0.723,0.664
CUST-0068,2025-03-11,16,51,0.679,0.604
CUST-0068,2025-03-18,16,26,0.605,0.704
CUST-0068,2025-03-25,15,27,0.662,0.692
CUST-0068,2025-04-01,16,43,0.549,0.739
CUST-0068,2025-04-08,16,32,0.674,0.716
CUST-0068,2025-04-15,16,32,0.686,0.74
CUST-0068,2025-04-22,18,51,0.736,0.694
CUST-0068,2025-04-29,17,38,0.629,0.733
CUST-0068,2025-05-06,18,30,0.633,0.757
CUST-0068,2025-05-13,16,56,0.652,0.704
CUST-0068,2025-05-20,16,21,0.646,0.797
CUST-0068,2025-05-27,16,49,0.643,0.753
CUST-0068,2025-06-03,20,80,0.686,0.791
CUST-0068,2025-06-10,16,43,0.582,0.685
CUST-0068,2025-06-17,16,18,0.664,0.664
CUST-0068,2025-06-24,21,65,0.728,0.782
CUST-0068,2025-07-01,19,42,0.609,0.691
CUST-0068,2025-07-08,19,74,0.699,0.797
CUST-0068,2025-07-15,19,67,0.723,0.682
CUST-0068,2025-07-22,18,25,0.623,0.731
CUST-0068,2025-07-29,17,69,0.634,0.709
CUST-0068,2025-08-05,16,43,0.63,0.757
CUST-0068,2025-08-12,16,48,0.691,0.686
CUST-0068,2025-08-19,16,63,0.633,0.717
CUST-0068,2025-08-26,14,19,0.681,0.764
CUST-0068,2025-09-02,17,65,0.675,0.761
CUST-0068,2025-09-09,18,59,0.701,0.768
CUST-0068,2025-09-16,15,18,0.63,0.747
CUST-0068,2025-09-23,22,72,0.719,0.724
CUST-0068,2025-09-30,17,63,0.672,0.78
CUST-0068,2025-10-07,18,23,0.763,0.81
CUST-0068,2025-10-14,18,62,0.7,0.86
CUST-0068,2025-10-21,18,58,0.652,0.711
CUST-0068,2025-10-28,18,51,0.68,0.665
CUST-0068,2025-11-04,19,75,0.8,0.823
CUST-0068,2025-11-11,21,46,0.654,0.728
CUST-0068,2025-11-18,19,25,0.703,0.816
CUST-0068,2025-11-25,19,64,0.695,0.73
CUST-0068,2025-12-02,21,36,0.748,0.766
CUST-0068,2025-12-09,18,67,0.624,0.78
CUST-0068,2025-12-16,19,73,0.688,0.746
CUST-0068,2025-12-23,20,69,0.736,0.717
CUST-0068,2025-12-30,15,53,0.679,0.775
CUST-0068,2026-01-06,16,46,0.706,0.87
CUST-0068,2026-01-13,15,39,0.692,0.734
CUST-0068,2026-01-20,18,64,0.727,0.782
CUST-0068,2026-01-27,18,50,0.727,0.796
CUST-0068,2026-02-03,18,75,0.717,0.807
CUST-0068,2026-02-10,19,57,0.789,0.856
CUST-0068,2026-02-17,18,44,0.704,0.759
CUST-0068,2026-02-24,14,45,0.729,0.789
CUST-0068,2026-03-03,17,75,0.74,0.825
CUST-0068,2026-03-10,19,63,0.672,0.74
CUST-0068,2026-03-17,19,51,0.764,0.753
CUST-0068,2026-03-24,19,71,0.772,0.813
CUST-0068,2026-03-31,17,65,0.655,0.823
CUST-0068,2026-04-07,17,41,0.748,0.727
CUST-0068,2026-04-14,19,75,0.779,0.869
CUST-0068,2026-04-21,17,42,0.615,0.734
CUST-0068,2026-04-28,20,61,0.733,0.728
CUST-0068,2026-05-05,15,20,0.731,0.905
CUST-0068,2026-05-12,17,78,0.699,0.792
CUST-0068,2026-05-19,14,31,0.671,0.719
CUST-0068,2026-05-26,20,76,0.635,0.829
CUST-0068,2026-06-02,19,30,0.86,0.857
CUST-0068,2026-06-09,20,69,0.69,0.824
CUST-0068,2026-06-16,20,61,0.765,0.833
CUST-0068,2026-06-23,17,75,0.774,0.851
CUST-0069,2025-08-05,43,171,0.643,0.741
CUST-0069,2025-08-12,44,125,0.725,0.709
CUST-0069,2025-08-19,40,96,0.683,0.745
CUST-0069,2025-08-26,44,82,0.648,0.612
CUST-0069,2025-09-02,31,59,0.649,0.756
CUST-0069,2025-09-09,44,195,0.619,0.743
CUST-0069,2025-09-16,38,166,0.695,0.782
CUST-0069,2025-09-23,39,168,0.691,0.837
CUST-0069,2025-09-30,44,91,0.646,0.726
CUST-0069,2025-10-07,33,53,0.708,0.803
CUST-0069,2025-10-14,43,73,0.749,0.857
CUST-0069,2025-10-21,42,60,0.695,0.71
CUST-0069,2025-10-28,45,170,0.757,0.787
CUST-0069,2025-11-04,43,148,0.675,0.842
CUST-0069,2025-11-11,39,156,0.62,0.704
CUST-0069,2025-11-18,32,100,0.695,0.715
CUST-0069,2025-11-25,42,93,0.636,0.702
CUST-0069,2025-12-02,39,117,0.689,0.791
CUST-0069,2025-12-09,43,110,0.663,0.764
CUST-0069,2025-12-16,36,164,0.699,0.736
CUST-0069,2025-12-23,40,56,0.708,0.703
CUST-0069,2025-12-30,46,102,0.79,0.79
CUST-0069,2026-01-06,39,99,0.718,0.669
CUST-0069,2026-01-13,30,120,0.677,0.782
CUST-0069,2026-01-20,42,173,0.675,0.802
CUST-0069,2026-01-27,39,110,0.731,0.712
CUST-0069,2026-02-03,40,125,0.687,0.825
CUST-0069,2026-02-10,39,123,0.667,0.824
CUST-0069,2026-02-17,39,176,0.663,0.693
CUST-0069,2026-02-24,42,50,0.72,0.777
CUST-0069,2026-03-03,47,110,0.843,0.683
CUST-0069,2026-03-10,43,195,0.634,0.795
CUST-0069,2026-03-17,50,196,0.747,0.798
CUST-0069,2026-03-24,44,139,0.765,0.773
CUST-0069,2026-03-31,40,141,0.709,0.73
CUST-0069,2026-04-07,38,142,0.677,0.794
CUST-0069,2026-04-14,47,136,0.65,0.7
CUST-0069,2026-04-21,50,176,0.754,0.738
CUST-0069,2026-04-28,39,157,0.766,0.748
CUST-0069,2026-05-05,44,147,0.791,0.84
CUST-0069,2026-05-12,44,198,0.739,0.774
CUST-0069,2026-05-19,40,144,0.757,0.739
CUST-0069,2026-05-26,46,194,0.738,0.887
CUST-0069,2026-06-02,48,195,0.643,0.696
CUST-0069,2026-06-09,35,151,0.786,0.711
CUST-0069,2026-06-16,43,171,0.763,0.85
CUST-0069,2026-06-23,45,89,0.76,0.812
CUST-0070,2024-12-10,165,818,0.89,0.951
CUST-0070,2024-12-17,165,475,0.91,1.0
CUST-0070,2024-12-24,163,817,0.92,0.987
CUST-0070,2024-12-31,151,709,0.848,1.0
CUST-0070,2025-01-07,151,654,0.822,0.982
CUST-0070,2025-01-14,165,622,0.828,0.91
CUST-0070,2025-01-21,155,720,0.909,0.986
CUST-0070,2025-01-28,151,283,0.847,0.871
CUST-0070,2025-02-04,162,749,0.874,0.837
CUST-0070,2025-02-11,161,268,0.901,1.0
CUST-0070,2025-02-18,146,463,0.828,0.956
CUST-0070,2025-02-25,155,291,0.921,0.892
CUST-0070,2025-03-04,165,347,0.774,0.86
CUST-0070,2025-03-11,155,318,0.853,0.89
CUST-0070,2025-03-18,142,645,0.794,0.926
CUST-0070,2025-03-25,123,194,0.804,0.823
CUST-0070,2025-04-01,144,367,0.78,0.863
CUST-0070,2025-04-08,147,251,0.912,0.813
CUST-0070,2025-04-15,154,534,0.76,0.883
CUST-0070,2025-04-22,136,696,0.811,0.951
CUST-0070,2025-04-29,142,383,0.802,0.946
CUST-0070,2025-05-06,129,366,0.767,0.963
CUST-0070,2025-05-13,154,442,0.662,0.799
CUST-0070,2025-05-20,142,705,0.809,0.901
CUST-0070,2025-05-27,134,341,0.766,0.936
CUST-0070,2025-06-03,122,179,0.704,0.871
CUST-0070,2025-06-10,127,294,0.762,0.819
CUST-0070,2025-06-17,138,484,0.732,0.886
CUST-0070,2025-06-24,143,514,0.773,0.923
CUST-0070,2025-07-01,126,438,0.737,0.9
CUST-0070,2025-07-08,127,415,0.762,0.763
CUST-0070,2025-07-15,145,257,0.748,0.877
CUST-0070,2025-07-22,109,503,0.719,0.677
CUST-0070,2025-07-29,112,347,0.633,0.8
CUST-0070,2025-08-05,133,529,0.758,0.765
CUST-0070,2025-08-12,112,411,0.646,0.775
CUST-0070,2025-08-19,115,433,0.678,0.734
CUST-0070,2025-08-26,135,532,0.728,0.706
CUST-0070,2025-09-02,112,191,0.717,0.713
CUST-0070,2025-09-09,123,252,0.636,0.658
CUST-0070,2025-09-16,127,329,0.65,0.633
CUST-0070,2025-09-23,136,372,0.751,0.694
CUST-0070,2025-09-30,113,395,0.671,0.624
CUST-0070,2025-10-07,122,235,0.611,0.622
CUST-0070,2025-10-14,143,392,0.601,0.681
CUST-0070,2025-10-21,124,203,0.595,0.629
CUST-0070,2025-10-28,116,383,0.609,0.678
CUST-0070,2025-11-04,99,253,0.511,0.638
CUST-0070,2025-11-11,103,247,0.572,0.616
CUST-0070,2025-11-18,106,280,0.595,0.824
CUST-0070,2025-11-25,116,182,0.529,0.673
CUST-0070,2025-12-02,90,207,0.509,0.625
CUST-0070,2025-12-09,115,174,0.614,0.608
CUST-0070,2025-12-16,106,273,0.638,0.676
CUST-0070,2025-12-23,110,185,0.629,0.604
CUST-0070,2025-12-30,121,324,0.543,0.596
CUST-0070,2026-01-06,86,203,0.501,0.566
CUST-0070,2026-01-13,91,180,0.499,0.621
CUST-0070,2026-01-20,98,310,0.589,0.661
CUST-0070,2026-01-27,81,88,0.575,0.57
CUST-0070,2026-02-03,97,273,0.581,0.569
CUST-0070,2026-02-10,83,271,0.533,0.573
CUST-0070,2026-02-17,102,298,0.397,0.529
CUST-0070,2026-02-24,101,83,0.438,0.588
CUST-0070,2026-03-03,58,145,0.555,0.506
CUST-0070,2026-03-10,101,145,0.44,0.533
CUST-0070,2026-03-17,93,289,0.439,0.6
CUST-0070,2026-03-24,106,329,0.412,0.613
CUST-0070,2026-03-31,115,163,0.455,0.469
CUST-0070,2026-04-07,81,124,0.47,0.385
CUST-0070,2026-04-14,54,99,0.516,0.403
CUST-0070,2026-04-21,88,205,0.446,0.428
CUST-0070,2026-04-28,84,148,0.387,0.594
CUST-0070,2026-05-05,62,165,0.424,0.42
CUST-0070,2026-05-12,102,144,0.412,0.484
CUST-0070,2026-05-19,74,89,0.505,0.438
CUST-0070,2026-05-26,54,121,0.494,0.419
CUST-0070,2026-06-02,66,178,0.447,0.459
CUST-0070,2026-06-09,74,92,0.433,0.502
CUST-0070,2026-06-16,94,221,0.407,0.367
CUST-0070,2026-06-23,76,81,0.343,0.493
CUST-0071,2024-07-02,194,695,0.661,0.79
CUST-0071,2024-07-09,181,390,0.64,0.739
CUST-0071,2024-07-16,195,340,0.726,0.699
CUST-0071,2024-07-23,179,712,0.585,0.718
CUST-0071,2024-07-30,185,404,0.701,0.709
CUST-0071,2024-08-06,216,514,0.691,0.659
CUST-0071,2024-08-13,203,486,0.679,0.667
CUST-0071,2024-08-20,205,476,0.721,0.7
CUST-0071,2024-08-27,175,589,0.652,0.777
CUST-0071,2024-09-03,248,411,0.664,0.697
CUST-0071,2024-09-10,220,289,0.585,0.76
CUST-0071,2024-09-17,239,869,0.554,0.668
CUST-0071,2024-09-24,181,671,0.664,0.724
CUST-0071,2024-10-01,203,293,0.654,0.562
CUST-0071,2024-10-08,214,571,0.628,0.736
CUST-0071,2024-10-15,214,796,0.567,0.654
CUST-0071,2024-10-22,192,651,0.562,0.631
CUST-0071,2024-10-29,163,484,0.597,0.788
CUST-0071,2024-11-05,172,541,0.704,0.609
CUST-0071,2024-11-12,201,674,0.648,0.702
CUST-0071,2024-11-19,155,599,0.683,0.756
CUST-0071,2024-11-26,157,286,0.552,0.674
CUST-0071,2024-12-03,198,756,0.602,0.673
CUST-0071,2024-12-10,211,424,0.609,0.587
CUST-0071,2024-12-17,192,611,0.593,0.69
CUST-0071,2024-12-24,190,216,0.524,0.657
CUST-0071,2024-12-31,189,496,0.671,0.726
CUST-0071,2025-01-07,161,492,0.604,0.639
CUST-0071,2025-01-14,210,637,0.637,0.672
CUST-0071,2025-01-21,199,564,0.636,0.596
CUST-0071,2025-01-28,193,282,0.552,0.619
CUST-0071,2025-02-04,200,207,0.651,0.658
CUST-0071,2025-02-11,131,405,0.532,0.604
CUST-0071,2025-02-18,132,335,0.564,0.635
CUST-0071,2025-02-25,178,288,0.587,0.646
CUST-0071,2025-03-04,153,175,0.71,0.554
CUST-0071,2025-03-11,150,346,0.497,0.519
CUST-0071,2025-03-18,169,410,0.536,0.561
CUST-0071,2025-03-25,153,230,0.543,0.632
CUST-0071,2025-04-01,167,294,0.537,0.709
CUST-0071,2025-04-08,193,658,0.536,0.666
CUST-0071,2025-04-15,147,132,0.547,0.499
CUST-0071,2025-04-22,132,264,0.535,0.635
CUST-0071,2025-04-29,181,232,0.46,0.538
CUST-0071,2025-05-06,142,395,0.482,0.526
CUST-0071,2025-05-13,148,337,0.575,0.551
CUST-0071,2025-05-20,152,199,0.509,0.551
CUST-0071,2025-05-27,160,217,0.572,0.587
CUST-0071,2025-06-03,172,157,0.497,0.502
CUST-0071,2025-06-10,163,214,0.587,0.564
CUST-0071,2025-06-17,176,312,0.549,0.648
CUST-0071,2025-06-24,156,327,0.546,0.576
CUST-0071,2025-07-01,165,373,0.487,0.577
CUST-0071,2025-07-08,156,198,0.487,0.589
CUST-0071,2025-07-15,170,498,0.421,0.491
CUST-0071,2025-07-22,156,495,0.515,0.612
CUST-0071,2025-07-29,123,384,0.509,0.584
CUST-0071,2025-08-05,129,425,0.567,0.563
CUST-0071,2025-08-12,146,373,0.425,0.459
CUST-0071,2025-08-19,194,387,0.463,0.586
CUST-0071,2025-08-26,158,207,0.518,0.49
CUST-0071,2025-09-02,157,323,0.542,0.493
CUST-0071,2025-09-09,197,621,0.531,0.568
CUST-0071,2025-09-16,164,377,0.431,0.545
CUST-0071,2025-09-23,145,336,0.428,0.551
CUST-0071,2025-09-30,132,300,0.432,0.505
CUST-0071,2025-10-07,120,243,0.417,0.493
CUST-0071,2025-10-14,197,604,0.409,0.498
CUST-0071,2025-10-21,139,225,0.433,0.498
CUST-0071,2025-10-28,160,252,0.463,0.393
CUST-0071,2025-11-04,134,167,0.448,0.47
CUST-0071,2025-11-11,129,268,0.417,0.559
CUST-0071,2025-11-18,132,112,0.392,0.602
CUST-0071,2025-11-25,101,275,0.476,0.542
CUST-0071,2025-12-02,152,322,0.472,0.479
CUST-0071,2025-12-09,159,431,0.42,0.52
CUST-0071,2025-12-16,123,158,0.383,0.573
CUST-0071,2025-12-23,95,106,0.437,0.495
CUST-0071,2025-12-30,136,371,0.422,0.419
CUST-0071,2026-01-06,130,151,0.594,0.436
CUST-0071,2026-01-13,160,240,0.535,0.542
CUST-0071,2026-01-20,150,169,0.458,0.488
CUST-0071,2026-01-27,117,197,0.455,0.495
CUST-0071,2026-02-03,139,396,0.422,0.388
CUST-0071,2026-02-10,111,208,0.432,0.483
CUST-0071,2026-02-17,96,211,0.395,0.442
CUST-0071,2026-02-24,171,236,0.436,0.493
CUST-0071,2026-03-03,73,141,0.41,0.486
CUST-0071,2026-03-10,143,280,0.465,0.402
CUST-0071,2026-03-17,142,297,0.399,0.496
CUST-0071,2026-03-24,108,251,0.52,0.505
CUST-0071,2026-03-31,159,424,0.434,0.61
CUST-0071,2026-04-07,147,104,0.362,0.399
CUST-0071,2026-04-14,146,283,0.346,0.545
CUST-0071,2026-04-21,139,313,0.427,0.364
CUST-0071,2026-04-28,100,90,0.448,0.493
CUST-0071,2026-05-05,93,152,0.374,0.472
CUST-0071,2026-05-12,109,202,0.377,0.488
CUST-0071,2026-05-19,66,46,0.419,0.383
CUST-0071,2026-05-26,73,58,0.431,0.444
CUST-0071,2026-06-02,120,129,0.437,0.363
CUST-0071,2026-06-09,167,217,0.328,0.377
CUST-0071,2026-06-16,126,228,0.403,0.351
CUST-0071,2026-06-23,121,221,0.393,0.454
CUST-0072,2024-07-02,19,63,0.677,0.852
CUST-0072,2024-07-09,18,54,0.719,0.767
CUST-0072,2024-07-16,20,32,0.825,0.883
CUST-0072,2024-07-23,19,96,0.871,0.781
CUST-0072,2024-07-30,16,21,0.849,0.799
CUST-0072,2024-08-06,20,87,0.737,0.972
CUST-0072,2024-08-13,19,37,0.848,0.835
CUST-0072,2024-08-20,21,95,0.777,0.893
CUST-0072,2024-08-27,18,89,0.822,0.869
CUST-0072,2024-09-03,19,67,0.877,0.729
CUST-0072,2024-09-10,19,61,0.796,0.863
CUST-0072,2024-09-17,14,32,0.741,0.86
CUST-0072,2024-09-24,20,52,0.907,0.933
CUST-0072,2024-10-01,20,65,0.761,0.91
CUST-0072,2024-10-08,19,79,0.748,0.932
CUST-0072,2024-10-15,22,83,0.846,0.835
CUST-0072,2024-10-22,20,78,0.816,0.866
CUST-0072,2024-10-29,20,73,0.839,0.969
CUST-0072,2024-11-05,15,68,0.935,0.868
CUST-0072,2024-11-12,21,98,0.774,0.944
CUST-0072,2024-11-19,22,109,0.81,0.898
CUST-0072,2024-11-26,21,45,0.858,0.968
CUST-0072,2024-12-03,21,50,0.887,0.908
CUST-0072,2024-12-10,21,49,0.83,0.984
CUST-0072,2024-12-17,22,55,0.874,0.904
CUST-0072,2024-12-24,21,77,0.872,0.995
CUST-0072,2024-12-31,20,52,0.885,0.959
CUST-0072,2025-01-07,19,83,0.869,0.947
CUST-0072,2025-01-14,20,95,0.775,0.939
CUST-0072,2025-01-21,19,26,0.879,0.901
CUST-0072,2025-01-28,19,86,0.757,0.874
CUST-0072,2025-02-04,20,94,0.893,0.858
CUST-0072,2025-02-11,22,85,0.802,0.868
CUST-0072,2025-02-18,22,47,0.933,0.985
CUST-0072,2025-02-25,19,39,0.907,0.908
CUST-0072,2025-03-04,20,41,0.863,0.936
CUST-0072,2025-03-11,21,109,0.856,0.869
CUST-0072,2025-03-18,20,99,0.864,0.882
CUST-0072,2025-03-25,21,74,0.821,0.858
CUST-0072,2025-04-01,20,47,0.889,1.0
CUST-0072,2025-04-08,20,77,0.957,1.0
CUST-0072,2025-04-15,21,87,0.83,0.99
CUST-0072,2025-04-22,22,116,0.932,0.994
CUST-0072,2025-04-29,20,72,0.813,0.924
CUST-0072,2025-05-06,20,90,0.859,0.944
CUST-0072,2025-05-13,20,54,0.886,0.993
CUST-0072,2025-05-20,20,114,0.818,0.885
CUST-0072,2025-05-27,21,90,0.941,1.0
CUST-0072,2025-06-03,19,63,0.916,0.862
CUST-0072,2025-06-10,18,32,0.935,0.955
CUST-0072,2025-06-17,22,62,0.859,1.0
CUST-0072,2025-06-24,19,106,0.939,1.0
CUST-0072,2025-07-01,21,83,1.0,0.977
CUST-0072,2025-07-08,22,43,0.99,1.0
CUST-0072,2025-07-15,18,33,0.935,0.975
CUST-0072,2025-07-22,21,118,0.852,0.99
CUST-0072,2025-07-29,22,108,0.957,0.971
CUST-0072,2025-08-05,22,80,0.886,1.0
CUST-0072,2025-08-12,22,95,0.907,0.92
CUST-0072,2025-08-19,20,102,0.867,1.0
CUST-0072,2025-08-26,18,49,1.0,0.86
CUST-0072,2025-09-02,21,110,0.888,1.0
CUST-0072,2025-09-09,22,107,0.902,1.0
CUST-0072,2025-09-16,17,62,0.993,0.913
CUST-0072,2025-09-23,21,57,0.96,1.0
CUST-0072,2025-09-30,18,30,0.889,1.0
CUST-0072,2025-10-07,20,54,0.964,0.935
CUST-0072,2025-10-14,21,44,0.767,0.997
CUST-0072,2025-10-21,19,62,0.863,0.976
CUST-0072,2025-10-28,21,88,0.836,0.965
CUST-0072,2025-11-04,22,130,0.955,0.985
CUST-0072,2025-11-11,22,82,0.964,0.917
CUST-0072,2025-11-18,20,37,0.918,0.984
CUST-0072,2025-11-25,20,100,0.888,1.0
CUST-0072,2025-12-02,20,52,0.938,1.0
CUST-0072,2025-12-09,21,44,0.927,1.0
CUST-0072,2025-12-16,21,70,0.962,1.0
CUST-0072,2025-12-23,19,51,0.987,1.0
CUST-0072,2025-12-30,21,84,0.92,1.0
CUST-0072,2026-01-06,20,89,0.91,1.0
CUST-0072,2026-01-13,20,114,0.981,1.0
CUST-0072,2026-01-20,20,43,0.909,0.983
CUST-0072,2026-01-27,20,38,0.902,1.0
CUST-0072,2026-02-03,20,68,1.0,0.963
CUST-0072,2026-02-10,22,84,0.91,1.0
CUST-0072,2026-02-17,22,89,0.887,0.979
CUST-0072,2026-02-24,22,67,0.912,0.947
CUST-0072,2026-03-03,22,65,0.855,1.0
CUST-0072,2026-03-10,20,101,0.914,1.0
CUST-0072,2026-03-17,22,86,1.0,1.0
CUST-0072,2026-03-24,21,112,0.907,1.0
CUST-0072,2026-03-31,22,90,0.891,1.0
CUST-0072,2026-04-07,18,31,0.931,1.0
CUST-0072,2026-04-14,22,67,0.989,0.879
CUST-0072,2026-04-21,22,45,0.884,1.0
CUST-0072,2026-04-28,22,57,0.925,1.0
CUST-0072,2026-05-05,22,61,0.885,1.0
CUST-0072,2026-05-12,22,58,0.911,1.0
CUST-0072,2026-05-19,21,64,0.894,1.0
CUST-0072,2026-05-26,21,52,1.0,0.898
CUST-0072,2026-06-02,22,95,0.903,1.0
CUST-0072,2026-06-09,20,72,0.967,0.978
CUST-0072,2026-06-16,20,51,0.888,1.0
CUST-0072,2026-06-23,20,105,0.958,1.0
CUST-0073,2024-07-02,7,24,0.52,0.652
CUST-0073,2024-07-09,7,23,0.619,0.543
CUST-0073,2024-07-16,9,9,0.592,0.664
CUST-0073,2024-07-23,8,20,0.444,0.629
CUST-0073,2024-07-30,7,10,0.559,0.552
CUST-0073,2024-08-06,9,8,0.478,0.594
CUST-0073,2024-08-13,8,15,0.574,0.587
CUST-0073,2024-08-20,8,22,0.476,0.462
CUST-0073,2024-08-27,8,22,0.484,0.579
CUST-0073,2024-09-03,8,14,0.479,0.631
CUST-0073,2024-09-10,9,9,0.532,0.594
CUST-0073,2024-09-17,8,15,0.494,0.583
CUST-0073,2024-09-24,8,20,0.559,0.692
CUST-0073,2024-10-01,6,5,0.558,0.59
CUST-0073,2024-10-08,6,12,0.599,0.62
CUST-0073,2024-10-15,6,14,0.562,0.657
CUST-0073,2024-10-22,8,20,0.498,0.561
CUST-0073,2024-10-29,7,19,0.537,0.648
CUST-0073,2024-11-05,9,22,0.621,0.545
CUST-0073,2024-11-12,8,16,0.479,0.617
CUST-0073,2024-11-19,8,28,0.521,0.465
CUST-0073,2024-11-26,8,24,0.496,0.618
CUST-0073,2024-12-03,6,6,0.533,0.723
CUST-0073,2024-12-10,7,21,0.562,0.63
CUST-0073,2024-12-17,8,14,0.588,0.592
CUST-0073,2024-12-24,9,9,0.573,0.631
CUST-0073,2024-12-31,8,10,0.456,0.603
CUST-0073,2025-01-07,8,21,0.45,0.493
CUST-0073,2025-01-14,9,26,0.562,0.661
CUST-0073,2025-01-21,8,22,0.53,0.542
CUST-0073,2025-01-28,8,22,0.542,0.581
CUST-0073,2025-02-04,8,17,0.469,0.678
CUST-0073,2025-02-11,6,17,0.537,0.602
CUST-0073,2025-02-18,8,7,0.572,0.549
CUST-0073,2025-02-25,10,13,0.598,0.546
CUST-0073,2025-03-04,9,22,0.551,0.664
CUST-0073,2025-03-11,10,10,0.546,0.561
CUST-0073,2025-03-18,7,17,0.488,0.692
CUST-0073,2025-03-25,8,10,0.576,0.593
CUST-0073,2025-04-01,9,12,0.639,0.638
CUST-0073,2025-04-08,6,6,0.614,0.64
CUST-0073,2025-04-15,7,24,0.59,0.656
CUST-0073,2025-04-22,6,19,0.604,0.542
CUST-0073,2025-04-29,7,18,0.606,0.523
CUST-0073,2025-05-06,10,28,0.538,0.743
CUST-0073,2025-05-13,8,8,0.623,0.641
CUST-0073,2025-05-20,8,22,0.466,0.648
CUST-0073,2025-05-27,8,15,0.481,0.551
CUST-0073,2025-06-03,8,7,0.498,0.579
CUST-0073,2025-06-10,6,14,0.569,0.592
CUST-0073,2025-06-17,7,22,0.542,0.575
CUST-0073,2025-06-24,8,26,0.496,0.591
CUST-0073,2025-07-01,6,9,0.631,0.53
CUST-0073,2025-07-08,9,20,0.529,0.586
CUST-0073,2025-07-15,9,31,0.569,0.588
CUST-0073,2025-07-22,7,23,0.541,0.627
CUST-0073,2025-07-29,8,17,0.558,0.63
CUST-0073,2025-08-05,7,20,0.445,0.627
CUST-0073,2025-08-12,8,21,0.608,0.617
CUST-0073,2025-08-19,8,10,0.608,0.457
CUST-0073,2025-08-26,8,16,0.553,0.671
CUST-0073,2025-09-02,7,8,0.566,0.49
CUST-0073,2025-09-09,9,20,0.58,0.575
CUST-0073,2025-09-16,8,15,0.549,0.528
CUST-0073,2025-09-23,8,26,0.542,0.581
CUST-0073,2025-09-30,8,15,0.513,0.576
CUST-0073,2025-10-07,7,8,0.514,0.656
CUST-0073,2025-10-14,7,20,0.523,0.559
CUST-0073,2025-10-21,8,24,0.549,0.722
CUST-0073,2025-10-28,9,25,0.646,0.605
CUST-0073,2025-11-04,8,13,0.548,0.621
CUST-0073,2025-11-11,10,21,0.62,0.559
CUST-0073,2025-11-18,8,23,0.617,0.706
CUST-0073,2025-11-25,9,11,0.603,0.55
CUST-0073,2025-12-02,10,21,0.461,0.781
CUST-0073,2025-12-09,8,12,0.67,0.675
CUST-0073,2025-12-16,7,21,0.623,0.595
CUST-0073,2025-12-23,8,9,0.583,0.586
CUST-0073,2025-12-30,7,6,0.454,0.574
CUST-0073,2026-01-06,8,10,0.504,0.589
CUST-0073,2026-01-13,7,10,0.595,0.536
CUST-0073,2026-01-20,8,11,0.555,0.681
CUST-0073,2026-01-27,7,6,0.596,0.494
CUST-0073,2026-02-03,9,19,0.586,0.578
CUST-0073,2026-02-10,9,22,0.538,0.496
CUST-0073,2026-02-17,10,29,0.48,0.619
CUST-0073,2026-02-24,10,29,0.522,0.692
CUST-0073,2026-03-03,9,17,0.609,0.651
CUST-0073,2026-03-10,8,17,0.621,0.679
CUST-0073,2026-03-17,7,17,0.504,0.484
CUST-0073,2026-03-24,10,11,0.651,0.693
CUST-0073,2026-03-31,9,19,0.56,0.593
CUST-0073,2026-04-07,9,10,0.62,0.62
CUST-0073,2026-04-14,7,24,0.675,0.604
CUST-0073,2026-04-21,10,29,0.557,0.644
CUST-0073,2026-04-28,8,19,0.51,0.553
CUST-0073,2026-05-05,9,26,0.607,0.671
CUST-0073,2026-05-12,7,6,0.591,0.552
CUST-0073,2026-05-19,9,31,0.551,0.505
CUST-0073,2026-05-26,6,16,0.493,0.555
CUST-0073,2026-06-02,7,7,0.541,0.558
CUST-0073,2026-06-09,9,14,0.475,0.616
CUST-0073,2026-06-16,6,17,0.581,0.62
CUST-0073,2026-06-23,10,16,0.593,0.482
CUST-0074,2025-09-09,122,179,0.916,0.964
CUST-0074,2025-09-16,129,589,0.874,0.858
CUST-0074,2025-09-23,125,305,0.986,0.923
CUST-0074,2025-09-30,126,378,0.925,1.0
CUST-0074,2025-10-07,129,454,0.899,1.0
CUST-0074,2025-10-14,129,608,0.852,1.0
CUST-0074,2025-10-21,129,676,0.903,0.959
CUST-0074,2025-10-28,129,421,0.93,1.0
CUST-0074,2025-11-04,122,552,0.955,0.977
CUST-0074,2025-11-11,129,458,0.957,0.967
CUST-0074,2025-11-18,129,315,0.958,1.0
CUST-0074,2025-11-25,129,311,0.918,0.953
CUST-0074,2025-12-02,129,748,0.979,0.999
CUST-0074,2025-12-09,128,441,0.988,0.913
CUST-0074,2025-12-16,112,259,0.907,0.991
CUST-0074,2025-12-23,129,495,0.866,1.0
CUST-0074,2025-12-30,121,440,0.999,0.983
CUST-0074,2026-01-06,129,448,0.85,0.915
CUST-0074,2026-01-13,129,573,0.91,0.915
CUST-0074,2026-01-20,120,448,0.875,0.885
CUST-0074,2026-01-27,117,600,0.833,1.0
CUST-0074,2026-02-03,129,447,0.911,1.0
CUST-0074,2026-02-10,129,268,0.923,0.98
CUST-0074,2026-02-17,127,498,0.902,0.97
CUST-0074,2026-02-24,115,321,1.0,0.987
CUST-0074,2026-03-03,129,650,0.948,1.0
CUST-0074,2026-03-10,129,326,0.934,0.984
CUST-0074,2026-03-17,115,186,0.93,0.998
CUST-0074,2026-03-24,108,437,0.99,1.0
CUST-0074,2026-03-31,128,544,0.907,1.0
CUST-0074,2026-04-07,123,426,0.902,0.996
CUST-0074,2026-04-14,129,272,0.89,1.0
CUST-0074,2026-04-21,129,678,0.888,1.0
CUST-0074,2026-04-28,129,707,0.93,1.0
CUST-0074,2026-05-05,126,460,0.881,0.983
CUST-0074,2026-05-12,129,630,0.908,1.0
CUST-0074,2026-05-19,111,294,0.947,1.0
CUST-0074,2026-05-26,129,197,1.0,0.9
CUST-0074,2026-06-02,129,634,0.921,0.958
CUST-0074,2026-06-09,127,508,0.945,0.99
CUST-0074,2026-06-16,127,493,0.972,1.0
CUST-0074,2026-06-23,129,326,0.905,1.0
CUST-0075,2024-07-02,162,325,0.88,0.988
CUST-0075,2024-07-09,170,717,0.832,1.0
CUST-0075,2024-07-16,155,504,0.896,1.0
CUST-0075,2024-07-23,152,313,0.924,0.95
CUST-0075,2024-07-30,151,744,0.932,0.944
CUST-0075,2024-08-06,142,652,0.997,1.0
CUST-0075,2024-08-13,170,487,0.911,0.992
CUST-0075,2024-08-20,162,903,0.951,0.952
CUST-0075,2024-08-27,163,326,0.876,0.98
CUST-0075,2024-09-03,170,258,0.917,1.0
CUST-0075,2024-09-10,169,784,0.961,1.0
CUST-0075,2024-09-17,166,948,0.97,1.0
CUST-0075,2024-09-24,170,792,0.937,1.0
CUST-0075,2024-10-01,170,535,0.899,1.0
CUST-0075,2024-10-08,170,660,0.913,0.963
CUST-0075,2024-10-15,168,923,0.87,0.936
CUST-0075,2024-10-22,170,611,0.898,0.981
CUST-0075,2024-10-29,170,775,0.912,0.993
CUST-0075,2024-11-05,165,374,0.886,1.0
CUST-0075,2024-11-12,157,877,0.952,1.0
CUST-0075,2024-11-19,170,967,0.876,1.0
CUST-0075,2024-11-26,158,914,0.888,1.0
CUST-0075,2024-12-03,170,679,0.943,0.974
CUST-0075,2024-12-10,170,322,0.967,0.925
CUST-0075,2024-12-17,170,709,0.917,1.0
CUST-0075,2024-12-24,170,661,0.97,1.0
CUST-0075,2024-12-31,169,735,0.897,1.0
CUST-0075,2025-01-07,166,619,0.922,1.0
CUST-0075,2025-01-14,165,744,1.0,0.924
CUST-0075,2025-01-21,170,346,0.925,1.0
CUST-0075,2025-01-28,163,773,0.862,1.0
CUST-0075,2025-02-04,170,898,0.946,1.0
CUST-0075,2025-02-11,154,820,0.952,1.0
CUST-0075,2025-02-18,151,296,0.854,1.0
CUST-0075,2025-02-25,162,905,0.805,0.997
CUST-0075,2025-03-04,170,868,0.873,1.0
CUST-0075,2025-03-11,165,694,0.907,1.0
CUST-0075,2025-03-18,144,513,0.902,1.0
CUST-0075,2025-03-25,163,825,0.912,1.0
CUST-0075,2025-04-01,155,398,0.95,0.986
CUST-0075,2025-04-08,170,519,0.878,0.975
CUST-0075,2025-04-15,170,484,0.975,1.0
CUST-0075,2025-04-22,153,774,0.798,1.0
CUST-0075,2025-04-29,170,796,0.93,0.936
CUST-0075,2025-05-06,170,829,0.89,0.914
CUST-0075,2025-05-13,170,912,0.988,0.975
CUST-0075,2025-05-20,159,592,0.88,1.0
CUST-0075,2025-05-27,165,918,0.859,0.904
CUST-0075,2025-06-03,143,357,0.922,1.0
CUST-0075,2025-06-10,170,955,0.911,0.91
CUST-0075,2025-06-17,170,461,1.0,1.0
CUST-0075,2025-06-24,166,683,0.918,0.989
CUST-0075,2025-07-01,170,278,0.906,1.0
CUST-0075,2025-07-08,158,488,0.933,1.0
CUST-0075,2025-07-15,170,475,0.927,0.963
CUST-0075,2025-07-22,170,360,0.963,1.0
CUST-0075,2025-07-29,170,960,0.875,0.909
CUST-0075,2025-08-05,170,319,1.0,1.0
CUST-0075,2025-08-12,161,697,1.0,1.0
CUST-0075,2025-08-19,162,322,0.928,1.0
CUST-0075,2025-08-26,147,342,0.9,1.0
CUST-0075,2025-09-02,170,917,0.959,1.0
CUST-0075,2025-09-09,170,264,0.804,1.0
CUST-0075,2025-09-16,166,844,0.921,1.0
CUST-0075,2025-09-23,170,658,0.929,1.0
CUST-0075,2025-09-30,167,655,0.866,0.995
CUST-0075,2025-10-07,170,837,0.924,1.0
CUST-0075,2025-10-14,157,575,0.851,1.0
CUST-0075,2025-10-21,170,1006,0.805,0.879
CUST-0075,2025-10-28,170,843,0.987,1.0
CUST-0075,2025-11-04,170,812,0.942,0.965
CUST-0075,2025-11-11,170,717,0.964,1.0
CUST-0075,2025-11-18,170,998,0.934,1.0
CUST-0075,2025-11-25,165,871,0.934,1.0
CUST-0075,2025-12-02,170,639,0.909,1.0
CUST-0075,2025-12-09,165,944,1.0,1.0
CUST-0075,2025-12-16,159,697,0.911,1.0
CUST-0075,2025-12-23,152,740,0.969,1.0
CUST-0075,2025-12-30,155,486,0.915,0.944
CUST-0075,2026-01-06,170,986,0.828,1.0
CUST-0075,2026-01-13,157,249,0.9,1.0
CUST-0075,2026-01-20,170,395,0.951,0.982
CUST-0075,2026-01-27,169,643,0.966,0.921
CUST-0075,2026-02-03,160,814,0.907,0.96
CUST-0075,2026-02-10,168,438,0.815,1.0
CUST-0075,2026-02-17,159,838,0.905,1.0
CUST-0075,2026-02-24,170,430,0.928,1.0
CUST-0075,2026-03-03,170,969,1.0,0.957
CUST-0075,2026-03-10,170,541,0.984,1.0
CUST-0075,2026-03-17,170,289,0.866,0.985
CUST-0075,2026-03-24,163,336,0.964,1.0
CUST-0075,2026-03-31,170,323,0.88,1.0
CUST-0075,2026-04-07,166,890,0.962,0.937
CUST-0075,2026-04-14,170,789,0.942,1.0
CUST-0075,2026-04-21,170,750,0.916,0.982
CUST-0075,2026-04-28,163,302,0.881,0.981
CUST-0075,2026-05-05,160,508,0.885,1.0
CUST-0075,2026-05-12,145,831,0.943,1.0
CUST-0075,2026-05-19,164,313,0.923,0.993
CUST-0075,2026-05-26,170,271,1.0,1.0
CUST-0075,2026-06-02,160,735,0.912,0.991
CUST-0075,2026-06-09,170,800,0.895,0.965
CUST-0075,2026-06-16,170,635,0.876,0.977
CUST-0075,2026-06-23,170,555,0.873,1.0
CUST-0076,2025-10-07,388,1260,0.792,0.811
CUST-0076,2025-10-14,404,1723,0.668,0.749
CUST-0076,2025-10-21,437,1962,0.816,0.853
CUST-0076,2025-10-28,372,1812,0.811,0.925
CUST-0076,2025-11-04,421,547,0.736,0.83
CUST-0076,2025-11-11,438,1031,0.719,0.853
CUST-0076,2025-11-18,423,1585,0.836,0.819
CUST-0076,2025-11-25,374,1118,0.77,0.78
CUST-0076,2025-12-02,415,855,0.797,0.769
CUST-0076,2025-12-09,413,1700,0.764,0.846
CUST-0076,2025-12-16,404,1887,0.779,0.824
CUST-0076,2025-12-23,411,842,0.711,0.835
CUST-0076,2025-12-30,458,1461,0.817,0.838
CUST-0076,2026-01-06,407,1974,0.737,0.755
CUST-0076,2026-01-13,410,1930,0.738,0.87
CUST-0076,2026-01-20,440,1411,0.747,0.793
CUST-0076,2026-01-27,434,1628,0.716,0.805
CUST-0076,2026-02-03,429,580,0.704,0.943
CUST-0076,2026-02-10,375,1008,0.712,0.83
CUST-0076,2026-02-17,375,504,0.718,0.718
CUST-0076,2026-02-24,395,1183,0.717,0.836
CUST-0076,2026-03-03,410,1494,0.672,0.852
CUST-0076,2026-03-10,358,1254,0.778,0.804
CUST-0076,2026-03-17,380,765,0.752,0.751
CUST-0076,2026-03-24,321,1498,0.724,0.868
CUST-0076,2026-03-31,311,956,0.821,0.818
CUST-0076,2026-04-07,354,1148,0.677,0.709
CUST-0076,2026-04-14,437,842,0.756,0.833
CUST-0076,2026-04-21,388,999,0.711,0.783
CUST-0076,2026-04-28,340,1280,0.742,0.791
CUST-0076,2026-05-05,387,1231,0.709,0.82
CUST-0076,2026-05-12,410,1111,0.62,0.799
CUST-0076,2026-05-19,423,1045,0.683,0.812
CUST-0076,2026-05-26,380,1122,0.82,0.618
CUST-0076,2026-06-02,350,668,0.783,0.882
CUST-0076,2026-06-09,412,1690,0.714,0.79
CUST-0076,2026-06-16,405,1594,0.691,0.79
CUST-0076,2026-06-23,307,377,0.77,0.78
CUST-0077,2025-11-08,100,263,0.544,0.59
CUST-0077,2025-11-15,94,169,0.53,0.488
CUST-0077,2025-11-22,81,70,0.444,0.613
CUST-0077,2025-11-29,114,365,0.533,0.591
CUST-0077,2025-12-06,95,231,0.492,0.599
CUST-0077,2025-12-13,98,256,0.496,0.59
CUST-0077,2025-12-20,86,257,0.553,0.529
CUST-0077,2025-12-27,63,84,0.429,0.568
CUST-0077,2026-01-03,79,131,0.45,0.521
CUST-0077,2026-01-10,85,113,0.476,0.504
CUST-0077,2026-01-17,96,78,0.478,0.406
CUST-0077,2026-01-24,70,149,0.438,0.454
CUST-0077,2026-01-31,78,176,0.453,0.567
CUST-0077,2026-02-07,90,191,0.422,0.477
CUST-0077,2026-02-14,82,191,0.423,0.472
CUST-0077,2026-02-21,68,122,0.489,0.517
CUST-0077,2026-02-28,64,89,0.434,0.409
CUST-0077,2026-03-07,69,65,0.432,0.404
CUST-0077,2026-03-14,71,184,0.447,0.452
CUST-0077,2026-03-21,44,114,0.418,0.499
CUST-0077,2026-03-28,74,143,0.438,0.458
CUST-0077,2026-04-04,68,111,0.384,0.33
CUST-0077,2026-04-11,49,77,0.328,0.396
CUST-0077,2026-04-18,52,100,0.356,0.459
CUST-0077,2026-04-25,40,40,0.405,0.44
CUST-0077,2026-05-02,59,102,0.411,0.451
CUST-0077,2026-05-09,64,128,0.423,0.439
CUST-0077,2026-05-16,42,84,0.377,0.339
CUST-0077,2026-05-23,36,37,0.385,0.392
CUST-0077,2026-05-30,75,128,0.35,0.368
CUST-0078,2025-03-08,19,38,0.394,0.528
CUST-0078,2025-03-15,17,12,0.37,0.391
CUST-0078,2025-03-22,17,11,0.323,0.344
CUST-0078,2025-03-29,10,11,0.321,0.386
CUST-0078,2025-04-05,18,13,0.287,0.346
CUST-0078,2025-04-12,15,18,0.356,0.357
CUST-0078,2025-04-19,15,18,0.317,0.265
CUST-0078,2025-04-26,8,5,0.299,0.353
CUST-0078,2025-05-03,17,29,0.368,0.341
CUST-0078,2025-05-10,22,33,0.34,0.373
CUST-0078,2025-05-17,16,19,0.331,0.283
CUST-0078,2025-05-24,13,7,0.271,0.242
CUST-0078,2025-05-31,16,12,0.291,0.34
CUST-0078,2025-06-07,25,31,0.298,0.339
CUST-0078,2025-06-14,13,23,0.289,0.228
CUST-0078,2025-06-21,13,7,0.241,0.384
CUST-0078,2025-06-28,8,6,0.325,0.348
CUST-0078,2025-07-05,8,6,0.285,0.223
CUST-0078,2025-07-12,15,13,0.444,0.325
CUST-0078,2025-07-19,7,3,0.3,0.35
CUST-0078,2025-07-26,13,18,0.264,0.272
CUST-0078,2025-08-02,10,13,0.196,0.272
CUST-0078,2025-08-09,12,11,0.17,0.29
CUST-0078,2025-08-16,10,6,0.252,0.254
CUST-0078,2025-08-23,10,6,0.285,0.236
CUST-0078,2025-08-30,13,13,0.175,0.187
CUST-0078,2025-09-06,14,15,0.228,0.226
CUST-0078,2025-09-13,8,9,0.296,0.109
CUST-0078,2025-09-20,11,3,0.174,0.21
CUST-0078,2025-09-27,3,2,0.227,0.189
CUST-0078,2025-10-04,7,6,0.271,0.264
CUST-0078,2025-10-11,7,7,0.286,0.131
CUST-0078,2025-10-18,14,12,0.334,0.22
CUST-0078,2025-10-25,8,3,0.15,0.167
CUST-0078,2025-11-01,9,2,0.29,0.157
CUST-0078,2025-11-08,4,2,0.213,0.177
CUST-0078,2025-11-15,5,3,0.087,0.172
CUST-0078,2025-11-22,3,1,0.1,0.208
CUST-0078,2025-11-29,5,4,0.186,0.166
CUST-0078,2025-12-06,11,2,0.153,0.183
CUST-0078,2025-12-13,8,7,0.197,0.091
CUST-0078,2025-12-20,3,1,0.084,0.209
CUST-0078,2025-12-27,1,0,0.168,0.267
CUST-0078,2026-01-03,7,1,0.138,0.114
CUST-0078,2026-01-10,2,0,0.109,0.125
CUST-0078,2026-01-17,6,2,0.135,0.21
CUST-0079,2025-08-05,265,807,1.0,1.0
CUST-0079,2025-08-12,257,1132,0.86,1.0
CUST-0079,2025-08-19,255,1196,0.828,1.0
CUST-0079,2025-08-26,250,992,0.89,1.0
CUST-0079,2025-09-02,265,419,0.967,1.0
CUST-0079,2025-09-09,259,1447,0.935,0.988
CUST-0079,2025-09-16,265,1316,0.964,0.98
CUST-0079,2025-09-23,242,1118,0.873,0.925
CUST-0079,2025-09-30,206,855,0.872,1.0
CUST-0079,2025-10-07,265,1504,0.852,0.935
CUST-0079,2025-10-14,231,1040,0.954,1.0
CUST-0079,2025-10-21,255,1397,0.944,1.0
CUST-0079,2025-10-28,220,1112,0.919,0.938
CUST-0079,2025-11-04,242,1236,0.854,1.0
CUST-0079,2025-11-11,265,1325,0.926,1.0
CUST-0079,2025-11-18,256,1406,0.868,0.886
CUST-0079,2025-11-25,265,1299,0.895,0.993
CUST-0079,2025-12-02,238,380,0.856,1.0
CUST-0079,2025-12-09,257,1090,0.938,0.927
CUST-0079,2025-12-16,243,477,0.895,0.924
CUST-0079,2025-12-23,235,686,0.879,1.0
CUST-0079,2025-12-30,243,1277,0.945,0.88
CUST-0079,2026-01-06,234,745,0.888,0.951
CUST-0079,2026-01-13,252,1390,0.831,0.995
CUST-0079,2026-01-20,229,656,0.849,0.957
CUST-0079,2026-01-27,259,654,0.894,0.847
CUST-0079,2026-02-03,265,1508,0.937,1.0
CUST-0079,2026-02-10,226,1268,0.74,0.933
CUST-0079,2026-02-17,262,1321,0.866,1.0
CUST-0079,2026-02-24,244,1388,0.847,0.927
CUST-0079,2026-03-03,255,1228,0.956,0.933
CUST-0079,2026-03-10,254,1260,0.858,0.966
CUST-0079,2026-03-17,263,1335,0.834,0.937
CUST-0079,2026-03-24,265,1231,0.896,0.882
CUST-0079,2026-03-31,246,1354,0.865,0.803
CUST-0079,2026-04-07,240,488,0.876,0.957
CUST-0079,2026-04-14,226,617,0.883,0.886
CUST-0079,2026-04-21,227,993,0.86,1.0
CUST-0079,2026-04-28,231,885,0.937,0.881
CUST-0079,2026-05-05,245,414,0.89,0.926
CUST-0079,2026-05-12,229,810,0.844,0.914
CUST-0079,2026-05-19,265,1501,0.785,1.0
CUST-0079,2026-05-26,212,1180,0.947,0.935
CUST-0079,2026-06-02,265,1250,0.854,0.945
CUST-0079,2026-06-09,249,502,0.846,1.0
CUST-0079,2026-06-16,190,935,0.916,0.863
CUST-0079,2026-06-23,265,1096,0.906,0.918
CUST-0080,2025-12-04,33,40,0.279,0.299
CUST-0080,2025-12-11,20,25,0.343,0.334
CUST-0080,2025-12-18,27,40,0.395,0.37
CUST-0080,2025-12-25,35,34,0.287,0.441
CUST-0080,2026-01-01,33,56,0.311,0.382
CUST-0080,2026-01-08,21,45,0.327,0.277
CUST-0080,2026-01-15,39,72,0.417,0.445
CUST-0080,2026-01-22,16,13,0.371,0.464
CUST-0080,2026-01-29,23,35,0.31,0.397
CUST-0080,2026-02-05,43,89,0.291,0.322
CUST-0080,2026-02-12,26,26,0.434,0.312
CUST-0080,2026-02-19,29,27,0.249,0.385
CUST-0080,2026-02-26,32,39,0.299,0.436
CUST-0080,2026-03-05,43,31,0.434,0.264
CUST-0080,2026-03-12,32,18,0.456,0.303
CUST-0080,2026-03-19,29,42,0.329,0.422
CUST-0080,2026-03-26,28,45,0.344,0.246
CUST-0080,2026-04-02,28,44,0.334,0.41
CUST-0080,2026-04-09,32,65,0.398,0.263
CUST-0080,2026-04-16,35,51,0.437,0.286
CUST-0080,2026-04-23,28,58,0.322,0.355
CUST-0080,2026-04-30,31,25,0.305,0.21
CUST-0080,2026-05-07,30,25,0.28,0.348
CUST-0081,2026-03-03,30,123,0.725,0.768
CUST-0081,2026-03-10,28,131,0.784,0.834
CUST-0081,2026-03-17,31,89,0.71,0.743
CUST-0081,2026-03-24,28,83,0.714,0.879
CUST-0081,2026-03-31,28,40,0.672,0.778
CUST-0081,2026-04-07,30,111,0.725,0.919
CUST-0081,2026-04-14,32,64,0.798,0.878
CUST-0081,2026-04-21,35,97,0.819,0.707
CUST-0081,2026-04-28,30,108,0.796,0.82
CUST-0081,2026-05-05,34,77,0.73,0.832
CUST-0081,2026-05-12,29,38,0.769,0.937
CUST-0081,2026-05-19,29,114,0.75,0.832
CUST-0081,2026-05-26,30,142,0.721,0.842
CUST-0081,2026-06-02,27,55,0.634,0.682
CUST-0081,2026-06-09,27,112,0.834,0.79
CUST-0081,2026-06-16,30,45,0.764,0.882
CUST-0081,2026-06-23,29,80,0.727,0.745
CUST-0082,2024-11-11,3,1,0.481,0.345
CUST-0082,2024-11-18,3,4,0.399,0.411
CUST-0082,2024-11-25,2,3,0.387,0.464
CUST-0082,2024-12-02,3,4,0.303,0.396
CUST-0082,2024-12-09,3,2,0.291,0.371
CUST-0082,2024-12-16,2,2,0.308,0.456
CUST-0082,2024-12-23,3,2,0.403,0.471
CUST-0082,2024-12-30,3,5,0.286,0.393
CUST-0082,2025-01-06,3,2,0.272,0.391
CUST-0082,2025-01-13,3,1,0.377,0.464
CUST-0082,2025-01-20,2,3,0.347,0.339
CUST-0082,2025-01-27,3,2,0.344,0.394
CUST-0082,2025-02-03,3,6,0.356,0.353
CUST-0082,2025-02-10,3,2,0.307,0.308
CUST-0082,2025-02-17,3,5,0.344,0.274
CUST-0082,2025-02-24,3,3,0.353,0.278
CUST-0082,2025-03-03,2,3,0.375,0.416
CUST-0082,2025-03-10,2,1,0.229,0.248
CUST-0082,2025-03-17,1,0,0.3,0.324
CUST-0082,2025-03-24,2,2,0.315,0.411
CUST-0082,2025-03-31,2,3,0.285,0.307
CUST-0082,2025-04-07,2,1,0.276,0.261
CUST-0082,2025-04-14,2,2,0.228,0.262
CUST-0082,2025-04-21,1,1,0.25,0.37
CUST-0082,2025-04-28,3,3,0.29,0.281
CUST-0082,2025-05-05,2,2,0.311,0.288
CUST-0082,2025-05-12,2,1,0.234,0.27
CUST-0082,2025-05-19,2,1,0.274,0.233
CUST-0082,2025-05-26,1,1,0.275,0.267
CUST-0082,2025-06-02,3,1,0.197,0.119
CUST-0082,2025-06-09,1,0,0.249,0.192
CUST-0082,2025-06-16,2,2,0.302,0.302
CUST-0082,2025-06-23,2,2,0.225,0.182
CUST-0082,2025-06-30,1,0,0.206,0.2
CUST-0082,2025-07-07,2,1,0.243,0.272
CUST-0082,2025-07-14,1,0,0.179,0.271
CUST-0082,2025-07-21,1,1,0.186,0.149
CUST-0082,2025-07-28,2,2,0.187,0.239
CUST-0082,2025-08-04,1,1,0.206,0.339
CUST-0082,2025-08-11,1,0,0.109,0.304
CUST-0082,2025-08-18,2,2,0.224,0.253
CUST-0082,2025-08-25,1,0,0.189,0.244
CUST-0082,2025-09-01,1,0,0.142,0.231
CUST-0082,2025-09-08,1,0,0.141,0.035
CUST-0082,2025-09-15,1,0,0.184,0.269
CUST-0082,2025-09-22,1,0,0.087,0.218
CUST-0082,2025-09-29,1,0,0.171,0.194
CUST-0082,2025-10-06,1,0,0.188,0.183
CUST-0082,2025-10-13,1,0,0.155,0.124
CUST-0082,2025-10-20,2,0,0.271,0.109
CUST-0082,2025-10-27,1,0,0.085,0.026
CUST-0082,2025-11-03,1,0,0.209,0.193
CUST-0082,2025-11-10,1,0,0.212,0.049
CUST-0082,2025-11-17,1,0,0.07,0.15
CUST-0082,2025-11-24,1,0,0.15,0.242
CUST-0082,2025-12-01,1,0,0.171,0.175
CUST-0082,2025-12-08,1,0,0.055,0.167
CUST-0082,2025-12-15,1,0,0.043,0.094
CUST-0082,2025-12-22,1,0,0.113,0.129
CUST-0082,2025-12-29,1,0,0.0,0.02
CUST-0082,2026-01-05,1,0,0.092,0.001
CUST-0082,2026-01-12,1,0,0.156,0.038
CUST-0082,2026-01-19,1,0,0.059,0.004
CUST-0082,2026-01-26,1,0,0.09,0.048
CUST-0082,2026-02-02,1,0,0.041,0.136
CUST-0082,2026-02-09,1,0,0.0,0.015
CUST-0082,2026-02-16,1,0,0.035,0.116
CUST-0083,2024-07-02,85,118,0.288,0.366
CUST-0083,2024-07-09,71,134,0.349,0.329
CUST-0083,2024-07-16,57,106,0.33,0.332
CUST-0083,2024-07-23,83,155,0.408,0.333
CUST-0083,2024-07-30,130,79,0.317,0.326
CUST-0083,2024-08-06,100,115,0.39,0.25
CUST-0083,2024-08-13,70,109,0.329,0.407
CUST-0083,2024-08-20,71,112,0.37,0.326
CUST-0083,2024-08-27,93,84,0.401,0.402
CUST-0083,2024-09-03,39,49,0.369,0.288
CUST-0083,2024-09-10,75,132,0.371,0.316
CUST-0083,2024-09-17,54,102,0.242,0.32
CUST-0083,2024-09-24,111,124,0.228,0.254
CUST-0083,2024-10-01,58,107,0.175,0.318
CUST-0083,2024-10-08,71,84,0.237,0.309
CUST-0083,2024-10-15,74,118,0.277,0.344
CUST-0083,2024-10-22,68,70,0.267,0.312
CUST-0083,2024-10-29,86,81,0.188,0.239
CUST-0083,2024-11-05,51,78,0.318,0.229
CUST-0083,2024-11-12,54,59,0.268,0.275
CUST-0083,2024-11-19,77,49,0.231,0.225
CUST-0083,2024-11-26,65,41,0.19,0.254
CUST-0083,2024-12-03,53,29,0.183,0.307
CUST-0083,2024-12-10,78,38,0.212,0.173
CUST-0083,2024-12-17,64,84,0.26,0.263
CUST-0083,2024-12-24,70,80,0.186,0.264
CUST-0083,2024-12-31,25,16,0.201,0.279
CUST-0083,2025-01-07,55,76,0.23,0.192
CUST-0083,2025-01-14,81,34,0.214,0.195
CUST-0083,2025-01-21,77,81,0.239,0.152
CUST-0083,2025-01-28,73,56,0.185,0.168
CUST-0083,2025-02-04,58,25,0.19,0.347
CUST-0083,2025-02-11,66,81,0.192,0.223
CUST-0083,2025-02-18,41,30,0.303,0.19
CUST-0083,2025-02-25,72,28,0.116,0.235
CUST-0083,2025-03-04,7,2,0.133,0.066
CUST-0083,2025-03-11,17,4,0.135,0.101
CUST-0083,2025-03-18,45,17,0.173,0.169
CUST-0083,2025-03-25,12,8,0.236,0.149
CUST-0083,2025-04-01,63,29,0.236,0.179
CUST-0083,2025-04-08,35,26,0.109,0.175
CUST-0083,2025-04-15,19,12,0.129,0.213
CUST-0083,2025-04-22,56,21,0.268,0.282
CUST-0083,2025-04-29,3,1,0.142,0.146
CUST-0083,2025-05-06,1,0,0.079,0.145
CUST-0083,2025-05-13,43,28,0.081,0.096
CUST-0083,2025-05-20,45,20,0.192,0.102
CUST-0083,2025-05-27,31,15,0.123,0.164
CUST-0083,2025-06-03,1,0,0.086,0.077
CUST-0083,2025-06-10,33,22,0.09,0.176
CUST-0083,2025-06-17,34,13,0.109,0.106
CUST-0083,2025-06-24,8,3,0.073,0.191
CUST-0083,2025-07-01,45,16,0.0,0.139
CUST-0083,2025-07-08,18,2,0.078,0.114
CUST-0083,2025-07-15,60,14,0.108,0.113
CUST-0083,2025-07-22,1,0,0.041,0.033
CUST-0083,2025-07-29,41,12,0.012,0.004
CUST-0083,2025-08-05,12,4,0.101,0.088
CUST-0083,2025-08-12,10,2,0.074,0.027
CUST-0083,2025-08-19,8,0,0.034,0.01
CUST-0083,2025-08-26,18,1,0.046,0.029
CUST-0083,2025-09-02,41,4,0.093,0.08
CUST-0083,2025-09-09,23,3,0.064,0.0
CUST-0083,2025-09-16,13,2,0.005,0.04
CUST-0083,2025-09-23,38,5,0.0,0.0
CUST-0083,2025-09-30,1,0,0.037,0.0
CUST-0083,2025-10-07,31,2,0.067,0.014
CUST-0083,2025-10-14,59,2,0.0,0.0
CUST-0083,2025-10-21,1,0,0.074,0.0
CUST-0083,2025-10-28,1,0,0.085,0.002
CUST-0083,2025-11-04,1,0,0.044,0.061
CUST-0083,2025-11-11,12,0,0.0,0.0
CUST-0083,2025-11-18,1,0,0.051,0.0
CUST-0083,2025-11-25,1,0,0.092,0.0
CUST-0083,2025-12-02,1,0,0.0,0.047
CUST-0083,2025-12-09,1,0,0.0,0.0
CUST-0083,2025-12-16,1,0,0.0,0.0
CUST-0083,2025-12-23,8,0,0.026,0.0
CUST-0083,2025-12-30,1,0,0.0,0.0
CUST-0083,2026-01-06,1,0,0.035,0.029
CUST-0083,2026-01-13,1,0,0.0,0.013
CUST-0083,2026-01-20,1,0,0.0,0.0
CUST-0083,2026-01-27,3,0,0.045,0.0
CUST-0083,2026-02-03,1,0,0.027,0.064
CUST-0083,2026-02-10,14,0,0.0,0.025
CUST-0083,2026-02-17,1,0,0.043,0.102
CUST-0083,2026-02-24,1,0,0.064,0.0
CUST-0083,2026-03-03,1,0,0.022,0.062
CUST-0083,2026-03-10,1,0,0.012,0.0
CUST-0083,2026-03-17,1,0,0.0,0.0
CUST-0083,2026-03-24,2,0,0.0,0.065
CUST-0083,2026-03-31,1,0,0.035,0.071
CUST-0083,2026-04-07,1,0,0.078,0.0
CUST-0083,2026-04-14,1,0,0.0,0.0
CUST-0083,2026-04-21,4,0,0.0,0.0
CUST-0083,2026-04-28,1,0,0.074,0.117
CUST-0083,2026-05-05,54,0,0.021,0.009
CUST-0083,2026-05-12,1,0,0.0,0.0
CUST-0083,2026-05-19,15,0,0.0,0.01
CUST-0083,2026-05-26,21,0,0.005,0.015
CUST-0083,2026-06-02,7,0,0.0,0.0
CUST-0083,2026-06-09,8,0,0.0,0.0
CUST-0083,2026-06-16,1,0,0.0,0.052
CUST-0083,2026-06-23,1,0,0.0,0.007
CUST-0084,2025-10-05,15,33,0.56,0.448
CUST-0084,2025-10-12,12,17,0.456,0.573
CUST-0084,2025-10-19,15,35,0.415,0.474
CUST-0084,2025-10-26,16,35,0.464,0.613
CUST-0084,2025-11-02,12,18,0.493,0.49
CUST-0084,2025-11-09,16,39,0.469,0.556
CUST-0084,2025-11-16,13,31,0.5,0.612
CUST-0084,2025-11-23,14,35,0.506,0.566
CUST-0084,2025-11-30,15,41,0.488,0.599
CUST-0084,2025-12-07,21,29,0.46,0.522
CUST-0084,2025-12-14,12,32,0.637,0.433
CUST-0084,2025-12-21,16,35,0.442,0.622
CUST-0084,2025-12-28,12,21,0.523,0.495
CUST-0084,2026-01-04,11,32,0.56,0.622
CUST-0084,2026-01-11,17,17,0.487,0.651
CUST-0084,2026-01-18,13,27,0.474,0.573
CUST-0084,2026-01-25,14,29,0.479,0.471
CUST-0084,2026-02-01,16,52,0.584,0.551
CUST-0084,2026-02-08,13,16,0.537,0.57
CUST-0084,2026-02-15,14,12,0.448,0.559
CUST-0084,2026-02-22,14,19,0.477,0.586
CUST-0084,2026-03-01,13,35,0.611,0.566
CUST-0085,2024-07-02,48,57,0.665,0.78
CUST-0085,2024-07-09,31,104,0.553,0.757
CUST-0085,2024-07-16,39,111,0.613,0.614
CUST-0085,2024-07-23,36,93,0.532,0.688
CUST-0085,2024-07-30,38,73,0.578,0.535
CUST-0085,2024-08-06,39,107,0.556,0.59
CUST-0085,2024-08-13,36,60,0.559,0.597
CUST-0085,2024-08-20,40,53,0.538,0.679
CUST-0085,2024-08-27,34,45,0.53,0.596
CUST-0085,2024-09-03,37,67,0.475,0.496
CUST-0085,2024-09-10,44,59,0.522,0.574
CUST-0085,2024-09-17,49,116,0.505,0.49
CUST-0085,2024-09-24,42,146,0.603,0.535
CUST-0085,2024-10-01,30,75,0.473,0.658
CUST-0085,2024-10-08,36,68,0.489,0.606
CUST-0085,2024-10-15,50,107,0.603,0.564
CUST-0085,2024-10-22,36,76,0.5,0.523
CUST-0085,2024-10-29,37,49,0.503,0.59
CUST-0085,2024-11-05,38,59,0.523,0.601
CUST-0085,2024-11-12,41,126,0.462,0.6
CUST-0085,2024-11-19,30,64,0.562,0.533
CUST-0085,2024-11-26,43,139,0.478,0.529
CUST-0085,2024-12-03,40,85,0.5,0.561
CUST-0085,2024-12-10,40,34,0.46,0.637
CUST-0085,2024-12-17,30,35,0.613,0.549
CUST-0085,2024-12-24,41,125,0.451,0.725
CUST-0085,2024-12-31,36,83,0.553,0.546
CUST-0085,2025-01-07,34,86,0.555,0.577
CUST-0085,2025-01-14,40,57,0.515,0.528
CUST-0085,2025-01-21,40,84,0.485,0.52
CUST-0085,2025-01-28,29,40,0.51,0.443
CUST-0085,2025-02-04,25,24,0.421,0.52
CUST-0085,2025-02-11,39,68,0.451,0.609
CUST-0085,2025-02-18,35,108,0.414,0.505
CUST-0085,2025-02-25,33,58,0.49,0.655
CUST-0085,2025-03-04,43,44,0.443,0.47
CUST-0085,2025-03-11,35,64,0.557,0.405
CUST-0085,2025-03-18,43,129,0.46,0.558
CUST-0085,2025-03-25,43,98,0.521,0.553
CUST-0085,2025-04-01,26,29,0.413,0.513
CUST-0085,2025-04-08,43,67,0.439,0.49
CUST-0085,2025-04-15,33,30,0.483,0.515
CUST-0085,2025-04-22,32,63,0.455,0.474
CUST-0085,2025-04-29,23,64,0.56,0.551
CUST-0085,2025-05-06,34,92,0.42,0.471
CUST-0085,2025-05-13,29,36,0.536,0.426
CUST-0085,2025-05-20,35,48,0.38,0.544
CUST-0085,2025-05-27,27,50,0.447,0.474
CUST-0085,2025-06-03,33,36,0.436,0.43
CUST-0085,2025-06-10,26,70,0.377,0.433
CUST-0085,2025-06-17,42,54,0.391,0.533
CUST-0085,2025-06-24,26,48,0.396,0.396
CUST-0085,2025-07-01,20,49,0.558,0.465
CUST-0085,2025-07-08,33,40,0.429,0.535
CUST-0085,2025-07-15,21,22,0.383,0.475
CUST-0085,2025-07-22,32,71,0.384,0.407
CUST-0085,2025-07-29,27,27,0.447,0.446
CUST-0085,2025-08-05,35,94,0.432,0.578
CUST-0085,2025-08-12,33,81,0.456,0.43
CUST-0085,2025-08-19,23,46,0.422,0.392
CUST-0085,2025-08-26,34,59,0.383,0.482
CUST-0085,2025-09-02,28,47,0.269,0.434
CUST-0085,2025-09-09,25,27,0.454,0.409
CUST-0085,2025-09-16,29,29,0.536,0.421
CUST-0085,2025-09-23,26,30,0.311,0.434
CUST-0085,2025-09-30,28,52,0.331,0.36
CUST-0085,2025-10-07,30,71,0.371,0.264
CUST-0085,2025-10-14,34,76,0.503,0.496
CUST-0085,2025-10-21,27,19,0.311,0.503
CUST-0085,2025-10-28,19,28,0.422,0.42
CUST-0085,2025-11-04,28,41,0.409,0.4
CUST-0085,2025-11-11,31,66,0.307,0.412
CUST-0085,2025-11-18,15,9,0.421,0.466
CUST-0085,2025-11-25,34,30,0.291,0.382
CUST-0085,2025-12-02,29,39,0.351,0.431
CUST-0085,2025-12-09,20,40,0.317,0.318
CUST-0085,2025-12-16,16,28,0.479,0.245
CUST-0085,2025-12-23,19,40,0.387,0.389
CUST-0085,2025-12-30,29,38,0.442,0.405
CUST-0085,2026-01-06,29,43,0.319,0.401
CUST-0085,2026-01-13,12,14,0.436,0.339
CUST-0085,2026-01-20,31,67,0.327,0.345
CUST-0085,2026-01-27,32,45,0.344,0.366
CUST-0085,2026-02-03,28,61,0.38,0.384
CUST-0085,2026-02-10,29,32,0.378,0.48
CUST-0085,2026-02-17,23,45,0.318,0.241
CUST-0085,2026-02-24,21,33,0.368,0.372
CUST-0085,2026-03-03,15,31,0.312,0.44
CUST-0085,2026-03-10,24,29,0.323,0.3
CUST-0085,2026-03-17,23,47,0.28,0.307
CUST-0085,2026-03-24,26,24,0.423,0.381
CUST-0085,2026-03-31,23,30,0.32,0.262
CUST-0085,2026-04-07,19,26,0.355,0.495
CUST-0085,2026-04-14,19,36,0.372,0.349
CUST-0085,2026-04-21,20,27,0.32,0.307
CUST-0085,2026-04-28,23,21,0.317,0.371
CUST-0085,2026-05-05,17,20,0.327,0.301
CUST-0085,2026-05-12,15,17,0.362,0.396
CUST-0085,2026-05-19,21,21,0.42,0.336
CUST-0085,2026-05-26,10,14,0.332,0.253
CUST-0085,2026-06-02,33,32,0.264,0.357
CUST-0085,2026-06-09,22,21,0.352,0.28
CUST-0085,2026-06-16,18,24,0.324,0.318
CUST-0085,2026-06-23,22,26,0.35,0.38
CUST-0086,2024-07-02,16,38,0.88,0.874
CUST-0086,2024-07-09,19,47,0.812,0.903
CUST-0086,2024-07-16,17,46,0.795,0.899
CUST-0086,2024-07-23,17,57,0.788,0.882
CUST-0086,2024-07-30,20,86,0.839,0.905
CUST-0086,2024-08-06,22,91,0.84,0.843
CUST-0086,2024-08-13,22,62,0.897,0.83
CUST-0086,2024-08-20,22,33,0.863,0.88
CUST-0086,2024-08-27,19,74,0.836,0.986
CUST-0086,2024-09-03,20,86,0.729,0.916
CUST-0086,2024-09-10,20,31,0.796,0.912
CUST-0086,2024-09-17,21,109,0.798,0.939
CUST-0086,2024-09-24,18,45,0.863,0.89
CUST-0086,2024-10-01,20,110,0.849,0.932
CUST-0086,2024-10-08,21,102,0.816,0.853
CUST-0086,2024-10-15,23,40,0.795,0.951
CUST-0086,2024-10-22,21,93,0.85,0.996
CUST-0086,2024-10-29,19,31,0.828,0.913
CUST-0086,2024-11-05,22,76,0.984,0.913
CUST-0086,2024-11-12,22,116,0.865,0.975
CUST-0086,2024-11-19,23,41,0.858,0.875
CUST-0086,2024-11-26,23,112,0.873,0.983
CUST-0086,2024-12-03,19,46,0.886,0.961
CUST-0086,2024-12-10,21,85,0.82,1.0
CUST-0086,2024-12-17,20,44,0.878,0.984
CUST-0086,2024-12-24,23,63,0.919,0.909
CUST-0086,2024-12-31,23,49,0.967,1.0
CUST-0086,2025-01-07,23,85,0.844,1.0
CUST-0086,2025-01-14,22,61,0.931,0.934
CUST-0086,2025-01-21,23,96,0.87,1.0
CUST-0086,2025-01-28,22,103,0.852,1.0
CUST-0086,2025-02-04,22,51,0.884,0.92
CUST-0086,2025-02-11,22,89,0.931,1.0
CUST-0086,2025-02-18,23,67,0.888,0.939
CUST-0086,2025-02-25,22,101,0.999,1.0
CUST-0086,2025-03-04,23,123,0.99,1.0
CUST-0086,2025-03-11,23,65,0.907,1.0
CUST-0086,2025-03-18,23,43,0.874,1.0
CUST-0086,2025-03-25,21,83,0.942,0.992
CUST-0086,2025-04-01,23,84,0.893,0.923
CUST-0086,2025-04-08,23,37,1.0,0.931
CUST-0086,2025-04-15,23,136,0.954,1.0
CUST-0086,2025-04-22,23,95,0.907,1.0
CUST-0086,2025-04-29,23,83,0.974,0.863
CUST-0086,2025-05-06,23,108,0.907,1.0
CUST-0086,2025-05-13,23,102,0.944,0.904
CUST-0086,2025-05-20,23,73,0.931,1.0
CUST-0086,2025-05-27,23,85,0.895,0.999
CUST-0086,2025-06-03,20,38,0.87,1.0
CUST-0086,2025-06-10,23,114,0.907,1.0
CUST-0086,2025-06-17,21,111,0.9,0.997
CUST-0086,2025-06-24,23,123,0.926,1.0
CUST-0086,2025-07-01,23,124,0.934,0.935
CUST-0086,2025-07-08,21,87,0.927,1.0
CUST-0086,2025-07-15,21,96,0.946,0.962
CUST-0086,2025-07-22,23,105,0.999,1.0
CUST-0086,2025-07-29,23,111,0.974,0.996
CUST-0086,2025-08-05,23,124,1.0,0.954
CUST-0086,2025-08-12,23,92,0.987,0.922
CUST-0086,2025-08-19,21,107,0.95,1.0
CUST-0086,2025-08-26,23,115,0.833,1.0
CUST-0086,2025-09-02,20,47,1.0,0.967
CUST-0086,2025-09-09,22,79,0.942,0.981
CUST-0086,2025-09-16,21,81,0.917,0.995
CUST-0086,2025-09-23,20,105,1.0,0.982
CUST-0086,2025-09-30,23,71,0.958,1.0
CUST-0086,2025-10-07,22,94,0.944,0.967
CUST-0086,2025-10-14,22,54,0.963,1.0
CUST-0086,2025-10-21,23,115,0.883,1.0
CUST-0086,2025-10-28,21,98,0.978,1.0
CUST-0086,2025-11-04,23,121,0.954,0.985
CUST-0086,2025-11-11,22,101,1.0,1.0
CUST-0086,2025-11-18,23,88,0.874,0.997
CUST-0086,2025-11-25,22,80,0.975,0.89
CUST-0086,2025-12-02,22,55,0.915,1.0
CUST-0086,2025-12-09,22,65,0.894,1.0
CUST-0086,2025-12-16,21,76,0.97,1.0
CUST-0086,2025-12-23,22,43,0.929,1.0
CUST-0086,2025-12-30,21,107,0.92,1.0
CUST-0086,2026-01-06,23,56,0.943,0.974
CUST-0086,2026-01-13,23,77,0.906,1.0
CUST-0086,2026-01-20,22,52,0.936,0.98
CUST-0086,2026-01-27,23,97,0.905,1.0
CUST-0086,2026-02-03,23,107,0.969,0.919
CUST-0086,2026-02-10,23,128,0.904,0.946
CUST-0086,2026-02-17,23,112,0.965,1.0
CUST-0086,2026-02-24,20,117,1.0,0.989
CUST-0086,2026-03-03,23,37,0.917,1.0
CUST-0086,2026-03-10,23,62,0.898,1.0
CUST-0086,2026-03-17,21,95,0.883,0.981
CUST-0086,2026-03-24,22,55,0.923,1.0
CUST-0086,2026-03-31,21,124,0.921,1.0
CUST-0086,2026-04-07,23,133,0.97,0.963
CUST-0086,2026-04-14,19,87,0.91,1.0
CUST-0086,2026-04-21,20,95,0.893,0.932
CUST-0086,2026-04-28,23,89,0.838,1.0
CUST-0086,2026-05-05,22,119,0.849,0.944
CUST-0086,2026-05-12,22,130,0.904,1.0
CUST-0086,2026-05-19,22,110,0.887,0.941
CUST-0086,2026-05-26,21,34,0.907,0.98
CUST-0086,2026-06-02,23,117,0.944,0.881
CUST-0086,2026-06-09,23,59,0.825,1.0
CUST-0086,2026-06-16,20,80,0.948,0.855
CUST-0086,2026-06-23,20,31,0.997,1.0
CUST-0087,2024-07-02,15,45,0.416,0.55
CUST-0087,2024-07-09,12,18,0.55,0.485
CUST-0087,2024-07-16,18,24,0.527,0.598
CUST-0087,2024-07-23,11,29,0.432,0.46
CUST-0087,2024-07-30,12,21,0.537,0.47
CUST-0087,2024-08-06,13,19,0.319,0.428
CUST-0087,2024-08-13,12,11,0.302,0.444
CUST-0087,2024-08-20,16,39,0.405,0.555
CUST-0087,2024-08-27,9,10,0.379,0.443
CUST-0087,2024-09-03,10,17,0.418,0.35
CUST-0087,2024-09-10,14,30,0.397,0.522
CUST-0087,2024-09-17,11,25,0.318,0.394
CUST-0087,2024-09-24,10,7,0.311,0.344
CUST-0087,2024-10-01,12,16,0.331,0.502
CUST-0087,2024-10-08,9,15,0.37,0.399
CUST-0087,2024-10-15,8,5,0.287,0.305
CUST-0087,2024-10-22,8,7,0.325,0.406
CUST-0087,2024-10-29,6,3,0.315,0.488
CUST-0087,2024-11-05,7,10,0.341,0.3
CUST-0087,2024-11-12,8,7,0.233,0.41
CUST-0087,2024-11-19,13,20,0.382,0.259
CUST-0087,2024-11-26,4,6,0.254,0.214
CUST-0087,2024-12-03,3,3,0.239,0.294
CUST-0087,2024-12-10,6,3,0.223,0.205
CUST-0087,2024-12-17,5,5,0.277,0.246
CUST-0087,2024-12-24,7,7,0.213,0.315
CUST-0087,2024-12-31,3,1,0.28,0.19
CUST-0087,2025-01-07,5,6,0.186,0.051
CUST-0087,2025-01-14,3,3,0.208,0.219
CUST-0087,2025-01-21,4,2,0.165,0.268
CUST-0087,2025-01-28,7,3,0.28,0.178
CUST-0087,2025-02-04,12,11,0.215,0.117
CUST-0087,2025-02-11,7,4,0.16,0.123
CUST-0087,2025-02-18,4,2,0.116,0.169
CUST-0087,2025-02-25,2,1,0.223,0.025
CUST-0087,2025-03-04,4,1,0.074,0.237
CUST-0087,2025-03-11,3,1,0.033,0.0
CUST-0087,2025-03-18,5,0,0.175,0.087
CUST-0087,2025-03-25,3,0,0.029,0.087
CUST-0087,2025-04-01,1,0,0.111,0.115
CUST-0087,2025-04-08,1,0,0.02,0.1
CUST-0087,2025-04-15,2,0,0.05,0.031
CUST-0087,2025-04-22,2,0,0.097,0.113
CUST-0087,2025-04-29,1,0,0.01,0.037
CUST-0087,2025-05-06,1,0,0.0,0.086
CUST-0087,2025-05-13,1,0,0.016,0.085
CUST-0087,2025-05-20,1,0,0.0,0.04
CUST-0087,2025-05-27,1,0,0.0,0.01
CUST-0087,2025-06-03,1,0,0.003,0.0
CUST-0087,2025-06-10,1,0,0.03,0.0
CUST-0087,2025-06-17,1,0,0.0,0.008
CUST-0087,2025-06-24,1,0,0.0,0.0
CUST-0087,2025-07-01,1,0,0.0,0.0
CUST-0087,2025-07-08,1,0,0.028,0.151
CUST-0087,2025-07-15,1,0,0.0,0.0
CUST-0087,2025-07-22,1,0,0.002,0.0
CUST-0087,2025-07-29,1,0,0.0,0.023
CUST-0087,2025-08-05,1,0,0.0,0.027
CUST-0087,2025-08-12,1,0,0.038,0.054
CUST-0087,2025-08-19,1,0,0.085,0.0
CUST-0087,2025-08-26,1,0,0.0,0.0
CUST-0087,2025-09-02,1,0,0.002,0.135
CUST-0087,2025-09-09,1,0,0.001,0.013
CUST-0087,2025-09-16,1,0,0.062,0.035
CUST-0087,2025-09-23,1,0,0.0,0.0
CUST-0087,2025-09-30,1,0,0.102,0.0
CUST-0087,2025-10-07,1,0,0.0,0.047
CUST-0087,2025-10-14,1,0,0.0,0.1
CUST-0087,2025-10-21,1,0,0.0,0.0
CUST-0087,2025-10-28,1,0,0.06,0.0
CUST-0087,2025-11-04,1,0,0.033,0.06
CUST-0087,2025-11-11,1,0,0.008,0.0
CUST-0087,2025-11-18,3,0,0.0,0.0
CUST-0087,2025-11-25,1,0,0.0,0.0
CUST-0087,2025-12-02,1,0,0.0,0.0
CUST-0087,2025-12-09,1,0,0.097,0.085
CUST-0087,2025-12-16,1,0,0.0,0.0
CUST-0087,2025-12-23,1,0,0.0,0.055
CUST-0087,2025-12-30,1,0,0.0,0.001
CUST-0087,2026-01-06,1,0,0.056,0.009
CUST-0087,2026-01-13,1,0,0.077,0.0
CUST-0087,2026-01-20,1,0,0.0,0.0
CUST-0087,2026-01-27,1,0,0.0,0.0
CUST-0087,2026-02-03,1,0,0.024,0.01
CUST-0087,2026-02-10,1,0,0.0,0.0
CUST-0087,2026-02-17,1,0,0.0,0.031
CUST-0087,2026-02-24,1,0,0.056,0.0
CUST-0087,2026-03-03,1,0,0.0,0.0
CUST-0087,2026-03-10,1,0,0.0,0.0
CUST-0087,2026-03-17,2,0,0.0,0.0
CUST-0087,2026-03-24,2,0,0.0,0.0
CUST-0087,2026-03-31,1,0,0.0,0.0
CUST-0087,2026-04-07,1,0,0.014,0.039
CUST-0087,2026-04-14,1,0,0.005,0.0
CUST-0087,2026-04-21,5,0,0.042,0.032
CUST-0087,2026-04-28,1,0,0.027,0.0
CUST-0087,2026-05-05,1,0,0.0,0.0
CUST-0087,2026-05-12,1,0,0.0,0.0
CUST-0087,2026-05-19,1,0,0.065,0.035
CUST-0087,2026-05-26,1,0,0.0,0.0
CUST-0087,2026-06-02,1,0,0.0,0.032
CUST-0087,2026-06-09,1,0,0.022,0.0
CUST-0087,2026-06-16,1,0,0.044,0.019
CUST-0087,2026-06-23,1,0,0.044,0.0
CUST-0088,2024-11-12,217,448,0.829,0.776
CUST-0088,2024-11-19,224,749,0.808,0.806
CUST-0088,2024-11-26,190,334,0.735,0.851
CUST-0088,2024-12-03,237,495,0.717,0.739
CUST-0088,2024-12-10,224,985,0.734,0.873
CUST-0088,2024-12-17,197,533,0.775,0.796
CUST-0088,2024-12-24,197,391,0.8,0.889
CUST-0088,2024-12-31,195,481,0.707,0.792
CUST-0088,2025-01-07,207,678,0.748,0.792
CUST-0088,2025-01-14,204,834,0.824,0.757
CUST-0088,2025-01-21,197,581,0.732,0.872
CUST-0088,2025-01-28,239,372,0.748,0.774
CUST-0088,2025-02-04,179,839,0.707,0.847
CUST-0088,2025-02-11,185,885,0.731,0.869
CUST-0088,2025-02-18,223,920,0.719,0.877
CUST-0088,2025-02-25,226,444,0.822,0.839
CUST-0088,2025-03-04,195,639,0.794,0.945
CUST-0088,2025-03-11,205,321,0.735,0.793
CUST-0088,2025-03-18,225,521,0.793,0.805
CUST-0088,2025-03-25,210,593,0.738,0.749
CUST-0088,2025-04-01,201,545,0.825,0.806
CUST-0088,2025-04-08,209,686,0.822,0.774
CUST-0088,2025-04-15,177,544,0.715,0.731
CUST-0088,2025-04-22,201,556,0.695,0.742
CUST-0088,2025-04-29,218,792,0.826,0.873
CUST-0088,2025-05-06,219,1006,0.705,0.747
CUST-0088,2025-05-13,175,614,0.719,0.779
CUST-0088,2025-05-20,190,397,0.735,0.793
CUST-0088,2025-05-27,225,736,0.73,0.858
CUST-0088,2025-06-03,212,994,0.842,0.759
CUST-0088,2025-06-10,195,852,0.653,0.711
CUST-0088,2025-06-17,220,659,0.647,0.795
CUST-0088,2025-06-24,190,492,0.668,0.78
CUST-0088,2025-07-01,182,739,0.856,0.698
CUST-0088,2025-07-08,224,340,0.715,0.775
CUST-0088,2025-07-15,146,317,0.717,0.697
CUST-0088,2025-07-22,185,621,0.75,0.792
CUST-0088,2025-07-29,203,356,0.755,0.751
CUST-0088,2025-08-05,212,286,0.717,0.81
CUST-0088,2025-08-12,211,546,0.673,0.847
CUST-0088,2025-08-19,183,389,0.672,0.739
CUST-0088,2025-08-26,203,533,0.812,0.808
CUST-0088,2025-09-02,255,471,0.645,0.835
CUST-0088,2025-09-09,215,599,0.754,0.834
CUST-0088,2025-09-16,201,386,0.788,0.797
CUST-0088,2025-09-23,195,854,0.685,0.829
CUST-0088,2025-09-30,196,561,0.708,0.847
CUST-0088,2025-10-07,159,256,0.763,0.782
CUST-0088,2025-10-14,191,279,0.721,0.841
CUST-0088,2025-10-21,232,867,0.803,0.832
CUST-0088,2025-10-28,180,409,0.741,0.81
CUST-0088,2025-11-04,191,695,0.79,0.719
CUST-0088,2025-11-11,165,219,0.649,0.689
CUST-0088,2025-11-18,188,361,0.676,0.792
CUST-0088,2025-11-25,226,593,0.65,0.854
CUST-0088,2025-12-02,210,476,0.667,0.765
CUST-0088,2025-12-09,163,204,0.715,0.803
CUST-0088,2025-12-16,162,195,0.669,0.686
CUST-0088,2025-12-23,195,273,0.817,0.788
CUST-0088,2025-12-30,203,619,0.641,0.842
CUST-0088,2026-01-06,183,457,0.766,0.753
CUST-0088,2026-01-13,174,668,0.665,0.867
CUST-0088,2026-01-20,227,756,0.793,0.725
CUST-0088,2026-01-27,190,282,0.696,0.769
CUST-0088,2026-02-03,162,312,0.744,0.795
CUST-0088,2026-02-10,174,680,0.686,0.826
CUST-0088,2026-02-17,197,592,0.65,0.796
CUST-0088,2026-02-24,219,787,0.653,0.717
CUST-0088,2026-03-03,146,596,0.707,0.861
CUST-0088,2026-03-10,230,278,0.637,0.891
CUST-0088,2026-03-17,179,575,0.772,0.618
CUST-0088,2026-03-24,202,283,0.768,0.898
CUST-0088,2026-03-31,219,373,0.725,0.872
CUST-0088,2026-04-07,227,466,0.75,0.814
CUST-0088,2026-04-14,152,604,0.641,0.726
CUST-0088,2026-04-21,215,513,0.711,0.672
CUST-0088,2026-04-28,187,671,0.653,0.734
CUST-0088,2026-05-05,187,800,0.705,0.759
CUST-0088,2026-05-12,189,482,0.728,0.772
CUST-0088,2026-05-19,207,277,0.693,0.789
CUST-0088,2026-05-26,237,568,0.568,0.766
CUST-0088,2026-06-02,187,287,0.715,0.803
CUST-0088,2026-06-09,208,280,0.609,0.723
CUST-0088,2026-06-16,187,662,0.707,0.781
CUST-0088,2026-06-23,151,485,0.713,0.635
CUST-0089,2024-07-02,15,30,0.438,0.468
CUST-0089,2024-07-09,10,20,0.457,0.518
CUST-0089,2024-07-16,14,35,0.448,0.515
CUST-0089,2024-07-23,11,18,0.474,0.454
CUST-0089,2024-07-30,10,9,0.404,0.455
CUST-0089,2024-08-06,14,22,0.518,0.42
CUST-0089,2024-08-13,14,19,0.504,0.569
CUST-0089,2024-08-20,13,11,0.478,0.473
CUST-0089,2024-08-27,13,12,0.351,0.489
CUST-0089,2024-09-03,9,24,0.465,0.478
CUST-0089,2024-09-10,13,32,0.389,0.561
CUST-0089,2024-09-17,9,20,0.497,0.58
CUST-0089,2024-09-24,13,31,0.385,0.453
CUST-0089,2024-10-01,11,21,0.46,0.487
CUST-0089,2024-10-08,10,7,0.501,0.468
CUST-0089,2024-10-15,9,12,0.394,0.562
CUST-0089,2024-10-22,12,32,0.401,0.531
CUST-0089,2024-10-29,15,29,0.428,0.486
CUST-0089,2024-11-05,9,17,0.498,0.483
CUST-0089,2024-11-12,13,25,0.466,0.433
CUST-0089,2024-11-19,11,14,0.469,0.456
CUST-0089,2024-11-26,16,44,0.352,0.386
CUST-0089,2024-12-03,12,27,0.442,0.4
CUST-0089,2024-12-10,12,26,0.368,0.494
CUST-0089,2024-12-17,13,11,0.357,0.359
CUST-0089,2024-12-24,10,16,0.539,0.417
CUST-0089,2024-12-31,17,34,0.406,0.369
CUST-0089,2025-01-07,14,26,0.372,0.577
CUST-0089,2025-01-14,14,26,0.425,0.604
CUST-0089,2025-01-21,13,11,0.365,0.433
CUST-0089,2025-01-28,12,8,0.427,0.42
CUST-0089,2025-02-04,15,13,0.433,0.384
CUST-0089,2025-02-11,7,18,0.359,0.463
CUST-0089,2025-02-18,10,7,0.379,0.4
CUST-0089,2025-02-25,14,31,0.433,0.391
CUST-0089,2025-03-04,13,31,0.393,0.352
CUST-0089,2025-03-11,12,29,0.347,0.465
CUST-0089,2025-03-18,13,32,0.38,0.451
CUST-0089,2025-03-25,11,7,0.435,0.401
CUST-0089,2025-04-01,15,33,0.353,0.316
CUST-0089,2025-04-08,13,17,0.439,0.405
CUST-0089,2025-04-15,10,9,0.418,0.439
CUST-0089,2025-04-22,13,27,0.312,0.331
CUST-0089,2025-04-29,12,13,0.397,0.389
CUST-0089,2025-05-06,8,8,0.381,0.429
CUST-0089,2025-05-13,10,8,0.365,0.344
CUST-0089,2025-05-20,7,16,0.357,0.41
CUST-0089,2025-05-27,9,20,0.283,0.338
CUST-0089,2025-06-03,13,23,0.403,0.416
CUST-0089,2025-06-10,13,27,0.466,0.289
CUST-0089,2025-06-17,9,20,0.355,0.305
CUST-0089,2025-06-24,8,14,0.421,0.403
CUST-0089,2025-07-01,11,24,0.332,0.454
CUST-0089,2025-07-08,11,25,0.398,0.369
CUST-0089,2025-07-15,11,18,0.396,0.335
CUST-0089,2025-07-22,9,17,0.298,0.441
CUST-0089,2025-07-29,11,19,0.377,0.422
CUST-0089,2025-08-05,14,12,0.29,0.397
CUST-0089,2025-08-12,7,14,0.448,0.234
CUST-0089,2025-08-19,7,8,0.388,0.382
CUST-0089,2025-08-26,11,23,0.381,0.231
CUST-0089,2025-09-02,12,13,0.283,0.268
CUST-0089,2025-09-09,12,17,0.347,0.313
CUST-0089,2025-09-16,9,9,0.323,0.479
CUST-0089,2025-09-23,11,23,0.418,0.416
CUST-0089,2025-09-30,10,18,0.424,0.409
CUST-0089,2025-10-07,12,14,0.334,0.328
CUST-0089,2025-10-14,9,12,0.289,0.373
CUST-0089,2025-10-21,10,12,0.346,0.368
CUST-0089,2025-10-28,8,11,0.411,0.433
CUST-0089,2025-11-04,9,17,0.309,0.218
CUST-0089,2025-11-11,11,8,0.264,0.459
CUST-0089,2025-11-18,14,12,0.307,0.331
CUST-0089,2025-11-25,8,12,0.391,0.416
CUST-0089,2025-12-02,9,6,0.387,0.447
CUST-0089,2025-12-09,8,8,0.301,0.304
CUST-0089,2025-12-16,10,5,0.319,0.38
CUST-0089,2025-12-23,9,10,0.333,0.313
CUST-0089,2025-12-30,12,17,0.369,0.348
CUST-0089,2026-01-06,9,11,0.369,0.437
CUST-0089,2026-01-13,13,24,0.358,0.348
CUST-0089,2026-01-20,10,18,0.344,0.396
CUST-0089,2026-01-27,12,23,0.413,0.365
CUST-0089,2026-02-03,11,16,0.347,0.279
CUST-0089,2026-02-10,11,16,0.32,0.359
CUST-0089,2026-02-17,11,15,0.322,0.355
CUST-0089,2026-02-24,8,12,0.374,0.28
CUST-0089,2026-03-03,6,7,0.256,0.235
CUST-0089,2026-03-10,8,12,0.375,0.455
CUST-0089,2026-03-17,7,4,0.403,0.335
CUST-0089,2026-03-24,8,9,0.295,0.303
CUST-0089,2026-03-31,7,8,0.358,0.306
CUST-0089,2026-04-07,10,6,0.402,0.302
CUST-0089,2026-04-14,10,13,0.32,0.317
CUST-0089,2026-04-21,9,10,0.315,0.326
CUST-0089,2026-04-28,3,4,0.244,0.318
CUST-0089,2026-05-05,5,6,0.227,0.412
CUST-0089,2026-05-12,11,18,0.275,0.304
CUST-0089,2026-05-19,9,15,0.349,0.317
CUST-0089,2026-05-26,8,3,0.339,0.376
CUST-0089,2026-06-02,10,16,0.242,0.285
CUST-0089,2026-06-09,8,13,0.261,0.306
CUST-0089,2026-06-16,7,11,0.356,0.351
CUST-0089,2026-06-23,12,12,0.309,0.303
CUST-0090,2024-01-12,1,0,0.033,0.08
CUST-0090,2024-01-19,1,0,0.0,0.022
CUST-0090,2024-01-26,2,0,0.122,0.063
CUST-0090,2024-02-02,1,0,0.0,0.0
CUST-0090,2024-02-09,1,0,0.004,0.009
CUST-0090,2024-02-16,1,0,0.057,0.062
CUST-0090,2024-02-23,1,0,0.022,0.037
CUST-0090,2024-03-01,1,0,0.0,0.0
CUST-0090,2024-03-08,2,0,0.0,0.026
CUST-0090,2024-03-15,1,0,0.014,0.0
CUST-0090,2024-03-22,1,0,0.025,0.0
CUST-0090,2024-03-29,1,0,0.0,0.0
CUST-0090,2024-04-05,2,0,0.074,0.0
CUST-0090,2024-04-12,1,0,0.021,0.0
CUST-0090,2024-04-19,2,0,0.0,0.0
CUST-0090,2024-04-26,1,0,0.027,0.0
CUST-0090,2024-05-03,1,0,0.019,0.0
CUST-0090,2024-05-10,1,0,0.067,0.078
CUST-0090,2024-05-17,1,0,0.0,0.051
CUST-0090,2024-05-24,1,0,0.0,0.0
CUST-0090,2024-05-31,1,0,0.0,0.0
CUST-0090,2024-06-07,1,0,0.0,0.0
CUST-0090,2024-06-14,1,0,0.02,0.05
CUST-0090,2024-06-21,1,0,0.0,0.0
CUST-0090,2024-06-28,1,0,0.024,0.0
CUST-0090,2024-07-05,1,0,0.0,0.029
CUST-0090,2024-07-12,1,0,0.009,0.0
CUST-0090,2024-07-19,1,0,0.0,0.014
CUST-0090,2024-07-26,1,0,0.081,0.0
CUST-0090,2024-08-02,1,0,0.002,0.024
CUST-0090,2024-08-09,1,0,0.0,0.004
CUST-0090,2024-08-16,1,0,0.079,0.0
CUST-0090,2024-08-23,1,0,0.056,0.0
CUST-0090,2024-08-30,1,0,0.021,0.0
CUST-0090,2024-09-06,1,0,0.091,0.0
CUST-0090,2024-09-13,1,0,0.0,0.087
CUST-0090,2024-09-20,1,0,0.0,0.0
CUST-0090,2024-09-27,1,0,0.066,0.015
CUST-0090,2024-10-04,1,0,0.014,0.0
CUST-0090,2024-10-11,1,0,0.019,0.037
CUST-0090,2024-10-18,1,0,0.033,0.026
CUST-0090,2024-10-25,1,0,0.04,0.131
CUST-0090,2024-11-01,1,0,0.0,0.0
CUST-0090,2024-11-08,1,0,0.056,0.102
CUST-0090,2024-11-15,1,0,0.0,0.0
CUST-0090,2024-11-22,2,0,0.039,0.015
CUST-0090,2024-11-29,1,0,0.0,0.033
CUST-0090,2024-12-06,1,0,0.0,0.0
CUST-0090,2024-12-13,1,0,0.0,0.0
CUST-0090,2024-12-20,1,0,0.014,0.0
CUST-0090,2024-12-27,1,0,0.0,0.117
CUST-0090,2025-01-03,2,0,0.018,0.0
CUST-0090,2025-01-10,1,0,0.0,0.03
CUST-0090,2025-01-17,1,0,0.029,0.0
CUST-0090,2025-01-24,1,0,0.041,0.0
CUST-0090,2025-01-31,1,0,0.024,0.0
CUST-0090,2025-02-07,1,0,0.0,0.0
CUST-0090,2025-02-14,1,0,0.081,0.0
CUST-0090,2025-02-21,1,0,0.0,0.06
CUST-0090,2025-02-28,1,0,0.047,0.117
CUST-0090,2025-03-07,1,0,0.008,0.009
CUST-0090,2025-03-14,1,0,0.0,0.049
CUST-0090,2025-03-21,1,0,0.0,0.036
CUST-0090,2025-03-28,3,0,0.0,0.073
CUST-0090,2025-04-04,1,0,0.0,0.019
CUST-0090,2025-04-11,1,0,0.0,0.0
CUST-0090,2025-04-18,1,0,0.079,0.021
CUST-0090,2025-04-25,1,0,0.0,0.044
CUST-0090,2025-05-02,1,0,0.094,0.0
CUST-0090,2025-05-09,1,0,0.011,0.0
CUST-0090,2025-05-16,1,0,0.031,0.102
CUST-0090,2025-05-23,1,0,0.0,0.055
CUST-0090,2025-05-30,2,0,0.012,0.0
CUST-0090,2025-06-06,1,0,0.0,0.065
CUST-0090,2025-06-13,1,0,0.02,0.0
CUST-0090,2025-06-20,1,0,0.0,0.121
CUST-0090,2025-06-27,2,0,0.0,0.105
CUST-0090,2025-07-04,3,0,0.001,0.0
CUST-0090,2025-07-11,1,0,0.0,0.033
CUST-0090,2025-07-18,1,0,0.0,0.0
CUST-0090,2025-07-25,1,0,0.0,0.075
CUST-0090,2025-08-01,1,0,0.07,0.0
CUST-0090,2025-08-08,1,0,0.007,0.0
CUST-0090,2025-08-15,1,0,0.0,0.0
CUST-0090,2025-08-22,1,0,0.015,0.0
CUST-0090,2025-08-29,1,0,0.007,0.014
CUST-0090,2025-09-05,1,0,0.105,0.0
CUST-0090,2025-09-12,1,0,0.058,0.029
CUST-0090,2025-09-19,2,0,0.101,0.0
CUST-0090,2025-09-26,1,0,0.0,0.0
CUST-0090,2025-10-03,1,0,0.016,0.0
CUST-0090,2025-10-10,1,0,0.0,0.0
CUST-0090,2025-10-17,3,0,0.0,0.064
CUST-0090,2025-10-24,2,0,0.005,0.0
CUST-0090,2025-10-31,1,0,0.0,0.051
CUST-0090,2025-11-07,1,0,0.0,0.05
CUST-0090,2025-11-14,1,0,0.0,0.027
CUST-0090,2025-11-21,1,0,0.0,0.0
CUST-0090,2025-11-28,1,0,0.066,0.0
CUST-0090,2025-12-05,1,0,0.004,0.0
CUST-0090,2025-12-12,2,0,0.0,0.032
CUST-0090,2025-12-19,1,0,0.0,0.0
CUST-0090,2025-12-26,1,0,0.0,0.006
CUST-0090,2026-01-02,1,0,0.089,0.07
CUST-0091,2024-07-02,16,67,0.711,0.681
CUST-0091,2024-07-09,16,19,0.681,0.8
CUST-0091,2024-07-16,19,26,0.761,0.774
CUST-0091,2024-07-23,18,50,0.75,0.816
CUST-0091,2024-07-30,19,76,0.683,0.838
CUST-0091,2024-08-06,22,32,0.725,0.689
CUST-0091,2024-08-13,18,38,0.732,0.72
CUST-0091,2024-08-20,20,26,0.728,0.723
CUST-0091,2024-08-27,17,33,0.708,0.724
CUST-0091,2024-09-03,20,68,0.744,0.888
CUST-0091,2024-09-10,15,62,0.761,0.678
CUST-0091,2024-09-17,21,84,0.776,0.846
CUST-0091,2024-09-24,20,26,0.772,0.843
CUST-0091,2024-10-01,22,78,0.823,0.932
CUST-0091,2024-10-08,21,93,0.76,0.773
CUST-0091,2024-10-15,18,84,0.783,0.818
CUST-0091,2024-10-22,19,64,0.85,0.714
CUST-0091,2024-10-29,17,37,0.671,0.809
CUST-0091,2024-11-05,20,91,0.73,0.818
CUST-0091,2024-11-12,19,91,0.777,0.874
CUST-0091,2024-11-19,15,18,0.728,0.783
CUST-0091,2024-11-26,20,73,0.743,0.769
CUST-0091,2024-12-03,19,50,0.738,0.728
CUST-0091,2024-12-10,19,27,0.665,0.728
CUST-0091,2024-12-17,18,82,0.752,0.792
CUST-0091,2024-12-24,21,49,0.877,0.751
CUST-0091,2024-12-31,21,84,0.812,0.81
CUST-0091,2025-01-07,20,40,0.707,0.798
CUST-0091,2025-01-14,22,54,0.652,0.882
CUST-0091,2025-01-21,18,78,0.748,0.922
CUST-0091,2025-01-28,20,75,0.78,0.814
CUST-0091,2025-02-04,16,46,0.776,0.861
CUST-0091,2025-02-11,17,53,0.795,0.83
CUST-0091,2025-02-18,21,77,0.789,0.955
CUST-0091,2025-02-25,20,31,0.692,0.798
CUST-0091,2025-03-04,18,39,0.828,0.754
CUST-0091,2025-03-11,17,74,0.764,0.87
CUST-0091,2025-03-18,21,85,0.756,0.888
CUST-0091,2025-03-25,20,79,0.784,0.818
CUST-0091,2025-04-01,22,76,0.761,0.837
CUST-0091,2025-04-08,20,69,0.833,0.919
CUST-0091,2025-04-15,19,75,0.758,0.863
CUST-0091,2025-04-22,24,68,0.812,0.981
CUST-0091,2025-04-29,19,50,0.827,0.876
CUST-0091,2025-05-06,21,67,0.705,0.821
CUST-0091,2025-05-13,20,83,0.804,0.972
CUST-0091,2025-05-20,18,54,0.811,0.881
CUST-0091,2025-05-27,18,88,0.827,0.88
CUST-0091,2025-06-03,21,84,0.857,0.851
CUST-0091,2025-06-10,22,41,0.836,0.907
CUST-0091,2025-06-17,21,65,0.86,0.845
CUST-0091,2025-06-24,21,85,0.853,0.802
CUST-0091,2025-07-01,19,86,0.723,0.957
CUST-0091,2025-07-08,19,59,0.726,0.84
CUST-0091,2025-07-15,22,40,0.881,0.862
CUST-0091,2025-07-22,19,56,0.783,0.832
CUST-0091,2025-07-29,19,50,0.784,0.891
CUST-0091,2025-08-05,21,64,0.836,0.946
CUST-0091,2025-08-12,21,37,0.83,0.798
CUST-0091,2025-08-19,23,44,0.857,0.823
CUST-0091,2025-08-26,18,90,0.856,0.922
CUST-0091,2025-09-02,16,65,0.861,0.966
CUST-0091,2025-09-09,23,35,0.835,0.892
CUST-0091,2025-09-16,24,64,0.747,0.838
CUST-0091,2025-09-23,18,87,0.857,0.89
CUST-0091,2025-09-30,22,45,0.783,1.0
CUST-0091,2025-10-07,24,51,0.928,1.0
CUST-0091,2025-10-14,17,55,0.852,0.868
CUST-0091,2025-10-21,20,92,0.807,0.994
CUST-0091,2025-10-28,19,48,0.76,0.906
CUST-0091,2025-11-04,23,97,0.763,0.923
CUST-0091,2025-11-11,22,37,0.821,0.91
CUST-0091,2025-11-18,18,31,0.788,0.977
CUST-0091,2025-11-25,19,43,0.819,0.865
CUST-0091,2025-12-02,24,99,0.862,0.858
CUST-0091,2025-12-09,22,90,0.834,0.946
CUST-0091,2025-12-16,24,82,0.849,0.983
CUST-0091,2025-12-23,24,128,0.791,0.892
CUST-0091,2025-12-30,21,35,0.847,0.967
CUST-0091,2026-01-06,24,49,0.913,0.872
CUST-0091,2026-01-13,24,100,0.875,0.939
CUST-0091,2026-01-20,18,94,0.834,0.934
CUST-0091,2026-01-27,24,98,0.867,0.852
CUST-0091,2026-02-03,20,80,0.893,0.953
CUST-0091,2026-02-10,22,78,0.832,0.777
CUST-0091,2026-02-17,23,122,0.858,0.921
CUST-0091,2026-02-24,22,69,0.856,0.897
CUST-0091,2026-03-03,24,121,0.852,0.821
CUST-0091,2026-03-10,20,86,0.775,0.959
CUST-0091,2026-03-17,23,105,0.866,0.914
CUST-0091,2026-03-24,24,64,0.878,0.866
CUST-0091,2026-03-31,21,86,0.879,1.0
CUST-0091,2026-04-07,23,111,0.929,0.964
CUST-0091,2026-04-14,23,108,0.815,0.995
CUST-0091,2026-04-21,21,102,0.881,0.924
CUST-0091,2026-04-28,24,50,0.84,0.874
CUST-0091,2026-05-05,24,59,0.899,0.89
CUST-0091,2026-05-12,21,100,0.88,1.0
CUST-0091,2026-05-19,24,116,0.837,0.902
CUST-0091,2026-05-26,24,53,0.809,0.973
CUST-0091,2026-06-02,20,78,0.987,0.92
CUST-0091,2026-06-09,22,84,0.935,0.871
CUST-0091,2026-06-16,21,89,0.933,0.877
CUST-0091,2026-06-23,22,115,0.881,0.919
CUST-0092,2025-03-12,6,16,0.45,0.507
CUST-0092,2025-03-19,6,14,0.507,0.481
CUST-0092,2025-03-26,4,5,0.487,0.573
CUST-0092,2025-04-02,5,6,0.559,0.597
CUST-0092,2025-04-09,6,15,0.425,0.524
CUST-0092,2025-04-16,6,18,0.524,0.573
CUST-0092,2025-04-23,6,8,0.365,0.506
CUST-0092,2025-04-30,4,6,0.591,0.54
CUST-0092,2025-05-07,6,11,0.572,0.477
CUST-0092,2025-05-14,6,18,0.44,0.501
CUST-0092,2025-05-21,4,10,0.504,0.672
CUST-0092,2025-05-28,5,5,0.561,0.576
CUST-0092,2025-06-04,5,9,0.407,0.551
CUST-0092,2025-06-11,4,6,0.443,0.513
CUST-0092,2025-06-18,5,9,0.499,0.697
CUST-0092,2025-06-25,6,8,0.52,0.582
CUST-0092,2025-07-02,6,6,0.562,0.569
CUST-0092,2025-07-09,4,5,0.504,0.584
CUST-0092,2025-07-16,6,6,0.428,0.546
CUST-0092,2025-07-23,5,11,0.469,0.608
CUST-0092,2025-07-30,6,14,0.465,0.533
CUST-0092,2025-08-06,6,18,0.534,0.518
CUST-0092,2025-08-13,4,12,0.588,0.546
CUST-0092,2025-08-20,4,8,0.572,0.451
CUST-0092,2025-08-27,3,4,0.488,0.697
CUST-0092,2025-09-03,5,13,0.469,0.686
CUST-0092,2025-09-10,5,9,0.511,0.589
CUST-0092,2025-09-17,5,11,0.61,0.611
CUST-0092,2025-09-24,5,6,0.524,0.683
CUST-0092,2025-10-01,5,9,0.492,0.589
CUST-0092,2025-10-08,6,18,0.499,0.66
CUST-0092,2025-10-15,6,5,0.486,0.547
CUST-0092,2025-10-22,5,12,0.498,0.631
CUST-0092,2025-10-29,6,9,0.566,0.54
CUST-0092,2025-11-05,6,20,0.675,0.527
CUST-0092,2025-11-12,6,17,0.606,0.58
CUST-0092,2025-11-19,6,5,0.502,0.595
CUST-0092,2025-11-26,4,14,0.552,0.662
CUST-0092,2025-12-03,5,17,0.593,0.66
CUST-0092,2025-12-10,5,18,0.565,0.617
CUST-0092,2025-12-17,6,15,0.65,0.611
CUST-0092,2025-12-24,6,6,0.521,0.617
CUST-0092,2025-12-31,5,7,0.585,0.554
CUST-0092,2026-01-07,7,24,0.471,0.619
CUST-0092,2026-01-14,6,10,0.57,0.603
CUST-0092,2026-01-21,6,21,0.534,0.565
CUST-0092,2026-01-28,4,11,0.517,0.683
CUST-0093,2025-02-11,12,8,0.359,0.407
CUST-0093,2025-02-18,13,24,0.314,0.486
CUST-0093,2025-02-25,8,4,0.362,0.267
CUST-0093,2025-03-04,13,25,0.284,0.285
CUST-0093,2025-03-11,10,17,0.356,0.302
CUST-0093,2025-03-18,9,7,0.324,0.241
CUST-0093,2025-03-25,8,13,0.31,0.363
CUST-0093,2025-04-01,14,12,0.187,0.334
CUST-0093,2025-04-08,12,11,0.285,0.336
CUST-0093,2025-04-15,7,12,0.346,0.428
CUST-0093,2025-04-22,8,13,0.267,0.417
CUST-0093,2025-04-29,10,14,0.259,0.307
CUST-0093,2025-05-06,10,9,0.24,0.348
CUST-0093,2025-05-13,9,13,0.271,0.365
CUST-0093,2025-05-20,13,18,0.256,0.323
CUST-0093,2025-05-27,8,7,0.319,0.4
CUST-0093,2025-06-03,9,7,0.32,0.307
CUST-0093,2025-06-10,9,13,0.206,0.325
CUST-0093,2025-06-17,9,13,0.341,0.37
CUST-0093,2025-06-24,8,10,0.251,0.295
CUST-0093,2025-07-01,8,8,0.242,0.287
CUST-0093,2025-07-08,9,12,0.278,0.348
CUST-0093,2025-07-15,10,15,0.324,0.296
CUST-0093,2025-07-22,9,12,0.223,0.3
CUST-0093,2025-07-29,7,11,0.297,0.324
CUST-0093,2025-08-05,9,13,0.243,0.32
CUST-0093,2025-08-12,7,9,0.272,0.425
CUST-0093,2025-08-19,6,7,0.232,0.328
CUST-0093,2025-08-26,10,5,0.237,0.281
CUST-0093,2025-09-02,7,3,0.258,0.334
CUST-0093,2025-09-09,2,2,0.225,0.219
CUST-0093,2025-09-16,4,4,0.162,0.266
CUST-0093,2025-09-23,7,8,0.228,0.232
CUST-0093,2025-09-30,9,9,0.266,0.245
CUST-0093,2025-10-07,7,5,0.183,0.253
CUST-0093,2025-10-14,7,5,0.307,0.265
CUST-0093,2025-10-21,8,4,0.306,0.178
CUST-0093,2025-10-28,10,4,0.192,0.275
CUST-0093,2025-11-04,8,7,0.137,0.254
CUST-0093,2025-11-11,4,3,0.303,0.223
CUST-0093,2025-11-18,6,3,0.285,0.351
CUST-0093,2025-11-25,10,6,0.24,0.309
CUST-0093,2025-12-02,8,12,0.276,0.329
CUST-0093,2025-12-09,7,3,0.213,0.231
CUST-0093,2025-12-16,9,3,0.156,0.118
CUST-0093,2025-12-23,10,9,0.348,0.402
CUST-0093,2025-12-30,7,7,0.317,0.197
CUST-0093,2026-01-06,4,1,0.24,0.267
CUST-0093,2026-01-13,2,1,0.355,0.233
CUST-0093,2026-01-20,12,16,0.258,0.231
CUST-0093,2026-01-27,5,4,0.209,0.281
CUST-0093,2026-02-03,9,9,0.241,0.188
CUST-0093,2026-02-10,9,4,0.269,0.272
CUST-0093,2026-02-17,5,6,0.229,0.283
CUST-0093,2026-02-24,5,4,0.193,0.328
CUST-0093,2026-03-03,3,2,0.22,0.316
CUST-0093,2026-03-10,4,2,0.209,0.136
CUST-0093,2026-03-17,11,15,0.213,0.219
CUST-0093,2026-03-24,8,6,0.253,0.276
CUST-0093,2026-03-31,3,2,0.163,0.306
CUST-0093,2026-04-07,9,9,0.213,0.204
CUST-0093,2026-04-14,5,4,0.237,0.252
CUST-0093,2026-04-21,11,10,0.214,0.243
CUST-0093,2026-04-28,4,4,0.196,0.215
CUST-0093,2026-05-05,7,6,0.161,0.219
CUST-0093,2026-05-12,5,6,0.204,0.283
CUST-0093,2026-05-19,4,4,0.164,0.249
CUST-0093,2026-05-26,7,5,0.27,0.197
CUST-0093,2026-06-02,5,2,0.165,0.276
CUST-0093,2026-06-09,8,3,0.282,0.17
CUST-0093,2026-06-16,7,7,0.184,0.161
CUST-0093,2026-06-23,3,2,0.244,0.27
CUST-0094,2024-07-02,204,291,0.6,0.587
CUST-0094,2024-07-09,198,461,0.55,0.584
CUST-0094,2024-07-16,210,537,0.523,0.551
CUST-0094,2024-07-23,209,388,0.526,0.513
CUST-0094,2024-07-30,270,363,0.546,0.48
CUST-0094,2024-08-06,194,450,0.523,0.578
CUST-0094,2024-08-13,216,260,0.481,0.557
CUST-0094,2024-08-20,178,248,0.566,0.6
CUST-0094,2024-08-27,199,296,0.539,0.538
CUST-0094,2024-09-03,228,465,0.525,0.693
CUST-0094,2024-09-10,222,726,0.489,0.619
CUST-0094,2024-09-17,189,572,0.543,0.633
CUST-0094,2024-09-24,235,608,0.453,0.514
CUST-0094,2024-10-01,172,482,0.557,0.639
CUST-0094,2024-10-08,178,373,0.554,0.599
CUST-0094,2024-10-15,205,529,0.649,0.628
CUST-0094,2024-10-22,237,791,0.553,0.554
CUST-0094,2024-10-29,208,509,0.579,0.672
CUST-0094,2024-11-05,197,200,0.589,0.591
CUST-0094,2024-11-12,223,614,0.557,0.589
CUST-0094,2024-11-19,246,868,0.494,0.535
CUST-0094,2024-11-26,229,451,0.608,0.624
CUST-0094,2024-12-03,255,540,0.478,0.667
CUST-0094,2024-12-10,215,520,0.548,0.666
CUST-0094,2024-12-17,267,651,0.534,0.604
CUST-0094,2024-12-24,257,275,0.527,0.635
CUST-0094,2024-12-31,272,810,0.517,0.66
CUST-0094,2025-01-07,226,555,0.526,0.556
CUST-0094,2025-01-14,266,313,0.643,0.641
CUST-0094,2025-01-21,178,357,0.546,0.573
CUST-0094,2025-01-28,193,231,0.604,0.572
CUST-0094,2025-02-04,243,459,0.528,0.696
CUST-0094,2025-02-11,214,496,0.593,0.537
CUST-0094,2025-02-18,230,649,0.45,0.634
CUST-0094,2025-02-25,223,475,0.582,0.611
CUST-0094,2025-03-04,257,429,0.595,0.531
CUST-0094,2025-03-11,201,389,0.621,0.516
CUST-0094,2025-03-18,239,853,0.665,0.554
CUST-0094,2025-03-25,220,271,0.584,0.574
CUST-0094,2025-04-01,230,639,0.631,0.612
CUST-0094,2025-04-08,237,396,0.577,0.521
CUST-0094,2025-04-15,220,374,0.56,0.483
CUST-0094,2025-04-22,248,265,0.546,0.557
CUST-0094,2025-04-29,184,402,0.534,0.683
CUST-0094,2025-05-06,233,474,0.625,0.719
CUST-0094,2025-05-13,169,188,0.519,0.617
CUST-0094,2025-05-20,255,478,0.403,0.554
CUST-0094,2025-05-27,258,752,0.585,0.562
CUST-0094,2025-06-03,220,301,0.557,0.643
CUST-0094,2025-06-10,215,496,0.58,0.598
CUST-0094,2025-06-17,206,329,0.595,0.625
CUST-0094,2025-06-24,247,306,0.504,0.642
CUST-0094,2025-07-01,241,477,0.565,0.592
CUST-0094,2025-07-08,140,356,0.551,0.606
CUST-0094,2025-07-15,210,439,0.599,0.589
CUST-0094,2025-07-22,254,300,0.516,0.611
CUST-0094,2025-07-29,246,339,0.521,0.667
CUST-0094,2025-08-05,221,310,0.577,0.659
CUST-0094,2025-08-12,243,299,0.618,0.559
CUST-0094,2025-08-19,244,630,0.495,0.576
CUST-0094,2025-08-26,222,376,0.52,0.678
CUST-0094,2025-09-02,196,558,0.527,0.611
CUST-0094,2025-09-09,201,505,0.616,0.607
CUST-0094,2025-09-16,222,277,0.593,0.604
CUST-0094,2025-09-23,263,320,0.605,0.618
CUST-0094,2025-09-30,284,767,0.578,0.607
CUST-0094,2025-10-07,194,703,0.549,0.655
CUST-0094,2025-10-14,191,462,0.56,0.542
CUST-0094,2025-10-21,209,300,0.555,0.662
CUST-0094,2025-10-28,208,576,0.541,0.624
CUST-0094,2025-11-04,202,697,0.683,0.559
CUST-0094,2025-11-11,215,740,0.604,0.598
CUST-0094,2025-11-18,273,797,0.532,0.593
CUST-0094,2025-11-25,241,569,0.563,0.604
CUST-0094,2025-12-02,212,407,0.594,0.639
CUST-0094,2025-12-09,262,453,0.514,0.653
CUST-0094,2025-12-16,207,752,0.456,0.755
CUST-0094,2025-12-23,219,356,0.541,0.614
CUST-0094,2025-12-30,252,819,0.593,0.522
CUST-0094,2026-01-06,278,501,0.434,0.466
CUST-0094,2026-01-13,197,667,0.691,0.784
CUST-0094,2026-01-20,219,477,0.623,0.661
CUST-0094,2026-01-27,244,319,0.539,0.627
CUST-0094,2026-02-03,295,820,0.556,0.656
CUST-0094,2026-02-10,193,561,0.573,0.616
CUST-0094,2026-02-17,248,906,0.526,0.699
CUST-0094,2026-02-24,168,392,0.541,0.596
CUST-0094,2026-03-03,202,638,0.559,0.639
CUST-0094,2026-03-10,220,354,0.583,0.641
CUST-0094,2026-03-17,243,240,0.588,0.627
CUST-0094,2026-03-24,181,474,0.533,0.511
CUST-0094,2026-03-31,261,835,0.476,0.727
CUST-0094,2026-04-07,246,530,0.602,0.71
CUST-0094,2026-04-14,227,553,0.594,0.621
CUST-0094,2026-04-21,194,447,0.545,0.538
CUST-0094,2026-04-28,273,437,0.508,0.683
CUST-0094,2026-05-05,215,335,0.504,0.6
CUST-0094,2026-05-12,262,673,0.502,0.569
CUST-0094,2026-05-19,206,759,0.639,0.749
CUST-0094,2026-05-26,189,454,0.517,0.556
CUST-0094,2026-06-02,241,854,0.437,0.651
CUST-0094,2026-06-09,237,530,0.651,0.617
CUST-0094,2026-06-16,221,594,0.568,0.759
CUST-0094,2026-06-23,251,723,0.608,0.601
CUST-0095,2024-07-02,23,47,0.364,0.376
CUST-0095,2024-07-09,25,17,0.463,0.439
CUST-0095,2024-07-16,28,57,0.325,0.462
CUST-0095,2024-07-23,25,56,0.421,0.398
CUST-0095,2024-07-30,30,55,0.405,0.378
CUST-0095,2024-08-06,28,40,0.343,0.35
CUST-0095,2024-08-13,32,29,0.304,0.501
CUST-0095,2024-08-20,30,54,0.437,0.514
CUST-0095,2024-08-27,29,34,0.486,0.447
CUST-0095,2024-09-03,25,34,0.452,0.431
CUST-0095,2024-09-10,27,61,0.392,0.403
CUST-0095,2024-09-17,25,33,0.331,0.479
CUST-0095,2024-09-24,28,54,0.442,0.351
CUST-0095,2024-10-01,22,15,0.486,0.349
CUST-0095,2024-10-08,27,22,0.358,0.301
CUST-0095,2024-10-15,28,58,0.491,0.441
CUST-0095,2024-10-22,24,54,0.39,0.406
CUST-0095,2024-10-29,19,45,0.35,0.417
CUST-0095,2024-11-05,27,23,0.409,0.423
CUST-0095,2024-11-12,15,33,0.34,0.463
CUST-0095,2024-11-19,20,19,0.533,0.413
CUST-0095,2024-11-26,26,21,0.358,0.499
CUST-0095,2024-12-03,23,51,0.323,0.519
CUST-0095,2024-12-10,20,20,0.309,0.484
CUST-0095,2024-12-17,22,31,0.413,0.34
CUST-0095,2024-12-24,32,26,0.294,0.361
CUST-0095,2024-12-31,20,23,0.412,0.296
CUST-0095,2025-01-07,29,28,0.347,0.358
CUST-0095,2025-01-14,26,59,0.422,0.296
CUST-0095,2025-01-21,35,51,0.509,0.405
CUST-0095,2025-01-28,25,50,0.378,0.27
CUST-0095,2025-02-04,32,56,0.312,0.382
CUST-0095,2025-02-11,23,50,0.39,0.362
CUST-0095,2025-02-18,22,33,0.403,0.472
CUST-0095,2025-02-25,23,14,0.335,0.443
CUST-0095,2025-03-04,23,22,0.353,0.399
CUST-0095,2025-03-11,20,15,0.293,0.395
CUST-0095,2025-03-18,16,23,0.395,0.368
CUST-0095,2025-03-25,16,13,0.296,0.405
CUST-0095,2025-04-01,13,25,0.364,0.44
CUST-0095,2025-04-08,23,13,0.343,0.312
CUST-0095,2025-04-15,18,15,0.374,0.383
CUST-0095,2025-04-22,23,27,0.324,0.362
CUST-0095,2025-04-29,30,16,0.336,0.375
CUST-0095,2025-05-06,21,17,0.369,0.371
CUST-0095,2025-05-13,25,25,0.373,0.359
CUST-0095,2025-05-20,22,45,0.377,0.335
CUST-0095,2025-05-27,17,18,0.381,0.403
CUST-0095,2025-06-03,4,4,0.324,0.273
CUST-0095,2025-06-10,20,26,0.268,0.305
CUST-0095,2025-06-17,10,13,0.324,0.318
CUST-0095,2025-06-24,11,13,0.283,0.278
CUST-0095,2025-07-01,23,43,0.237,0.298
CUST-0095,2025-07-08,12,8,0.281,0.362
CUST-0095,2025-07-15,25,32,0.319,0.342
CUST-0095,2025-07-22,14,7,0.272,0.255
CUST-0095,2025-07-29,19,16,0.265,0.242
CUST-0095,2025-08-05,16,29,0.324,0.358
CUST-0095,2025-08-12,17,26,0.304,0.381
CUST-0095,2025-08-19,17,30,0.316,0.227
CUST-0095,2025-08-26,21,27,0.417,0.39
CUST-0095,2025-09-02,16,21,0.314,0.272
CUST-0095,2025-09-09,24,38,0.367,0.272
CUST-0095,2025-09-16,20,36,0.281,0.226
CUST-0095,2025-09-23,15,15,0.259,0.292
CUST-0095,2025-09-30,17,12,0.317,0.341
CUST-0095,2025-10-07,20,11,0.281,0.353
CUST-0095,2025-10-14,20,17,0.261,0.258
CUST-0095,2025-10-21,20,12,0.225,0.282
CUST-0095,2025-10-28,12,8,0.29,0.359
CUST-0095,2025-11-04,15,7,0.232,0.216
CUST-0095,2025-11-11,12,17,0.238,0.335
CUST-0095,2025-11-18,13,21,0.247,0.211
CUST-0095,2025-11-25,22,26,0.218,0.324
CUST-0095,2025-12-02,19,31,0.212,0.256
CUST-0095,2025-12-09,20,12,0.214,0.333
CUST-0095,2025-12-16,8,13,0.239,0.148
CUST-0095,2025-12-23,17,23,0.173,0.307
CUST-0095,2025-12-30,15,11,0.248,0.277
CUST-0095,2026-01-06,3,4,0.18,0.281
CUST-0095,2026-01-13,11,5,0.255,0.274
CUST-0095,2026-01-20,14,21,0.27,0.182
CUST-0095,2026-01-27,21,32,0.329,0.261
CUST-0095,2026-02-03,13,11,0.234,0.337
CUST-0095,2026-02-10,14,12,0.265,0.272
CUST-0095,2026-02-17,20,23,0.194,0.262
CUST-0095,2026-02-24,13,6,0.186,0.231
CUST-0095,2026-03-03,9,3,0.1,0.308
CUST-0095,2026-03-10,18,22,0.231,0.248
CUST-0095,2026-03-17,15,13,0.158,0.216
CUST-0095,2026-03-24,21,22,0.288,0.343
CUST-0095,2026-03-31,10,13,0.158,0.253
CUST-0095,2026-04-07,9,3,0.146,0.194
CUST-0095,2026-04-14,13,11,0.302,0.26
CUST-0095,2026-04-21,16,16,0.261,0.386
CUST-0095,2026-04-28,11,8,0.173,0.283
CUST-0095,2026-05-05,11,4,0.175,0.212
CUST-0095,2026-05-12,19,7,0.189,0.246
CUST-0095,2026-05-19,12,7,0.121,0.186
CUST-0095,2026-05-26,12,8,0.22,0.239
CUST-0095,2026-06-02,17,7,0.161,0.276
CUST-0095,2026-06-09,17,5,0.215,0.139
CUST-0095,2026-06-16,22,16,0.183,0.174
CUST-0095,2026-06-23,9,8,0.286,0.25
CUST-0096,2025-02-11,30,90,0.507,0.639
CUST-0096,2025-02-18,20,64,0.502,0.604
CUST-0096,2025-02-25,20,21,0.531,0.63
CUST-0096,2025-03-04,26,87,0.568,0.58
CUST-0096,2025-03-11,22,42,0.575,0.628
CUST-0096,2025-03-18,19,19,0.552,0.552
CUST-0096,2025-03-25,23,31,0.649,0.643
CUST-0096,2025-04-01,25,75,0.545,0.65
CUST-0096,2025-04-08,26,40,0.416,0.702
CUST-0096,2025-04-15,18,31,0.46,0.603
CUST-0096,2025-04-22,23,46,0.53,0.568
CUST-0096,2025-04-29,23,58,0.544,0.652
CUST-0096,2025-05-06,24,73,0.551,0.525
CUST-0096,2025-05-13,24,50,0.576,0.645
CUST-0096,2025-05-20,16,37,0.572,0.558
CUST-0096,2025-05-27,22,23,0.608,0.647
CUST-0096,2025-06-03,26,64,0.634,0.524
CUST-0096,2025-06-10,28,35,0.524,0.638
CUST-0096,2025-06-17,25,38,0.532,0.629
CUST-0096,2025-06-24,24,83,0.574,0.597
CUST-0096,2025-07-01,26,60,0.525,0.696
CUST-0096,2025-07-08,24,79,0.564,0.625
CUST-0096,2025-07-15,19,48,0.55,0.562
CUST-0096,2025-07-22,21,34,0.516,0.675
CUST-0096,2025-07-29,20,25,0.574,0.626
CUST-0096,2025-08-05,19,30,0.636,0.653
CUST-0096,2025-08-12,20,40,0.573,0.626
CUST-0096,2025-08-19,22,23,0.53,0.628
CUST-0096,2025-08-26,24,57,0.522,0.662
CUST-0096,2025-09-02,22,79,0.566,0.585
CUST-0096,2025-09-09,20,38,0.546,0.68
CUST-0096,2025-09-16,24,89,0.623,0.637
CUST-0096,2025-09-23,27,46,0.527,0.744
CUST-0096,2025-09-30,24,81,0.562,0.625
CUST-0096,2025-10-07,27,90,0.571,0.64
CUST-0096,2025-10-14,23,24,0.711,0.619
CUST-0096,2025-10-21,22,72,0.574,0.543
CUST-0096,2025-10-28,24,72,0.478,0.492
CUST-0096,2025-11-04,24,32,0.522,0.739
CUST-0096,2025-11-11,28,82,0.562,0.68
CUST-0096,2025-11-18,25,51,0.569,0.587
CUST-0096,2025-11-25,29,88,0.587,0.658
CUST-0096,2025-12-02,23,41,0.664,0.669
CUST-0096,2025-12-09,26,44,0.519,0.592
CUST-0096,2025-12-16,27,52,0.616,0.612
CUST-0096,2025-12-23,28,73,0.547,0.614
CUST-0096,2025-12-30,27,45,0.577,0.695
CUST-0096,2026-01-06,22,65,0.563,0.679
CUST-0096,2026-01-13,26,62,0.55,0.513
CUST-0096,2026-01-20,24,71,0.62,0.684
CUST-0096,2026-01-27,28,79,0.566,0.663
CUST-0096,2026-02-03,22,30,0.649,0.697
CUST-0096,2026-02-10,18,25,0.542,0.632
CUST-0096,2026-02-17,28,65,0.567,0.605
CUST-0096,2026-02-24,26,85,0.629,0.538
CUST-0096,2026-03-03,24,73,0.506,0.615
CUST-0096,2026-03-10,27,33,0.533,0.658
CUST-0096,2026-03-17,16,59,0.632,0.672
CUST-0096,2026-03-24,30,90,0.522,0.638
CUST-0096,2026-03-31,23,73,0.534,0.668
CUST-0096,2026-04-07,28,74,0.574,0.634
CUST-0096,2026-04-14,19,25,0.699,0.715
CUST-0096,2026-04-21,18,43,0.614,0.631
CUST-0096,2026-04-28,22,38,0.565,0.657
CUST-0096,2026-05-05,23,65,0.627,0.611
CUST-0096,2026-05-12,25,62,0.574,0.677
CUST-0096,2026-05-19,27,85,0.609,0.557
CUST-0096,2026-05-26,24,33,0.685,0.694
CUST-0096,2026-06-02,24,35,0.653,0.666
CUST-0096,2026-06-09,19,57,0.706,0.646
CUST-0096,2026-06-16,28,82,0.524,0.547
CUST-0096,2026-06-23,25,61,0.661,0.575
CUST-0097,2025-05-09,9,8,0.302,0.324
CUST-0097,2025-05-16,10,8,0.318,0.41
CUST-0097,2025-05-23,7,10,0.288,0.351
CUST-0097,2025-05-30,6,5,0.296,0.291
CUST-0097,2025-06-06,8,6,0.221,0.343
CUST-0097,2025-06-13,11,9,0.297,0.413
CUST-0097,2025-06-20,8,7,0.336,0.316
CUST-0097,2025-06-27,6,10,0.24,0.399
CUST-0097,2025-07-04,9,15,0.238,0.252
CUST-0097,2025-07-11,6,7,0.287,0.34
CUST-0097,2025-07-18,7,8,0.246,0.297
CUST-0097,2025-07-25,8,9,0.256,0.277
CUST-0097,2025-08-01,2,1,0.342,0.372
CUST-0097,2025-08-08,5,7,0.426,0.288
CUST-0097,2025-08-15,7,9,0.277,0.202
CUST-0097,2025-08-22,7,6,0.147,0.319
CUST-0097,2025-08-29,7,6,0.21,0.219
CUST-0097,2025-09-05,7,7,0.214,0.229
CUST-0097,2025-09-12,5,6,0.145,0.357
CUST-0097,2025-09-19,7,3,0.199,0.283
CUST-0097,2025-09-26,4,5,0.232,0.262
CUST-0097,2025-10-03,3,2,0.209,0.251
CUST-0097,2025-10-10,7,5,0.164,0.221
CUST-0097,2025-10-17,5,3,0.256,0.181
CUST-0097,2025-10-24,3,1,0.199,0.214
CUST-0097,2025-10-31,5,3,0.119,0.113
CUST-0097,2025-11-07,6,4,0.174,0.244
CUST-0097,2025-11-14,7,3,0.18,0.048
CUST-0097,2025-11-21,3,2,0.171,0.272
CUST-0097,2025-11-28,3,3,0.135,0.261
CUST-0097,2025-12-05,1,0,0.133,0.267
CUST-0097,2025-12-12,1,0,0.205,0.215
CUST-0097,2025-12-19,3,2,0.127,0.225
CUST-0097,2025-12-26,6,4,0.199,0.147
CUST-0097,2026-01-02,4,1,0.115,0.054
CUST-0097,2026-01-09,2,1,0.111,0.064
CUST-0097,2026-01-16,1,0,0.122,0.061
CUST-0097,2026-01-23,2,0,0.085,0.166
CUST-0097,2026-01-30,2,1,0.12,0.174
CUST-0097,2026-02-06,3,2,0.093,0.186
CUST-0097,2026-02-13,2,1,0.039,0.17
CUST-0097,2026-02-20,1,0,0.125,0.034
CUST-0097,2026-02-27,2,0,0.137,0.167
CUST-0097,2026-03-06,2,0,0.048,0.136
CUST-0097,2026-03-13,2,0,0.201,0.184
CUST-0098,2024-07-02,9,10,0.804,0.749
CUST-0098,2024-07-09,10,18,0.757,0.735
CUST-0098,2024-07-16,11,41,0.766,0.691
CUST-0098,2024-07-23,11,38,0.717,0.705
CUST-0098,2024-07-30,11,47,0.652,0.672
CUST-0098,2024-08-06,13,47,0.724,0.671
CUST-0098,2024-08-13,9,14,0.709,0.723
CUST-0098,2024-08-20,11,19,0.661,0.825
CUST-0098,2024-08-27,12,28,0.751,0.875
CUST-0098,2024-09-03,8,18,0.657,0.775
CUST-0098,2024-09-10,11,25,0.688,0.726
CUST-0098,2024-09-17,11,35,0.708,0.818
CUST-0098,2024-09-24,11,31,0.623,0.806
CUST-0098,2024-10-01,10,33,0.672,0.746
CUST-0098,2024-10-08,11,15,0.692,0.774
CUST-0098,2024-10-15,10,34,0.758,0.916
CUST-0098,2024-10-22,10,38,0.757,0.772
CUST-0098,2024-10-29,10,36,0.665,0.768
CUST-0098,2024-11-05,10,46,0.734,0.864
CUST-0098,2024-11-12,9,24,0.73,0.738
CUST-0098,2024-11-19,9,36,0.746,0.852
CUST-0098,2024-11-26,12,57,0.744,0.886
CUST-0098,2024-12-03,13,38,0.666,0.831
CUST-0098,2024-12-10,13,25,0.704,0.871
CUST-0098,2024-12-17,11,49,0.743,0.793
CUST-0098,2024-12-24,13,37,0.762,0.708
CUST-0098,2024-12-31,10,30,0.775,0.832
CUST-0098,2025-01-07,11,26,0.757,0.878
CUST-0098,2025-01-14,11,19,0.745,0.94
CUST-0098,2025-01-21,9,21,0.77,0.843
CUST-0098,2025-01-28,11,16,0.824,0.823
CUST-0098,2025-02-04,12,37,0.833,0.87
CUST-0098,2025-02-11,11,21,0.782,0.778
CUST-0098,2025-02-18,11,43,0.757,0.754
CUST-0098,2025-02-25,12,52,0.747,0.775
CUST-0098,2025-03-04,12,51,0.804,0.727
CUST-0098,2025-03-11,13,23,0.79,0.944
CUST-0098,2025-03-18,11,25,0.772,0.938
CUST-0098,2025-03-25,11,47,0.781,0.722
CUST-0098,2025-04-01,12,46,0.876,0.913
CUST-0098,2025-04-08,11,14,0.873,0.976
CUST-0098,2025-04-15,13,59,0.772,0.819
CUST-0098,2025-04-22,10,25,0.751,0.757
CUST-0098,2025-04-29,12,59,0.755,0.936
CUST-0098,2025-05-06,12,33,0.695,0.936
CUST-0098,2025-05-13,12,34,0.755,0.817
CUST-0098,2025-05-20,13,17,0.944,0.879
CUST-0098,2025-05-27,10,47,0.758,0.9
CUST-0098,2025-06-03,11,22,0.857,0.928
CUST-0098,2025-06-10,12,43,0.8,0.936
CUST-0098,2025-06-17,13,42,0.807,0.824
CUST-0098,2025-06-24,13,56,0.853,0.953
CUST-0098,2025-07-01,14,39,0.83,0.902
CUST-0098,2025-07-08,13,26,0.931,0.945
CUST-0098,2025-07-15,11,34,0.782,0.935
CUST-0098,2025-07-22,12,34,0.829,0.829
CUST-0098,2025-07-29,13,48,0.843,0.859
CUST-0098,2025-08-05,14,24,0.842,0.864
CUST-0098,2025-08-12,12,44,0.875,0.917
CUST-0098,2025-08-19,12,17,0.875,0.908
CUST-0098,2025-08-26,13,54,0.902,1.0
CUST-0098,2025-09-02,13,46,0.82,0.857
CUST-0098,2025-09-09,11,31,0.902,0.889
CUST-0098,2025-09-16,12,20,0.835,0.997
CUST-0098,2025-09-23,14,61,0.923,0.962
CUST-0098,2025-09-30,12,64,0.818,0.915
CUST-0098,2025-10-07,13,57,0.837,1.0
CUST-0098,2025-10-14,13,37,0.898,1.0
CUST-0098,2025-10-21,11,27,0.901,0.895
CUST-0098,2025-10-28,13,48,0.963,0.839
CUST-0098,2025-11-04,14,59,0.831,0.97
CUST-0098,2025-11-11,14,75,0.944,0.905
CUST-0098,2025-11-18,14,56,0.947,0.915
CUST-0098,2025-11-25,9,43,0.883,0.908
CUST-0098,2025-12-02,13,52,0.859,1.0
CUST-0098,2025-12-09,12,66,0.854,1.0
CUST-0098,2025-12-16,14,37,0.864,0.918
CUST-0098,2025-12-23,14,71,0.804,0.879
CUST-0098,2025-12-30,14,65,0.903,0.895
CUST-0098,2026-01-06,11,20,0.784,1.0
CUST-0098,2026-01-13,14,51,0.884,1.0
CUST-0098,2026-01-20,14,62,0.979,0.975
CUST-0098,2026-01-27,13,26,0.906,1.0
CUST-0098,2026-02-03,13,57,0.972,0.901
CUST-0098,2026-02-10,14,43,1.0,1.0
CUST-0098,2026-02-17,14,38,0.928,1.0
CUST-0098,2026-02-24,14,82,0.99,0.934
CUST-0098,2026-03-03,14,30,0.91,1.0
CUST-0098,2026-03-10,12,30,0.945,1.0
CUST-0098,2026-03-17,14,23,0.938,1.0
CUST-0098,2026-03-24,14,36,0.947,1.0
CUST-0098,2026-03-31,13,20,0.799,1.0
CUST-0098,2026-04-07,13,63,0.939,1.0
CUST-0098,2026-04-14,13,35,0.93,1.0
CUST-0098,2026-04-21,13,63,0.943,1.0
CUST-0098,2026-04-28,14,44,0.887,1.0
CUST-0098,2026-05-05,14,80,0.837,1.0
CUST-0098,2026-05-12,13,56,0.822,1.0
CUST-0098,2026-05-19,13,35,0.874,1.0
CUST-0098,2026-05-26,14,26,0.892,1.0
CUST-0098,2026-06-02,12,27,0.916,1.0
CUST-0098,2026-06-09,12,31,0.886,1.0
CUST-0098,2026-06-16,12,29,0.884,1.0
CUST-0098,2026-06-23,14,48,0.878,1.0
CUST-0099,2026-02-03,20,55,0.86,0.952
CUST-0099,2026-02-10,25,64,0.809,1.0
CUST-0099,2026-02-17,21,58,0.84,0.961
CUST-0099,2026-02-24,20,94,0.827,0.969
CUST-0099,2026-03-03,22,95,0.808,0.822
CUST-0099,2026-03-10,18,51,0.92,0.907
CUST-0099,2026-03-17,25,58,0.849,0.957
CUST-0099,2026-03-24,23,47,0.859,0.859
CUST-0099,2026-03-31,25,69,0.805,0.863
CUST-0099,2026-04-07,24,78,0.879,0.922
CUST-0099,2026-04-14,23,45,0.936,0.973
CUST-0099,2026-04-21,20,46,0.931,0.92
CUST-0099,2026-04-28,25,72,0.829,1.0
CUST-0099,2026-05-05,25,73,0.871,1.0
CUST-0099,2026-05-12,25,44,0.895,0.813
CUST-0099,2026-05-19,21,89,0.867,0.912
CUST-0099,2026-05-26,25,105,0.87,0.963
CUST-0099,2026-06-02,21,33,0.841,0.922
CUST-0099,2026-06-09,24,56,0.781,0.927
CUST-0099,2026-06-16,25,123,0.871,0.994
CUST-0099,2026-06-23,24,60,0.812,0.952
CUST-0100,2023-09-16,5,11,0.411,0.319
CUST-0100,2023-09-23,3,6,0.36,0.411
CUST-0100,2023-09-30,4,3,0.281,0.36
CUST-0100,2023-10-07,4,8,0.401,0.421
CUST-0100,2023-10-14,4,6,0.287,0.318
CUST-0100,2023-10-21,3,3,0.384,0.436
CUST-0100,2023-10-28,3,1,0.352,0.441
CUST-0100,2023-11-04,3,4,0.353,0.421
CUST-0100,2023-11-11,2,2,0.375,0.333
CUST-0100,2023-11-18,2,1,0.34,0.302
CUST-0100,2023-11-25,4,8,0.358,0.392
CUST-0100,2023-12-02,3,2,0.286,0.318
CUST-0100,2023-12-09,3,3,0.328,0.401
CUST-0100,2023-12-16,2,2,0.2,0.239
CUST-0100,2023-12-23,2,1,0.383,0.226
CUST-0100,2023-12-30,2,2,0.217,0.324
CUST-0100,2024-01-06,5,2,0.236,0.378
CUST-0100,2024-01-13,3,3,0.287,0.372
CUST-0100,2024-01-20,2,2,0.241,0.198
CUST-0100,2024-01-27,1,0,0.237,0.184
CUST-0100,2024-02-03,1,1,0.293,0.359
CUST-0100,2024-02-10,2,1,0.239,0.381
CUST-0100,2024-02-17,1,1,0.313,0.308
CUST-0100,2024-02-24,2,3,0.248,0.27
CUST-0100,2024-03-02,3,2,0.222,0.267
CUST-0100,2024-03-09,1,0,0.264,0.198
CUST-0100,2024-03-16,3,2,0.29,0.343
CUST-0100,2024-03-23,3,1,0.287,0.261
CUST-0100,2024-03-30,2,2,0.201,0.243
CUST-0100,2024-04-06,3,1,0.295,0.271
CUST-0100,2024-04-13,2,2,0.209,0.323
CUST-0100,2024-04-20,1,0,0.314,0.324
CUST-0100,2024-04-27,2,2,0.216,0.172
CUST-0100,2024-05-04,2,1,0.114,0.173
CUST-0100,2024-05-11,3,2,0.212,0.291
CUST-0100,2024-05-18,1,1,0.158,0.181
CUST-0100,2024-05-25,2,2,0.093,0.297
CUST-0100,2024-06-01,1,0,0.134,0.165
CUST-0100,2024-06-08,1,0,0.25,0.268
CUST-0100,2024-06-15,1,0,0.244,0.19
CUST-0100,2024-06-22,3,3,0.21,0.258
CUST-0100,2024-06-29,1,0,0.127,0.169
CUST-0100,2024-07-06,1,1,0.241,0.264
CUST-0100,2024-07-13,1,0,0.181,0.245
CUST-0100,2024-07-20,2,0,0.201,0.162
CUST-0100,2024-07-27,2,1,0.225,0.11
CUST-0100,2024-08-03,2,0,0.126,0.265
CUST-0100,2024-08-10,1,0,0.28,0.178
CUST-0100,2024-08-17,1,0,0.184,0.047
CUST-0100,2024-08-24,1,0,0.131,0.258
CUST-0100,2024-08-31,1,0,0.13,0.196
CUST-0100,2024-09-07,1,0,0.105,0.2
CUST-0100,2024-09-14,1,0,0.203,0.161
CUST-0100,2024-09-21,1,0,0.141,0.161
CUST-0100,2024-09-28,1,0,0.148,0.19
CUST-0100,2024-10-05,1,0,0.117,0.063
CUST-0100,2024-10-12,1,0,0.115,0.161
CUST-0100,2024-10-19,1,0,0.126,0.126
CUST-0100,2024-10-26,1,0,0.08,0.261
CUST-0100,2024-11-02,1,0,0.089,0.197
CUST-0100,2024-11-09,1,0,0.098,0.208
CUST-0100,2024-11-16,1,0,0.079,0.017
CUST-0100,2024-11-23,1,0,0.143,0.13
CUST-0100,2024-11-30,1,0,0.142,0.09
CUST-0100,2024-12-07,1,0,0.136,0.106
CUST-0100,2024-12-14,1,0,0.074,0.132
CUST-0100,2024-12-21,1,0,0.093,0.069
CUST-0100,2024-12-28,1,0,0.053,0.086
CUST-0100,2025-01-04,1,0,0.137,0.143
CUST-0100,2025-01-11,1,0,0.08,0.097
CUST-0100,2025-01-18,1,0,0.0,0.082
CUST-0100,2025-01-25,1,0,0.09,0.153
CUST-0100,2025-02-01,1,0,0.086,0.034
CUST-0100,2025-02-08,1,0,0.017,0.11
CUST-0100,2025-02-15,1,0,0.0,0.052
CUST-0100,2025-02-22,1,0,0.087,0.125
CUST-0100,2025-03-01,1,0,0.03,0.041
CUST-0100,2025-03-08,1,0,0.0,0.0
CUST-0100,2025-03-15,1,0,0.0,0.0
CUST-0100,2025-03-22,1,0,0.0,0.105
CUST-0100,2025-03-29,2,0,0.027,0.062
CUST-0100,2025-04-05,1,0,0.006,0.0
CUST-0100,2025-04-12,1,0,0.0,0.094
CUST-0100,2025-04-19,1,0,0.092,0.127
CUST-0100,2025-04-26,1,0,0.057,0.034
CUST-0100,2025-05-03,1,0,0.012,0.006
CUST-0100,2025-05-10,1,0,0.08,0.019
CUST-0100,2025-05-17,1,0,0.0,0.095
CUST-0100,2025-05-24,1,0,0.072,0.08
CUST-0100,2025-05-31,1,0,0.052,0.0
CUST-0100,2025-06-07,1,0,0.009,0.019
CUST-0100,2025-06-14,1,0,0.075,0.009
CUST-0100,2025-06-21,1,0,0.015,0.0
CUST-0100,2025-06-28,1,0,0.0,0.019
CUST-0100,2025-07-05,1,0,0.0,0.042
CUST-0100,2025-07-12,1,0,0.0,0.0
CUST-0100,2025-07-19,1,0,0.002,0.059
CUST-0100,2025-07-26,1,0,0.035,0.048
CUST-0100,2025-08-02,1,0,0.0,0.0
CUST-0100,2025-08-09,1,0,0.02,0.012
CUST-0100,2025-08-16,1,0,0.026,0.056
CUST-0100,2025-08-23,1,0,0.013,0.008
CUST-0100,2025-08-30,1,0,0.041,0.0
CUST-0100,2025-09-06,1,0,0.017,0.143
CUST-0101,2023-12-16,40,29,0.302,0.43
CUST-0101,2023-12-23,42,47,0.431,0.384
CUST-0101,2023-12-30,50,70,0.357,0.413
CUST-0101,2024-01-06,43,61,0.383,0.393
CUST-0101,2024-01-13,39,24,0.367,0.343
CUST-0101,2024-01-20,49,54,0.347,0.386
CUST-0101,2024-01-27,42,97,0.371,0.417
CUST-0101,2024-02-03,43,96,0.417,0.411
CUST-0101,2024-02-10,43,72,0.319,0.387
CUST-0101,2024-02-17,43,27,0.409,0.271
CUST-0101,2024-02-24,31,31,0.402,0.427
CUST-0101,2024-03-02,39,36,0.365,0.424
CUST-0101,2024-03-09,42,87,0.466,0.371
CUST-0101,2024-03-16,37,23,0.355,0.368
CUST-0101,2024-03-23,46,31,0.34,0.376
CUST-0101,2024-03-30,46,64,0.291,0.346
CUST-0101,2024-04-06,39,25,0.371,0.28
CUST-0101,2024-04-13,52,80,0.389,0.322
CUST-0101,2024-04-20,32,70,0.402,0.334
CUST-0101,2024-04-27,48,47,0.33,0.358
CUST-0101,2024-05-04,41,64,0.42,0.308
CUST-0101,2024-05-11,29,42,0.381,0.353
CUST-0101,2024-05-18,33,21,0.325,0.238
CUST-0101,2024-05-25,42,85,0.456,0.51
CUST-0101,2024-06-01,27,45,0.316,0.348
CUST-0101,2024-06-08,50,37,0.344,0.3
CUST-0101,2024-06-15,30,20,0.255,0.41
CUST-0101,2024-06-22,42,44,0.335,0.39
CUST-0101,2024-06-29,31,63,0.378,0.389
CUST-0101,2024-07-06,43,60,0.309,0.352
CUST-0101,2024-07-13,58,117,0.32,0.29
CUST-0101,2024-07-20,39,28,0.375,0.322
CUST-0101,2024-07-27,24,14,0.369,0.401
CUST-0101,2024-08-03,31,28,0.279,0.416
CUST-0101,2024-08-10,30,26,0.26,0.309
CUST-0101,2024-08-17,53,76,0.253,0.319
CUST-0101,2024-08-24,29,41,0.331,0.314
CUST-0101,2024-08-31,32,49,0.353,0.296
CUST-0101,2024-09-07,49,68,0.3,0.32
CUST-0101,2024-09-14,21,35,0.278,0.273
CUST-0101,2024-09-21,39,49,0.281,0.369
CUST-0101,2024-09-28,32,30,0.371,0.313
CUST-0101,2024-10-05,17,16,0.299,0.396
CUST-0101,2024-10-12,22,31,0.226,0.297
CUST-0101,2024-10-19,39,27,0.217,0.29
CUST-0101,2024-10-26,41,68,0.422,0.314
CUST-0101,2024-11-02,19,25,0.379,0.226
CUST-0101,2024-11-09,25,38,0.291,0.334
CUST-0101,2024-11-16,38,24,0.338,0.326
CUST-0101,2024-11-23,29,26,0.333,0.238
CUST-0101,2024-11-30,28,27,0.327,0.392
CUST-0101,2024-12-07,15,10,0.216,0.321
CUST-0101,2024-12-14,31,24,0.232,0.356
CUST-0101,2024-12-21,28,47,0.33,0.231
CUST-0101,2024-12-28,44,72,0.297,0.166
CUST-0101,2025-01-04,19,14,0.277,0.313
CUST-0101,2025-01-11,28,35,0.308,0.392
CUST-0101,2025-01-18,21,16,0.34,0.338
CUST-0101,2025-01-25,17,15,0.311,0.227
CUST-0101,2025-02-01,37,21,0.252,0.15
CUST-0101,2025-02-08,24,24,0.288,0.314
CUST-0101,2025-02-15,23,26,0.183,0.174
CUST-0101,2025-02-22,10,6,0.36,0.229
CUST-0101,2025-03-01,30,34,0.26,0.231
CUST-0101,2025-03-08,21,24,0.281,0.394
CUST-0101,2025-03-15,28,21,0.199,0.286
CUST-0101,2025-03-22,31,46,0.276,0.245
CUST-0101,2025-03-29,31,32,0.266,0.325
CUST-0101,2025-04-05,17,7,0.329,0.203
CUST-0101,2025-04-12,19,23,0.21,0.36
CUST-0101,2025-04-19,25,23,0.243,0.235
CUST-0101,2025-04-26,18,21,0.269,0.288
CUST-0101,2025-05-03,22,32,0.154,0.387
CUST-0101,2025-05-10,23,24,0.209,0.292
CUST-0101,2025-05-17,18,6,0.285,0.064
CUST-0101,2025-05-24,14,10,0.26,0.153
CUST-0101,2025-05-31,15,9,0.265,0.299
CUST-0101,2025-06-07,35,41,0.23,0.186
CUST-0101,2025-06-14,13,11,0.231,0.298
CUST-0101,2025-06-21,22,9,0.192,0.311
CUST-0101,2025-06-28,14,9,0.217,0.233
CUST-0101,2025-07-05,22,23,0.208,0.254
CUST-0101,2025-07-12,29,9,0.224,0.226
CUST-0101,2025-07-19,29,25,0.219,0.22
CUST-0101,2025-07-26,12,13,0.224,0.181
CUST-0101,2025-08-02,22,26,0.184,0.285
CUST-0101,2025-08-09,24,9,0.242,0.245
CUST-0101,2025-08-16,18,20,0.124,0.209
CUST-0101,2025-08-23,11,9,0.129,0.264
CUST-0101,2025-08-30,4,1,0.112,0.245
CUST-0101,2025-09-06,15,8,0.253,0.239
CUST-0101,2025-09-13,20,14,0.224,0.192
CUST-0101,2025-09-20,15,13,0.199,0.208
CUST-0101,2025-09-27,18,11,0.169,0.134
CUST-0101,2025-10-04,17,9,0.065,0.139
CUST-0101,2025-10-11,15,12,0.117,0.093
CUST-0101,2025-10-18,13,11,0.162,0.35
CUST-0102,2023-07-26,5,3,0.442,0.373
CUST-0102,2023-08-02,7,11,0.41,0.468
CUST-0102,2023-08-09,6,9,0.363,0.502
CUST-0102,2023-08-16,6,11,0.467,0.427
CUST-0102,2023-08-23,4,7,0.436,0.533
CUST-0102,2023-08-30,8,18,0.38,0.391
CUST-0102,2023-09-06,6,9,0.427,0.449
CUST-0102,2023-09-13,6,8,0.432,0.602
CUST-0102,2023-09-20,5,10,0.385,0.378
CUST-0102,2023-09-27,5,6,0.429,0.388
CUST-0102,2023-10-04,4,5,0.295,0.369
CUST-0102,2023-10-11,6,4,0.415,0.504
CUST-0102,2023-10-18,6,7,0.384,0.386
CUST-0102,2023-10-25,3,4,0.317,0.44
CUST-0102,2023-11-01,5,3,0.356,0.43
CUST-0102,2023-11-08,7,12,0.319,0.481
CUST-0102,2023-11-15,4,6,0.41,0.373
CUST-0102,2023-11-22,5,9,0.308,0.485
CUST-0102,2023-11-29,3,6,0.35,0.374
CUST-0102,2023-12-06,4,4,0.43,0.425
CUST-0102,2023-12-13,6,11,0.313,0.434
CUST-0102,2023-12-20,3,5,0.332,0.315
CUST-0102,2023-12-27,7,12,0.366,0.351
CUST-0102,2024-01-03,4,7,0.36,0.315
CUST-0102,2024-01-10,3,5,0.317,0.37
CUST-0102,2024-01-17,3,4,0.385,0.263
CUST-0102,2024-01-24,4,7,0.299,0.325
CUST-0102,2024-01-31,5,4,0.225,0.435
CUST-0102,2024-02-07,4,7,0.272,0.29
CUST-0102,2024-02-14,4,6,0.288,0.264
CUST-0102,2024-02-21,4,5,0.265,0.303
CUST-0102,2024-02-28,3,4,0.302,0.326
CUST-0102,2024-03-06,2,2,0.281,0.367
CUST-0102,2024-03-13,6,7,0.25,0.366
CUST-0102,2024-03-20,3,3,0.353,0.483
CUST-0102,2024-03-27,3,3,0.27,0.233
CUST-0102,2024-04-03,3,1,0.299,0.257
CUST-0102,2024-04-10,4,1,0.317,0.199
CUST-0102,2024-04-17,4,4,0.236,0.302
CUST-0102,2024-04-24,4,4,0.206,0.271
CUST-0102,2024-05-01,7,10,0.25,0.196
CUST-0102,2024-05-08,4,4,0.269,0.161
CUST-0102,2024-05-15,2,2,0.328,0.251
CUST-0102,2024-05-22,3,2,0.252,0.223
CUST-0102,2024-05-29,3,4,0.235,0.361
CUST-0102,2024-06-05,4,4,0.232,0.239
CUST-0102,2024-06-12,3,1,0.306,0.254
CUST-0102,2024-06-19,3,1,0.297,0.234
CUST-0102,2024-06-26,1,1,0.333,0.267
CUST-0102,2024-07-03,3,4,0.28,0.215
CUST-0102,2024-07-10,4,3,0.228,0.071
CUST-0102,2024-07-17,3,2,0.175,0.2
CUST-0102,2024-07-24,2,1,0.152,0.231
CUST-0102,2024-07-31,2,2,0.228,0.271
CUST-0102,2024-08-07,3,1,0.196,0.132
CUST-0102,2024-08-14,1,0,0.204,0.123
CUST-0102,2024-08-21,3,1,0.204,0.261
CUST-0102,2024-08-28,1,0,0.212,0.251
CUST-0102,2024-09-04,3,1,0.238,0.256
CUST-0102,2024-09-11,4,1,0.121,0.325
CUST-0102,2024-09-18,1,0,0.161,0.258
CUST-0102,2024-09-25,3,1,0.19,0.272
CUST-0102,2024-10-02,1,0,0.113,0.196
CUST-0102,2024-10-09,1,0,0.141,0.204
CUST-0102,2024-10-16,1,0,0.209,0.142
CUST-0102,2024-10-23,1,0,0.274,0.173
CUST-0102,2024-10-30,1,0,0.294,0.163
CUST-0102,2024-11-06,1,0,0.183,0.097
CUST-0102,2024-11-13,1,0,0.128,0.13
CUST-0102,2024-11-20,3,0,0.09,0.097
CUST-0102,2024-11-27,1,0,0.041,0.132
CUST-0102,2024-12-04,1,0,0.126,0.197
CUST-0102,2024-12-11,1,0,0.104,0.057
CUST-0102,2024-12-18,1,0,0.069,0.043
CUST-0102,2024-12-25,1,0,0.086,0.228
CUST-0102,2025-01-01,2,1,0.072,0.133
CUST-0102,2025-01-08,2,1,0.062,0.094
CUST-0102,2025-01-15,1,0,0.149,0.053
CUST-0102,2025-01-22,2,1,0.165,0.169
CUST-0102,2025-01-29,3,1,0.136,0.096
CUST-0102,2025-02-05,1,0,0.026,0.161
CUST-0102,2025-02-12,1,0,0.071,0.138
CUST-0102,2025-02-19,1,0,0.029,0.0
CUST-0102,2025-02-26,1,0,0.103,0.043
CUST-0102,2025-03-05,1,0,0.096,0.205
CUST-0102,2025-03-12,1,0,0.067,0.027
CUST-0102,2025-03-19,1,0,0.0,0.055
CUST-0102,2025-03-26,1,0,0.024,0.037
CUST-0102,2025-04-02,1,0,0.062,0.135
CUST-0102,2025-04-09,1,0,0.032,0.14
CUST-0102,2025-04-16,1,0,0.032,0.037
CUST-0102,2025-04-23,1,0,0.033,0.044
CUST-0102,2025-04-30,1,0,0.041,0.0
CUST-0102,2025-05-07,1,0,0.0,0.031
CUST-0102,2025-05-14,1,0,0.0,0.092
CUST-0102,2025-05-21,1,0,0.005,0.0
CUST-0102,2025-05-28,1,0,0.047,0.137
CUST-0102,2025-06-04,1,0,0.0,0.097
CUST-0102,2025-06-11,1,0,0.042,0.0
CUST-0102,2025-06-18,1,0,0.105,0.06
CUST-0102,2025-06-25,1,0,0.0,0.0
CUST-0102,2025-07-02,1,0,0.065,0.0
CUST-0102,2025-07-09,1,0,0.035,0.045
CUST-0102,2025-07-16,2,0,0.0,0.0
CUST-0103,2025-08-09,26,27,0.345,0.319
CUST-0103,2025-08-16,27,15,0.235,0.331
CUST-0103,2025-08-23,28,41,0.345,0.365
CUST-0103,2025-08-30,32,44,0.24,0.263
CUST-0103,2025-09-06,19,27,0.307,0.24
CUST-0103,2025-09-13,20,19,0.194,0.35
CUST-0103,2025-09-20,22,13,0.317,0.303
CUST-0103,2025-09-27,16,10,0.222,0.261
CUST-0103,2025-10-04,23,31,0.201,0.161
CUST-0103,2025-10-11,12,6,0.229,0.348
CUST-0103,2025-10-18,12,16,0.229,0.278
CUST-0103,2025-10-25,14,10,0.224,0.247
CUST-0103,2025-11-01,26,32,0.2,0.332
CUST-0103,2025-11-08,36,35,0.214,0.286
CUST-0103,2025-11-15,10,3,0.16,0.248
CUST-0103,2025-11-22,12,3,0.201,0.301
CUST-0103,2025-11-29,17,12,0.235,0.227
CUST-0103,2025-12-06,20,10,0.131,0.29
CUST-0103,2025-12-13,14,7,0.113,0.196
CUST-0103,2025-12-20,14,4,0.301,0.177
CUST-0103,2025-12-27,14,5,0.136,0.195
CUST-0103,2026-01-03,8,4,0.156,0.206
CUST-0103,2026-01-10,14,4,0.035,0.275
CUST-0103,2026-01-17,1,0,0.125,0.254
CUST-0103,2026-01-24,9,7,0.163,0.21
CUST-0103,2026-01-31,3,1,0.157,0.104
CUST-0103,2026-02-07,7,3,0.158,0.027
CUST-0103,2026-02-14,7,3,0.241,0.045
CUST-0103,2026-02-21,3,0,0.092,0.077
CUST-0103,2026-02-28,13,3,0.156,0.035
CUST-0103,2026-03-07,7,3,0.035,0.104
CUST-0103,2026-03-14,2,0,0.05,0.077
CUST-0103,2026-03-21,1,0,0.127,0.009
CUST-0103,2026-03-28,2,0,0.053,0.03
CUST-0103,2026-04-04,3,1,0.117,0.035
CUST-0103,2026-04-11,4,0,0.041,0.095
CUST-0103,2026-04-18,15,2,0.015,0.029
CUST-0103,2026-04-25,11,1,0.056,0.041
CUST-0103,2026-05-02,5,0,0.0,0.035
CUST-0103,2026-05-09,1,0,0.06,0.069
CUST-0103,2026-05-16,1,0,0.07,0.0
CUST-0103,2026-05-23,1,0,0.053,0.0
CUST-0104,2025-05-06,25,37,0.694,0.665
CUST-0104,2025-05-13,19,29,0.691,0.757
CUST-0104,2025-05-20,22,58,0.6,0.763
CUST-0104,2025-05-27,24,99,0.697,0.633
CUST-0104,2025-06-03,21,70,0.711,0.714
CUST-0104,2025-06-10,22,55,0.63,0.71
CUST-0104,2025-06-17,23,30,0.648,0.656
CUST-0104,2025-06-24,18,66,0.678,0.733
CUST-0104,2025-07-01,21,84,0.724,0.781
CUST-0104,2025-07-08,19,53,0.639,0.723
CUST-0104,2025-07-15,23,25,0.672,0.67
CUST-0104,2025-07-22,19,37,0.651,0.651
CUST-0104,2025-07-29,19,63,0.58,0.735
CUST-0104,2025-08-05,25,60,0.625,0.769
CUST-0104,2025-08-12,21,78,0.499,0.77
CUST-0104,2025-08-19,18,42,0.678,0.66
CUST-0104,2025-08-26,19,21,0.615,0.668
CUST-0104,2025-09-02,17,53,0.696,0.549
CUST-0104,2025-09-09,20,28,0.572,0.591
CUST-0104,2025-09-16,23,90,0.634,0.595
CUST-0104,2025-09-23,22,34,0.565,0.677
CUST-0104,2025-09-30,14,38,0.649,0.63
CUST-0104,2025-10-07,17,22,0.635,0.652
CUST-0104,2025-10-14,16,35,0.616,0.672
CUST-0104,2025-10-21,25,34,0.545,0.634
CUST-0104,2025-10-28,19,66,0.593,0.687
CUST-0104,2025-11-04,20,25,0.666,0.662
CUST-0104,2025-11-11,19,68,0.601,0.784
CUST-0104,2025-11-18,12,26,0.557,0.598
CUST-0104,2025-11-25,18,40,0.62,0.664
CUST-0104,2025-12-02,19,37,0.623,0.624
CUST-0104,2025-12-09,19,23,0.529,0.76
CUST-0104,2025-12-16,15,35,0.579,0.629
CUST-0104,2025-12-23,23,34,0.556,0.695
CUST-0104,2025-12-30,17,37,0.607,0.569
CUST-0104,2026-01-06,18,29,0.558,0.678
CUST-0104,2026-01-13,18,66,0.533,0.555
CUST-0104,2026-01-20,16,36,0.626,0.563
CUST-0104,2026-01-27,20,72,0.55,0.709
CUST-0104,2026-02-03,18,58,0.54,0.63
CUST-0104,2026-02-10,20,27,0.684,0.528
CUST-0104,2026-02-17,16,28,0.586,0.668
CUST-0104,2026-02-24,21,51,0.547,0.708
CUST-0104,2026-03-03,17,54,0.511,0.545
CUST-0104,2026-03-10,19,40,0.502,0.61
CUST-0104,2026-03-17,17,18,0.547,0.525
CUST-0104,2026-03-24,18,26,0.538,0.576
CUST-0104,2026-03-31,17,32,0.499,0.58
CUST-0104,2026-04-07,14,22,0.502,0.67
CUST-0104,2026-04-14,14,20,0.585,0.514
CUST-0104,2026-04-21,15,21,0.477,0.441
CUST-0104,2026-04-28,16,37,0.494,0.563
CUST-0104,2026-05-05,18,16,0.532,0.504
CUST-0104,2026-05-12,22,49,0.497,0.606
CUST-0104,2026-05-19,18,20,0.614,0.569
CUST-0104,2026-05-26,16,15,0.588,0.644
CUST-0104,2026-06-02,17,27,0.453,0.569
CUST-0104,2026-06-09,15,44,0.497,0.555
CUST-0104,2026-06-16,13,12,0.566,0.535
CUST-0104,2026-06-23,13,15,0.479,0.479
CUST-0105,2023-12-13,10,16,0.436,0.416
CUST-0105,2023-12-20,16,25,0.311,0.334
CUST-0105,2023-12-27,11,31,0.516,0.534
CUST-0105,2024-01-03,13,35,0.468,0.451
CUST-0105,2024-01-10,8,13,0.496,0.434
CUST-0105,2024-01-17,14,17,0.431,0.413
CUST-0105,2024-01-24,9,13,0.38,0.435
CUST-0105,2024-01-31,14,27,0.447,0.425
CUST-0105,2024-02-07,12,11,0.318,0.347
CUST-0105,2024-02-14,9,8,0.385,0.333
CUST-0105,2024-02-21,13,21,0.377,0.439
CUST-0105,2024-02-28,11,23,0.394,0.368
CUST-0105,2024-03-06,8,16,0.385,0.449
CUST-0105,2024-03-13,11,7,0.304,0.408
CUST-0105,2024-03-20,12,17,0.4,0.432
CUST-0105,2024-03-27,10,9,0.341,0.298
CUST-0105,2024-04-03,11,19,0.294,0.417
CUST-0105,2024-04-10,11,16,0.309,0.335
CUST-0105,2024-04-17,9,4,0.286,0.37
CUST-0105,2024-04-24,9,5,0.24,0.288
CUST-0105,2024-05-01,8,14,0.266,0.339
CUST-0105,2024-05-08,9,14,0.247,0.236
CUST-0105,2024-05-15,7,7,0.315,0.42
CUST-0105,2024-05-22,9,11,0.259,0.398
CUST-0105,2024-05-29,6,5,0.287,0.26
CUST-0105,2024-06-05,10,12,0.216,0.295
CUST-0105,2024-06-12,9,4,0.217,0.325
CUST-0105,2024-06-19,8,8,0.143,0.341
CUST-0105,2024-06-26,7,3,0.202,0.329
CUST-0105,2024-07-03,4,2,0.292,0.175
CUST-0105,2024-07-10,6,3,0.244,0.102
CUST-0105,2024-07-17,7,7,0.17,0.136
CUST-0105,2024-07-24,3,2,0.184,0.183
CUST-0105,2024-07-31,2,2,0.209,0.255
CUST-0105,2024-08-07,5,3,0.149,0.112
CUST-0105,2024-08-14,6,1,0.154,0.192
CUST-0105,2024-08-21,5,4,0.104,0.164
CUST-0105,2024-08-28,7,3,0.114,0.146
CUST-0105,2024-09-04,4,1,0.166,0.155
CUST-0105,2024-09-11,9,3,0.08,0.204
CUST-0105,2024-09-18,4,2,0.156,0.113
CUST-0105,2024-09-25,1,0,0.16,0.121
CUST-0105,2024-10-02,1,0,0.069,0.183
CUST-0105,2024-10-09,1,0,0.029,0.137
CUST-0105,2024-10-16,4,1,0.076,0.183
CUST-0105,2024-10-23,1,0,0.027,0.039
CUST-0105,2024-10-30,1,0,0.158,0.139
CUST-0105,2024-11-06,2,0,0.0,0.05
CUST-0105,2024-11-13,2,0,0.012,0.04
CUST-0105,2024-11-20,3,0,0.05,0.011
CUST-0105,2024-11-27,1,0,0.088,0.014
CUST-0105,2024-12-04,1,0,0.0,0.06
CUST-0105,2024-12-11,2,0,0.0,0.102
CUST-0105,2024-12-18,2,0,0.075,0.08
CUST-0105,2024-12-25,2,0,0.0,0.085
CUST-0105,2025-01-01,1,0,0.171,0.077
CUST-0105,2025-01-08,1,0,0.062,0.0
CUST-0105,2025-01-15,1,0,0.0,0.097
CUST-0105,2025-01-22,1,0,0.0,0.046
CUST-0105,2025-01-29,1,0,0.018,0.116
CUST-0105,2025-02-05,1,0,0.011,0.041
CUST-0105,2025-02-12,1,0,0.016,0.008
CUST-0105,2025-02-19,1,0,0.038,0.0
CUST-0105,2025-02-26,1,0,0.024,0.0
CUST-0105,2025-03-05,1,0,0.018,0.0
CUST-0105,2025-03-12,1,0,0.021,0.0
CUST-0105,2025-03-19,1,0,0.0,0.006
CUST-0105,2025-03-26,1,0,0.0,0.058
CUST-0105,2025-04-02,3,0,0.052,0.016
CUST-0105,2025-04-09,1,0,0.029,0.028
CUST-0105,2025-04-16,1,0,0.042,0.027
CUST-0105,2025-04-23,1,0,0.0,0.027
CUST-0105,2025-04-30,1,0,0.0,0.0
CUST-0105,2025-05-07,1,0,0.0,0.019
CUST-0105,2025-05-14,2,0,0.042,0.033
CUST-0105,2025-05-21,1,0,0.073,0.0
CUST-0105,2025-05-28,1,0,0.0,0.0
CUST-0105,2025-06-04,1,0,0.0,0.0
CUST-0105,2025-06-11,2,0,0.0,0.016
CUST-0105,2025-06-18,1,0,0.0,0.0
CUST-0105,2025-06-25,1,0,0.0,0.0
CUST-0105,2025-07-02,3,0,0.036,0.028
CUST-0105,2025-07-09,1,0,0.094,0.0
CUST-0105,2025-07-16,1,0,0.0,0.047
CUST-0105,2025-07-23,1,0,0.0,0.035
CUST-0105,2025-07-30,1,0,0.037,0.067
CUST-0105,2025-08-06,1,0,0.0,0.0
CUST-0105,2025-08-13,1,0,0.071,0.115
CUST-0105,2025-08-20,1,0,0.0,0.084
CUST-0105,2025-08-27,1,0,0.0,0.077
CUST-0105,2025-09-03,3,0,0.0,0.0
CUST-0105,2025-09-10,1,0,0.046,0.069
CUST-0105,2025-09-17,1,0,0.0,0.061
CUST-0105,2025-09-24,1,0,0.101,0.0
CUST-0105,2025-10-01,1,0,0.0,0.062
CUST-0105,2025-10-08,1,0,0.0,0.009
CUST-0105,2025-10-15,1,0,0.0,0.0
CUST-0105,2025-10-22,1,0,0.0,0.046
CUST-0105,2025-10-29,1,0,0.005,0.067
CUST-0105,2025-11-05,3,0,0.003,0.064
CUST-0105,2025-11-12,1,0,0.0,0.0
CUST-0105,2025-11-19,1,0,0.0,0.0
CUST-0105,2025-11-26,1,0,0.024,0.01
CUST-0105,2025-12-03,1,0,0.0,0.0
CUST-0106,2026-02-03,30,36,0.501,0.502
CUST-0106,2026-02-10,22,14,0.406,0.371
CUST-0106,2026-02-17,23,31,0.348,0.456
CUST-0106,2026-02-24,24,44,0.399,0.377
CUST-0106,2026-03-03,30,43,0.41,0.502
CUST-0106,2026-03-10,26,25,0.546,0.489
CUST-0106,2026-03-17,35,77,0.395,0.422
CUST-0106,2026-03-24,27,57,0.38,0.426
CUST-0106,2026-03-31,35,44,0.528,0.43
CUST-0106,2026-04-07,29,60,0.507,0.505
CUST-0106,2026-04-14,27,51,0.435,0.467
CUST-0106,2026-04-21,19,22,0.458,0.391
CUST-0106,2026-04-28,25,65,0.551,0.481
CUST-0106,2026-05-05,26,30,0.502,0.561
CUST-0107,2025-04-08,61,72,0.368,0.405
CUST-0107,2025-04-15,47,65,0.446,0.524
CUST-0107,2025-04-22,72,143,0.412,0.415
CUST-0107,2025-04-29,52,80,0.441,0.453
CUST-0107,2025-05-06,54,129,0.455,0.467
CUST-0107,2025-05-13,65,160,0.427,0.415
CUST-0107,2025-05-20,58,114,0.418,0.546
CUST-0107,2025-05-27,59,59,0.46,0.487
CUST-0107,2025-06-03,76,137,0.509,0.509
CUST-0107,2025-06-10,77,177,0.446,0.55
CUST-0107,2025-06-17,54,71,0.433,0.422
CUST-0107,2025-06-24,65,156,0.469,0.524
CUST-0107,2025-07-01,80,233,0.525,0.473
CUST-0107,2025-07-08,67,200,0.439,0.467
CUST-0107,2025-07-15,72,127,0.432,0.534
CUST-0107,2025-07-22,67,89,0.546,0.459
CUST-0107,2025-07-29,66,130,0.513,0.53
CUST-0107,2025-08-05,73,79,0.512,0.671
CUST-0107,2025-08-12,63,77,0.514,0.622
CUST-0107,2025-08-19,69,151,0.534,0.525
CUST-0107,2025-08-26,82,122,0.501,0.65
CUST-0107,2025-09-02,84,102,0.498,0.579
CUST-0107,2025-09-09,65,79,0.488,0.511
CUST-0107,2025-09-16,72,119,0.589,0.598
CUST-0107,2025-09-23,76,108,0.544,0.579
CUST-0107,2025-09-30,80,140,0.537,0.58
CUST-0107,2025-10-07,89,200,0.634,0.604
CUST-0107,2025-10-14,77,248,0.59,0.639
CUST-0107,2025-10-21,81,293,0.562,0.665
CUST-0107,2025-10-28,73,193,0.584,0.624
CUST-0107,2025-11-04,85,240,0.644,0.698
CUST-0107,2025-11-11,84,226,0.624,0.629
CUST-0107,2025-11-18,87,92,0.578,0.587
CUST-0107,2025-11-25,94,259,0.664,0.75
CUST-0107,2025-12-02,95,233,0.573,0.689
CUST-0107,2025-12-09,74,265,0.582,0.663
CUST-0107,2025-12-16,92,368,0.641,0.775
CUST-0107,2025-12-23,91,179,0.61,0.678
CUST-0107,2025-12-30,99,392,0.59,0.716
CUST-0107,2026-01-06,102,355,0.645,0.635
CUST-0107,2026-01-13,91,231,0.653,0.742
CUST-0107,2026-01-20,87,343,0.695,0.697
CUST-0107,2026-01-27,114,129,0.636,0.712
CUST-0107,2026-02-03,79,213,0.693,0.76
CUST-0107,2026-02-10,81,96,0.635,0.776
CUST-0107,2026-02-17,78,293,0.744,0.638
CUST-0107,2026-02-24,101,265,0.647,0.798
CUST-0107,2026-03-03,105,454,0.761,0.684
CUST-0107,2026-03-10,94,180,0.684,0.73
CUST-0107,2026-03-17,118,182,0.702,0.822
CUST-0107,2026-03-24,88,318,0.805,0.758
CUST-0107,2026-03-31,109,484,0.608,0.803
CUST-0107,2026-04-07,98,137,0.779,0.699
CUST-0107,2026-04-14,100,326,0.819,0.716
CUST-0107,2026-04-21,105,443,0.796,0.88
CUST-0107,2026-04-28,104,186,0.627,0.717
CUST-0107,2026-05-05,126,164,0.708,0.728
CUST-0107,2026-05-12,106,399,0.726,0.862
CUST-0107,2026-05-19,103,303,0.697,0.786
CUST-0107,2026-05-26,125,284,0.772,0.876
CUST-0107,2026-06-02,116,391,0.781,0.774
CUST-0107,2026-06-09,110,480,0.783,0.877
CUST-0107,2026-06-16,111,530,0.806,0.77
CUST-0107,2026-06-23,122,157,0.854,0.929
CUST-0108,2024-07-02,124,355,0.819,0.949
CUST-0108,2024-07-09,128,657,0.841,0.874
CUST-0108,2024-07-16,116,494,0.808,0.92
CUST-0108,2024-07-23,109,314,0.769,0.858
CUST-0108,2024-07-30,99,254,0.762,0.86
CUST-0108,2024-08-06,108,527,0.802,0.83
CUST-0108,2024-08-13,103,463,0.757,0.862
CUST-0108,2024-08-20,101,278,0.71,0.829
CUST-0108,2024-08-27,101,451,0.729,0.892
CUST-0108,2024-09-03,125,319,0.72,0.815
CUST-0108,2024-09-10,99,307,0.879,0.853
CUST-0108,2024-09-17,104,407,0.672,0.966
CUST-0108,2024-09-24,111,171,0.678,0.85
CUST-0108,2024-10-01,108,390,0.793,0.874
CUST-0108,2024-10-08,114,342,0.759,0.855
CUST-0108,2024-10-15,104,364,0.824,0.855
CUST-0108,2024-10-22,116,284,0.853,0.896
CUST-0108,2024-10-29,117,182,0.808,0.848
CUST-0108,2024-11-05,119,294,0.786,0.927
CUST-0108,2024-11-12,120,481,0.815,0.873
CUST-0108,2024-11-19,127,167,0.764,0.918
CUST-0108,2024-11-26,120,371,0.833,0.964
CUST-0108,2024-12-03,105,227,0.808,0.98
CUST-0108,2024-12-10,116,556,0.819,0.896
CUST-0108,2024-12-17,114,478,0.782,0.887
CUST-0108,2024-12-24,108,234,0.881,0.852
CUST-0108,2024-12-31,126,367,0.809,0.86
CUST-0108,2025-01-07,114,554,0.844,0.854
CUST-0108,2025-01-14,107,312,0.835,0.985
CUST-0108,2025-01-21,116,185,0.855,1.0
CUST-0108,2025-01-28,115,308,0.809,0.694
CUST-0108,2025-02-04,120,549,0.859,0.96
CUST-0108,2025-02-11,121,261,0.818,0.965
CUST-0108,2025-02-18,110,549,0.787,0.892
CUST-0108,2025-02-25,108,225,0.904,0.85
CUST-0108,2025-03-04,114,166,0.856,0.968
CUST-0108,2025-03-11,121,238,0.718,0.767
CUST-0108,2025-03-18,115,533,0.829,1.0
CUST-0108,2025-03-25,111,444,0.85,0.841
CUST-0108,2025-04-01,132,274,0.792,0.931
CUST-0108,2025-04-08,132,702,0.941,0.991
CUST-0108,2025-04-15,128,538,0.823,0.982
CUST-0108,2025-04-22,115,413,0.812,0.971
CUST-0108,2025-04-29,120,196,0.896,0.915
CUST-0108,2025-05-06,130,275,0.825,0.978
CUST-0108,2025-05-13,132,418,0.849,0.889
CUST-0108,2025-05-20,114,321,0.794,0.777
CUST-0108,2025-05-27,115,208,0.85,0.861
CUST-0108,2025-06-03,129,369,0.875,0.958
CUST-0108,2025-06-10,120,635,0.792,0.91
CUST-0108,2025-06-17,108,542,0.806,0.872
CUST-0108,2025-06-24,125,568,0.839,0.886
CUST-0108,2025-07-01,102,433,0.904,0.866
CUST-0108,2025-07-08,112,584,0.781,0.858
CUST-0108,2025-07-15,127,339,0.89,0.893
CUST-0108,2025-07-22,122,262,0.894,0.968
CUST-0108,2025-07-29,132,701,0.831,0.909
CUST-0108,2025-08-05,113,601,0.885,0.977
CUST-0108,2025-08-12,109,416,0.879,0.993
CUST-0108,2025-08-19,132,277,0.868,0.935
CUST-0108,2025-08-26,132,366,0.813,0.94
CUST-0108,2025-09-02,109,434,0.806,0.845
CUST-0108,2025-09-09,132,412,0.856,0.835
CUST-0108,2025-09-16,126,373,0.887,1.0
CUST-0108,2025-09-23,126,352,0.961,0.868
CUST-0108,2025-09-30,127,627,0.871,0.87
CUST-0108,2025-10-07,123,520,0.752,0.964
CUST-0108,2025-10-14,132,243,0.982,0.915
CUST-0108,2025-10-21,113,450,0.854,0.905
CUST-0108,2025-10-28,122,601,0.845,0.902
CUST-0108,2025-11-04,123,582,0.783,0.809
CUST-0108,2025-11-11,132,695,0.838,1.0
CUST-0108,2025-11-18,132,683,0.789,0.871
CUST-0108,2025-11-25,122,648,0.806,0.865
CUST-0108,2025-12-02,122,437,0.945,0.94
CUST-0108,2025-12-09,110,160,0.889,0.939
CUST-0108,2025-12-16,111,282,0.779,1.0
CUST-0108,2025-12-23,132,656,0.882,0.939
CUST-0108,2025-12-30,127,569,0.88,0.936
CUST-0108,2026-01-06,127,692,0.916,0.92
CUST-0108,2026-01-13,105,342,0.994,0.973
CUST-0108,2026-01-20,111,458,0.893,0.935
CUST-0108,2026-01-27,129,569,0.852,1.0
CUST-0108,2026-02-03,120,627,0.826,0.95
CUST-0108,2026-02-10,132,699,0.87,0.974
CUST-0108,2026-02-17,121,574,0.967,0.887
CUST-0108,2026-02-24,121,352,0.896,0.971
CUST-0108,2026-03-03,124,591,0.846,0.862
CUST-0108,2026-03-10,124,476,0.908,1.0
CUST-0108,2026-03-17,114,502,0.915,1.0
CUST-0108,2026-03-24,126,495,0.899,0.947
CUST-0108,2026-03-31,126,574,0.918,0.964
CUST-0108,2026-04-07,112,400,0.936,0.956
CUST-0108,2026-04-14,123,400,0.905,1.0
CUST-0108,2026-04-21,132,311,0.962,0.891
CUST-0108,2026-04-28,132,388,0.872,0.922
CUST-0108,2026-05-05,111,351,0.9,1.0
CUST-0108,2026-05-12,118,351,0.858,0.965
CUST-0108,2026-05-19,123,647,0.884,0.933
CUST-0108,2026-05-26,132,633,0.929,0.83
CUST-0108,2026-06-02,132,705,0.882,0.976
CUST-0108,2026-06-09,126,452,0.955,0.965
CUST-0108,2026-06-16,109,477,1.0,0.967
CUST-0108,2026-06-23,120,664,0.811,1.0
CUST-0109,2024-07-02,15,57,0.757,0.762
CUST-0109,2024-07-09,13,24,0.693,0.786
CUST-0109,2024-07-16,17,36,0.836,0.8
CUST-0109,2024-07-23,15,25,0.751,0.808
CUST-0109,2024-07-30,15,45,0.691,0.755
CUST-0109,2024-08-06,16,54,0.732,0.864
CUST-0109,2024-08-13,18,60,0.791,0.748
CUST-0109,2024-08-20,13,36,0.789,0.888
CUST-0109,2024-08-27,16,29,0.777,0.834
CUST-0109,2024-09-03,20,33,0.689,0.807
CUST-0109,2024-09-10,15,71,0.829,0.842
CUST-0109,2024-09-17,15,49,0.715,0.595
CUST-0109,2024-09-24,19,88,0.632,0.818
CUST-0109,2024-10-01,16,50,0.772,0.952
CUST-0109,2024-10-08,21,58,0.788,0.881
CUST-0109,2024-10-15,16,74,0.717,0.905
CUST-0109,2024-10-22,17,50,0.8,0.869
CUST-0109,2024-10-29,15,34,0.778,0.782
CUST-0109,2024-11-05,17,25,0.764,0.949
CUST-0109,2024-11-12,16,34,0.768,0.881
CUST-0109,2024-11-19,15,43,0.683,0.804
CUST-0109,2024-11-26,18,26,0.71,0.878
CUST-0109,2024-12-03,18,55,0.809,0.767
CUST-0109,2024-12-10,15,59,0.723,0.834
CUST-0109,2024-12-17,17,36,0.823,0.92
CUST-0109,2024-12-24,20,90,0.782,0.852
CUST-0109,2024-12-31,19,58,0.793,0.858
CUST-0109,2025-01-07,18,47,0.718,0.894
CUST-0109,2025-01-14,17,30,0.888,0.879
CUST-0109,2025-01-21,19,69,0.8,0.811
CUST-0109,2025-01-28,19,57,0.813,0.883
CUST-0109,2025-02-04,19,51,0.819,0.819
CUST-0109,2025-02-11,20,66,0.784,0.858
CUST-0109,2025-02-18,17,28,0.823,0.867
CUST-0109,2025-02-25,17,69,0.774,0.937
CUST-0109,2025-03-04,19,86,0.818,0.881
CUST-0109,2025-03-11,16,39,0.746,0.859
CUST-0109,2025-03-18,18,76,0.812,0.86
CUST-0109,2025-03-25,20,96,0.762,0.848
CUST-0109,2025-04-01,17,67,0.818,0.834
CUST-0109,2025-04-08,18,51,0.773,0.899
CUST-0109,2025-04-15,16,36,0.793,0.868
CUST-0109,2025-04-22,18,27,0.787,0.829
CUST-0109,2025-04-29,18,46,0.938,0.979
CUST-0109,2025-05-06,17,63,0.849,0.95
CUST-0109,2025-05-13,21,66,0.805,0.823
CUST-0109,2025-05-20,21,76,0.85,0.815
CUST-0109,2025-05-27,17,51,0.838,0.982
CUST-0109,2025-06-03,20,85,0.783,1.0
CUST-0109,2025-06-10,17,77,0.843,0.868
CUST-0109,2025-06-17,20,88,0.937,1.0
CUST-0109,2025-06-24,21,57,0.896,0.963
CUST-0109,2025-07-01,18,60,0.825,0.897
CUST-0109,2025-07-08,20,43,0.798,0.957
CUST-0109,2025-07-15,20,90,0.812,0.987
CUST-0109,2025-07-22,18,61,0.783,0.884
CUST-0109,2025-07-29,17,34,0.854,0.899
CUST-0109,2025-08-05,18,28,0.87,0.937
CUST-0109,2025-08-12,19,46,0.829,0.922
CUST-0109,2025-08-19,19,59,0.805,0.904
CUST-0109,2025-08-26,21,81,0.87,0.969
CUST-0109,2025-09-02,21,97,0.939,0.971
CUST-0109,2025-09-09,19,82,0.798,0.943
CUST-0109,2025-09-16,17,71,0.822,0.957
CUST-0109,2025-09-23,18,78,0.871,1.0
CUST-0109,2025-09-30,19,80,0.902,0.904
CUST-0109,2025-10-07,17,76,0.879,0.858
CUST-0109,2025-10-14,19,55,0.831,0.854
CUST-0109,2025-10-21,20,32,0.817,0.907
CUST-0109,2025-10-28,20,39,0.903,0.918
CUST-0109,2025-11-04,21,108,0.898,0.86
CUST-0109,2025-11-11,21,51,0.879,0.993
CUST-0109,2025-11-18,18,63,0.937,0.969
CUST-0109,2025-11-25,20,91,0.851,1.0
CUST-0109,2025-12-02,21,108,0.844,0.992
CUST-0109,2025-12-09,21,36,0.876,0.921
CUST-0109,2025-12-16,19,27,0.962,0.944
CUST-0109,2025-12-23,20,107,0.912,0.983
CUST-0109,2025-12-30,21,38,0.825,0.892
CUST-0109,2026-01-06,18,29,0.865,0.998
CUST-0109,2026-01-13,18,59,0.761,1.0
CUST-0109,2026-01-20,17,45,0.912,1.0
CUST-0109,2026-01-27,21,42,0.985,1.0
CUST-0109,2026-02-03,20,50,0.946,0.974
CUST-0109,2026-02-10,21,99,0.948,0.935
CUST-0109,2026-02-17,21,49,0.922,0.894
CUST-0109,2026-02-24,18,98,0.874,1.0
CUST-0109,2026-03-03,21,100,0.892,0.955
CUST-0109,2026-03-10,20,80,0.942,0.969
CUST-0109,2026-03-17,21,78,0.934,0.933
CUST-0109,2026-03-24,18,95,0.915,0.958
CUST-0109,2026-03-31,21,102,0.911,0.938
CUST-0109,2026-04-07,20,84,0.916,1.0
CUST-0109,2026-04-14,19,84,0.876,0.977
CUST-0109,2026-04-21,21,112,0.888,0.979
CUST-0109,2026-04-28,20,92,0.959,0.94
CUST-0109,2026-05-05,21,37,0.986,0.997
CUST-0109,2026-05-12,20,109,0.884,0.921
CUST-0109,2026-05-19,21,68,1.0,0.821
CUST-0109,2026-05-26,20,119,0.914,1.0
CUST-0109,2026-06-02,20,71,0.936,0.985
CUST-0109,2026-06-09,16,75,0.913,1.0
CUST-0109,2026-06-16,21,40,0.839,0.927
CUST-0109,2026-06-23,19,102,0.917,0.94
CUST-0110,2024-04-16,13,41,0.573,0.737
CUST-0110,2024-04-23,13,32,0.656,0.669
CUST-0110,2024-04-30,13,48,0.648,0.793
CUST-0110,2024-05-07,17,40,0.637,0.703
CUST-0110,2024-05-14,13,39,0.688,0.637
CUST-0110,2024-05-21,14,19,0.664,0.769
CUST-0110,2024-05-28,12,36,0.727,0.757
CUST-0110,2024-06-04,15,43,0.699,0.672
CUST-0110,2024-06-11,16,47,0.644,0.861
CUST-0110,2024-06-18,16,22,0.677,0.724
CUST-0110,2024-06-25,12,23,0.654,0.777
CUST-0110,2024-07-02,14,34,0.677,0.686
CUST-0110,2024-07-09,15,20,0.64,0.643
CUST-0110,2024-07-16,15,19,0.7,0.745
CUST-0110,2024-07-23,13,38,0.731,0.701
CUST-0110,2024-07-30,11,28,0.676,0.692
CUST-0110,2024-08-06,13,20,0.557,0.642
CUST-0110,2024-08-13,12,17,0.633,0.775
CUST-0110,2024-08-20,12,46,0.629,0.631
CUST-0110,2024-08-27,16,24,0.676,0.597
CUST-0110,2024-09-03,13,22,0.714,0.763
CUST-0110,2024-09-10,17,46,0.654,0.619
CUST-0110,2024-09-17,15,24,0.668,0.621
CUST-0110,2024-09-24,11,25,0.662,0.755
CUST-0110,2024-10-01,12,40,0.642,0.659
CUST-0110,2024-10-08,15,32,0.633,0.684
CUST-0110,2024-10-15,14,47,0.652,0.78
CUST-0110,2024-10-22,13,35,0.657,0.662
CUST-0110,2024-10-29,13,35,0.693,0.633
CUST-0110,2024-11-05,16,56,0.598,0.683
CUST-0110,2024-11-12,13,17,0.6,0.778
CUST-0110,2024-11-19,13,17,0.689,0.628
CUST-0110,2024-11-26,15,37,0.599,0.602
CUST-0110,2024-12-03,13,23,0.495,0.608
CUST-0110,2024-12-10,10,32,0.65,0.604
CUST-0110,2024-12-17,13,46,0.669,0.712
CUST-0110,2024-12-24,13,21,0.58,0.686
CUST-0110,2024-12-31,15,27,0.602,0.628
CUST-0110,2025-01-07,14,51,0.557,0.526
CUST-0110,2025-01-14,15,57,0.669,0.735
CUST-0110,2025-01-21,11,13,0.659,0.553
CUST-0110,2025-01-28,13,24,0.648,0.665
CUST-0110,2025-02-04,13,14,0.59,0.583
CUST-0110,2025-02-11,13,24,0.634,0.84
CUST-0110,2025-02-18,13,29,0.673,0.625
CUST-0110,2025-02-25,10,28,0.536,0.691
CUST-0110,2025-03-04,12,29,0.635,0.586
CUST-0110,2025-03-11,17,35,0.615,0.802
CUST-0110,2025-03-18,15,41,0.566,0.565
CUST-0110,2025-03-25,14,33,0.67,0.622
CUST-0110,2025-04-01,11,31,0.55,0.64
CUST-0110,2025-04-08,12,39,0.538,0.712
CUST-0110,2025-04-15,11,38,0.594,0.567
CUST-0110,2025-04-22,13,42,0.559,0.529
CUST-0110,2025-04-29,12,36,0.568,0.61
CUST-0110,2025-05-06,12,26,0.608,0.794
CUST-0110,2025-05-13,12,28,0.554,0.671
CUST-0110,2025-05-20,14,19,0.579,0.678
CUST-0110,2025-05-27,11,22,0.633,0.683
CUST-0110,2025-06-03,10,35,0.62,0.63
CUST-0110,2025-06-10,10,19,0.615,0.701
CUST-0110,2025-06-17,12,29,0.482,0.605
CUST-0110,2025-06-24,13,35,0.577,0.662
CUST-0110,2025-07-01,12,31,0.597,0.704
CUST-0110,2025-07-08,13,24,0.62,0.605
CUST-0110,2025-07-15,12,35,0.568,0.655
CUST-0110,2025-07-22,12,25,0.59,0.664
CUST-0110,2025-07-29,10,22,0.626,0.66
CUST-0110,2025-08-05,12,41,0.568,0.66
CUST-0110,2025-08-12,9,16,0.584,0.761
CUST-0110,2025-08-19,13,34,0.667,0.655
CUST-0110,2025-08-26,12,38,0.453,0.706
CUST-0110,2025-09-02,9,20,0.557,0.609
CUST-0110,2025-09-09,11,22,0.561,0.68
CUST-0110,2025-09-16,9,23,0.563,0.681
CUST-0110,2025-09-23,12,15,0.462,0.616
CUST-0110,2025-09-30,13,26,0.506,0.588
CUST-0110,2025-10-07,13,28,0.669,0.716
CUST-0110,2025-10-14,11,35,0.512,0.509
CUST-0110,2025-10-21,13,34,0.5,0.484
CUST-0110,2025-10-28,11,10,0.552,0.673
CUST-0110,2025-11-04,11,28,0.564,0.648
CUST-0110,2025-11-11,14,35,0.597,0.589
CUST-0110,2025-11-18,13,45,0.587,0.624
CUST-0110,2025-11-25,12,40,0.542,0.698
CUST-0110,2025-12-02,10,27,0.486,0.598
CUST-0110,2025-12-09,10,16,0.582,0.626
CUST-0110,2025-12-16,13,22,0.547,0.601
CUST-0110,2025-12-23,11,22,0.564,0.638
CUST-0110,2025-12-30,13,37,0.558,0.587
CUST-0110,2026-01-06,13,22,0.451,0.569
CUST-0110,2026-01-13,13,38,0.624,0.676
CUST-0110,2026-01-20,13,28,0.49,0.62
CUST-0110,2026-01-27,11,18,0.579,0.596
CUST-0110,2026-02-03,12,22,0.593,0.602
CUST-0110,2026-02-10,10,20,0.489,0.578
CUST-0110,2026-02-17,9,25,0.597,0.593
CUST-0110,2026-02-24,11,32,0.574,0.648
CUST-0110,2026-03-03,10,28,0.485,0.609
CUST-0110,2026-03-10,11,24,0.482,0.59
CUST-0110,2026-03-17,11,33,0.495,0.47
CUST-0110,2026-03-24,11,21,0.477,0.534
CUST-0110,2026-03-31,12,39,0.476,0.62
CUST-0110,2026-04-07,10,14,0.48,0.605
CUST-0111,2024-04-19,21,29,0.564,0.624
CUST-0111,2024-04-26,21,39,0.662,0.541
CUST-0111,2024-05-03,19,26,0.589,0.598
CUST-0111,2024-05-10,16,46,0.593,0.719
CUST-0111,2024-05-17,21,41,0.513,0.639
CUST-0111,2024-05-24,19,36,0.527,0.645
CUST-0111,2024-05-31,18,52,0.553,0.383
CUST-0111,2024-06-07,15,25,0.524,0.624
CUST-0111,2024-06-14,23,59,0.533,0.581
CUST-0111,2024-06-21,21,25,0.43,0.541
CUST-0111,2024-06-28,21,61,0.523,0.624
CUST-0111,2024-07-05,18,38,0.46,0.656
CUST-0111,2024-07-12,23,51,0.554,0.649
CUST-0111,2024-07-19,21,45,0.551,0.513
CUST-0111,2024-07-26,18,16,0.436,0.573
CUST-0111,2024-08-02,20,57,0.517,0.554
CUST-0111,2024-08-09,12,33,0.53,0.584
CUST-0111,2024-08-16,18,32,0.498,0.595
CUST-0111,2024-08-23,19,20,0.515,0.534
CUST-0111,2024-08-30,16,52,0.471,0.451
CUST-0111,2024-09-06,21,52,0.555,0.634
CUST-0111,2024-09-13,19,57,0.506,0.565
CUST-0111,2024-09-20,22,50,0.572,0.529
CUST-0111,2024-09-27,21,38,0.551,0.575
CUST-0111,2024-10-04,22,35,0.467,0.621
CUST-0111,2024-10-11,15,24,0.527,0.574
CUST-0111,2024-10-18,21,43,0.443,0.495
CUST-0111,2024-10-25,19,52,0.58,0.482
CUST-0111,2024-11-01,16,47,0.546,0.49
CUST-0111,2024-11-08,20,41,0.49,0.588
CUST-0111,2024-11-15,16,26,0.446,0.545
CUST-0111,2024-11-22,13,38,0.52,0.54
CUST-0111,2024-11-29,15,34,0.467,0.522
CUST-0111,2024-12-06,16,40,0.525,0.446
CUST-0111,2024-12-13,19,31,0.487,0.534
CUST-0111,2024-12-20,14,30,0.395,0.545
CUST-0111,2024-12-27,21,55,0.629,0.516
CUST-0111,2025-01-03,15,35,0.511,0.494
CUST-0111,2025-01-10,21,22,0.474,0.552
CUST-0111,2025-01-17,19,38,0.433,0.54
CUST-0111,2025-01-24,21,42,0.498,0.512
CUST-0111,2025-01-31,19,33,0.528,0.401
CUST-0111,2025-02-07,18,51,0.475,0.456
CUST-0111,2025-02-14,17,17,0.441,0.541
CUST-0111,2025-02-21,20,31,0.507,0.54
CUST-0111,2025-02-28,16,18,0.529,0.547
CUST-0111,2025-03-07,19,19,0.493,0.499
CUST-0111,2025-03-14,19,35,0.42,0.493
CUST-0111,2025-03-21,19,41,0.57,0.58
CUST-0111,2025-03-28,15,34,0.56,0.381
CUST-0111,2025-04-04,15,33,0.458,0.585
CUST-0111,2025-04-11,14,25,0.436,0.577
CUST-0111,2025-04-18,18,46,0.484,0.475
CUST-0111,2025-04-25,19,54,0.519,0.616
CUST-0111,2025-05-02,18,51,0.578,0.581
CUST-0111,2025-05-09,18,31,0.472,0.472
CUST-0111,2025-05-16,17,29,0.48,0.558
CUST-0111,2025-05-23,19,43,0.46,0.454
CUST-0111,2025-05-30,19,40,0.441,0.507
CUST-0111,2025-06-06,14,13,0.461,0.473
CUST-0111,2025-06-13,21,60,0.409,0.471
CUST-0111,2025-06-20,14,18,0.491,0.429
CUST-0111,2025-06-27,19,49,0.46,0.392
CUST-0111,2025-07-04,14,29,0.482,0.564
CUST-0111,2025-07-11,16,29,0.427,0.59
CUST-0111,2025-07-18,19,35,0.392,0.534
CUST-0111,2025-07-25,12,33,0.437,0.482
CUST-0111,2025-08-01,16,36,0.488,0.542
CUST-0111,2025-08-08,18,28,0.487,0.51
CUST-0111,2025-08-15,16,45,0.429,0.541
CUST-0111,2025-08-22,17,17,0.361,0.472
CUST-0111,2025-08-29,14,36,0.435,0.537
CUST-0111,2025-09-05,21,44,0.43,0.441
CUST-0111,2025-09-12,11,16,0.464,0.437
CUST-0111,2025-09-19,15,40,0.529,0.401
CUST-0111,2025-09-26,13,14,0.411,0.486
CUST-0111,2025-10-03,18,21,0.449,0.52
CUST-0111,2025-10-10,17,36,0.517,0.51
CUST-0111,2025-10-17,20,21,0.504,0.5
CUST-0111,2025-10-24,16,19,0.389,0.546
CUST-0111,2025-10-31,12,20,0.424,0.502
CUST-0111,2025-11-07,17,45,0.377,0.51
CUST-0111,2025-11-14,11,25,0.343,0.509
CUST-0111,2025-11-21,15,33,0.385,0.42
CUST-0111,2025-11-28,18,23,0.37,0.476
CUST-0111,2025-12-05,13,14,0.368,0.537
CUST-0111,2025-12-12,7,17,0.439,0.386
CUST-0111,2025-12-19,13,23,0.433,0.476
CUST-0111,2025-12-26,20,28,0.366,0.448
CUST-0111,2026-01-02,17,27,0.387,0.376
CUST-0111,2026-01-09,16,15,0.428,0.364
CUST-0111,2026-01-16,11,27,0.408,0.47
CUST-0111,2026-01-23,14,36,0.433,0.383
CUST-0111,2026-01-30,14,15,0.367,0.505
CUST-0111,2026-02-06,22,48,0.45,0.503
CUST-0111,2026-02-13,15,22,0.399,0.435
CUST-0111,2026-02-20,15,12,0.42,0.449
CUST-0111,2026-02-27,18,30,0.47,0.489
CUST-0111,2026-03-06,11,29,0.349,0.506
CUST-0111,2026-03-13,16,36,0.46,0.374
CUST-0111,2026-03-20,9,12,0.384,0.431
CUST-0111,2026-03-27,20,48,0.418,0.465
CUST-0111,2026-04-03,13,9,0.404,0.428
CUST-0111,2026-04-10,16,33,0.385,0.357
CUST-0112,2026-01-06,13,43,0.585,0.57
CUST-0112,2026-01-13,10,17,0.504,0.613
CUST-0112,2026-01-20,12,41,0.542,0.683
CUST-0112,2026-01-27,14,34,0.529,0.594
CUST-0112,2026-02-03,16,19,0.475,0.58
CUST-0112,2026-02-10,11,11,0.584,0.53
CUST-0112,2026-02-17,12,22,0.588,0.611
CUST-0112,2026-02-24,13,33,0.515,0.632
CUST-0112,2026-03-03,14,34,0.584,0.649
CUST-0112,2026-03-10,14,32,0.771,0.707
CUST-0112,2026-03-17,12,44,0.677,0.576
CUST-0112,2026-03-24,14,30,0.66,0.682
CUST-0112,2026-03-31,16,23,0.634,0.709
CUST-0112,2026-04-07,15,25,0.597,0.626
CUST-0112,2026-04-14,13,49,0.614,0.689
CUST-0112,2026-04-21,11,17,0.622,0.613
CUST-0112,2026-04-28,16,32,0.631,0.805
CUST-0112,2026-05-05,11,17,0.647,0.793
CUST-0112,2026-05-12,11,43,0.578,0.708
CUST-0112,2026-05-19,14,28,0.578,0.565
CUST-0112,2026-05-26,13,38,0.585,0.65
CUST-0112,2026-06-02,15,26,0.675,0.59
CUST-0112,2026-06-09,15,55,0.681,0.748
CUST-0112,2026-06-16,16,51,0.686,0.785
CUST-0112,2026-06-23,15,44,0.737,0.765
CUST-0113,2024-07-02,25,111,0.918,1.0
CUST-0113,2024-07-09,27,67,0.863,1.0
CUST-0113,2024-07-16,28,138,0.952,0.92
CUST-0113,2024-07-23,26,131,0.931,0.949
CUST-0113,2024-07-30,24,113,0.935,0.976
CUST-0113,2024-08-06,22,113,0.958,0.976
CUST-0113,2024-08-13,28,86,0.912,1.0
CUST-0113,2024-08-20,28,83,0.873,0.952
CUST-0113,2024-08-27,28,46,0.914,1.0
CUST-0113,2024-09-03,27,110,0.872,1.0
CUST-0113,2024-09-10,26,130,0.913,0.999
CUST-0113,2024-09-17,28,166,0.975,1.0
CUST-0113,2024-09-24,27,63,0.919,0.901
CUST-0113,2024-10-01,26,88,1.0,1.0
CUST-0113,2024-10-08,28,81,0.936,1.0
CUST-0113,2024-10-15,25,140,0.94,1.0
CUST-0113,2024-10-22,28,159,0.917,0.838
CUST-0113,2024-10-29,28,113,0.947,1.0
CUST-0113,2024-11-05,28,76,0.964,0.996
CUST-0113,2024-11-12,28,89,0.87,1.0
CUST-0113,2024-11-19,28,162,0.891,0.983
CUST-0113,2024-11-26,24,49,0.926,1.0
CUST-0113,2024-12-03,26,93,0.931,1.0
CUST-0113,2024-12-10,28,122,0.905,0.999
CUST-0113,2024-12-17,28,117,0.879,0.919
CUST-0113,2024-12-24,28,94,0.915,0.998
CUST-0113,2024-12-31,28,122,0.835,0.904
CUST-0113,2025-01-07,28,52,0.963,1.0
CUST-0113,2025-01-14,26,60,0.931,1.0
CUST-0113,2025-01-21,28,143,0.966,1.0
CUST-0113,2025-01-28,27,86,1.0,1.0
CUST-0113,2025-02-04,24,38,0.919,1.0
CUST-0113,2025-02-11,28,66,0.912,1.0
CUST-0113,2025-02-18,27,110,0.884,1.0
CUST-0113,2025-02-25,28,84,0.906,1.0
CUST-0113,2025-03-04,28,119,0.984,1.0
CUST-0113,2025-03-11,25,113,0.96,0.937
CUST-0113,2025-03-18,28,160,0.961,0.965
CUST-0113,2025-03-25,27,143,0.843,1.0
CUST-0113,2025-04-01,28,111,0.906,0.892
CUST-0113,2025-04-08,28,55,0.92,1.0
CUST-0113,2025-04-15,28,75,0.902,1.0
CUST-0113,2025-04-22,28,105,0.963,1.0
CUST-0113,2025-04-29,28,51,0.916,1.0
CUST-0113,2025-05-06,26,47,0.904,0.986
CUST-0113,2025-05-13,28,114,0.814,0.993
CUST-0113,2025-05-20,26,86,0.987,0.969
CUST-0113,2025-05-27,27,83,1.0,0.944
CUST-0113,2025-06-03,27,71,0.92,1.0
CUST-0113,2025-06-10,28,92,0.875,1.0
CUST-0113,2025-06-17,26,84,0.966,0.866
CUST-0113,2025-06-24,28,98,1.0,1.0
CUST-0113,2025-07-01,27,121,0.823,1.0
CUST-0113,2025-07-08,28,160,0.907,0.888
CUST-0113,2025-07-15,27,86,0.975,1.0
CUST-0113,2025-07-22,28,50,0.905,1.0
CUST-0113,2025-07-29,24,115,0.931,1.0
CUST-0113,2025-08-05,28,131,1.0,0.952
CUST-0113,2025-08-12,25,145,0.964,0.906
CUST-0113,2025-08-19,26,70,0.904,1.0
CUST-0113,2025-08-26,26,116,0.904,1.0
CUST-0113,2025-09-02,28,101,0.918,1.0
CUST-0113,2025-09-09,25,143,0.973,1.0
CUST-0113,2025-09-16,26,150,1.0,1.0
CUST-0113,2025-09-23,28,167,0.969,0.994
CUST-0113,2025-09-30,28,106,0.999,0.973
CUST-0113,2025-10-07,28,143,0.891,0.94
CUST-0113,2025-10-14,28,119,0.887,1.0
CUST-0113,2025-10-21,28,95,0.928,1.0
CUST-0113,2025-10-28,28,74,0.937,0.991
CUST-0113,2025-11-04,28,54,0.963,0.951
CUST-0113,2025-11-11,26,89,0.961,0.89
CUST-0113,2025-11-18,24,67,0.933,0.975
CUST-0113,2025-11-25,19,84,0.979,1.0
CUST-0113,2025-12-02,26,73,0.985,1.0
CUST-0113,2025-12-09,28,128,0.967,0.889
CUST-0113,2025-12-16,27,143,0.979,1.0
CUST-0113,2025-12-23,24,116,0.936,1.0
CUST-0113,2025-12-30,28,56,0.874,1.0
CUST-0113,2026-01-06,28,129,0.862,1.0
CUST-0113,2026-01-13,28,77,0.876,0.995
CUST-0113,2026-01-20,26,121,0.962,0.989
CUST-0113,2026-01-27,28,124,0.87,1.0
CUST-0113,2026-02-03,28,53,0.896,0.965
CUST-0113,2026-02-10,28,61,0.843,0.932
CUST-0113,2026-02-17,28,130,0.891,1.0
CUST-0113,2026-02-24,26,68,0.933,1.0
CUST-0113,2026-03-03,27,131,0.922,1.0
CUST-0113,2026-03-10,27,108,0.851,1.0
CUST-0113,2026-03-17,28,63,0.883,0.984
CUST-0113,2026-03-24,28,124,1.0,1.0
CUST-0113,2026-03-31,25,93,0.974,0.951
CUST-0113,2026-04-07,27,59,0.867,1.0
CUST-0113,2026-04-14,28,118,0.93,0.985
CUST-0113,2026-04-21,26,48,0.9,0.967
CUST-0113,2026-04-28,24,39,0.912,1.0
CUST-0113,2026-05-05,24,133,0.89,0.932
CUST-0113,2026-05-12,28,123,0.842,1.0
CUST-0113,2026-05-19,27,159,0.929,1.0
CUST-0113,2026-05-26,28,67,0.918,1.0
CUST-0113,2026-06-02,26,117,0.922,1.0
CUST-0113,2026-06-09,27,107,0.999,1.0
CUST-0113,2026-06-16,23,56,0.938,1.0
CUST-0113,2026-06-23,25,76,0.911,1.0
CUST-0114,2023-06-18,6,3,0.24,0.267
CUST-0114,2023-06-25,14,7,0.107,0.306
CUST-0114,2023-07-02,13,16,0.177,0.199
CUST-0114,2023-07-09,15,12,0.221,0.257
CUST-0114,2023-07-16,15,11,0.224,0.292
CUST-0114,2023-07-23,15,14,0.1,0.175
CUST-0114,2023-07-30,14,12,0.183,0.305
CUST-0114,2023-08-06,12,4,0.24,0.233
CUST-0114,2023-08-13,7,6,0.157,0.274
CUST-0114,2023-08-20,20,12,0.169,0.179
CUST-0114,2023-08-27,8,8,0.118,0.238
CUST-0114,2023-09-03,18,5,0.291,0.128
CUST-0114,2023-09-10,7,6,0.186,0.135
CUST-0114,2023-09-17,2,1,0.117,0.19
CUST-0114,2023-09-24,15,14,0.184,0.197
CUST-0114,2023-10-01,9,6,0.179,0.124
CUST-0114,2023-10-08,7,6,0.137,0.216
CUST-0114,2023-10-15,12,4,0.157,0.212
CUST-0114,2023-10-22,5,2,0.131,0.22
CUST-0114,2023-10-29,7,7,0.191,0.19
CUST-0114,2023-11-05,7,3,0.152,0.186
CUST-0114,2023-11-12,2,0,0.157,0.226
CUST-0114,2023-11-19,8,3,0.159,0.16
CUST-0114,2023-11-26,10,2,0.137,0.188
CUST-0114,2023-12-03,10,8,0.12,0.208
CUST-0114,2023-12-10,1,0,0.091,0.26
CUST-0114,2023-12-17,5,3,0.146,0.19
CUST-0114,2023-12-24,15,7,0.119,0.188
CUST-0114,2023-12-31,1,0,0.241,0.169
CUST-0114,2024-01-07,11,9,0.131,0.138
CUST-0114,2024-01-14,6,3,0.144,0.15
CUST-0114,2024-01-21,15,8,0.146,0.163
CUST-0114,2024-01-28,13,3,0.094,0.152
CUST-0114,2024-02-04,8,4,0.16,0.081
CUST-0114,2024-02-11,5,1,0.144,0.231
CUST-0114,2024-02-18,2,1,0.15,0.103
CUST-0114,2024-02-25,7,5,0.113,0.045
CUST-0114,2024-03-03,4,1,0.158,0.06
CUST-0114,2024-03-10,11,5,0.102,0.115
CUST-0114,2024-03-17,18,14,0.139,0.0
CUST-0114,2024-03-24,17,8,0.074,0.151
CUST-0114,2024-03-31,5,1,0.036,0.217
CUST-0114,2024-04-07,7,4,0.049,0.125
CUST-0114,2024-04-14,3,2,0.088,0.04
CUST-0114,2024-04-21,15,5,0.191,0.124
CUST-0114,2024-04-28,8,3,0.133,0.0
CUST-0114,2024-05-05,4,0,0.112,0.0
CUST-0114,2024-05-12,14,8,0.175,0.052
CUST-0114,2024-05-19,14,5,0.119,0.194
CUST-0114,2024-05-26,4,2,0.114,0.18
CUST-0114,2024-06-02,2,1,0.081,0.053
CUST-0114,2024-06-09,7,2,0.128,0.117
CUST-0114,2024-06-16,7,4,0.123,0.09
CUST-0114,2024-06-23,9,2,0.173,0.061
CUST-0114,2024-06-30,8,3,0.124,0.115
CUST-0114,2024-07-07,10,5,0.155,0.115
CUST-0114,2024-07-14,11,5,0.11,0.135
CUST-0114,2024-07-21,3,0,0.098,0.129
CUST-0114,2024-07-28,7,2,0.236,0.092
CUST-0114,2024-08-04,7,3,0.131,0.144
CUST-0114,2024-08-11,7,1,0.015,0.039
CUST-0114,2024-08-18,2,1,0.102,0.05
CUST-0114,2024-08-25,4,1,0.099,0.096
CUST-0114,2024-09-01,4,1,0.106,0.074
CUST-0114,2024-09-08,13,6,0.098,0.076
CUST-0114,2024-09-15,9,1,0.06,0.063
CUST-0114,2024-09-22,1,0,0.141,0.093
CUST-0114,2024-09-29,5,1,0.088,0.0
CUST-0114,2024-10-06,1,0,0.046,0.076
CUST-0114,2024-10-13,1,0,0.067,0.103
CUST-0114,2024-10-20,9,3,0.0,0.008
CUST-0114,2024-10-27,1,0,0.026,0.071
CUST-0114,2024-11-03,3,0,0.142,0.128
CUST-0114,2024-11-10,2,0,0.101,0.153
CUST-0114,2024-11-17,5,1,0.054,0.265
CUST-0114,2024-11-24,7,2,0.075,0.047
CUST-0114,2024-12-01,8,2,0.03,0.026
CUST-0114,2024-12-08,10,2,0.06,0.165
CUST-0114,2024-12-15,1,0,0.073,0.086
CUST-0114,2024-12-22,6,0,0.164,0.061
CUST-0114,2024-12-29,1,0,0.019,0.06
CUST-0114,2025-01-05,1,0,0.0,0.045
CUST-0114,2025-01-12,1,0,0.093,0.093
CUST-0114,2025-01-19,2,0,0.06,0.0
CUST-0114,2025-01-26,1,0,0.052,0.209
CUST-0114,2025-02-02,2,0,0.09,0.0
CUST-0114,2025-02-09,9,1,0.057,0.107
CUST-0114,2025-02-16,1,0,0.046,0.004
CUST-0114,2025-02-23,1,0,0.009,0.063
CUST-0114,2025-03-02,1,0,0.051,0.0
CUST-0115,2025-01-07,14,23,0.565,0.567
CUST-0115,2025-01-14,15,16,0.574,0.703
CUST-0115,2025-01-21,11,27,0.514,0.597
CUST-0115,2025-01-28,15,33,0.535,0.478
CUST-0115,2025-02-04,13,39,0.473,0.576
CUST-0115,2025-02-11,14,19,0.51,0.41
CUST-0115,2025-02-18,10,18,0.416,0.424
CUST-0115,2025-02-25,15,40,0.367,0.54
CUST-0115,2025-03-04,8,7,0.493,0.476
CUST-0115,2025-03-11,12,27,0.478,0.634
CUST-0115,2025-03-18,13,22,0.479,0.588
CUST-0115,2025-03-25,10,12,0.468,0.496
CUST-0115,2025-04-01,13,20,0.411,0.505
CUST-0115,2025-04-08,7,7,0.508,0.357
CUST-0115,2025-04-15,10,20,0.401,0.442
CUST-0115,2025-04-22,11,25,0.462,0.448
CUST-0115,2025-04-29,6,11,0.424,0.311
CUST-0115,2025-05-06,9,21,0.471,0.409
CUST-0115,2025-05-13,8,16,0.316,0.322
CUST-0115,2025-05-20,11,24,0.395,0.315
CUST-0115,2025-05-27,9,13,0.403,0.395
CUST-0115,2025-06-03,9,15,0.285,0.556
CUST-0115,2025-06-10,12,24,0.28,0.384
CUST-0115,2025-06-17,12,9,0.396,0.374
CUST-0115,2025-06-24,6,11,0.338,0.296
CUST-0115,2025-07-01,7,6,0.33,0.283
CUST-0115,2025-07-08,10,18,0.267,0.298
CUST-0115,2025-07-15,4,4,0.336,0.304
CUST-0115,2025-07-22,8,14,0.346,0.277
CUST-0115,2025-07-29,9,10,0.354,0.283
CUST-0115,2025-08-05,5,4,0.332,0.269
CUST-0115,2025-08-12,3,4,0.31,0.252
CUST-0115,2025-08-19,6,3,0.274,0.372
CUST-0115,2025-08-26,6,5,0.318,0.319
CUST-0115,2025-09-02,4,2,0.229,0.321
CUST-0115,2025-09-09,9,9,0.285,0.209
CUST-0115,2025-09-16,9,8,0.201,0.178
CUST-0115,2025-09-23,4,5,0.24,0.254
CUST-0115,2025-09-30,10,10,0.262,0.32
CUST-0115,2025-10-07,3,4,0.108,0.171
CUST-0115,2025-10-14,3,2,0.236,0.251
CUST-0115,2025-10-21,9,11,0.195,0.248
CUST-0115,2025-10-28,6,2,0.098,0.25
CUST-0115,2025-11-04,6,4,0.294,0.122
CUST-0115,2025-11-11,8,2,0.181,0.215
CUST-0115,2025-11-18,3,2,0.127,0.245
CUST-0115,2025-11-25,6,7,0.159,0.144
CUST-0115,2025-12-02,8,5,0.211,0.198
CUST-0115,2025-12-09,7,5,0.116,0.103
CUST-0115,2025-12-16,5,2,0.118,0.139
CUST-0115,2025-12-23,5,2,0.154,0.078
CUST-0115,2025-12-30,4,2,0.217,0.195
CUST-0115,2026-01-06,4,0,0.119,0.148
CUST-0115,2026-01-13,3,1,0.148,0.077
CUST-0115,2026-01-20,2,0,0.114,0.102
CUST-0115,2026-01-27,2,1,0.169,0.093
CUST-0115,2026-02-03,2,1,0.074,0.111
CUST-0115,2026-02-10,6,1,0.188,0.178
CUST-0115,2026-02-17,3,1,0.05,0.091
CUST-0115,2026-02-24,2,1,0.101,0.179
CUST-0115,2026-03-03,3,1,0.077,0.024
CUST-0115,2026-03-10,3,0,0.018,0.0
CUST-0115,2026-03-17,2,0,0.12,0.069
CUST-0115,2026-03-24,1,0,0.008,0.084
CUST-0115,2026-03-31,1,0,0.035,0.125
CUST-0115,2026-04-07,1,0,0.143,0.198
CUST-0115,2026-04-14,3,0,0.064,0.032
CUST-0115,2026-04-21,1,0,0.043,0.146
CUST-0115,2026-04-28,1,0,0.01,0.032
CUST-0115,2026-05-05,1,0,0.072,0.0
CUST-0115,2026-05-12,2,0,0.023,0.0
CUST-0115,2026-05-19,1,0,0.0,0.0
CUST-0115,2026-05-26,1,0,0.0,0.0
CUST-0115,2026-06-02,1,0,0.004,0.0
CUST-0115,2026-06-09,3,0,0.039,0.0
CUST-0115,2026-06-16,1,0,0.003,0.004
CUST-0115,2026-06-23,1,0,0.058,0.0
CUST-0116,2024-07-02,8,4,0.254,0.315
CUST-0116,2024-07-09,10,7,0.336,0.465
CUST-0116,2024-07-16,12,12,0.331,0.263
CUST-0116,2024-07-23,15,22,0.235,0.378
CUST-0116,2024-07-30,10,16,0.32,0.38
CUST-0116,2024-08-06,11,21,0.359,0.451
CUST-0116,2024-08-13,9,7,0.307,0.432
CUST-0116,2024-08-20,9,7,0.354,0.306
CUST-0116,2024-08-27,7,11,0.244,0.299
CUST-0116,2024-09-03,10,13,0.419,0.436
CUST-0116,2024-09-10,9,13,0.35,0.329
CUST-0116,2024-09-17,8,13,0.285,0.299
CUST-0116,2024-09-24,11,19,0.324,0.511
CUST-0116,2024-10-01,9,10,0.307,0.402
CUST-0116,2024-10-08,10,18,0.334,0.349
CUST-0116,2024-10-15,11,13,0.298,0.358
CUST-0116,2024-10-22,12,18,0.29,0.305
CUST-0116,2024-10-29,8,9,0.304,0.271
CUST-0116,2024-11-05,6,8,0.355,0.282
CUST-0116,2024-11-12,13,20,0.319,0.365
CUST-0116,2024-11-19,6,10,0.299,0.3
CUST-0116,2024-11-26,9,11,0.368,0.282
CUST-0116,2024-12-03,5,3,0.323,0.273
CUST-0116,2024-12-10,12,19,0.3,0.311
CUST-0116,2024-12-17,7,12,0.292,0.365
CUST-0116,2024-12-24,14,13,0.279,0.401
CUST-0116,2024-12-31,12,8,0.258,0.34
CUST-0116,2025-01-07,12,19,0.307,0.375
CUST-0116,2025-01-14,9,15,0.32,0.451
CUST-0116,2025-01-21,14,12,0.299,0.33
CUST-0116,2025-01-28,8,15,0.355,0.471
CUST-0116,2025-02-04,12,21,0.303,0.373
CUST-0116,2025-02-11,10,6,0.334,0.333
CUST-0116,2025-02-18,12,19,0.406,0.383
CUST-0116,2025-02-25,8,14,0.312,0.286
CUST-0116,2025-03-04,7,11,0.338,0.358
CUST-0116,2025-03-11,13,12,0.237,0.328
CUST-0116,2025-03-18,15,18,0.355,0.336
CUST-0116,2025-03-25,8,6,0.322,0.331
CUST-0116,2025-04-01,13,26,0.408,0.343
CUST-0116,2025-04-08,8,11,0.272,0.382
CUST-0116,2025-04-15,7,4,0.343,0.356
CUST-0116,2025-04-22,7,9,0.312,0.348
CUST-0116,2025-04-29,10,17,0.299,0.221
CUST-0116,2025-05-06,11,18,0.285,0.232
CUST-0116,2025-05-13,10,5,0.323,0.326
CUST-0116,2025-05-20,7,10,0.344,0.408
CUST-0116,2025-05-27,9,17,0.331,0.444
CUST-0116,2025-06-03,12,16,0.336,0.334
CUST-0116,2025-06-10,10,12,0.355,0.33
CUST-0116,2025-06-17,14,7,0.341,0.414
CUST-0116,2025-06-24,11,20,0.311,0.191
CUST-0116,2025-07-01,9,9,0.203,0.341
CUST-0116,2025-07-08,9,17,0.42,0.268
CUST-0116,2025-07-15,12,17,0.304,0.329
CUST-0116,2025-07-22,14,25,0.354,0.328
CUST-0116,2025-07-29,7,8,0.181,0.393
CUST-0116,2025-08-05,10,19,0.359,0.346
CUST-0116,2025-08-12,11,5,0.279,0.374
CUST-0116,2025-08-19,11,12,0.312,0.399
CUST-0116,2025-08-26,8,13,0.333,0.342
CUST-0116,2025-09-02,10,17,0.232,0.319
CUST-0116,2025-09-09,10,13,0.271,0.347
CUST-0116,2025-09-16,10,17,0.258,0.372
CUST-0116,2025-09-23,10,10,0.377,0.32
CUST-0116,2025-09-30,8,11,0.203,0.287
CUST-0116,2025-10-07,8,11,0.229,0.287
CUST-0116,2025-10-14,12,13,0.25,0.399
CUST-0116,2025-10-21,10,6,0.289,0.465
CUST-0116,2025-10-28,16,26,0.273,0.442
CUST-0116,2025-11-04,10,12,0.237,0.247
CUST-0116,2025-11-11,8,4,0.274,0.245
CUST-0116,2025-11-18,9,10,0.329,0.334
CUST-0116,2025-11-25,10,17,0.265,0.371
CUST-0116,2025-12-02,14,16,0.37,0.376
CUST-0116,2025-12-09,12,13,0.306,0.243
CUST-0116,2025-12-16,8,15,0.294,0.279
CUST-0116,2025-12-23,11,14,0.271,0.462
CUST-0116,2025-12-30,9,8,0.32,0.336
CUST-0116,2026-01-06,11,8,0.258,0.355
CUST-0116,2026-01-13,8,9,0.289,0.418
CUST-0116,2026-01-20,10,9,0.329,0.29
CUST-0116,2026-01-27,10,12,0.252,0.414
CUST-0116,2026-02-03,10,18,0.393,0.358
CUST-0116,2026-02-10,9,4,0.421,0.256
CUST-0116,2026-02-17,7,9,0.406,0.272
CUST-0116,2026-02-24,8,5,0.354,0.366
CUST-0116,2026-03-03,6,7,0.238,0.394
CUST-0116,2026-03-10,11,18,0.332,0.406
CUST-0116,2026-03-17,8,13,0.327,0.364
CUST-0116,2026-03-24,10,15,0.412,0.308
CUST-0116,2026-03-31,9,6,0.324,0.354
CUST-0116,2026-04-07,8,6,0.293,0.44
CUST-0116,2026-04-14,9,18,0.371,0.293
CUST-0116,2026-04-21,7,5,0.301,0.349
CUST-0116,2026-04-28,8,11,0.323,0.333
CUST-0116,2026-05-05,5,5,0.358,0.34
CUST-0116,2026-05-12,7,12,0.311,0.372
CUST-0116,2026-05-19,10,11,0.323,0.382
CUST-0116,2026-05-26,12,13,0.36,0.291
CUST-0116,2026-06-02,9,11,0.218,0.34
CUST-0116,2026-06-09,6,11,0.269,0.337
CUST-0116,2026-06-16,13,21,0.296,0.371
CUST-0116,2026-06-23,10,10,0.283,0.371
CUST-0117,2026-02-01,16,17,0.523,0.496
CUST-0117,2026-02-08,16,15,0.44,0.508
CUST-0117,2026-02-15,11,34,0.459,0.52
CUST-0117,2026-02-22,14,40,0.44,0.477
CUST-0117,2026-03-01,19,26,0.583,0.575
CUST-0117,2026-03-08,13,16,0.531,0.57
CUST-0117,2026-03-15,16,23,0.508,0.55
CUST-0117,2026-03-22,16,49,0.557,0.582
CUST-0117,2026-03-29,18,49,0.507,0.624
CUST-0117,2026-04-05,16,50,0.467,0.551
CUST-0117,2026-04-12,19,40,0.45,0.5
CUST-0117,2026-04-19,20,60,0.536,0.489
CUST-0117,2026-04-26,14,22,0.364,0.555
CUST-0117,2026-05-03,17,54,0.497,0.502
CUST-0118,2024-11-12,50,95,0.667,0.864
CUST-0118,2024-11-19,50,129,0.697,0.645
CUST-0118,2024-11-26,54,61,0.783,0.77
CUST-0118,2024-12-03,48,209,0.619,0.673
CUST-0118,2024-12-10,48,166,0.696,0.739
CUST-0118,2024-12-17,52,60,0.628,0.875
CUST-0118,2024-12-24,58,253,0.8,0.734
CUST-0118,2024-12-31,41,54,0.698,0.749
CUST-0118,2025-01-07,47,79,0.706,0.732
CUST-0118,2025-01-14,52,79,0.665,0.699
CUST-0118,2025-01-21,51,169,0.774,0.8
CUST-0118,2025-01-28,54,228,0.799,0.714
CUST-0118,2025-02-04,55,155,0.672,0.627
CUST-0118,2025-02-11,47,54,0.757,0.743
CUST-0118,2025-02-18,54,93,0.766,0.757
CUST-0118,2025-02-25,52,89,0.709,0.778
CUST-0118,2025-03-04,49,148,0.742,0.759
CUST-0118,2025-03-11,56,240,0.8,0.8
CUST-0118,2025-03-18,52,206,0.745,0.817
CUST-0118,2025-03-25,50,191,0.663,0.804
CUST-0118,2025-04-01,49,206,0.71,0.782
CUST-0118,2025-04-08,49,148,0.719,0.814
CUST-0118,2025-04-15,51,112,0.781,0.776
CUST-0118,2025-04-22,62,278,0.814,0.806
CUST-0118,2025-04-29,65,245,0.725,0.833
CUST-0118,2025-05-06,56,181,0.694,0.713
CUST-0118,2025-05-13,53,139,0.709,0.825
CUST-0118,2025-05-20,46,117,0.666,0.759
CUST-0118,2025-05-27,52,148,0.681,0.672
CUST-0118,2025-06-03,52,235,0.72,0.837
CUST-0118,2025-06-10,53,249,0.704,0.779
CUST-0118,2025-06-17,56,230,0.711,0.816
CUST-0118,2025-06-24,58,111,0.746,0.767
CUST-0118,2025-07-01,63,215,0.763,0.698
CUST-0118,2025-07-08,55,110,0.771,0.836
CUST-0118,2025-07-15,56,243,0.68,0.802
CUST-0118,2025-07-22,46,88,0.755,0.768
CUST-0118,2025-07-29,44,207,0.683,0.846
CUST-0118,2025-08-05,55,150,0.681,0.78
CUST-0118,2025-08-12,49,194,0.748,0.754
CUST-0118,2025-08-19,58,119,0.668,0.65
CUST-0118,2025-08-26,42,133,0.668,0.783
CUST-0118,2025-09-02,61,128,0.705,0.756
CUST-0118,2025-09-09,53,103,0.744,0.743
CUST-0118,2025-09-16,57,214,0.842,0.796
CUST-0118,2025-09-23,53,85,0.67,0.926
CUST-0118,2025-09-30,55,215,0.753,0.816
CUST-0118,2025-10-07,49,107,0.725,0.833
CUST-0118,2025-10-14,56,159,0.764,0.875
CUST-0118,2025-10-21,59,175,0.715,0.751
CUST-0118,2025-10-28,48,142,0.693,0.86
CUST-0118,2025-11-04,56,156,0.703,0.892
CUST-0118,2025-11-11,59,292,0.786,0.774
CUST-0118,2025-11-18,57,189,0.771,0.839
CUST-0118,2025-11-25,59,83,0.746,0.682
CUST-0118,2025-12-02,56,237,0.746,0.953
CUST-0118,2025-12-09,54,207,0.754,0.804
CUST-0118,2025-12-16,61,288,0.731,0.842
CUST-0118,2025-12-23,48,204,0.775,0.842
CUST-0118,2025-12-30,51,100,0.798,0.837
CUST-0118,2026-01-06,53,197,0.804,0.706
CUST-0118,2026-01-13,51,175,0.822,0.778
CUST-0118,2026-01-20,60,256,0.781,0.904
CUST-0118,2026-01-27,50,230,0.753,0.806
CUST-0118,2026-02-03,52,139,0.837,0.891
CUST-0118,2026-02-10,55,137,0.744,0.961
CUST-0118,2026-02-17,58,206,0.761,0.908
CUST-0118,2026-02-24,60,230,0.807,0.764
CUST-0118,2026-03-03,56,98,0.751,0.803
CUST-0118,2026-03-10,55,126,0.73,0.851
CUST-0118,2026-03-17,61,249,0.72,0.844
CUST-0118,2026-03-24,64,195,0.787,0.831
CUST-0118,2026-03-31,58,286,0.738,0.732
CUST-0118,2026-04-07,61,291,0.794,0.817
CUST-0118,2026-04-14,53,199,0.839,0.839
CUST-0118,2026-04-21,60,128,0.772,0.74
CUST-0118,2026-04-28,66,278,0.746,0.832
CUST-0118,2026-05-05,59,289,0.784,0.886
CUST-0118,2026-05-12,55,209,0.76,0.808
CUST-0118,2026-05-19,56,75,0.723,0.833
CUST-0118,2026-05-26,65,283,0.751,0.854
CUST-0118,2026-06-02,48,145,0.778,1.0
CUST-0118,2026-06-09,63,88,0.864,0.944
CUST-0118,2026-06-16,58,256,0.828,0.825
CUST-0118,2026-06-23,56,236,0.865,0.847
CUST-0119,2024-07-02,66,243,0.66,0.678
CUST-0119,2024-07-09,57,240,0.65,0.741
CUST-0119,2024-07-16,73,142,0.646,0.719
CUST-0119,2024-07-23,68,191,0.618,0.704
CUST-0119,2024-07-30,67,79,0.579,0.652
CUST-0119,2024-08-06,60,165,0.6,0.664
CUST-0119,2024-08-13,49,121,0.707,0.731
CUST-0119,2024-08-20,64,92,0.766,0.693
CUST-0119,2024-08-27,66,276,0.618,0.724
CUST-0119,2024-09-03,61,127,0.709,0.766
CUST-0119,2024-09-10,68,142,0.594,0.647
CUST-0119,2024-09-17,68,245,0.739,0.65
CUST-0119,2024-09-24,66,108,0.633,0.759
CUST-0119,2024-10-01,75,181,0.559,0.566
CUST-0119,2024-10-08,63,202,0.648,0.862
CUST-0119,2024-10-15,64,102,0.747,0.863
CUST-0119,2024-10-22,48,137,0.636,0.76
CUST-0119,2024-10-29,74,271,0.606,0.682
CUST-0119,2024-11-05,55,166,0.698,0.712
CUST-0119,2024-11-12,61,193,0.679,0.691
CUST-0119,2024-11-19,60,144,0.659,0.682
CUST-0119,2024-11-26,65,174,0.67,0.695
CUST-0119,2024-12-03,62,250,0.651,0.779
CUST-0119,2024-12-10,70,250,0.731,0.746
CUST-0119,2024-12-17,68,124,0.677,0.744
CUST-0119,2024-12-24,76,118,0.716,0.662
CUST-0119,2024-12-31,71,273,0.573,0.739
CUST-0119,2025-01-07,65,197,0.653,0.71
CUST-0119,2025-01-14,68,91,0.77,0.698
CUST-0119,2025-01-21,54,162,0.671,0.749
CUST-0119,2025-01-28,70,146,0.644,0.793
CUST-0119,2025-02-04,77,300,0.651,0.719
CUST-0119,2025-02-11,62,215,0.681,0.793
CUST-0119,2025-02-18,65,240,0.667,0.672
CUST-0119,2025-02-25,65,108,0.737,0.631
CUST-0119,2025-03-04,60,247,0.621,0.711
CUST-0119,2025-03-11,69,119,0.555,0.654
CUST-0119,2025-03-18,69,164,0.667,0.573
CUST-0119,2025-03-25,51,150,0.713,0.776
CUST-0119,2025-04-01,73,238,0.718,0.804
CUST-0119,2025-04-08,62,91,0.667,0.752
CUST-0119,2025-04-15,65,101,0.669,0.684
CUST-0119,2025-04-22,65,128,0.678,0.725
CUST-0119,2025-04-29,54,102,0.713,0.766
CUST-0119,2025-05-06,56,200,0.704,0.778
CUST-0119,2025-05-13,55,124,0.683,0.699
CUST-0119,2025-05-20,49,99,0.747,0.766
CUST-0119,2025-05-27,65,158,0.622,0.796
CUST-0119,2025-06-03,71,210,0.697,0.753
CUST-0119,2025-06-10,83,236,0.734,0.671
CUST-0119,2025-06-17,65,207,0.623,0.712
CUST-0119,2025-06-24,54,69,0.629,0.603
CUST-0119,2025-07-01,55,219,0.659,0.691
CUST-0119,2025-07-08,53,217,0.747,0.785
CUST-0119,2025-07-15,63,247,0.673,0.711
CUST-0119,2025-07-22,65,212,0.743,0.615
CUST-0119,2025-07-29,48,147,0.556,0.719
CUST-0119,2025-08-05,62,114,0.675,0.638
CUST-0119,2025-08-12,46,140,0.695,0.831
CUST-0119,2025-08-19,48,197,0.744,0.699
CUST-0119,2025-08-26,54,215,0.646,0.709
CUST-0119,2025-09-02,79,120,0.731,0.927
CUST-0119,2025-09-09,56,194,0.619,0.647
CUST-0119,2025-09-16,68,255,0.645,0.792
CUST-0119,2025-09-23,78,112,0.696,0.631
CUST-0119,2025-09-30,57,226,0.626,0.752
CUST-0119,2025-10-07,67,171,0.743,0.658
CUST-0119,2025-10-14,62,185,0.815,0.69
CUST-0119,2025-10-21,70,107,0.742,0.712
CUST-0119,2025-10-28,62,192,0.696,0.757
CUST-0119,2025-11-04,65,269,0.693,0.78
CUST-0119,2025-11-11,65,210,0.637,0.742
CUST-0119,2025-11-18,68,95,0.614,0.735
CUST-0119,2025-11-25,66,221,0.585,0.749
CUST-0119,2025-12-02,72,309,0.65,0.694
CUST-0119,2025-12-09,67,133,0.549,0.626
CUST-0119,2025-12-16,71,241,0.774,0.778
CUST-0119,2025-12-23,69,292,0.679,0.727
CUST-0119,2025-12-30,72,235,0.683,0.706
CUST-0119,2026-01-06,54,224,0.796,0.749
CUST-0119,2026-01-13,58,207,0.724,0.714
CUST-0119,2026-01-20,68,112,0.755,0.763
CUST-0119,2026-01-27,56,96,0.623,0.71
CUST-0119,2026-02-03,75,163,0.708,0.728
CUST-0119,2026-02-10,75,221,0.677,0.729
CUST-0119,2026-02-17,61,167,0.639,0.653
CUST-0119,2026-02-24,68,81,0.674,0.692
CUST-0119,2026-03-03,74,114,0.735,0.683
CUST-0119,2026-03-10,62,152,0.668,0.75
CUST-0119,2026-03-17,77,137,0.651,0.829
CUST-0119,2026-03-24,70,78,0.635,0.656
CUST-0119,2026-03-31,78,97,0.616,0.753
CUST-0119,2026-04-07,64,230,0.502,0.776
CUST-0119,2026-04-14,74,247,0.643,0.703
CUST-0119,2026-04-21,83,145,0.754,0.713
CUST-0119,2026-04-28,70,267,0.657,0.691
CUST-0119,2026-05-05,61,124,0.702,0.694
CUST-0119,2026-05-12,57,251,0.733,0.816
CUST-0119,2026-05-19,63,222,0.734,0.7
CUST-0119,2026-05-26,63,198,0.661,0.68
CUST-0119,2026-06-02,74,170,0.76,0.767
CUST-0119,2026-06-09,64,132,0.761,0.709
CUST-0119,2026-06-16,60,216,0.725,0.811
CUST-0119,2026-06-23,60,106,0.689,0.721
CUST-0120,2024-10-08,12,21,0.502,0.428
CUST-0120,2024-10-15,9,13,0.455,0.549
CUST-0120,2024-10-22,9,25,0.365,0.473
CUST-0120,2024-10-29,10,16,0.441,0.47
CUST-0120,2024-11-05,9,7,0.503,0.559
CUST-0120,2024-11-12,7,16,0.485,0.543
CUST-0120,2024-11-19,8,21,0.494,0.53
CUST-0120,2024-11-26,10,26,0.476,0.402
CUST-0120,2024-12-03,11,33,0.453,0.489
CUST-0120,2024-12-10,11,20,0.605,0.561
CUST-0120,2024-12-17,11,17,0.567,0.575
CUST-0120,2024-12-24,13,17,0.564,0.566
CUST-0120,2024-12-31,8,18,0.504,0.45
CUST-0120,2025-01-07,12,18,0.488,0.577
CUST-0120,2025-01-14,8,10,0.546,0.455
CUST-0120,2025-01-21,9,9,0.559,0.511
CUST-0120,2025-01-28,8,20,0.525,0.538
CUST-0120,2025-02-04,7,6,0.496,0.579
CUST-0120,2025-02-11,12,33,0.503,0.587
CUST-0120,2025-02-18,10,30,0.605,0.553
CUST-0120,2025-02-25,8,19,0.562,0.671
CUST-0120,2025-03-04,9,26,0.509,0.565
CUST-0120,2025-03-11,10,16,0.532,0.454
CUST-0120,2025-03-18,14,39,0.592,0.616
CUST-0120,2025-03-25,12,41,0.594,0.575
CUST-0120,2025-04-01,11,29,0.583,0.66
CUST-0120,2025-04-08,11,23,0.56,0.58
CUST-0120,2025-04-15,9,24,0.591,0.606
CUST-0120,2025-04-22,11,16,0.582,0.609
CUST-0120,2025-04-29,11,21,0.533,0.591
CUST-0120,2025-05-06,12,36,0.613,0.64
CUST-0120,2025-05-13,12,25,0.648,0.509
CUST-0120,2025-05-20,11,10,0.542,0.669
CUST-0120,2025-05-27,11,42,0.617,0.689
CUST-0120,2025-06-03,11,16,0.597,0.605
CUST-0120,2025-06-10,10,20,0.563,0.621
CUST-0120,2025-06-17,9,31,0.658,0.692
CUST-0120,2025-06-24,13,35,0.659,0.583
CUST-0120,2025-07-01,12,14,0.478,0.6
CUST-0120,2025-07-08,10,33,0.617,0.674
CUST-0120,2025-07-15,11,19,0.629,0.664
CUST-0120,2025-07-22,13,20,0.597,0.64
CUST-0120,2025-07-29,13,14,0.606,0.609
CUST-0120,2025-08-05,10,17,0.643,0.663
CUST-0120,2025-08-12,11,39,0.665,0.771
CUST-0120,2025-08-19,12,18,0.597,0.708
CUST-0120,2025-08-26,10,32,0.542,0.579
CUST-0120,2025-09-02,11,13,0.692,0.818
CUST-0120,2025-09-09,11,15,0.587,0.747
CUST-0120,2025-09-16,13,30,0.613,0.758
CUST-0120,2025-09-23,13,32,0.645,0.701
CUST-0120,2025-09-30,11,16,0.65,0.734
CUST-0120,2025-10-07,11,42,0.631,0.703
CUST-0120,2025-10-14,12,35,0.684,0.648
CUST-0120,2025-10-21,14,41,0.663,0.708
CUST-0120,2025-10-28,12,29,0.626,0.673
CUST-0120,2025-11-04,13,40,0.708,0.727
CUST-0120,2025-11-11,11,32,0.671,0.784
CUST-0120,2025-11-18,15,59,0.669,0.742
CUST-0120,2025-11-25,15,40,0.667,0.628
CUST-0120,2025-12-02,10,36,0.592,0.844
CUST-0120,2025-12-09,15,64,0.689,0.701
CUST-0120,2025-12-16,15,17,0.735,0.925
CUST-0120,2025-12-23,13,29,0.696,0.774
CUST-0120,2025-12-30,14,64,0.668,0.754
CUST-0120,2026-01-06,14,62,0.726,0.889
CUST-0120,2026-01-13,15,56,0.647,0.879
CUST-0120,2026-01-20,12,36,0.775,0.885
CUST-0120,2026-01-27,14,24,0.738,0.861
CUST-0120,2026-02-03,14,63,0.707,0.654
CUST-0120,2026-02-10,12,49,0.678,0.74
CUST-0120,2026-02-17,16,22,0.766,0.838
CUST-0120,2026-02-24,16,58,0.732,0.86
CUST-0120,2026-03-03,13,46,0.676,0.831
CUST-0120,2026-03-10,15,62,0.691,0.873
CUST-0120,2026-03-17,13,40,0.805,0.886
CUST-0120,2026-03-24,15,63,0.793,0.789
CUST-0120,2026-03-31,16,38,0.753,0.835
CUST-0120,2026-04-07,13,29,0.764,0.788
CUST-0120,2026-04-14,13,46,0.697,0.85
CUST-0120,2026-04-21,16,29,0.782,0.828
CUST-0120,2026-04-28,17,84,0.741,0.731
CUST-0120,2026-05-05,13,38,0.729,0.851
CUST-0120,2026-05-12,17,86,0.731,0.9
CUST-0120,2026-05-19,15,43,0.807,0.869
CUST-0120,2026-05-26,16,74,0.786,0.885
CUST-0120,2026-06-02,16,75,0.735,0.856
CUST-0120,2026-06-09,15,68,0.818,0.851
CUST-0120,2026-06-16,18,52,0.783,0.786
CUST-0120,2026-06-23,17,57,0.799,0.894
CUST-0121,2026-01-06,5,10,0.784,0.773
CUST-0121,2026-01-13,5,17,0.688,0.765
CUST-0121,2026-01-20,5,14,0.768,0.732
CUST-0121,2026-01-27,5,12,0.731,0.787
CUST-0121,2026-02-03,4,10,0.725,0.829
CUST-0121,2026-02-10,5,8,0.75,0.715
CUST-0121,2026-02-17,5,22,0.713,0.769
CUST-0121,2026-02-24,5,23,0.765,0.718
CUST-0121,2026-03-03,6,11,0.698,0.824
CUST-0121,2026-03-10,5,8,0.732,0.821
CUST-0121,2026-03-17,5,9,0.767,0.787
CUST-0121,2026-03-24,6,23,0.696,0.903
CUST-0121,2026-03-31,5,15,0.719,0.794
CUST-0121,2026-04-07,5,10,0.693,0.699
CUST-0121,2026-04-14,5,12,0.714,0.865
CUST-0121,2026-04-21,5,10,0.779,0.821
CUST-0121,2026-04-28,5,11,0.725,0.798
CUST-0121,2026-05-05,4,14,0.699,0.851
CUST-0121,2026-05-12,6,11,0.652,0.747
CUST-0121,2026-05-19,6,12,0.716,0.689
CUST-0121,2026-05-26,5,12,0.775,0.801
CUST-0121,2026-06-02,5,11,0.748,0.772
CUST-0121,2026-06-09,6,22,0.772,0.816
CUST-0121,2026-06-16,5,7,0.724,0.81
CUST-0121,2026-06-23,6,23,0.766,0.91
CUST-0122,2024-07-02,4,9,0.476,0.659
CUST-0122,2024-07-09,4,7,0.474,0.686
CUST-0122,2024-07-16,4,7,0.586,0.724
CUST-0122,2024-07-23,4,7,0.397,0.59
CUST-0122,2024-07-30,4,11,0.575,0.552
CUST-0122,2024-08-06,4,7,0.611,0.701
CUST-0122,2024-08-13,4,12,0.631,0.6
CUST-0122,2024-08-20,4,13,0.507,0.674
CUST-0122,2024-08-27,5,15,0.649,0.688
CUST-0122,2024-09-03,4,8,0.547,0.534
CUST-0122,2024-09-10,4,6,0.571,0.536
CUST-0122,2024-09-17,4,8,0.589,0.671
CUST-0122,2024-09-24,5,17,0.62,0.535
CUST-0122,2024-10-01,4,4,0.562,0.672
CUST-0122,2024-10-08,4,14,0.506,0.67
CUST-0122,2024-10-15,4,14,0.651,0.541
CUST-0122,2024-10-22,3,6,0.505,0.661
CUST-0122,2024-10-29,4,15,0.603,0.631
CUST-0122,2024-11-05,3,10,0.601,0.739
CUST-0122,2024-11-12,3,5,0.572,0.673
CUST-0122,2024-11-19,2,6,0.717,0.719
CUST-0122,2024-11-26,3,9,0.591,0.601
CUST-0122,2024-12-03,3,7,0.603,0.786
CUST-0122,2024-12-10,3,9,0.613,0.739
CUST-0122,2024-12-17,4,5,0.623,0.569
CUST-0122,2024-12-24,3,4,0.537,0.72
CUST-0122,2024-12-31,5,16,0.626,0.678
CUST-0122,2025-01-07,3,9,0.634,0.656
CUST-0122,2025-01-14,3,4,0.597,0.687
CUST-0122,2025-01-21,4,10,0.57,0.639
CUST-0122,2025-01-28,5,14,0.593,0.723
CUST-0122,2025-02-04,4,7,0.588,0.65
CUST-0122,2025-02-11,4,10,0.684,0.816
CUST-0122,2025-02-18,5,11,0.647,0.624
CUST-0122,2025-02-25,4,12,0.623,0.759
CUST-0122,2025-03-04,4,10,0.586,0.679
CUST-0122,2025-03-11,4,12,0.556,0.721
CUST-0122,2025-03-18,5,15,0.594,0.78
CUST-0122,2025-03-25,5,15,0.597,0.658
CUST-0122,2025-04-01,5,7,0.609,0.772
CUST-0122,2025-04-08,4,14,0.7,0.667
CUST-0122,2025-04-15,4,11,0.774,0.677
CUST-0122,2025-04-22,5,13,0.638,0.6
CUST-0122,2025-04-29,5,12,0.737,0.664
CUST-0122,2025-05-06,5,11,0.73,0.685
CUST-0122,2025-05-13,6,16,0.655,0.686
CUST-0122,2025-05-20,4,7,0.65,0.655
CUST-0122,2025-05-27,4,14,0.658,0.685
CUST-0122,2025-06-03,5,18,0.674,0.732
CUST-0122,2025-06-10,3,11,0.619,0.775
CUST-0122,2025-06-17,5,6,0.721,0.734
CUST-0122,2025-06-24,4,10,0.596,0.688
CUST-0122,2025-07-01,5,6,0.628,0.734
CUST-0122,2025-07-08,4,16,0.617,0.663
CUST-0122,2025-07-15,4,6,0.741,0.674
CUST-0122,2025-07-22,4,16,0.607,0.717
CUST-0122,2025-07-29,5,8,0.693,0.794
CUST-0122,2025-08-05,5,20,0.774,0.68
CUST-0122,2025-08-12,4,10,0.69,0.759
CUST-0122,2025-08-19,5,7,0.647,0.787
CUST-0122,2025-08-26,4,14,0.701,0.742
CUST-0122,2025-09-02,5,9,0.708,0.738
CUST-0122,2025-09-09,4,16,0.755,0.813
CUST-0122,2025-09-16,5,8,0.613,0.727
CUST-0122,2025-09-23,5,7,0.688,0.73
CUST-0122,2025-09-30,5,7,0.586,0.802
CUST-0122,2025-10-07,4,16,0.67,0.766
CUST-0122,2025-10-14,5,6,0.793,0.727
CUST-0122,2025-10-21,5,12,0.631,0.657
CUST-0122,2025-10-28,5,14,0.671,0.728
CUST-0122,2025-11-04,5,6,0.696,0.794
CUST-0122,2025-11-11,4,16,0.598,0.759
CUST-0122,2025-11-18,6,22,0.732,0.824
CUST-0122,2025-11-25,5,20,0.659,0.761
CUST-0122,2025-12-02,5,20,0.749,0.764
CUST-0122,2025-12-09,5,10,0.739,0.733
CUST-0122,2025-12-16,5,18,0.726,0.853
CUST-0122,2025-12-23,4,16,0.764,0.763
CUST-0122,2025-12-30,5,22,0.735,0.74
CUST-0122,2026-01-06,4,9,0.694,0.782
CUST-0122,2026-01-13,5,22,0.726,0.817
CUST-0122,2026-01-20,5,21,0.697,0.73
CUST-0122,2026-01-27,5,9,0.633,0.718
CUST-0122,2026-02-03,5,13,0.76,0.766
CUST-0122,2026-02-10,4,15,0.749,0.89
CUST-0122,2026-02-17,5,11,0.716,0.706
CUST-0122,2026-02-24,4,10,0.693,0.755
CUST-0122,2026-03-03,6,11,0.724,0.745
CUST-0122,2026-03-10,4,11,0.771,0.719
CUST-0122,2026-03-17,6,19,0.744,0.77
CUST-0122,2026-03-24,6,13,0.718,0.796
CUST-0122,2026-03-31,6,17,0.668,0.797
CUST-0122,2026-04-07,5,8,0.75,0.883
CUST-0122,2026-04-14,5,20,0.726,0.812
CUST-0122,2026-04-21,5,12,0.739,0.873
CUST-0122,2026-04-28,5,18,0.766,0.668
CUST-0122,2026-05-05,5,8,0.694,0.789
CUST-0122,2026-05-12,5,17,0.756,0.762
CUST-0122,2026-05-19,5,23,0.722,0.775
CUST-0122,2026-05-26,6,27,0.788,0.827
CUST-0122,2026-06-02,5,14,0.745,0.905
CUST-0122,2026-06-09,6,14,0.711,0.783
CUST-0122,2026-06-16,6,27,0.705,0.896
CUST-0122,2026-06-23,5,6,0.7,0.784
CUST-0123,2024-07-02,49,137,0.628,0.516
CUST-0123,2024-07-09,50,85,0.628,0.548
CUST-0123,2024-07-16,49,165,0.635,0.647
CUST-0123,2024-07-23,49,149,0.616,0.648
CUST-0123,2024-07-30,71,117,0.574,0.472
CUST-0123,2024-08-06,55,126,0.637,0.632
CUST-0123,2024-08-13,48,75,0.516,0.712
CUST-0123,2024-08-20,57,67,0.494,0.687
CUST-0123,2024-08-27,71,161,0.605,0.62
CUST-0123,2024-09-03,48,104,0.554,0.603
CUST-0123,2024-09-10,61,121,0.614,0.619
CUST-0123,2024-09-17,58,63,0.646,0.59
CUST-0123,2024-09-24,65,169,0.638,0.685
CUST-0123,2024-10-01,62,114,0.573,0.643
CUST-0123,2024-10-08,62,164,0.566,0.676
CUST-0123,2024-10-15,67,71,0.608,0.553
CUST-0123,2024-10-22,53,100,0.578,0.642
CUST-0123,2024-10-29,55,165,0.575,0.636
CUST-0123,2024-11-05,61,59,0.545,0.609
CUST-0123,2024-11-12,66,213,0.576,0.676
CUST-0123,2024-11-19,61,221,0.596,0.682
CUST-0123,2024-11-26,56,95,0.584,0.693
CUST-0123,2024-12-03,68,246,0.625,0.7
CUST-0123,2024-12-10,72,173,0.533,0.647
CUST-0123,2024-12-17,43,98,0.611,0.649
CUST-0123,2024-12-24,62,109,0.684,0.759
CUST-0123,2024-12-31,61,195,0.622,0.669
CUST-0123,2025-01-07,54,153,0.564,0.693
CUST-0123,2025-01-14,74,191,0.655,0.737
CUST-0123,2025-01-21,52,153,0.622,0.626
CUST-0123,2025-01-28,61,212,0.704,0.569
CUST-0123,2025-02-04,64,200,0.571,0.677
CUST-0123,2025-02-11,54,185,0.413,0.804
CUST-0123,2025-02-18,64,72,0.577,0.711
CUST-0123,2025-02-25,60,215,0.658,0.661
CUST-0123,2025-03-04,56,189,0.645,0.642
CUST-0123,2025-03-11,54,197,0.557,0.705
CUST-0123,2025-03-18,54,81,0.664,0.647
CUST-0123,2025-03-25,50,165,0.62,0.663
CUST-0123,2025-04-01,64,195,0.647,0.661
CUST-0123,2025-04-08,64,246,0.682,0.725
CUST-0123,2025-04-15,51,169,0.583,0.71
CUST-0123,2025-04-22,43,156,0.677,0.636
CUST-0123,2025-04-29,56,62,0.533,0.642
CUST-0123,2025-05-06,64,260,0.675,0.636
CUST-0123,2025-05-13,65,105,0.722,0.759
CUST-0123,2025-05-20,71,190,0.617,0.75
CUST-0123,2025-05-27,57,216,0.642,0.621
CUST-0123,2025-06-03,54,187,0.653,0.678
CUST-0123,2025-06-10,56,208,0.567,0.715
CUST-0123,2025-06-17,61,222,0.597,0.612
CUST-0123,2025-06-24,56,63,0.682,0.635
CUST-0123,2025-07-01,74,156,0.681,0.648
CUST-0123,2025-07-08,61,146,0.633,0.673
CUST-0123,2025-07-15,67,164,0.582,0.874
CUST-0123,2025-07-22,65,198,0.608,0.665
CUST-0123,2025-07-29,68,241,0.726,0.698
CUST-0123,2025-08-05,67,136,0.596,0.674
CUST-0123,2025-08-12,59,137,0.607,0.771
CUST-0123,2025-08-19,70,110,0.673,0.685
CUST-0123,2025-08-26,63,237,0.681,0.697
CUST-0123,2025-09-02,57,238,0.598,0.664
CUST-0123,2025-09-09,58,81,0.693,0.676
CUST-0123,2025-09-16,63,113,0.666,0.803
CUST-0123,2025-09-23,55,98,0.749,0.753
CUST-0123,2025-09-30,60,148,0.734,0.761
CUST-0123,2025-10-07,56,65,0.594,0.738
CUST-0123,2025-10-14,73,98,0.606,0.634
CUST-0123,2025-10-21,67,257,0.709,0.797
CUST-0123,2025-10-28,67,125,0.623,0.754
CUST-0123,2025-11-04,62,260,0.611,0.68
CUST-0123,2025-11-11,64,128,0.621,0.712
CUST-0123,2025-11-18,61,151,0.752,0.763
CUST-0123,2025-11-25,62,80,0.614,0.723
CUST-0123,2025-12-02,54,62,0.622,0.718
CUST-0123,2025-12-09,73,193,0.68,0.809
CUST-0123,2025-12-16,63,237,0.631,0.735
CUST-0123,2025-12-23,72,297,0.646,0.75
CUST-0123,2025-12-30,70,225,0.629,0.772
CUST-0123,2026-01-06,57,123,0.68,0.713
CUST-0123,2026-01-13,54,61,0.716,0.757
CUST-0123,2026-01-20,59,181,0.713,0.747
CUST-0123,2026-01-27,73,168,0.706,0.739
CUST-0123,2026-02-03,65,93,0.511,0.787
CUST-0123,2026-02-10,47,190,0.714,0.69
CUST-0123,2026-02-17,61,81,0.688,0.717
CUST-0123,2026-02-24,70,143,0.666,0.731
CUST-0123,2026-03-03,73,215,0.615,0.729
CUST-0123,2026-03-10,61,144,0.629,0.753
CUST-0123,2026-03-17,61,161,0.765,0.751
CUST-0123,2026-03-24,69,121,0.631,0.749
CUST-0123,2026-03-31,69,181,0.703,0.789
CUST-0123,2026-04-07,67,298,0.708,0.769
CUST-0123,2026-04-14,68,128,0.686,0.675
CUST-0123,2026-04-21,69,209,0.618,0.763
CUST-0123,2026-04-28,62,172,0.662,0.708
CUST-0123,2026-05-05,59,260,0.724,0.751
CUST-0123,2026-05-12,67,275,0.672,0.764
CUST-0123,2026-05-19,76,250,0.669,0.815
CUST-0123,2026-05-26,56,83,0.727,0.824
CUST-0123,2026-06-02,71,168,0.718,0.807
CUST-0123,2026-06-09,68,293,0.66,0.835
CUST-0123,2026-06-16,71,138,0.726,0.811
CUST-0123,2026-06-23,69,250,0.681,0.769
CUST-0124,2024-12-10,17,26,0.448,0.55
CUST-0124,2024-12-17,14,25,0.555,0.548
CUST-0124,2024-12-24,14,34,0.459,0.521
CUST-0124,2024-12-31,15,29,0.491,0.533
CUST-0124,2025-01-07,13,29,0.514,0.594
CUST-0124,2025-01-14,12,35,0.432,0.467
CUST-0124,2025-01-21,17,48,0.429,0.389
CUST-0124,2025-01-28,13,33,0.56,0.512
CUST-0124,2025-02-04,13,17,0.422,0.467
CUST-0124,2025-02-11,17,29,0.427,0.583
CUST-0124,2025-02-18,17,14,0.458,0.468
CUST-0124,2025-02-25,15,28,0.478,0.463
CUST-0124,2025-03-04,11,24,0.497,0.566
CUST-0124,2025-03-11,9,11,0.469,0.579
CUST-0124,2025-03-18,12,26,0.469,0.571
CUST-0124,2025-03-25,15,42,0.43,0.479
CUST-0124,2025-04-01,14,39,0.578,0.445
CUST-0124,2025-04-08,15,42,0.431,0.407
CUST-0124,2025-04-15,14,22,0.409,0.492
CUST-0124,2025-04-22,14,24,0.412,0.458
CUST-0124,2025-04-29,9,16,0.44,0.422
CUST-0124,2025-05-06,9,10,0.399,0.479
CUST-0124,2025-05-13,9,18,0.327,0.481
CUST-0124,2025-05-20,11,26,0.439,0.459
CUST-0124,2025-05-27,11,19,0.337,0.405
CUST-0124,2025-06-03,10,21,0.353,0.375
CUST-0124,2025-06-10,10,10,0.47,0.405
CUST-0124,2025-06-17,10,19,0.43,0.4
CUST-0124,2025-06-24,12,25,0.336,0.39
CUST-0124,2025-07-01,9,11,0.432,0.366
CUST-0124,2025-07-08,10,12,0.424,0.375
CUST-0124,2025-07-15,13,30,0.419,0.284
CUST-0124,2025-07-22,7,14,0.369,0.34
CUST-0124,2025-07-29,10,11,0.394,0.378
CUST-0124,2025-08-05,12,25,0.345,0.319
CUST-0124,2025-08-12,11,11,0.329,0.476
CUST-0124,2025-08-19,11,18,0.382,0.367
CUST-0124,2025-08-26,15,29,0.431,0.328
CUST-0124,2025-09-02,12,25,0.385,0.401
CUST-0124,2025-09-09,8,14,0.413,0.352
CUST-0124,2025-09-16,6,9,0.325,0.429
CUST-0124,2025-09-23,9,12,0.428,0.416
CUST-0124,2025-09-30,8,5,0.215,0.421
CUST-0124,2025-10-07,12,22,0.363,0.419
CUST-0124,2025-10-14,8,5,0.298,0.415
CUST-0124,2025-10-21,8,5,0.231,0.381
CUST-0124,2025-10-28,13,23,0.263,0.37
CUST-0124,2025-11-04,7,11,0.307,0.32
CUST-0124,2025-11-11,8,12,0.271,0.311
CUST-0124,2025-11-18,6,4,0.318,0.315
CUST-0124,2025-11-25,10,10,0.285,0.34
CUST-0124,2025-12-02,10,10,0.274,0.296
CUST-0124,2025-12-09,11,15,0.24,0.262
CUST-0124,2025-12-16,5,7,0.243,0.292
CUST-0124,2025-12-23,7,5,0.342,0.208
CUST-0124,2025-12-30,4,6,0.258,0.343
CUST-0124,2026-01-06,8,8,0.314,0.353
CUST-0124,2026-01-13,8,12,0.249,0.291
CUST-0124,2026-01-20,6,3,0.169,0.325
CUST-0124,2026-01-27,7,9,0.251,0.248
CUST-0124,2026-02-03,5,5,0.328,0.252
CUST-0124,2026-02-10,7,4,0.209,0.319
CUST-0124,2026-02-17,4,3,0.15,0.222
CUST-0124,2026-02-24,8,6,0.148,0.317
CUST-0124,2026-03-03,5,7,0.244,0.25
CUST-0124,2026-03-10,7,4,0.192,0.238
CUST-0124,2026-03-17,4,4,0.225,0.215
CUST-0124,2026-03-24,7,8,0.179,0.185
CUST-0124,2026-03-31,10,4,0.196,0.14
CUST-0124,2026-04-07,6,5,0.174,0.194
CUST-0124,2026-04-14,8,4,0.253,0.22
CUST-0124,2026-04-21,8,5,0.19,0.235
CUST-0124,2026-04-28,8,4,0.268,0.286
CUST-0124,2026-05-05,6,2,0.184,0.271
CUST-0124,2026-05-12,5,4,0.109,0.142
CUST-0124,2026-05-19,7,8,0.183,0.221
CUST-0124,2026-05-26,7,6,0.169,0.195
CUST-0124,2026-06-02,7,5,0.158,0.38
CUST-0124,2026-06-09,6,5,0.183,0.213
CUST-0124,2026-06-16,2,0,0.214,0.247
CUST-0124,2026-06-23,5,3,0.221,0.187
CUST-0125,2025-11-04,7,23,0.641,0.792
CUST-0125,2025-11-11,7,9,0.624,0.685
CUST-0125,2025-11-18,7,28,0.606,0.703
CUST-0125,2025-11-25,7,21,0.638,0.777
CUST-0125,2025-12-02,5,7,0.624,0.6
CUST-0125,2025-12-09,6,13,0.58,0.71
CUST-0125,2025-12-16,7,18,0.571,0.681
CUST-0125,2025-12-23,6,10,0.611,0.668
CUST-0125,2025-12-30,6,17,0.611,0.589
CUST-0125,2026-01-06,5,14,0.543,0.656
CUST-0125,2026-01-13,7,14,0.621,0.681
CUST-0125,2026-01-20,6,13,0.493,0.46
CUST-0125,2026-01-27,4,12,0.542,0.642
CUST-0125,2026-02-03,5,14,0.484,0.507
CUST-0125,2026-02-10,5,15,0.477,0.553
CUST-0125,2026-02-17,4,9,0.498,0.596
CUST-0125,2026-02-24,3,4,0.487,0.522
CUST-0125,2026-03-03,4,4,0.492,0.567
CUST-0125,2026-03-10,5,7,0.493,0.573
CUST-0125,2026-03-17,4,8,0.48,0.477
CUST-0125,2026-03-24,6,6,0.443,0.475
CUST-0125,2026-03-31,2,5,0.45,0.342
CUST-0125,2026-04-07,4,4,0.422,0.504
CUST-0125,2026-04-14,2,5,0.375,0.459
CUST-0125,2026-04-21,4,6,0.441,0.385
CUST-0125,2026-04-28,4,7,0.343,0.346
CUST-0125,2026-05-05,4,5,0.335,0.398
CUST-0125,2026-05-12,4,7,0.329,0.448
CUST-0125,2026-05-19,2,3,0.285,0.391
CUST-0125,2026-05-26,4,6,0.381,0.396
CUST-0125,2026-06-02,3,4,0.486,0.346
CUST-0125,2026-06-09,2,3,0.389,0.316
CUST-0125,2026-06-16,3,3,0.25,0.361
CUST-0125,2026-06-23,1,1,0.342,0.347
CUST-0126,2024-02-21,6,0,0.098,0.038
CUST-0126,2024-02-28,1,0,0.0,0.006
CUST-0126,2024-03-06,11,0,0.027,0.0
CUST-0126,2024-03-13,1,0,0.087,0.0
CUST-0126,2024-03-20,3,0,0.0,0.0
CUST-0126,2024-03-27,1,0,0.0,0.0
CUST-0126,2024-04-03,1,0,0.088,0.0
CUST-0126,2024-04-10,1,0,0.0,0.085
CUST-0126,2024-04-17,1,0,0.0,0.031
CUST-0126,2024-04-24,3,0,0.004,0.023
CUST-0126,2024-05-01,8,0,0.0,0.066
CUST-0126,2024-05-08,1,0,0.0,0.092
CUST-0126,2024-05-15,1,0,0.028,0.0
CUST-0126,2024-05-22,1,0,0.048,0.0
CUST-0126,2024-05-29,2,0,0.027,0.0
CUST-0126,2024-06-05,4,0,0.058,0.11
CUST-0126,2024-06-12,1,0,0.02,0.038
CUST-0126,2024-06-19,1,0,0.016,0.0
CUST-0126,2024-06-26,1,0,0.0,0.107
CUST-0126,2024-07-03,4,0,0.0,0.026
CUST-0126,2024-07-10,1,0,0.0,0.0
CUST-0126,2024-07-17,9,0,0.045,0.004
CUST-0126,2024-07-24,1,0,0.063,0.0
CUST-0126,2024-07-31,1,0,0.045,0.0
CUST-0126,2024-08-07,1,0,0.0,0.043
CUST-0126,2024-08-14,1,0,0.0,0.047
CUST-0126,2024-08-21,1,0,0.02,0.073
CUST-0126,2024-08-28,15,0,0.0,0.0
CUST-0126,2024-09-04,1,0,0.0,0.0
CUST-0126,2024-09-11,1,0,0.188,0.0
CUST-0126,2024-09-18,1,0,0.0,0.093
CUST-0126,2024-09-25,1,0,0.0,0.013
CUST-0126,2024-10-02,1,0,0.0,0.0
CUST-0126,2024-10-09,1,0,0.0,0.0
CUST-0126,2024-10-16,18,0,0.068,0.0
CUST-0126,2024-10-23,1,0,0.028,0.038
CUST-0126,2024-10-30,1,0,0.051,0.052
CUST-0126,2024-11-06,1,0,0.066,0.0
CUST-0126,2024-11-13,1,0,0.0,0.0
CUST-0126,2024-11-20,1,0,0.001,0.092
CUST-0126,2024-11-27,1,0,0.057,0.0
CUST-0126,2024-12-04,10,0,0.013,0.0
CUST-0126,2024-12-11,2,0,0.072,0.044
CUST-0126,2024-12-18,11,0,0.0,0.0
CUST-0126,2024-12-25,1,0,0.073,0.011
CUST-0126,2025-01-01,1,0,0.096,0.0
CUST-0126,2025-01-08,5,0,0.034,0.0
CUST-0126,2025-01-15,14,0,0.0,0.0
CUST-0126,2025-01-22,1,0,0.007,0.082
CUST-0126,2025-01-29,3,0,0.031,0.025
CUST-0126,2025-02-05,3,0,0.0,0.0
CUST-0126,2025-02-12,1,0,0.0,0.01
CUST-0126,2025-02-19,9,0,0.0,0.0
CUST-0126,2025-02-26,1,0,0.0,0.104
CUST-0126,2025-03-05,1,0,0.014,0.0
CUST-0126,2025-03-12,6,0,0.0,0.0
CUST-0126,2025-03-19,1,0,0.022,0.0
CUST-0126,2025-03-26,11,0,0.0,0.0
CUST-0126,2025-04-02,1,0,0.0,0.0
CUST-0126,2025-04-09,1,0,0.059,0.0
CUST-0126,2025-04-16,2,0,0.0,0.0
CUST-0126,2025-04-23,3,0,0.0,0.0
CUST-0126,2025-04-30,1,0,0.0,0.0
CUST-0126,2025-05-07,1,0,0.0,0.0
CUST-0126,2025-05-14,1,0,0.0,0.0
CUST-0126,2025-05-21,1,0,0.0,0.0
CUST-0126,2025-05-28,1,0,0.087,0.0
CUST-0126,2025-06-04,6,0,0.0,0.031
CUST-0126,2025-06-11,1,0,0.0,0.11
CUST-0126,2025-06-18,1,0,0.0,0.047
CUST-0126,2025-06-25,1,0,0.0,0.0
CUST-0126,2025-07-02,1,0,0.05,0.0
CUST-0126,2025-07-09,14,0,0.0,0.0
CUST-0126,2025-07-16,1,0,0.075,0.0
CUST-0126,2025-07-23,2,0,0.013,0.0
CUST-0126,2025-07-30,1,0,0.0,0.0
CUST-0126,2025-08-06,1,0,0.0,0.0
CUST-0126,2025-08-13,15,0,0.01,0.054
CUST-0126,2025-08-20,8,0,0.0,0.0
CUST-0126,2025-08-27,1,0,0.0,0.128
CUST-0126,2025-09-03,8,0,0.0,0.012
CUST-0126,2025-09-10,5,0,0.002,0.0
CUST-0126,2025-09-17,1,0,0.039,0.013
CUST-0126,2025-09-24,1,0,0.01,0.0
CUST-0126,2025-10-01,1,0,0.0,0.0
CUST-0126,2025-10-08,1,0,0.076,0.042
CUST-0126,2025-10-15,1,0,0.0,0.0
CUST-0126,2025-10-22,13,0,0.0,0.0
CUST-0126,2025-10-29,1,0,0.0,0.0
CUST-0126,2025-11-05,8,0,0.028,0.0
CUST-0126,2025-11-12,6,0,0.0,0.0
CUST-0126,2025-11-19,5,0,0.058,0.062
CUST-0126,2025-11-26,1,0,0.069,0.007
CUST-0126,2025-12-03,1,0,0.0,0.0
CUST-0126,2025-12-10,5,0,0.019,0.056
CUST-0126,2025-12-17,5,0,0.0,0.019
CUST-0126,2025-12-24,4,0,0.0,0.0
CUST-0126,2025-12-31,1,0,0.013,0.004
CUST-0126,2026-01-07,1,0,0.023,0.075
CUST-0126,2026-01-14,7,0,0.02,0.02
CUST-0126,2026-01-21,1,0,0.056,0.0
CUST-0126,2026-01-28,1,0,0.015,0.057
CUST-0126,2026-02-04,1,0,0.051,0.065
CUST-0126,2026-02-11,1,0,0.033,0.024
CUST-0127,2024-07-02,462,2066,0.924,0.995
CUST-0127,2024-07-09,471,2246,0.937,0.892
CUST-0127,2024-07-16,436,2095,0.889,0.917
CUST-0127,2024-07-23,434,2096,0.88,1.0
CUST-0127,2024-07-30,462,2265,0.873,0.931
CUST-0127,2024-08-06,471,1551,0.923,0.988
CUST-0127,2024-08-13,471,2048,0.842,1.0
CUST-0127,2024-08-20,471,2777,0.807,1.0
CUST-0127,2024-08-27,464,1913,0.925,0.862
CUST-0127,2024-09-03,471,2454,0.873,0.939
CUST-0127,2024-09-10,471,2224,0.88,0.964
CUST-0127,2024-09-17,471,1319,0.937,0.971
CUST-0127,2024-09-24,450,2450,0.937,0.926
CUST-0127,2024-10-01,462,1655,0.931,1.0
CUST-0127,2024-10-08,471,1538,0.931,0.996
CUST-0127,2024-10-15,468,2412,0.874,1.0
CUST-0127,2024-10-22,431,1210,0.929,1.0
CUST-0127,2024-10-29,471,877,0.802,0.965
CUST-0127,2024-11-05,471,2444,0.829,1.0
CUST-0127,2024-11-12,471,1053,0.908,0.987
CUST-0127,2024-11-19,471,2787,0.796,0.954
CUST-0127,2024-11-26,471,2628,0.9,1.0
CUST-0127,2024-12-03,409,1088,0.937,0.944
CUST-0127,2024-12-10,436,1704,0.881,1.0
CUST-0127,2024-12-17,415,2266,0.892,0.935
CUST-0127,2024-12-24,465,1334,0.934,1.0
CUST-0127,2024-12-31,461,2727,0.933,1.0
CUST-0127,2025-01-07,471,918,0.841,0.956
CUST-0127,2025-01-14,471,1801,0.847,0.985
CUST-0127,2025-01-21,471,2104,0.92,1.0
CUST-0127,2025-01-28,471,1615,0.87,1.0
CUST-0127,2025-02-04,471,1592,0.968,1.0
CUST-0127,2025-02-11,471,949,0.942,1.0
CUST-0127,2025-02-18,471,1821,0.927,1.0
CUST-0127,2025-02-25,471,2271,0.872,0.971
CUST-0127,2025-03-04,471,1992,0.959,0.983
CUST-0127,2025-03-11,471,1417,0.896,0.964
CUST-0127,2025-03-18,471,1680,0.889,0.967
CUST-0127,2025-03-25,449,2359,0.975,1.0
CUST-0127,2025-04-01,408,1861,0.875,0.956
CUST-0127,2025-04-08,463,1999,0.901,1.0
CUST-0127,2025-04-15,471,1234,0.943,0.968
CUST-0127,2025-04-22,471,918,0.827,1.0
CUST-0127,2025-04-29,426,2491,0.912,0.995
CUST-0127,2025-05-06,410,2110,0.881,0.937
CUST-0127,2025-05-13,471,1511,1.0,0.883
CUST-0127,2025-05-20,417,889,0.879,1.0
CUST-0127,2025-05-27,471,2227,0.935,1.0
CUST-0127,2025-06-03,471,1472,0.852,0.982
CUST-0127,2025-06-10,455,1970,0.905,1.0
CUST-0127,2025-06-17,471,1777,0.931,0.912
CUST-0127,2025-06-24,471,2436,0.968,0.985
CUST-0127,2025-07-01,395,1968,0.876,0.918
CUST-0127,2025-07-08,471,2231,0.945,0.931
CUST-0127,2025-07-15,433,1938,0.913,0.974
CUST-0127,2025-07-22,471,829,0.888,1.0
CUST-0127,2025-07-29,451,1113,0.987,0.985
CUST-0127,2025-08-05,435,1282,0.903,1.0
CUST-0127,2025-08-12,461,2626,0.844,0.975
CUST-0127,2025-08-19,471,1233,0.921,0.917
CUST-0127,2025-08-26,471,2192,0.878,0.924
CUST-0127,2025-09-02,458,1793,0.949,1.0
CUST-0127,2025-09-09,443,1894,0.919,1.0
CUST-0127,2025-09-16,450,1466,0.961,0.989
CUST-0127,2025-09-23,471,1730,0.924,0.976
CUST-0127,2025-09-30,471,927,0.846,0.883
CUST-0127,2025-10-07,428,1776,0.89,1.0
CUST-0127,2025-10-14,449,956,0.904,0.948
CUST-0127,2025-10-21,471,922,0.886,0.994
CUST-0127,2025-10-28,471,2722,0.899,1.0
CUST-0127,2025-11-04,455,2694,0.868,1.0
CUST-0127,2025-11-11,471,2772,0.926,1.0
CUST-0127,2025-11-18,441,2620,0.918,0.92
CUST-0127,2025-11-25,471,1556,0.956,0.915
CUST-0127,2025-12-02,441,1318,0.874,0.974
CUST-0127,2025-12-09,471,859,0.869,1.0
CUST-0127,2025-12-16,471,2099,0.958,1.0
CUST-0127,2025-12-23,468,2200,0.89,0.965
CUST-0127,2025-12-30,467,748,0.923,1.0
CUST-0127,2026-01-06,446,2585,0.869,1.0
CUST-0127,2026-01-13,471,1839,0.868,0.914
CUST-0127,2026-01-20,443,1020,0.917,0.971
CUST-0127,2026-01-27,471,2344,0.866,0.987
CUST-0127,2026-02-03,419,2275,0.984,1.0
CUST-0127,2026-02-10,471,975,0.947,0.978
CUST-0127,2026-02-17,452,2452,0.84,1.0
CUST-0127,2026-02-24,404,2072,0.867,0.992
CUST-0127,2026-03-03,460,1533,0.974,0.975
CUST-0127,2026-03-10,454,1998,0.928,0.947
CUST-0127,2026-03-17,453,2261,0.909,0.975
CUST-0127,2026-03-24,434,1940,0.963,0.959
CUST-0127,2026-03-31,471,2088,0.874,1.0
CUST-0127,2026-04-07,459,1205,0.96,0.937
CUST-0127,2026-04-14,471,1678,0.881,0.882
CUST-0127,2026-04-21,471,2782,1.0,1.0
CUST-0127,2026-04-28,437,1320,0.815,0.957
CUST-0127,2026-05-05,425,2230,0.952,1.0
CUST-0127,2026-05-12,464,2666,0.951,1.0
CUST-0127,2026-05-19,471,2099,0.981,1.0
CUST-0127,2026-05-26,471,2261,0.936,1.0
CUST-0127,2026-06-02,471,2533,0.956,0.948
CUST-0127,2026-06-09,443,1772,0.943,0.998
CUST-0127,2026-06-16,471,1904,0.912,0.96
CUST-0127,2026-06-23,471,1382,0.928,0.955
CUST-0128,2025-08-05,31,41,0.771,0.91
CUST-0128,2025-08-12,28,143,0.849,0.9
CUST-0128,2025-08-19,31,40,0.799,0.902
CUST-0128,2025-08-26,34,144,0.784,0.846
CUST-0128,2025-09-02,30,67,0.781,0.767
CUST-0128,2025-09-09,29,145,0.785,0.99
CUST-0128,2025-09-16,27,99,0.836,0.859
CUST-0128,2025-09-23,29,120,0.708,0.867
CUST-0128,2025-09-30,33,49,0.797,0.831
CUST-0128,2025-10-07,30,57,0.761,0.856
CUST-0128,2025-10-14,35,122,0.823,0.762
CUST-0128,2025-10-21,31,46,0.82,0.774
CUST-0128,2025-10-28,26,127,0.813,0.884
CUST-0128,2025-11-04,34,156,0.764,0.853
CUST-0128,2025-11-11,30,111,0.737,0.831
CUST-0128,2025-11-18,27,49,0.693,0.872
CUST-0128,2025-11-25,28,90,0.725,0.928
CUST-0128,2025-12-02,32,63,0.721,0.852
CUST-0128,2025-12-09,26,110,0.661,0.926
CUST-0128,2025-12-16,27,41,0.756,0.729
CUST-0128,2025-12-23,26,102,0.682,0.776
CUST-0128,2025-12-30,31,89,0.729,0.863
CUST-0128,2026-01-06,27,96,0.847,0.75
CUST-0128,2026-01-13,25,39,0.814,0.799
CUST-0128,2026-01-20,30,39,0.671,0.715
CUST-0128,2026-01-27,26,96,0.835,0.743
CUST-0128,2026-02-03,31,67,0.764,0.801
CUST-0128,2026-02-10,33,119,0.693,0.718
CUST-0128,2026-02-17,24,34,0.76,0.83
CUST-0128,2026-02-24,26,48,0.736,0.737
CUST-0128,2026-03-03,24,80,0.632,0.714
CUST-0128,2026-03-10,27,83,0.7,0.781
CUST-0128,2026-03-17,24,80,0.743,0.823
CUST-0128,2026-03-24,25,74,0.765,0.84
CUST-0128,2026-03-31,27,86,0.659,0.772
CUST-0128,2026-04-07,29,89,0.716,0.791
CUST-0128,2026-04-14,20,47,0.735,0.725
CUST-0128,2026-04-21,30,137,0.705,0.757
CUST-0128,2026-04-28,24,82,0.735,0.708
CUST-0128,2026-05-05,32,68,0.774,0.697
CUST-0128,2026-05-12,32,109,0.721,0.824
CUST-0128,2026-05-19,31,48,0.737,0.735
CUST-0128,2026-05-26,31,108,0.644,0.86
CUST-0128,2026-06-02,22,65,0.744,0.693
CUST-0128,2026-06-09,28,32,0.63,0.75
CUST-0128,2026-06-16,25,45,0.735,0.821
CUST-0128,2026-06-23,25,43,0.711,0.733
CUST-0129,2026-01-07,13,14,0.519,0.546
CUST-0129,2026-01-14,16,21,0.683,0.73
CUST-0129,2026-01-21,11,20,0.557,0.636
CUST-0129,2026-01-28,15,41,0.592,0.545
CUST-0129,2026-02-04,12,40,0.691,0.547
CUST-0129,2026-02-11,13,29,0.531,0.519
CUST-0129,2026-02-18,15,23,0.688,0.638
CUST-0129,2026-02-25,14,36,0.506,0.656
CUST-0129,2026-03-04,13,38,0.562,0.644
CUST-0129,2026-03-11,11,29,0.582,0.593
CUST-0129,2026-03-18,12,19,0.639,0.571
CUST-0129,2026-03-25,12,15,0.555,0.606
CUST-0129,2026-04-01,13,23,0.588,0.612
CUST-0129,2026-04-08,17,52,0.542,0.538
CUST-0129,2026-04-15,12,37,0.531,0.685
CUST-0129,2026-04-22,15,26,0.439,0.437
CUST-0129,2026-04-29,9,29,0.545,0.549
CUST-0129,2026-05-06,10,26,0.552,0.559
CUST-0129,2026-05-13,13,27,0.534,0.504
CUST-0129,2026-05-20,10,32,0.483,0.544
CUST-0129,2026-05-27,12,20,0.507,0.502
CUST-0129,2026-06-03,12,34,0.463,0.55
CUST-0129,2026-06-10,10,14,0.543,0.537
CUST-0129,2026-06-17,9,13,0.442,0.524
CUST-0130,2024-07-02,11,9,0.468,0.615
CUST-0130,2024-07-09,9,22,0.437,0.454
CUST-0130,2024-07-16,13,34,0.465,0.437
CUST-0130,2024-07-23,11,24,0.391,0.45
CUST-0130,2024-07-30,12,25,0.523,0.522
CUST-0130,2024-08-06,12,13,0.434,0.447
CUST-0130,2024-08-13,12,25,0.447,0.462
CUST-0130,2024-08-20,13,27,0.432,0.603
CUST-0130,2024-08-27,11,8,0.36,0.557
CUST-0130,2024-09-03,12,20,0.504,0.458
CUST-0130,2024-09-10,11,27,0.401,0.49
CUST-0130,2024-09-17,9,23,0.311,0.424
CUST-0130,2024-09-24,5,5,0.428,0.394
CUST-0130,2024-10-01,12,20,0.361,0.546
CUST-0130,2024-10-08,8,12,0.432,0.511
CUST-0130,2024-10-15,10,11,0.489,0.389
CUST-0130,2024-10-22,10,26,0.427,0.44
CUST-0130,2024-10-29,7,10,0.38,0.443
CUST-0130,2024-11-05,9,9,0.414,0.511
CUST-0130,2024-11-12,8,10,0.434,0.391
CUST-0130,2024-11-19,8,6,0.311,0.435
CUST-0130,2024-11-26,6,6,0.44,0.478
CUST-0130,2024-12-03,11,26,0.476,0.623
CUST-0130,2024-12-10,11,21,0.403,0.454
CUST-0130,2024-12-17,9,12,0.33,0.476
CUST-0130,2024-12-24,5,7,0.417,0.494
CUST-0130,2024-12-31,11,16,0.463,0.407
CUST-0130,2025-01-07,10,16,0.414,0.365
CUST-0130,2025-01-14,10,11,0.411,0.396
CUST-0130,2025-01-21,9,8,0.361,0.342
CUST-0130,2025-01-28,9,8,0.478,0.439
CUST-0130,2025-02-04,11,17,0.415,0.507
CUST-0130,2025-02-11,7,5,0.384,0.462
CUST-0130,2025-02-18,10,9,0.428,0.516
CUST-0130,2025-02-25,9,19,0.349,0.406
CUST-0130,2025-03-04,8,11,0.335,0.445
CUST-0130,2025-03-11,10,11,0.44,0.478
CUST-0130,2025-03-18,9,14,0.391,0.436
CUST-0130,2025-03-25,12,18,0.435,0.548
CUST-0130,2025-04-01,10,9,0.38,0.41
CUST-0130,2025-04-08,12,26,0.424,0.394
CUST-0130,2025-04-15,12,12,0.281,0.626
CUST-0130,2025-04-22,8,13,0.399,0.368
CUST-0130,2025-04-29,7,4,0.252,0.315
CUST-0130,2025-05-06,7,5,0.389,0.412
CUST-0130,2025-05-13,4,3,0.307,0.467
CUST-0130,2025-05-20,6,10,0.441,0.318
CUST-0130,2025-05-27,8,8,0.399,0.402
CUST-0130,2025-06-03,7,4,0.282,0.383
CUST-0130,2025-06-10,8,14,0.373,0.375
CUST-0130,2025-06-17,5,5,0.391,0.382
CUST-0130,2025-06-24,6,12,0.437,0.401
CUST-0130,2025-07-01,10,6,0.245,0.417
CUST-0130,2025-07-08,9,5,0.37,0.391
CUST-0130,2025-07-15,9,10,0.414,0.362
CUST-0130,2025-07-22,7,4,0.317,0.352
CUST-0130,2025-07-29,5,10,0.341,0.266
CUST-0130,2025-08-05,7,8,0.316,0.416
CUST-0130,2025-08-12,6,8,0.361,0.333
CUST-0130,2025-08-19,9,7,0.352,0.414
CUST-0130,2025-08-26,6,8,0.307,0.297
CUST-0130,2025-09-02,8,8,0.37,0.342
CUST-0130,2025-09-09,8,10,0.29,0.341
CUST-0130,2025-09-16,9,18,0.19,0.318
CUST-0130,2025-09-23,6,5,0.346,0.297
CUST-0130,2025-09-30,9,5,0.211,0.32
CUST-0130,2025-10-07,6,6,0.326,0.291
CUST-0130,2025-10-14,5,8,0.324,0.417
CUST-0130,2025-10-21,6,11,0.247,0.27
CUST-0130,2025-10-28,6,10,0.346,0.292
CUST-0130,2025-11-04,8,4,0.279,0.324
CUST-0130,2025-11-11,8,6,0.304,0.376
CUST-0130,2025-11-18,9,11,0.309,0.352
CUST-0130,2025-11-25,6,10,0.31,0.339
CUST-0130,2025-12-02,4,6,0.321,0.288
CUST-0130,2025-12-09,8,12,0.329,0.263
CUST-0130,2025-12-16,8,5,0.173,0.398
CUST-0130,2025-12-23,8,8,0.307,0.364
CUST-0130,2025-12-30,7,10,0.182,0.411
CUST-0130,2026-01-06,3,2,0.209,0.312
CUST-0130,2026-01-13,7,3,0.347,0.366
CUST-0130,2026-01-20,7,9,0.283,0.345
CUST-0130,2026-01-27,8,10,0.28,0.328
CUST-0130,2026-02-03,6,4,0.203,0.352
CUST-0130,2026-02-10,4,2,0.291,0.298
CUST-0130,2026-02-17,6,8,0.312,0.258
CUST-0130,2026-02-24,9,15,0.186,0.164
CUST-0130,2026-03-03,8,11,0.282,0.385
CUST-0130,2026-03-10,4,2,0.257,0.226
CUST-0130,2026-03-17,3,4,0.271,0.289
CUST-0130,2026-03-24,4,3,0.228,0.227
CUST-0130,2026-03-31,6,3,0.26,0.252
CUST-0130,2026-04-07,7,11,0.244,0.266
CUST-0130,2026-04-14,6,9,0.234,0.289
CUST-0130,2026-04-21,5,6,0.207,0.353
CUST-0130,2026-04-28,7,10,0.197,0.328
CUST-0130,2026-05-05,4,5,0.194,0.279
CUST-0130,2026-05-12,3,3,0.211,0.238
CUST-0130,2026-05-19,5,3,0.216,0.288
CUST-0130,2026-05-26,5,3,0.266,0.222
CUST-0130,2026-06-02,6,5,0.262,0.275
CUST-0130,2026-06-09,8,10,0.244,0.287
CUST-0130,2026-06-16,4,2,0.343,0.298
CUST-0130,2026-06-23,5,2,0.22,0.335
CUST-0131,2024-03-17,1,0,0.0,0.0
CUST-0131,2024-03-24,1,0,0.061,0.0
CUST-0131,2024-03-31,1,0,0.0,0.051
CUST-0131,2024-04-07,1,0,0.0,0.048
CUST-0131,2024-04-14,1,0,0.049,0.0
CUST-0131,2024-04-21,1,0,0.0,0.0
CUST-0131,2024-04-28,1,0,0.0,0.0
CUST-0131,2024-05-05,1,0,0.0,0.018
CUST-0131,2024-05-12,1,0,0.046,0.0
CUST-0131,2024-05-19,1,0,0.0,0.052
CUST-0131,2024-05-26,1,0,0.0,0.0
CUST-0131,2024-06-02,2,0,0.095,0.0
CUST-0131,2024-06-09,2,0,0.005,0.044
CUST-0131,2024-06-16,1,0,0.0,0.017
CUST-0131,2024-06-23,1,0,0.0,0.0
CUST-0131,2024-06-30,2,0,0.032,0.109
CUST-0131,2024-07-07,1,0,0.0,0.006
CUST-0131,2024-07-14,1,0,0.0,0.06
CUST-0131,2024-07-21,1,0,0.034,0.0
CUST-0131,2024-07-28,1,0,0.0,0.018
CUST-0131,2024-08-04,1,0,0.0,0.0
CUST-0131,2024-08-11,1,0,0.009,0.039
CUST-0131,2024-08-18,1,0,0.074,0.074
CUST-0131,2024-08-25,1,0,0.0,0.0
CUST-0131,2024-09-01,1,0,0.0,0.028
CUST-0131,2024-09-08,1,0,0.057,0.0
CUST-0131,2024-09-15,1,0,0.0,0.04
CUST-0131,2024-09-22,2,0,0.046,0.047
CUST-0131,2024-09-29,1,0,0.0,0.057
CUST-0131,2024-10-06,1,0,0.078,0.0
CUST-0131,2024-10-13,1,0,0.013,0.0
CUST-0131,2024-10-20,3,0,0.0,0.106
CUST-0131,2024-10-27,1,0,0.0,0.035
CUST-0131,2024-11-03,5,0,0.022,0.02
CUST-0131,2024-11-10,2,0,0.034,0.0
CUST-0131,2024-11-17,1,0,0.088,0.0
CUST-0131,2024-11-24,1,0,0.012,0.031
CUST-0131,2024-12-01,1,0,0.018,0.0
CUST-0131,2024-12-08,1,0,0.0,0.068
CUST-0131,2024-12-15,1,0,0.0,0.0
CUST-0131,2024-12-22,1,0,0.07,0.157
CUST-0131,2024-12-29,1,0,0.005,0.049
CUST-0131,2025-01-05,1,0,0.021,0.0
CUST-0131,2025-01-12,1,0,0.0,0.035
CUST-0131,2025-01-19,1,0,0.0,0.04
CUST-0131,2025-01-26,1,0,0.0,0.018
CUST-0131,2025-02-02,1,0,0.0,0.0
CUST-0131,2025-02-09,1,0,0.006,0.11
CUST-0131,2025-02-16,1,0,0.025,0.0
CUST-0131,2025-02-23,1,0,0.0,0.046
CUST-0131,2025-03-02,1,0,0.0,0.0
CUST-0131,2025-03-09,1,0,0.016,0.0
CUST-0131,2025-03-16,1,0,0.0,0.027
CUST-0131,2025-03-23,1,0,0.0,0.0
CUST-0131,2025-03-30,1,0,0.102,0.0
CUST-0131,2025-04-06,1,0,0.0,0.012
CUST-0131,2025-04-13,1,0,0.041,0.096
CUST-0131,2025-04-20,1,0,0.0,0.006
CUST-0131,2025-04-27,1,0,0.013,0.06
CUST-0131,2025-05-04,1,0,0.0,0.0
CUST-0131,2025-05-11,1,0,0.117,0.02
CUST-0131,2025-05-18,1,0,0.0,0.011
CUST-0131,2025-05-25,1,0,0.009,0.033
CUST-0131,2025-06-01,1,0,0.036,0.036
CUST-0131,2025-06-08,1,0,0.0,0.053
CUST-0131,2025-06-15,1,0,0.013,0.0
CUST-0131,2025-06-22,1,0,0.032,0.046
CUST-0131,2025-06-29,1,0,0.0,0.0
CUST-0131,2025-07-06,1,0,0.04,0.02
CUST-0131,2025-07-13,4,0,0.033,0.114
CUST-0131,2025-07-20,1,0,0.001,0.034
CUST-0131,2025-07-27,2,0,0.0,0.0
CUST-0131,2025-08-03,1,0,0.0,0.068
CUST-0131,2025-08-10,1,0,0.0,0.041
CUST-0131,2025-08-17,1,0,0.0,0.103
CUST-0131,2025-08-24,1,0,0.074,0.015
CUST-0131,2025-08-31,3,0,0.02,0.002
CUST-0131,2025-09-07,1,0,0.0,0.0
CUST-0131,2025-09-14,1,0,0.0,0.031
CUST-0131,2025-09-21,1,0,0.0,0.0
CUST-0131,2025-09-28,1,0,0.0,0.008
CUST-0131,2025-10-05,1,0,0.0,0.0
CUST-0131,2025-10-12,1,0,0.037,0.084
CUST-0131,2025-10-19,2,0,0.0,0.0
CUST-0131,2025-10-26,1,0,0.013,0.0
CUST-0131,2025-11-02,4,0,0.005,0.026
CUST-0131,2025-11-09,1,0,0.0,0.0
CUST-0131,2025-11-16,1,0,0.039,0.019
CUST-0131,2025-11-23,2,0,0.063,0.041
CUST-0131,2025-11-30,1,0,0.0,0.093
CUST-0131,2025-12-07,1,0,0.013,0.0
CUST-0131,2025-12-14,1,0,0.053,0.059
CUST-0131,2025-12-21,2,0,0.0,0.035
CUST-0131,2025-12-28,2,0,0.0,0.027
CUST-0131,2026-01-04,1,0,0.081,0.019
CUST-0131,2026-01-11,1,0,0.03,0.032
CUST-0131,2026-01-18,1,0,0.009,0.0
CUST-0131,2026-01-25,1,0,0.0,0.0
CUST-0131,2026-02-01,1,0,0.0,0.02
CUST-0131,2026-02-08,1,0,0.012,0.022
CUST-0131,2026-02-15,1,0,0.0,0.054
CUST-0131,2026-02-22,1,0,0.006,0.0
CUST-0131,2026-03-01,1,0,0.0,0.0
CUST-0131,2026-03-08,1,0,0.054,0.0
CUST-0132,2024-07-02,39,118,0.557,0.564
CUST-0132,2024-07-09,49,113,0.533,0.491
CUST-0132,2024-07-16,34,112,0.507,0.572
CUST-0132,2024-07-23,43,72,0.431,0.594
CUST-0132,2024-07-30,36,113,0.522,0.643
CUST-0132,2024-08-06,38,52,0.507,0.515
CUST-0132,2024-08-13,34,79,0.551,0.488
CUST-0132,2024-08-20,39,130,0.504,0.633
CUST-0132,2024-08-27,44,45,0.495,0.687
CUST-0132,2024-09-03,38,38,0.484,0.543
CUST-0132,2024-09-10,41,36,0.547,0.597
CUST-0132,2024-09-17,47,154,0.554,0.577
CUST-0132,2024-09-24,34,95,0.516,0.558
CUST-0132,2024-10-01,40,127,0.445,0.62
CUST-0132,2024-10-08,34,82,0.489,0.518
CUST-0132,2024-10-15,51,56,0.538,0.614
CUST-0132,2024-10-22,43,50,0.554,0.506
CUST-0132,2024-10-29,41,75,0.48,0.572
CUST-0132,2024-11-05,42,127,0.502,0.781
CUST-0132,2024-11-12,51,143,0.483,0.536
CUST-0132,2024-11-19,33,103,0.595,0.672
CUST-0132,2024-11-26,36,36,0.594,0.699
CUST-0132,2024-12-03,32,108,0.519,0.48
CUST-0132,2024-12-10,44,72,0.592,0.671
CUST-0132,2024-12-17,46,85,0.586,0.486
CUST-0132,2024-12-24,51,173,0.572,0.548
CUST-0132,2024-12-31,33,73,0.523,0.63
CUST-0132,2025-01-07,55,122,0.584,0.453
CUST-0132,2025-01-14,40,124,0.547,0.562
CUST-0132,2025-01-21,43,49,0.61,0.605
CUST-0132,2025-01-28,35,32,0.554,0.607
CUST-0132,2025-02-04,46,154,0.577,0.523
CUST-0132,2025-02-11,36,89,0.51,0.629
CUST-0132,2025-02-18,50,118,0.514,0.56
CUST-0132,2025-02-25,41,39,0.537,0.617
CUST-0132,2025-03-04,40,65,0.59,0.625
CUST-0132,2025-03-11,44,121,0.54,0.573
CUST-0132,2025-03-18,39,43,0.604,0.566
CUST-0132,2025-03-25,37,104,0.559,0.648
CUST-0132,2025-04-01,41,49,0.588,0.456
CUST-0132,2025-04-08,47,65,0.643,0.563
CUST-0132,2025-04-15,50,71,0.51,0.481
CUST-0132,2025-04-22,36,92,0.494,0.553
CUST-0132,2025-04-29,39,100,0.639,0.674
CUST-0132,2025-05-06,40,147,0.616,0.573
CUST-0132,2025-05-13,42,62,0.546,0.654
CUST-0132,2025-05-20,37,135,0.508,0.486
CUST-0132,2025-05-27,44,109,0.55,0.729
CUST-0132,2025-06-03,45,75,0.564,0.575
CUST-0132,2025-06-10,34,97,0.573,0.585
CUST-0132,2025-06-17,39,41,0.478,0.651
CUST-0132,2025-06-24,44,83,0.604,0.698
CUST-0132,2025-07-01,40,83,0.662,0.584
CUST-0132,2025-07-08,52,82,0.603,0.652
CUST-0132,2025-07-15,48,175,0.67,0.64
CUST-0132,2025-07-22,51,187,0.622,0.648
CUST-0132,2025-07-29,43,124,0.676,0.583
CUST-0132,2025-08-05,55,197,0.56,0.741
CUST-0132,2025-08-12,40,39,0.669,0.704
CUST-0132,2025-08-19,45,49,0.532,0.679
CUST-0132,2025-08-26,41,146,0.616,0.797
CUST-0132,2025-09-02,49,150,0.532,0.678
CUST-0132,2025-09-09,40,128,0.639,0.696
CUST-0132,2025-09-16,57,98,0.624,0.695
CUST-0132,2025-09-23,41,116,0.596,0.649
CUST-0132,2025-09-30,47,127,0.645,0.581
CUST-0132,2025-10-07,54,114,0.647,0.604
CUST-0132,2025-10-14,45,146,0.659,0.61
CUST-0132,2025-10-21,45,179,0.587,0.447
CUST-0132,2025-10-28,54,183,0.667,0.74
CUST-0132,2025-11-04,36,130,0.615,0.709
CUST-0132,2025-11-11,58,62,0.553,0.629
CUST-0132,2025-11-18,48,54,0.631,0.8
CUST-0132,2025-11-25,54,136,0.606,0.649
CUST-0132,2025-12-02,43,143,0.628,0.666
CUST-0132,2025-12-09,36,62,0.66,0.735
CUST-0132,2025-12-16,55,81,0.624,0.79
CUST-0132,2025-12-23,47,98,0.71,0.718
CUST-0132,2025-12-30,50,131,0.57,0.686
CUST-0132,2026-01-06,54,206,0.612,0.753
CUST-0132,2026-01-13,58,115,0.73,0.644
CUST-0132,2026-01-20,48,171,0.608,0.705
CUST-0132,2026-01-27,57,68,0.583,0.598
CUST-0132,2026-02-03,48,179,0.583,0.727
CUST-0132,2026-02-10,42,85,0.65,0.687
CUST-0132,2026-02-17,38,114,0.668,0.841
CUST-0132,2026-02-24,46,113,0.57,0.737
CUST-0132,2026-03-03,55,104,0.654,0.651
CUST-0132,2026-03-10,54,197,0.635,0.768
CUST-0132,2026-03-17,41,62,0.687,0.732
CUST-0132,2026-03-24,54,207,0.696,0.68
CUST-0132,2026-03-31,41,168,0.671,0.726
CUST-0132,2026-04-07,48,118,0.689,0.704
CUST-0132,2026-04-14,55,122,0.682,0.762
CUST-0132,2026-04-21,50,192,0.656,0.671
CUST-0132,2026-04-28,52,167,0.641,0.691
CUST-0132,2026-05-05,46,58,0.591,0.723
CUST-0132,2026-05-12,44,93,0.69,0.837
CUST-0132,2026-05-19,58,236,0.582,0.671
CUST-0132,2026-05-26,46,68,0.633,0.67
CUST-0132,2026-06-02,57,150,0.655,0.639
CUST-0132,2026-06-09,51,92,0.665,0.709
CUST-0132,2026-06-16,55,218,0.646,0.788
CUST-0132,2026-06-23,54,60,0.599,0.765
CUST-0133,2025-12-02,9,24,0.553,0.605
CUST-0133,2025-12-09,7,11,0.465,0.636
CUST-0133,2025-12-16,7,8,0.447,0.417
CUST-0133,2025-12-23,8,19,0.464,0.573
CUST-0133,2025-12-30,7,14,0.523,0.527
CUST-0133,2026-01-06,7,15,0.548,0.605
CUST-0133,2026-01-13,7,15,0.515,0.485
CUST-0133,2026-01-20,9,24,0.513,0.605
CUST-0133,2026-01-27,7,19,0.485,0.512
CUST-0133,2026-02-03,9,21,0.404,0.556
CUST-0133,2026-02-10,6,5,0.376,0.377
CUST-0133,2026-02-17,6,9,0.394,0.35
CUST-0133,2026-02-24,7,18,0.394,0.468
CUST-0133,2026-03-03,7,16,0.409,0.475
CUST-0133,2026-03-10,9,21,0.405,0.538
CUST-0133,2026-03-17,7,19,0.407,0.533
CUST-0133,2026-03-24,8,17,0.408,0.489
CUST-0133,2026-03-31,7,13,0.362,0.536
CUST-0133,2026-04-07,7,7,0.53,0.428
CUST-0133,2026-04-14,5,12,0.5,0.513
CUST-0133,2026-04-21,6,9,0.427,0.459
CUST-0134,2025-08-07,44,146,0.642,0.641
CUST-0134,2025-08-14,46,77,0.622,0.625
CUST-0134,2025-08-21,49,152,0.671,0.68
CUST-0134,2025-08-28,52,110,0.637,0.638
CUST-0134,2025-09-04,49,167,0.597,0.656
CUST-0134,2025-09-11,41,91,0.611,0.622
CUST-0134,2025-09-18,52,111,0.668,0.732
CUST-0134,2025-09-25,49,77,0.612,0.637
CUST-0134,2025-10-02,58,224,0.582,0.559
CUST-0134,2025-10-09,51,111,0.56,0.712
CUST-0134,2025-10-16,45,65,0.594,0.591
CUST-0134,2025-10-23,41,123,0.51,0.632
CUST-0134,2025-10-30,42,143,0.544,0.576
CUST-0134,2025-11-06,49,88,0.643,0.51
CUST-0134,2025-11-13,42,59,0.5,0.628
CUST-0134,2025-11-20,59,121,0.609,0.603
CUST-0134,2025-11-27,47,55,0.625,0.578
CUST-0134,2025-12-04,43,79,0.527,0.607
CUST-0134,2025-12-11,40,91,0.504,0.674
CUST-0134,2025-12-18,42,91,0.502,0.565
CUST-0134,2025-12-25,42,103,0.538,0.603
CUST-0134,2026-01-01,43,73,0.538,0.559
CUST-0134,2026-01-08,45,131,0.542,0.514
CUST-0134,2026-01-15,52,109,0.487,0.562
CUST-0134,2026-01-22,44,43,0.513,0.593
CUST-0134,2026-01-29,42,95,0.537,0.596
CUST-0134,2026-02-05,39,71,0.581,0.544
CUST-0134,2026-02-12,37,104,0.491,0.461
CUST-0135,2024-07-02,12,21,0.519,0.506
CUST-0135,2024-07-09,9,26,0.468,0.578
CUST-0135,2024-07-16,11,9,0.528,0.536
CUST-0135,2024-07-23,10,26,0.555,0.562
CUST-0135,2024-07-30,10,10,0.602,0.691
CUST-0135,2024-08-06,10,16,0.543,0.605
CUST-0135,2024-08-13,10,23,0.532,0.623
CUST-0135,2024-08-20,8,16,0.483,0.542
CUST-0135,2024-08-27,11,32,0.549,0.523
CUST-0135,2024-09-03,10,23,0.532,0.641
CUST-0135,2024-09-10,11,17,0.543,0.556
CUST-0135,2024-09-17,9,28,0.518,0.634
CUST-0135,2024-09-24,8,20,0.566,0.669
CUST-0135,2024-10-01,12,24,0.538,0.487
CUST-0135,2024-10-08,12,20,0.465,0.588
CUST-0135,2024-10-15,12,14,0.485,0.556
CUST-0135,2024-10-22,8,11,0.498,0.564
CUST-0135,2024-10-29,10,13,0.6,0.653
CUST-0135,2024-11-05,12,37,0.658,0.628
CUST-0135,2024-11-12,11,28,0.669,0.601
CUST-0135,2024-11-19,12,31,0.587,0.607
CUST-0135,2024-11-26,14,44,0.626,0.658
CUST-0135,2024-12-03,13,36,0.553,0.609
CUST-0135,2024-12-10,9,21,0.578,0.601
CUST-0135,2024-12-17,12,16,0.606,0.596
CUST-0135,2024-12-24,11,16,0.6,0.716
CUST-0135,2024-12-31,8,28,0.603,0.567
CUST-0135,2025-01-07,14,52,0.589,0.678
CUST-0135,2025-01-14,11,22,0.584,0.59
CUST-0135,2025-01-21,14,45,0.746,0.61
CUST-0135,2025-01-28,8,20,0.589,0.702
CUST-0135,2025-02-04,12,12,0.612,0.686
CUST-0135,2025-02-11,12,37,0.695,0.557
CUST-0135,2025-02-18,14,22,0.58,0.728
CUST-0135,2025-02-25,9,15,0.674,0.727
CUST-0135,2025-03-04,12,19,0.634,0.687
CUST-0135,2025-03-11,12,46,0.633,0.727
CUST-0135,2025-03-18,11,33,0.694,0.651
CUST-0135,2025-03-25,13,41,0.657,0.632
CUST-0135,2025-04-01,10,41,0.573,0.573
CUST-0135,2025-04-08,11,32,0.598,0.642
CUST-0135,2025-04-15,15,31,0.674,0.765
CUST-0135,2025-04-22,12,48,0.65,0.75
CUST-0135,2025-04-29,12,43,0.54,0.797
CUST-0135,2025-05-06,14,16,0.73,0.805
CUST-0135,2025-05-13,13,46,0.656,0.745
CUST-0135,2025-05-20,17,55,0.598,0.724
CUST-0135,2025-05-27,13,40,0.674,0.799
CUST-0135,2025-06-03,16,28,0.618,0.706
CUST-0135,2025-06-10,14,55,0.753,0.736
CUST-0135,2025-06-17,16,38,0.586,0.769
CUST-0135,2025-06-24,16,37,0.771,0.698
CUST-0135,2025-07-01,16,70,0.734,0.747
CUST-0135,2025-07-08,12,36,0.586,0.757
CUST-0135,2025-07-15,12,42,0.75,0.579
CUST-0135,2025-07-22,16,45,0.707,0.781
CUST-0135,2025-07-29,15,63,0.709,0.59
CUST-0135,2025-08-05,17,53,0.757,0.751
CUST-0135,2025-08-12,17,21,0.74,0.777
CUST-0135,2025-08-19,16,56,0.798,0.736
CUST-0135,2025-08-26,14,62,0.732,0.728
CUST-0135,2025-09-02,13,26,0.712,0.742
CUST-0135,2025-09-09,13,48,0.695,0.765
CUST-0135,2025-09-16,14,60,0.693,0.827
CUST-0135,2025-09-23,15,71,0.772,0.813
CUST-0135,2025-09-30,11,34,0.724,0.858
CUST-0135,2025-10-07,14,68,0.743,0.812
CUST-0135,2025-10-14,19,59,0.737,0.794
CUST-0135,2025-10-21,13,22,0.723,0.842
CUST-0135,2025-10-28,16,50,0.675,0.844
CUST-0135,2025-11-04,18,87,0.791,0.786
CUST-0135,2025-11-11,16,65,0.786,0.903
CUST-0135,2025-11-18,17,56,0.801,0.907
CUST-0135,2025-11-25,15,30,0.756,0.772
CUST-0135,2025-12-02,16,48,0.817,0.782
CUST-0135,2025-12-09,16,56,0.757,0.751
CUST-0135,2025-12-16,15,35,0.78,0.871
CUST-0135,2025-12-23,15,68,0.868,0.82
CUST-0135,2025-12-30,17,24,0.753,0.851
CUST-0135,2026-01-06,17,65,0.81,0.917
CUST-0135,2026-01-13,14,59,0.79,0.828
CUST-0135,2026-01-20,15,71,0.741,0.842
CUST-0135,2026-01-27,15,29,0.747,0.882
CUST-0135,2026-02-03,16,75,0.85,0.866
CUST-0135,2026-02-10,17,29,0.784,0.876
CUST-0135,2026-02-17,17,89,0.929,0.981
CUST-0135,2026-02-24,16,80,0.81,0.796
CUST-0135,2026-03-03,18,67,0.843,0.94
CUST-0135,2026-03-10,18,32,0.906,0.947
CUST-0135,2026-03-17,16,38,0.895,1.0
CUST-0135,2026-03-24,15,66,0.823,0.912
CUST-0135,2026-03-31,16,30,0.835,0.95
CUST-0135,2026-04-07,19,105,0.784,0.826
CUST-0135,2026-04-14,19,31,0.831,0.862
CUST-0135,2026-04-21,18,40,0.885,0.875
CUST-0135,2026-04-28,16,48,0.861,0.95
CUST-0135,2026-05-05,17,52,0.936,0.98
CUST-0135,2026-05-12,18,86,0.878,0.902
CUST-0135,2026-05-19,17,46,0.923,1.0
CUST-0135,2026-05-26,17,82,0.919,0.94
CUST-0135,2026-06-02,18,77,0.939,0.981
CUST-0135,2026-06-09,18,92,0.851,0.93
CUST-0135,2026-06-16,17,49,0.825,1.0
CUST-0135,2026-06-23,18,102,0.889,0.965
CUST-0136,2024-09-10,37,73,0.562,0.436
CUST-0136,2024-09-17,36,38,0.552,0.573
CUST-0136,2024-09-24,26,53,0.504,0.547
CUST-0136,2024-10-01,41,95,0.513,0.595
CUST-0136,2024-10-08,26,70,0.615,0.608
CUST-0136,2024-10-15,31,32,0.481,0.627
CUST-0136,2024-10-22,33,53,0.505,0.461
CUST-0136,2024-10-29,27,40,0.621,0.458
CUST-0136,2024-11-05,29,31,0.494,0.62
CUST-0136,2024-11-12,36,73,0.572,0.581
CUST-0136,2024-11-19,28,60,0.492,0.636
CUST-0136,2024-11-26,32,100,0.501,0.547
CUST-0136,2024-12-03,30,82,0.557,0.572
CUST-0136,2024-12-10,30,71,0.476,0.525
CUST-0136,2024-12-17,26,28,0.538,0.565
CUST-0136,2024-12-24,25,43,0.503,0.576
CUST-0136,2024-12-31,27,36,0.497,0.624
CUST-0136,2025-01-07,31,34,0.474,0.581
CUST-0136,2025-01-14,33,51,0.51,0.548
CUST-0136,2025-01-21,30,61,0.518,0.533
CUST-0136,2025-01-28,29,83,0.506,0.627
CUST-0136,2025-02-04,31,61,0.59,0.472
CUST-0136,2025-02-11,31,34,0.377,0.562
CUST-0136,2025-02-18,23,54,0.507,0.585
CUST-0136,2025-02-25,25,51,0.43,0.552
CUST-0136,2025-03-04,24,56,0.501,0.497
CUST-0136,2025-03-11,31,50,0.483,0.578
CUST-0136,2025-03-18,31,52,0.427,0.586
CUST-0136,2025-03-25,33,57,0.514,0.448
CUST-0136,2025-04-01,30,31,0.536,0.54
CUST-0136,2025-04-08,34,66,0.562,0.529
CUST-0136,2025-04-15,27,24,0.519,0.664
CUST-0136,2025-04-22,33,87,0.576,0.553
CUST-0136,2025-04-29,32,34,0.489,0.413
CUST-0136,2025-05-06,19,47,0.443,0.523
CUST-0136,2025-05-13,33,32,0.556,0.527
CUST-0136,2025-05-20,31,53,0.464,0.595
CUST-0136,2025-05-27,36,79,0.472,0.539
CUST-0136,2025-06-03,25,37,0.451,0.505
CUST-0136,2025-06-10,30,64,0.426,0.57
CUST-0136,2025-06-17,27,41,0.392,0.519
CUST-0136,2025-06-24,24,43,0.479,0.536
CUST-0136,2025-07-01,30,36,0.469,0.563
CUST-0136,2025-07-08,33,25,0.515,0.571
CUST-0136,2025-07-15,29,48,0.443,0.477
CUST-0136,2025-07-22,25,59,0.55,0.554
CUST-0136,2025-07-29,32,66,0.452,0.563
CUST-0136,2025-08-05,26,48,0.479,0.507
CUST-0136,2025-08-12,23,18,0.499,0.585
CUST-0136,2025-08-19,36,93,0.414,0.458
CUST-0136,2025-08-26,27,38,0.418,0.547
CUST-0136,2025-09-02,24,45,0.464,0.529
CUST-0136,2025-09-09,31,87,0.453,0.497
CUST-0136,2025-09-16,23,19,0.486,0.388
CUST-0136,2025-09-23,34,84,0.421,0.526
CUST-0136,2025-09-30,25,22,0.425,0.486
CUST-0136,2025-10-07,31,52,0.477,0.482
CUST-0136,2025-10-14,21,35,0.539,0.507
CUST-0136,2025-10-21,26,58,0.405,0.503
CUST-0136,2025-10-28,33,69,0.453,0.441
CUST-0136,2025-11-04,20,53,0.384,0.475
CUST-0136,2025-11-11,25,62,0.474,0.53
CUST-0136,2025-11-18,23,54,0.451,0.523
CUST-0136,2025-11-25,22,53,0.405,0.441
CUST-0136,2025-12-02,20,45,0.427,0.501
CUST-0136,2025-12-09,30,62,0.445,0.411
CUST-0136,2025-12-16,29,81,0.417,0.491
CUST-0136,2025-12-23,26,26,0.448,0.507
CUST-0136,2025-12-30,30,32,0.455,0.424
CUST-0136,2026-01-06,22,47,0.381,0.418
CUST-0136,2026-01-13,30,42,0.427,0.448
CUST-0136,2026-01-20,22,38,0.373,0.415
CUST-0136,2026-01-27,31,49,0.412,0.566
CUST-0136,2026-02-03,24,60,0.486,0.511
CUST-0136,2026-02-10,30,30,0.418,0.494
CUST-0136,2026-02-17,28,35,0.336,0.456
CUST-0136,2026-02-24,25,46,0.463,0.463
CUST-0136,2026-03-03,21,55,0.428,0.492
CUST-0136,2026-03-10,24,30,0.436,0.536
CUST-0136,2026-03-17,16,25,0.422,0.436
CUST-0136,2026-03-24,26,30,0.405,0.531
CUST-0136,2026-03-31,21,50,0.436,0.467
CUST-0136,2026-04-07,19,15,0.35,0.423
CUST-0136,2026-04-14,22,40,0.36,0.441
CUST-0136,2026-04-21,23,48,0.432,0.496
CUST-0136,2026-04-28,21,28,0.396,0.578
CUST-0136,2026-05-05,28,69,0.416,0.438
CUST-0136,2026-05-12,25,60,0.455,0.56
CUST-0136,2026-05-19,29,40,0.435,0.444
CUST-0136,2026-05-26,31,29,0.412,0.426
CUST-0136,2026-06-02,23,31,0.424,0.476
CUST-0136,2026-06-09,22,34,0.313,0.399
CUST-0136,2026-06-16,15,21,0.428,0.51
CUST-0136,2026-06-23,25,49,0.444,0.4
CUST-0137,2023-02-03,45,54,0.51,0.672
CUST-0137,2023-02-10,33,78,0.48,0.503
CUST-0137,2023-02-17,31,35,0.526,0.54
CUST-0137,2023-02-24,40,61,0.457,0.469
CUST-0137,2023-03-03,33,55,0.434,0.473
CUST-0137,2023-03-10,32,59,0.45,0.535
CUST-0137,2023-03-17,39,85,0.377,0.482
CUST-0137,2023-03-24,43,104,0.4,0.456
CUST-0137,2023-03-31,31,27,0.424,0.452
CUST-0137,2023-04-07,37,38,0.515,0.507
CUST-0137,2023-04-14,35,94,0.45,0.602
CUST-0137,2023-04-21,29,38,0.465,0.495
CUST-0137,2023-04-28,30,62,0.419,0.47
CUST-0137,2023-05-05,23,42,0.399,0.432
CUST-0137,2023-05-12,32,29,0.389,0.434
CUST-0137,2023-05-19,36,51,0.406,0.488
CUST-0137,2023-05-26,27,50,0.396,0.509
CUST-0137,2023-06-02,26,63,0.472,0.472
CUST-0137,2023-06-09,34,72,0.391,0.447
CUST-0137,2023-06-16,34,47,0.347,0.36
CUST-0137,2023-06-23,32,73,0.52,0.446
CUST-0137,2023-06-30,32,25,0.331,0.381
CUST-0137,2023-07-07,18,20,0.387,0.418
CUST-0137,2023-07-14,31,46,0.39,0.296
CUST-0137,2023-07-21,23,22,0.411,0.488
CUST-0137,2023-07-28,33,69,0.423,0.311
CUST-0137,2023-08-04,26,47,0.41,0.53
CUST-0137,2023-08-11,26,40,0.225,0.421
CUST-0137,2023-08-18,22,16,0.399,0.385
CUST-0137,2023-08-25,18,33,0.351,0.375
CUST-0137,2023-09-01,28,35,0.367,0.44
CUST-0137,2023-09-08,30,34,0.296,0.298
CUST-0137,2023-09-15,31,26,0.373,0.406
CUST-0137,2023-09-22,19,19,0.365,0.266
CUST-0137,2023-09-29,26,51,0.353,0.334
CUST-0137,2023-10-06,23,32,0.26,0.253
CUST-0137,2023-10-13,32,66,0.278,0.401
CUST-0137,2023-10-20,18,13,0.359,0.296
CUST-0137,2023-10-27,34,36,0.312,0.394
CUST-0137,2023-11-03,33,38,0.301,0.231
CUST-0137,2023-11-10,22,18,0.375,0.318
CUST-0137,2023-11-17,13,21,0.304,0.38
CUST-0137,2023-11-24,22,38,0.266,0.318
CUST-0137,2023-12-01,12,12,0.357,0.408
CUST-0137,2023-12-08,25,12,0.232,0.263
CUST-0137,2023-12-15,17,9,0.267,0.376
CUST-0137,2023-12-22,23,25,0.37,0.347
CUST-0137,2023-12-29,17,8,0.33,0.248
CUST-0137,2024-01-05,19,12,0.269,0.215
CUST-0137,2024-01-12,17,10,0.293,0.417
CUST-0137,2024-01-19,25,20,0.334,0.296
CUST-0137,2024-01-26,12,14,0.208,0.315
CUST-0137,2024-02-02,3,3,0.197,0.246
CUST-0137,2024-02-09,16,22,0.181,0.186
CUST-0137,2024-02-16,15,10,0.246,0.3
CUST-0137,2024-02-23,11,16,0.206,0.258
CUST-0137,2024-03-01,25,10,0.257,0.307
CUST-0137,2024-03-08,7,7,0.25,0.149
CUST-0137,2024-03-15,21,22,0.197,0.24
CUST-0137,2024-03-22,15,18,0.128,0.178
CUST-0137,2024-03-29,14,13,0.226,0.229
CUST-0137,2024-04-05,12,13,0.178,0.228
CUST-0137,2024-04-12,21,24,0.061,0.2
CUST-0137,2024-04-19,7,3,0.231,0.211
CUST-0137,2024-04-26,15,15,0.115,0.23
CUST-0137,2024-05-03,15,16,0.143,0.2
CUST-0137,2024-05-10,13,8,0.232,0.243
CUST-0137,2024-05-17,15,16,0.141,0.217
CUST-0137,2024-05-24,8,4,0.086,0.173
CUST-0137,2024-05-31,5,5,0.226,0.275
CUST-0137,2024-06-07,7,5,0.188,0.261
CUST-0137,2024-06-14,17,17,0.285,0.258
CUST-0137,2024-06-21,18,11,0.179,0.092
CUST-0137,2024-06-28,21,11,0.044,0.152
CUST-0137,2024-07-05,17,9,0.199,0.139
CUST-0137,2024-07-12,18,11,0.275,0.118
CUST-0137,2024-07-19,21,15,0.176,0.201
CUST-0137,2024-07-26,4,1,0.156,0.122
CUST-0137,2024-08-02,15,13,0.138,0.119
CUST-0137,2024-08-09,15,10,0.071,0.216
CUST-0137,2024-08-16,5,4,0.162,0.121
CUST-0137,2024-08-23,17,10,0.148,0.194
CUST-0137,2024-08-30,14,10,0.08,0.054
CUST-0137,2024-09-06,1,0,0.063,0.006
CUST-0137,2024-09-13,8,2,0.099,0.004
CUST-0137,2024-09-20,5,3,0.15,0.137
CUST-0137,2024-09-27,9,2,0.094,0.205
CUST-0137,2024-10-04,6,1,0.104,0.106
CUST-0137,2024-10-11,13,7,0.137,0.232
CUST-0137,2024-10-18,1,0,0.122,0.125
CUST-0137,2024-10-25,4,0,0.113,0.099
CUST-0137,2024-11-01,11,5,0.027,0.15
CUST-0137,2024-11-08,1,0,0.107,0.151
CUST-0137,2024-11-15,11,1,0.07,0.0
CUST-0137,2024-11-22,10,1,0.078,0.014
CUST-0137,2024-11-29,10,2,0.079,0.067
CUST-0137,2024-12-06,1,0,0.058,0.192
CUST-0137,2024-12-13,7,1,0.088,0.074
CUST-0137,2024-12-20,3,0,0.075,0.089
CUST-0137,2024-12-27,11,3,0.0,0.0
CUST-0137,2025-01-03,5,0,0.095,0.041
CUST-0137,2025-01-10,26,2,0.0,0.006
CUST-0137,2025-01-17,1,0,0.066,0.157
CUST-0137,2025-01-24,9,0,0.0,0.0
CUST-0138,2024-07-02,6,30,0.872,0.79
CUST-0138,2024-07-09,6,21,0.847,0.906
CUST-0138,2024-07-16,7,10,0.861,0.891
CUST-0138,2024-07-23,7,29,0.805,0.917
CUST-0138,2024-07-30,7,10,0.787,0.866
CUST-0138,2024-08-06,6,21,0.775,1.0
CUST-0138,2024-08-13,6,10,0.76,0.925
CUST-0138,2024-08-20,7,14,0.804,0.825
CUST-0138,2024-08-27,6,12,0.898,0.897
CUST-0138,2024-09-03,7,15,0.818,0.958
CUST-0138,2024-09-10,6,10,0.957,0.862
CUST-0138,2024-09-17,7,22,0.901,0.931
CUST-0138,2024-09-24,7,17,0.843,0.981
CUST-0138,2024-10-01,6,25,0.928,0.941
CUST-0138,2024-10-08,8,15,0.861,0.94
CUST-0138,2024-10-15,6,29,0.805,0.914
CUST-0138,2024-10-22,7,15,0.952,0.989
CUST-0138,2024-10-29,7,9,0.885,0.872
CUST-0138,2024-11-05,6,20,0.844,0.896
CUST-0138,2024-11-12,8,20,0.87,1.0
CUST-0138,2024-11-19,7,15,0.849,0.944
CUST-0138,2024-11-26,6,22,0.79,0.835
CUST-0138,2024-12-03,7,32,0.926,0.863
CUST-0138,2024-12-10,7,10,0.869,1.0
CUST-0138,2024-12-17,7,35,0.897,1.0
CUST-0138,2024-12-24,8,23,0.861,0.938
CUST-0138,2024-12-31,7,36,0.911,0.932
CUST-0138,2025-01-07,7,38,0.92,0.936
CUST-0138,2025-01-14,8,42,0.902,1.0
CUST-0138,2025-01-21,7,23,0.945,1.0
CUST-0138,2025-01-28,7,19,0.899,1.0
CUST-0138,2025-02-04,7,21,0.964,0.994
CUST-0138,2025-02-11,8,14,0.945,0.982
CUST-0138,2025-02-18,8,18,0.916,0.914
CUST-0138,2025-02-25,8,34,0.946,1.0
CUST-0138,2025-03-04,8,23,0.917,1.0
CUST-0138,2025-03-11,7,32,0.977,1.0
CUST-0138,2025-03-18,8,39,0.969,0.948
CUST-0138,2025-03-25,8,30,0.87,0.952
CUST-0138,2025-04-01,7,32,0.976,0.916
CUST-0138,2025-04-08,7,25,0.907,0.985
CUST-0138,2025-04-15,8,14,0.949,0.948
CUST-0138,2025-04-22,6,20,0.969,1.0
CUST-0138,2025-04-29,7,21,0.821,1.0
CUST-0138,2025-05-06,8,25,0.933,1.0
CUST-0138,2025-05-13,7,35,0.942,1.0
CUST-0138,2025-05-20,8,26,0.947,0.993
CUST-0138,2025-05-27,7,15,0.903,1.0
CUST-0138,2025-06-03,8,21,0.881,0.97
CUST-0138,2025-06-10,8,44,0.931,0.962
CUST-0138,2025-06-17,8,37,1.0,0.928
CUST-0138,2025-06-24,7,38,1.0,0.989
CUST-0138,2025-07-01,7,25,0.966,1.0
CUST-0138,2025-07-08,8,24,0.948,0.96
CUST-0138,2025-07-15,8,46,0.917,1.0
CUST-0138,2025-07-22,7,25,0.98,0.932
CUST-0138,2025-07-29,7,22,0.929,0.92
CUST-0138,2025-08-05,8,20,0.895,1.0
CUST-0138,2025-08-12,7,31,1.0,0.957
CUST-0138,2025-08-19,7,30,0.953,0.898
CUST-0138,2025-08-26,7,31,0.876,1.0
CUST-0138,2025-09-02,8,12,0.791,1.0
CUST-0138,2025-09-09,8,20,0.963,1.0
CUST-0138,2025-09-16,7,14,0.904,1.0
CUST-0138,2025-09-23,7,26,0.916,1.0
CUST-0138,2025-09-30,6,11,0.909,0.97
CUST-0138,2025-10-07,7,10,0.899,0.942
CUST-0138,2025-10-14,8,22,0.896,0.952
CUST-0138,2025-10-21,8,42,0.917,1.0
CUST-0138,2025-10-28,7,20,0.978,1.0
CUST-0138,2025-11-04,8,36,0.923,0.781
CUST-0138,2025-11-11,8,37,0.932,1.0
CUST-0138,2025-11-18,8,31,0.907,0.972
CUST-0138,2025-11-25,8,45,1.0,0.977
CUST-0138,2025-12-02,6,24,0.936,1.0
CUST-0138,2025-12-09,8,32,0.855,1.0
CUST-0138,2025-12-16,8,32,0.996,0.959
CUST-0138,2025-12-23,7,14,0.858,1.0
CUST-0138,2025-12-30,7,34,0.934,1.0
CUST-0138,2026-01-06,7,16,1.0,0.997
CUST-0138,2026-01-13,7,38,0.878,1.0
CUST-0138,2026-01-20,8,38,1.0,0.965
CUST-0138,2026-01-27,7,19,0.897,0.98
CUST-0138,2026-02-03,8,46,0.886,0.983
CUST-0138,2026-02-10,6,21,0.888,0.915
CUST-0138,2026-02-17,8,42,0.893,0.894
CUST-0138,2026-02-24,8,36,0.968,0.976
CUST-0138,2026-03-03,6,10,0.871,1.0
CUST-0138,2026-03-10,7,30,0.97,0.936
CUST-0138,2026-03-17,7,27,0.91,0.911
CUST-0138,2026-03-24,7,39,0.937,0.905
CUST-0138,2026-03-31,8,32,0.982,1.0
CUST-0138,2026-04-07,8,36,0.914,1.0
CUST-0138,2026-04-14,7,20,0.849,1.0
CUST-0138,2026-04-21,7,19,0.931,1.0
CUST-0138,2026-04-28,7,19,0.927,1.0
CUST-0138,2026-05-05,7,26,0.935,0.968
CUST-0138,2026-05-12,7,35,1.0,1.0
CUST-0138,2026-05-19,7,32,0.901,0.966
CUST-0138,2026-05-26,8,24,0.914,1.0
CUST-0138,2026-06-02,8,33,0.959,1.0
CUST-0138,2026-06-09,8,39,0.913,0.989
CUST-0138,2026-06-16,8,34,0.988,1.0
CUST-0138,2026-06-23,8,43,0.896,0.967
CUST-0139,2025-10-07,2,3,0.371,0.326
CUST-0139,2025-10-14,1,2,0.367,0.368
CUST-0139,2025-10-21,2,3,0.321,0.357
CUST-0139,2025-10-28,2,2,0.335,0.349
CUST-0139,2025-11-04,2,1,0.277,0.418
CUST-0139,2025-11-11,2,1,0.334,0.431
CUST-0139,2025-11-18,2,1,0.416,0.423
CUST-0139,2025-11-25,1,1,0.26,0.285
CUST-0139,2025-12-02,3,4,0.323,0.283
CUST-0139,2025-12-09,2,2,0.421,0.36
CUST-0139,2025-12-16,1,1,0.389,0.394
CUST-0139,2025-12-23,2,1,0.363,0.406
CUST-0139,2025-12-30,1,1,0.336,0.429
CUST-0139,2026-01-06,2,3,0.386,0.455
CUST-0139,2026-01-13,2,1,0.411,0.534
CUST-0139,2026-01-20,2,3,0.369,0.45
CUST-0139,2026-01-27,3,4,0.388,0.415
CUST-0139,2026-02-03,3,4,0.444,0.578
CUST-0139,2026-02-10,2,2,0.311,0.353
CUST-0139,2026-02-17,2,3,0.386,0.548
CUST-0139,2026-02-24,2,3,0.357,0.469
CUST-0139,2026-03-03,2,1,0.281,0.448
CUST-0139,2026-03-10,3,4,0.419,0.393
CUST-0139,2026-03-17,2,4,0.443,0.335
CUST-0140,2024-07-02,47,44,0.392,0.456
CUST-0140,2024-07-09,36,69,0.483,0.494
CUST-0140,2024-07-16,32,89,0.362,0.434
CUST-0140,2024-07-23,64,127,0.419,0.532
CUST-0140,2024-07-30,31,24,0.422,0.533
CUST-0140,2024-08-06,48,64,0.396,0.535
CUST-0140,2024-08-13,50,81,0.411,0.454
CUST-0140,2024-08-20,47,130,0.363,0.526
CUST-0140,2024-08-27,63,168,0.488,0.337
CUST-0140,2024-09-03,39,67,0.382,0.473
CUST-0140,2024-09-10,49,102,0.386,0.487
CUST-0140,2024-09-17,49,75,0.373,0.432
CUST-0140,2024-09-24,56,84,0.361,0.461
CUST-0140,2024-10-01,39,53,0.372,0.374
CUST-0140,2024-10-08,50,34,0.474,0.482
CUST-0140,2024-10-15,49,79,0.351,0.364
CUST-0140,2024-10-22,48,58,0.406,0.402
CUST-0140,2024-10-29,34,60,0.4,0.519
CUST-0140,2024-11-05,37,54,0.423,0.541
CUST-0140,2024-11-12,40,83,0.347,0.497
CUST-0140,2024-11-19,39,55,0.424,0.415
CUST-0140,2024-11-26,49,32,0.386,0.438
CUST-0140,2024-12-03,32,22,0.428,0.495
CUST-0140,2024-12-10,45,98,0.384,0.412
CUST-0140,2024-12-17,44,79,0.405,0.473
CUST-0140,2024-12-24,40,103,0.366,0.414
CUST-0140,2024-12-31,28,38,0.459,0.379
CUST-0140,2025-01-07,47,73,0.47,0.39
CUST-0140,2025-01-14,37,30,0.349,0.399
CUST-0140,2025-01-21,36,48,0.372,0.414
CUST-0140,2025-01-28,31,63,0.417,0.397
CUST-0140,2025-02-04,31,39,0.382,0.385
CUST-0140,2025-02-11,36,64,0.418,0.335
CUST-0140,2025-02-18,43,75,0.324,0.469
CUST-0140,2025-02-25,48,99,0.395,0.402
CUST-0140,2025-03-04,47,71,0.322,0.362
CUST-0140,2025-03-11,37,91,0.375,0.476
CUST-0140,2025-03-18,31,36,0.375,0.399
CUST-0140,2025-03-25,37,27,0.347,0.392
CUST-0140,2025-04-01,35,76,0.429,0.523
CUST-0140,2025-04-08,35,27,0.314,0.429
CUST-0140,2025-04-15,51,101,0.344,0.444
CUST-0140,2025-04-22,35,75,0.334,0.408
CUST-0140,2025-04-29,35,23,0.335,0.356
CUST-0140,2025-05-06,29,36,0.351,0.364
CUST-0140,2025-05-13,36,60,0.364,0.354
CUST-0140,2025-05-20,42,79,0.364,0.355
CUST-0140,2025-05-27,50,108,0.429,0.444
CUST-0140,2025-06-03,48,109,0.391,0.333
CUST-0140,2025-06-10,43,38,0.421,0.36
CUST-0140,2025-06-17,49,55,0.323,0.326
CUST-0140,2025-06-24,30,41,0.449,0.326
CUST-0140,2025-07-01,26,59,0.4,0.339
CUST-0140,2025-07-08,42,51,0.344,0.503
CUST-0140,2025-07-15,24,42,0.474,0.315
CUST-0140,2025-07-22,34,64,0.393,0.457
CUST-0140,2025-07-29,32,47,0.363,0.365
CUST-0140,2025-08-05,29,64,0.287,0.397
CUST-0140,2025-08-12,26,30,0.361,0.433
CUST-0140,2025-08-19,35,54,0.334,0.443
CUST-0140,2025-08-26,23,28,0.403,0.282
CUST-0140,2025-09-02,29,48,0.321,0.387
CUST-0140,2025-09-09,38,77,0.34,0.425
CUST-0140,2025-09-16,32,18,0.281,0.419
CUST-0140,2025-09-23,28,18,0.326,0.367
CUST-0140,2025-09-30,36,78,0.421,0.453
CUST-0140,2025-10-07,28,20,0.321,0.316
CUST-0140,2025-10-14,32,63,0.315,0.425
CUST-0140,2025-10-21,28,44,0.225,0.281
CUST-0140,2025-10-28,26,44,0.383,0.378
CUST-0140,2025-11-04,33,56,0.309,0.326
CUST-0140,2025-11-11,19,13,0.221,0.342
CUST-0140,2025-11-18,33,52,0.253,0.33
CUST-0140,2025-11-25,38,67,0.262,0.406
CUST-0140,2025-12-02,23,45,0.241,0.378
CUST-0140,2025-12-09,34,51,0.34,0.353
CUST-0140,2025-12-16,37,69,0.247,0.392
CUST-0140,2025-12-23,20,23,0.287,0.345
CUST-0140,2025-12-30,42,70,0.315,0.339
CUST-0140,2026-01-06,30,46,0.302,0.326
CUST-0140,2026-01-13,44,77,0.349,0.335
CUST-0140,2026-01-20,38,35,0.297,0.371
CUST-0140,2026-01-27,27,26,0.321,0.35
CUST-0140,2026-02-03,39,43,0.269,0.274
CUST-0140,2026-02-10,39,25,0.302,0.276
CUST-0140,2026-02-17,43,42,0.212,0.334
CUST-0140,2026-02-24,30,45,0.294,0.311
CUST-0140,2026-03-03,30,48,0.275,0.35
CUST-0140,2026-03-10,31,39,0.219,0.354
CUST-0140,2026-03-17,46,74,0.203,0.343
CUST-0140,2026-03-24,40,34,0.298,0.308
CUST-0140,2026-03-31,33,31,0.328,0.315
CUST-0140,2026-04-07,22,20,0.258,0.302
CUST-0140,2026-04-14,31,29,0.268,0.323
CUST-0140,2026-04-21,35,24,0.325,0.356
CUST-0140,2026-04-28,41,54,0.303,0.323
CUST-0140,2026-05-05,26,27,0.336,0.227
CUST-0140,2026-05-12,31,55,0.312,0.273
CUST-0140,2026-05-19,30,20,0.297,0.328
CUST-0140,2026-05-26,32,34,0.268,0.159
CUST-0140,2026-06-02,21,17,0.285,0.259
CUST-0140,2026-06-09,32,50,0.241,0.264
CUST-0140,2026-06-16,38,29,0.332,0.243
CUST-0140,2026-06-23,31,24,0.257,0.293
CUST-0141,2024-09-13,15,40,0.483,0.456
CUST-0141,2024-09-20,15,14,0.422,0.597
CUST-0141,2024-09-27,13,23,0.343,0.463
CUST-0141,2024-10-04,13,27,0.424,0.386
CUST-0141,2024-10-11,13,24,0.417,0.429
CUST-0141,2024-10-18,17,38,0.452,0.488
CUST-0141,2024-10-25,17,40,0.406,0.378
CUST-0141,2024-11-01,12,13,0.407,0.537
CUST-0141,2024-11-08,15,17,0.407,0.461
CUST-0141,2024-11-15,14,20,0.418,0.418
CUST-0141,2024-11-22,11,18,0.417,0.479
CUST-0141,2024-11-29,15,35,0.317,0.459
CUST-0141,2024-12-06,11,23,0.393,0.452
CUST-0141,2024-12-13,17,18,0.428,0.405
CUST-0141,2024-12-20,14,10,0.419,0.424
CUST-0141,2024-12-27,19,15,0.36,0.456
CUST-0141,2025-01-03,9,15,0.387,0.473
CUST-0141,2025-01-10,14,20,0.37,0.356
CUST-0141,2025-01-17,12,23,0.387,0.439
CUST-0141,2025-01-24,10,8,0.371,0.365
CUST-0141,2025-01-31,19,43,0.481,0.476
CUST-0141,2025-02-07,14,13,0.354,0.388
CUST-0141,2025-02-14,11,15,0.351,0.45
CUST-0141,2025-02-21,16,10,0.468,0.444
CUST-0141,2025-02-28,13,17,0.336,0.266
CUST-0141,2025-03-07,13,16,0.393,0.381
CUST-0141,2025-03-14,15,30,0.369,0.355
CUST-0141,2025-03-21,17,14,0.304,0.279
CUST-0141,2025-03-28,11,23,0.353,0.272
CUST-0141,2025-04-04,13,14,0.299,0.218
CUST-0141,2025-04-11,8,13,0.291,0.424
CUST-0141,2025-04-18,12,15,0.359,0.367
CUST-0141,2025-04-25,19,31,0.28,0.479
CUST-0141,2025-05-02,8,10,0.249,0.401
CUST-0141,2025-05-09,7,13,0.282,0.307
CUST-0141,2025-05-16,15,20,0.243,0.286
CUST-0141,2025-05-23,14,16,0.284,0.261
CUST-0141,2025-05-30,9,4,0.247,0.372
CUST-0141,2025-06-06,12,20,0.283,0.41
CUST-0141,2025-06-13,9,7,0.174,0.3
CUST-0141,2025-06-20,13,13,0.3,0.335
CUST-0141,2025-06-27,10,5,0.311,0.361
CUST-0141,2025-07-04,8,13,0.325,0.297
CUST-0141,2025-07-11,10,16,0.289,0.3
CUST-0141,2025-07-18,8,3,0.266,0.17
CUST-0141,2025-07-25,12,6,0.195,0.222
CUST-0141,2025-08-01,10,12,0.26,0.258
CUST-0141,2025-08-08,10,15,0.248,0.34
CUST-0141,2025-08-15,11,7,0.223,0.196
CUST-0141,2025-08-22,3,1,0.233,0.246
CUST-0141,2025-08-29,7,7,0.274,0.266
CUST-0141,2025-09-05,15,6,0.214,0.173
CUST-0141,2025-09-12,9,13,0.218,0.177
CUST-0141,2025-09-19,6,4,0.159,0.287
CUST-0141,2025-09-26,5,7,0.191,0.243
CUST-0141,2025-10-03,7,3,0.238,0.16
CUST-0141,2025-10-10,6,2,0.238,0.211
CUST-0141,2025-10-17,5,3,0.15,0.234
CUST-0141,2025-10-24,12,14,0.132,0.217
CUST-0141,2025-10-31,5,1,0.187,0.228
CUST-0141,2025-11-07,9,3,0.226,0.246
CUST-0141,2025-11-14,8,8,0.167,0.19
CUST-0141,2025-11-21,7,2,0.178,0.22
CUST-0141,2025-11-28,6,6,0.278,0.222
CUST-0141,2025-12-05,11,12,0.183,0.137
CUST-0141,2025-12-12,5,5,0.171,0.232
CUST-0141,2025-12-19,5,4,0.177,0.29
CUST-0141,2025-12-26,1,0,0.273,0.163
CUST-0141,2026-01-02,6,2,0.19,0.172
CUST-0141,2026-01-09,6,5,0.098,0.195
CUST-0141,2026-01-16,5,1,0.196,0.202
CUST-0141,2026-01-23,9,3,0.205,0.218
CUST-0141,2026-01-30,4,1,0.144,0.117
CUST-0141,2026-02-06,3,1,0.184,0.189
CUST-0141,2026-02-13,9,3,0.113,0.192
CUST-0142,2023-02-27,6,4,0.33,0.2
CUST-0142,2023-03-06,4,6,0.282,0.294
CUST-0142,2023-03-13,4,1,0.163,0.262
CUST-0142,2023-03-20,4,3,0.199,0.254
CUST-0142,2023-03-27,5,3,0.173,0.152
CUST-0142,2023-04-03,1,0,0.22,0.294
CUST-0142,2023-04-10,7,5,0.187,0.255
CUST-0142,2023-04-17,5,6,0.164,0.368
CUST-0142,2023-04-24,4,2,0.301,0.289
CUST-0142,2023-05-01,4,4,0.193,0.22
CUST-0142,2023-05-08,4,4,0.193,0.266
CUST-0142,2023-05-15,4,3,0.196,0.234
CUST-0142,2023-05-22,5,3,0.243,0.057
CUST-0142,2023-05-29,4,2,0.216,0.233
CUST-0142,2023-06-05,2,1,0.092,0.082
CUST-0142,2023-06-12,6,5,0.204,0.132
CUST-0142,2023-06-19,3,0,0.085,0.081
CUST-0142,2023-06-26,6,2,0.101,0.199
CUST-0142,2023-07-03,3,2,0.106,0.225
CUST-0142,2023-07-10,1,0,0.068,0.183
CUST-0142,2023-07-17,3,2,0.105,0.17
CUST-0142,2023-07-24,5,3,0.151,0.154
CUST-0142,2023-07-31,1,0,0.054,0.163
CUST-0142,2023-08-07,2,1,0.079,0.173
CUST-0142,2023-08-14,1,0,0.153,0.091
CUST-0142,2023-08-21,3,1,0.11,0.121
CUST-0142,2023-08-28,1,0,0.157,0.059
CUST-0142,2023-09-04,3,0,0.099,0.065
CUST-0142,2023-09-11,4,2,0.153,0.147
CUST-0142,2023-09-18,4,2,0.106,0.089
CUST-0142,2023-09-25,1,0,0.139,0.06
CUST-0142,2023-10-02,4,1,0.038,0.052
CUST-0142,2023-10-09,4,1,0.104,0.0
CUST-0142,2023-10-16,2,0,0.088,0.0
CUST-0142,2023-10-23,4,1,0.061,0.016
CUST-0142,2023-10-30,1,0,0.0,0.068
CUST-0142,2023-11-06,3,0,0.077,0.056
CUST-0142,2023-11-13,1,0,0.006,0.0
CUST-0142,2023-11-20,1,0,0.053,0.027
CUST-0142,2023-11-27,1,0,0.007,0.0
CUST-0142,2023-12-04,1,0,0.095,0.131
CUST-0142,2023-12-11,1,0,0.053,0.0
CUST-0142,2023-12-18,1,0,0.039,0.031
CUST-0142,2023-12-25,1,0,0.047,0.0
CUST-0142,2024-01-01,2,0,0.0,0.0
CUST-0142,2024-01-08,3,0,0.0,0.047
CUST-0142,2024-01-15,1,0,0.0,0.082
CUST-0142,2024-01-22,1,0,0.0,0.01
CUST-0142,2024-01-29,1,0,0.02,0.0
CUST-0142,2024-02-05,2,0,0.014,0.0
CUST-0142,2024-02-12,1,0,0.0,0.0
CUST-0142,2024-02-19,1,0,0.029,0.023
CUST-0142,2024-02-26,1,0,0.078,0.001
CUST-0142,2024-03-04,1,0,0.0,0.012
CUST-0142,2024-03-11,1,0,0.019,0.0
CUST-0142,2024-03-18,1,0,0.089,0.042
CUST-0142,2024-03-25,1,0,0.022,0.0
CUST-0142,2024-04-01,1,0,0.127,0.004
CUST-0142,2024-04-08,1,0,0.0,0.094
CUST-0142,2024-04-15,1,0,0.0,0.004
CUST-0142,2024-04-22,1,0,0.055,0.0
CUST-0142,2024-04-29,1,0,0.0,0.0
CUST-0142,2024-05-06,1,0,0.0,0.089
CUST-0142,2024-05-13,1,0,0.011,0.0
CUST-0142,2024-05-20,1,0,0.0,0.0
CUST-0142,2024-05-27,4,0,0.028,0.063
CUST-0142,2024-06-03,3,0,0.088,0.0
CUST-0142,2024-06-10,1,0,0.008,0.03
CUST-0142,2024-06-17,1,0,0.0,0.0
CUST-0142,2024-06-24,1,0,0.023,0.0
CUST-0142,2024-07-01,2,0,0.0,0.0
CUST-0142,2024-07-08,1,0,0.0,0.045
CUST-0142,2024-07-15,1,0,0.0,0.174
CUST-0142,2024-07-22,1,0,0.014,0.037
CUST-0142,2024-07-29,3,0,0.0,0.019
CUST-0142,2024-08-05,1,0,0.0,0.0
CUST-0142,2024-08-12,2,0,0.039,0.113
CUST-0142,2024-08-19,1,0,0.0,0.013
CUST-0142,2024-08-26,2,0,0.028,0.0
CUST-0142,2024-09-02,2,0,0.044,0.0
CUST-0142,2024-09-09,2,0,0.0,0.0
CUST-0142,2024-09-16,1,0,0.0,0.0
CUST-0142,2024-09-23,1,0,0.079,0.0
CUST-0142,2024-09-30,1,0,0.024,0.151
CUST-0142,2024-10-07,1,0,0.018,0.0
CUST-0142,2024-10-14,1,0,0.0,0.03
CUST-0142,2024-10-21,1,0,0.0,0.108
CUST-0142,2024-10-28,1,0,0.0,0.0
CUST-0142,2024-11-04,1,0,0.0,0.0
CUST-0142,2024-11-11,1,0,0.043,0.045
CUST-0142,2024-11-18,1,0,0.097,0.0
CUST-0142,2024-11-25,1,0,0.0,0.089
CUST-0142,2024-12-02,1,0,0.0,0.113
CUST-0142,2024-12-09,1,0,0.045,0.0
CUST-0142,2024-12-16,1,0,0.0,0.003
CUST-0142,2024-12-23,1,0,0.018,0.0
CUST-0142,2024-12-30,1,0,0.0,0.0
CUST-0142,2025-01-06,2,0,0.0,0.0
CUST-0142,2025-01-13,1,0,0.047,0.0
CUST-0142,2025-01-20,1,0,0.07,0.0
CUST-0142,2025-01-27,1,0,0.0,0.0
CUST-0142,2025-02-03,3,0,0.003,0.055
CUST-0142,2025-02-10,1,0,0.021,0.03
CUST-0142,2025-02-17,1,0,0.0,0.061
CUST-0143,2024-07-02,69,293,0.772,0.79
CUST-0143,2024-07-09,54,132,0.774,0.795
CUST-0143,2024-07-16,58,139,0.71,0.842
CUST-0143,2024-07-23,54,269,0.701,0.911
CUST-0143,2024-07-30,60,280,0.737,0.826
CUST-0143,2024-08-06,61,228,0.794,0.871
CUST-0143,2024-08-13,53,249,0.757,0.88
CUST-0143,2024-08-20,59,284,0.747,0.91
CUST-0143,2024-08-27,66,336,0.772,0.791
CUST-0143,2024-09-03,72,296,0.754,0.862
CUST-0143,2024-09-10,59,107,0.849,0.882
CUST-0143,2024-09-17,55,231,0.809,0.871
CUST-0143,2024-09-24,57,211,0.832,0.829
CUST-0143,2024-10-01,57,295,0.763,0.888
CUST-0143,2024-10-08,63,134,0.802,1.0
CUST-0143,2024-10-15,58,169,0.839,0.889
CUST-0143,2024-10-22,60,314,0.803,0.901
CUST-0143,2024-10-29,67,114,0.861,0.948
CUST-0143,2024-11-05,65,188,0.809,0.952
CUST-0143,2024-11-12,67,157,0.844,0.878
CUST-0143,2024-11-19,70,346,0.9,0.899
CUST-0143,2024-11-26,63,235,0.88,0.963
CUST-0143,2024-12-03,56,161,0.858,0.955
CUST-0143,2024-12-10,70,312,0.811,0.849
CUST-0143,2024-12-17,72,119,0.767,0.928
CUST-0143,2024-12-24,60,291,0.817,1.0
CUST-0143,2024-12-31,70,102,0.886,1.0
CUST-0143,2025-01-07,72,143,0.9,0.898
CUST-0143,2025-01-14,63,208,0.87,0.999
CUST-0143,2025-01-21,70,101,0.842,0.975
CUST-0143,2025-01-28,72,370,0.851,0.925
CUST-0143,2025-02-04,63,151,0.896,0.847
CUST-0143,2025-02-11,69,235,0.864,0.941
CUST-0143,2025-02-18,72,373,0.893,1.0
CUST-0143,2025-02-25,71,365,0.849,1.0
CUST-0143,2025-03-04,68,364,0.943,0.983
CUST-0143,2025-03-11,72,357,0.922,1.0
CUST-0143,2025-03-18,58,156,0.886,0.891
CUST-0143,2025-03-25,72,383,0.98,1.0
CUST-0143,2025-04-01,72,332,0.96,0.901
CUST-0143,2025-04-08,67,191,0.956,1.0
CUST-0143,2025-04-15,72,318,0.972,0.964
CUST-0143,2025-04-22,66,198,0.981,0.992
CUST-0143,2025-04-29,58,213,0.955,0.965
CUST-0143,2025-05-06,68,381,0.855,1.0
CUST-0143,2025-05-13,69,158,0.857,1.0
CUST-0143,2025-05-20,69,329,0.901,1.0
CUST-0143,2025-05-27,70,111,0.946,1.0
CUST-0143,2025-06-03,69,339,0.966,1.0
CUST-0143,2025-06-10,66,194,0.948,0.981
CUST-0143,2025-06-17,71,336,0.954,0.992
CUST-0143,2025-06-24,72,231,0.855,0.913
CUST-0143,2025-07-01,68,342,0.864,1.0
CUST-0143,2025-07-08,72,186,0.924,1.0
CUST-0143,2025-07-15,72,397,0.879,1.0
CUST-0143,2025-07-22,64,367,0.874,1.0
CUST-0143,2025-07-29,72,237,0.864,0.901
CUST-0143,2025-08-05,72,265,0.946,1.0
CUST-0143,2025-08-12,72,225,0.896,0.999
CUST-0143,2025-08-19,65,106,0.909,0.968
CUST-0143,2025-08-26,72,221,0.942,1.0
CUST-0143,2025-09-02,72,226,0.846,0.98
CUST-0143,2025-09-09,69,158,0.946,1.0
CUST-0143,2025-09-16,72,295,0.896,1.0
CUST-0143,2025-09-23,72,256,0.979,0.971
CUST-0143,2025-09-30,72,329,0.96,0.955
CUST-0143,2025-10-07,69,284,0.891,0.957
CUST-0143,2025-10-14,65,326,1.0,0.932
CUST-0143,2025-10-21,72,248,1.0,0.977
CUST-0143,2025-10-28,65,276,0.91,0.963
CUST-0143,2025-11-04,72,247,0.888,1.0
CUST-0143,2025-11-11,71,298,0.92,0.884
CUST-0143,2025-11-18,67,312,0.969,1.0
CUST-0143,2025-11-25,70,323,0.893,0.925
CUST-0143,2025-12-02,72,364,0.923,0.972
CUST-0143,2025-12-09,72,387,0.984,1.0
CUST-0143,2025-12-16,72,300,0.873,1.0
CUST-0143,2025-12-23,64,383,0.891,0.948
CUST-0143,2025-12-30,71,287,0.883,0.851
CUST-0143,2026-01-06,72,200,0.917,0.928
CUST-0143,2026-01-13,72,211,0.905,0.963
CUST-0143,2026-01-20,62,181,0.923,0.975
CUST-0143,2026-01-27,71,271,0.913,1.0
CUST-0143,2026-02-03,72,362,0.86,0.969
CUST-0143,2026-02-10,69,316,0.839,0.979
CUST-0143,2026-02-17,64,345,0.916,1.0
CUST-0143,2026-02-24,67,128,0.978,1.0
CUST-0143,2026-03-03,70,243,0.914,1.0
CUST-0143,2026-03-10,65,287,0.837,1.0
CUST-0143,2026-03-17,72,212,0.909,0.994
CUST-0143,2026-03-24,72,317,1.0,0.982
CUST-0143,2026-03-31,61,301,0.939,1.0
CUST-0143,2026-04-07,67,295,0.903,1.0
CUST-0143,2026-04-14,72,380,0.906,1.0
CUST-0143,2026-04-21,72,238,0.879,1.0
CUST-0143,2026-04-28,72,226,0.929,1.0
CUST-0143,2026-05-05,72,120,0.825,1.0
CUST-0143,2026-05-12,72,330,0.875,1.0
CUST-0143,2026-05-19,72,168,0.873,1.0
CUST-0143,2026-05-26,69,245,0.958,1.0
CUST-0143,2026-06-02,72,315,0.916,1.0
CUST-0143,2026-06-09,72,224,0.882,1.0
CUST-0143,2026-06-16,72,240,0.937,1.0
CUST-0143,2026-06-23,72,175,0.865,1.0
CUST-0144,2024-02-13,21,38,0.477,0.295
CUST-0144,2024-02-20,37,42,0.383,0.421
CUST-0144,2024-02-27,36,41,0.298,0.364
CUST-0144,2024-03-05,28,58,0.406,0.475
CUST-0144,2024-03-12,39,73,0.384,0.408
CUST-0144,2024-03-19,33,26,0.439,0.36
CUST-0144,2024-03-26,24,46,0.332,0.36
CUST-0144,2024-04-02,28,41,0.314,0.383
CUST-0144,2024-04-09,28,60,0.35,0.342
CUST-0144,2024-04-16,38,56,0.427,0.386
CUST-0144,2024-04-23,31,48,0.358,0.382
CUST-0144,2024-04-30,37,52,0.443,0.426
CUST-0144,2024-05-07,40,75,0.345,0.4
CUST-0144,2024-05-14,27,22,0.349,0.414
CUST-0144,2024-05-21,33,60,0.388,0.354
CUST-0144,2024-05-28,29,22,0.342,0.343
CUST-0144,2024-06-04,36,69,0.272,0.427
CUST-0144,2024-06-11,32,23,0.304,0.354
CUST-0144,2024-06-18,36,57,0.395,0.463
CUST-0144,2024-06-25,35,64,0.392,0.268
CUST-0144,2024-07-02,42,81,0.301,0.407
CUST-0144,2024-07-09,38,84,0.317,0.353
CUST-0144,2024-07-16,37,29,0.377,0.334
CUST-0144,2024-07-23,36,59,0.258,0.423
CUST-0144,2024-07-30,25,34,0.393,0.351
CUST-0144,2024-08-06,25,43,0.354,0.343
CUST-0144,2024-08-13,43,38,0.38,0.315
CUST-0144,2024-08-20,38,23,0.41,0.247
CUST-0144,2024-08-27,29,45,0.394,0.394
CUST-0144,2024-09-03,16,20,0.416,0.324
CUST-0144,2024-09-10,27,28,0.367,0.291
CUST-0144,2024-09-17,33,46,0.341,0.46
CUST-0144,2024-09-24,33,54,0.237,0.516
CUST-0144,2024-10-01,31,34,0.359,0.533
CUST-0144,2024-10-08,22,41,0.392,0.332
CUST-0144,2024-10-15,25,22,0.373,0.369
CUST-0144,2024-10-22,25,28,0.341,0.383
CUST-0144,2024-10-29,26,27,0.262,0.444
CUST-0144,2024-11-05,19,27,0.363,0.293
CUST-0144,2024-11-12,23,45,0.34,0.401
CUST-0144,2024-11-19,34,53,0.348,0.402
CUST-0144,2024-11-26,27,53,0.25,0.441
CUST-0144,2024-12-03,29,32,0.295,0.324
CUST-0144,2024-12-10,32,47,0.221,0.34
CUST-0144,2024-12-17,34,38,0.189,0.325
CUST-0144,2024-12-24,30,49,0.295,0.327
CUST-0144,2024-12-31,26,23,0.333,0.408
CUST-0144,2025-01-07,25,27,0.291,0.346
CUST-0144,2025-01-14,27,15,0.271,0.387
CUST-0144,2025-01-21,7,9,0.301,0.459
CUST-0144,2025-01-28,35,23,0.368,0.361
CUST-0144,2025-02-04,36,67,0.343,0.411
CUST-0144,2025-02-11,25,22,0.42,0.365
CUST-0144,2025-02-18,19,23,0.305,0.419
CUST-0144,2025-02-25,17,32,0.205,0.281
CUST-0144,2025-03-04,13,10,0.351,0.341
CUST-0144,2025-03-11,15,23,0.259,0.299
CUST-0144,2025-03-18,35,65,0.403,0.409
CUST-0144,2025-03-25,12,16,0.316,0.224
CUST-0144,2025-04-01,25,23,0.242,0.328
CUST-0144,2025-04-08,24,42,0.244,0.376
CUST-0144,2025-04-15,28,17,0.233,0.241
CUST-0144,2025-04-22,10,17,0.362,0.301
CUST-0144,2025-04-29,30,40,0.232,0.361
CUST-0144,2025-05-06,29,23,0.266,0.392
CUST-0144,2025-05-13,14,8,0.274,0.297
CUST-0144,2025-05-20,32,56,0.273,0.232
CUST-0144,2025-05-27,21,29,0.369,0.232
CUST-0144,2025-06-03,30,41,0.276,0.371
CUST-0144,2025-06-10,20,13,0.238,0.252
CUST-0144,2025-06-17,16,8,0.289,0.348
CUST-0144,2025-06-24,27,24,0.286,0.38
CUST-0144,2025-07-01,24,35,0.299,0.323
CUST-0144,2025-07-08,24,14,0.329,0.341
CUST-0144,2025-07-15,28,35,0.246,0.318
CUST-0144,2025-07-22,24,34,0.261,0.371
CUST-0144,2025-07-29,25,12,0.229,0.247
CUST-0144,2025-08-05,41,53,0.257,0.281
CUST-0144,2025-08-12,22,32,0.239,0.205
CUST-0144,2025-08-19,39,45,0.306,0.285
CUST-0144,2025-08-26,23,25,0.287,0.267
CUST-0144,2025-09-02,36,60,0.339,0.227
CUST-0144,2025-09-09,18,31,0.307,0.308
CUST-0144,2025-09-16,4,2,0.24,0.379
CUST-0144,2025-09-23,31,40,0.148,0.28
CUST-0144,2025-09-30,34,42,0.232,0.244
CUST-0144,2025-10-07,11,5,0.203,0.348
CUST-0144,2025-10-14,12,5,0.336,0.41
CUST-0144,2025-10-21,24,33,0.194,0.289
CUST-0144,2025-10-28,18,29,0.285,0.285
CUST-0144,2025-11-04,21,15,0.266,0.238
CUST-0144,2025-11-11,22,11,0.217,0.239
CUST-0144,2025-11-18,20,23,0.321,0.249
CUST-0144,2025-11-25,27,40,0.294,0.32
CUST-0144,2025-12-02,28,38,0.214,0.313
CUST-0144,2025-12-09,24,28,0.153,0.187
CUST-0144,2025-12-16,19,22,0.126,0.254
CUST-0145,2023-11-15,139,225,0.764,0.672
CUST-0145,2023-11-22,128,492,0.834,0.903
CUST-0145,2023-11-29,116,468,0.836,0.808
CUST-0145,2023-12-06,117,243,0.74,0.91
CUST-0145,2023-12-13,143,204,0.751,0.814
CUST-0145,2023-12-20,112,387,0.654,0.899
CUST-0145,2023-12-27,141,491,0.675,0.744
CUST-0145,2024-01-03,134,329,0.762,0.849
CUST-0145,2024-01-10,135,607,0.781,0.818
CUST-0145,2024-01-17,133,553,0.713,0.701
CUST-0145,2024-01-24,125,374,0.755,0.724
CUST-0145,2024-01-31,151,423,0.669,0.762
CUST-0145,2024-02-07,144,456,0.746,0.851
CUST-0145,2024-02-14,144,415,0.786,0.807
CUST-0145,2024-02-21,112,388,0.7,0.696
CUST-0145,2024-02-28,133,450,0.649,0.77
CUST-0145,2024-03-06,119,202,0.657,0.767
CUST-0145,2024-03-13,87,185,0.745,0.752
CUST-0145,2024-03-20,144,168,0.723,0.822
CUST-0145,2024-03-27,121,542,0.657,0.699
CUST-0145,2024-04-03,120,520,0.742,0.737
CUST-0145,2024-04-10,107,427,0.65,0.773
CUST-0145,2024-04-17,132,510,0.622,0.693
CUST-0145,2024-04-24,111,385,0.749,0.71
CUST-0145,2024-05-01,119,415,0.675,0.74
CUST-0145,2024-05-08,129,341,0.711,0.769
CUST-0145,2024-05-15,112,257,0.65,0.681
CUST-0145,2024-05-22,106,412,0.652,0.821
CUST-0145,2024-05-29,137,547,0.627,0.724
CUST-0145,2024-06-05,109,452,0.637,0.749
CUST-0145,2024-06-12,120,323,0.654,0.691
CUST-0145,2024-06-19,108,121,0.681,0.716
CUST-0145,2024-06-26,120,277,0.677,0.761
CUST-0145,2024-07-03,100,286,0.57,0.704
CUST-0145,2024-07-10,105,429,0.666,0.772
CUST-0145,2024-07-17,133,201,0.597,0.656
CUST-0145,2024-07-24,110,163,0.687,0.751
CUST-0145,2024-07-31,105,289,0.585,0.65
CUST-0145,2024-08-07,80,96,0.674,0.702
CUST-0145,2024-08-14,119,403,0.622,0.702
CUST-0145,2024-08-21,92,213,0.607,0.718
CUST-0145,2024-08-28,95,337,0.656,0.724
CUST-0145,2024-09-04,98,292,0.565,0.628
CUST-0145,2024-09-11,113,372,0.525,0.671
CUST-0145,2024-09-18,118,186,0.61,0.768
CUST-0145,2024-09-25,92,308,0.624,0.599
CUST-0145,2024-10-02,104,148,0.515,0.649
CUST-0145,2024-10-09,114,256,0.589,0.5
CUST-0145,2024-10-16,99,205,0.489,0.766
CUST-0145,2024-10-23,98,329,0.618,0.658
CUST-0145,2024-10-30,93,254,0.527,0.701
CUST-0145,2024-11-06,107,143,0.603,0.475
CUST-0145,2024-11-13,96,194,0.529,0.718
CUST-0145,2024-11-20,101,151,0.568,0.494
CUST-0145,2024-11-27,113,295,0.587,0.617
CUST-0145,2024-12-04,92,205,0.514,0.666
CUST-0145,2024-12-11,101,280,0.598,0.679
CUST-0145,2024-12-18,113,241,0.591,0.547
CUST-0145,2024-12-25,86,261,0.559,0.572
CUST-0145,2025-01-01,95,242,0.457,0.7
CUST-0145,2025-01-08,119,425,0.703,0.566
CUST-0145,2025-01-15,72,162,0.573,0.684
CUST-0145,2025-01-22,71,106,0.574,0.647
CUST-0145,2025-01-29,93,188,0.553,0.634
CUST-0145,2025-02-05,96,114,0.569,0.591
CUST-0145,2025-02-12,93,197,0.503,0.574
CUST-0145,2025-02-19,107,241,0.553,0.657
CUST-0145,2025-02-26,76,215,0.6,0.566
CUST-0145,2025-03-05,98,160,0.553,0.501
CUST-0145,2025-03-12,102,209,0.596,0.454
CUST-0145,2025-03-19,79,137,0.561,0.561
CUST-0145,2025-03-26,84,78,0.428,0.574
CUST-0145,2025-04-02,96,244,0.453,0.498
CUST-0145,2025-04-09,79,169,0.546,0.543
CUST-0145,2025-04-16,89,201,0.513,0.479
CUST-0145,2025-04-23,65,203,0.403,0.599
CUST-0145,2025-04-30,80,257,0.422,0.601
CUST-0145,2025-05-07,88,141,0.418,0.466
CUST-0145,2025-05-14,75,116,0.543,0.548
CUST-0145,2025-05-21,78,132,0.409,0.538
CUST-0145,2025-05-28,98,264,0.495,0.599
CUST-0145,2025-06-04,82,84,0.534,0.533
CUST-0145,2025-06-11,92,271,0.536,0.598
CUST-0145,2025-06-18,90,217,0.445,0.468
CUST-0145,2025-06-25,112,276,0.436,0.544
CUST-0145,2025-07-02,93,78,0.548,0.67
CUST-0145,2025-07-09,85,154,0.473,0.491
CUST-0146,2024-07-02,68,348,0.933,0.986
CUST-0146,2024-07-09,67,330,0.988,0.905
CUST-0146,2024-07-16,68,113,0.848,0.968
CUST-0146,2024-07-23,68,175,0.904,1.0
CUST-0146,2024-07-30,66,228,0.896,0.918
CUST-0146,2024-08-06,66,325,0.935,0.973
CUST-0146,2024-08-13,68,225,0.881,1.0
CUST-0146,2024-08-20,58,265,0.988,0.986
CUST-0146,2024-08-27,68,275,0.906,1.0
CUST-0146,2024-09-03,59,130,0.991,0.963
CUST-0146,2024-09-10,62,187,0.95,1.0
CUST-0146,2024-09-17,68,194,0.926,1.0
CUST-0146,2024-09-24,64,150,0.895,1.0
CUST-0146,2024-10-01,61,194,0.941,1.0
CUST-0146,2024-10-08,64,366,0.948,1.0
CUST-0146,2024-10-15,68,234,0.921,0.984
CUST-0146,2024-10-22,62,276,1.0,0.938
CUST-0146,2024-10-29,60,281,0.926,1.0
CUST-0146,2024-11-05,68,136,0.924,1.0
CUST-0146,2024-11-12,58,222,0.94,0.944
CUST-0146,2024-11-19,68,121,0.921,0.983
CUST-0146,2024-11-26,54,247,0.986,0.919
CUST-0146,2024-12-03,68,186,0.888,0.928
CUST-0146,2024-12-10,68,407,0.956,0.971
CUST-0146,2024-12-17,61,128,0.912,0.919
CUST-0146,2024-12-24,62,95,0.815,0.963
CUST-0146,2024-12-31,68,255,0.871,0.952
CUST-0146,2025-01-07,68,117,0.967,1.0
CUST-0146,2025-01-14,65,216,0.888,1.0
CUST-0146,2025-01-21,68,210,0.914,0.985
CUST-0146,2025-01-28,64,254,0.92,1.0
CUST-0146,2025-02-04,66,384,0.882,1.0
CUST-0146,2025-02-11,68,210,0.899,0.963
CUST-0146,2025-02-18,68,337,0.913,0.961
CUST-0146,2025-02-25,68,216,0.88,1.0
CUST-0146,2025-03-04,67,242,0.877,0.967
CUST-0146,2025-03-11,68,385,0.962,0.97
CUST-0146,2025-03-18,68,406,0.966,1.0
CUST-0146,2025-03-25,67,133,0.824,0.803
CUST-0146,2025-04-01,68,359,0.943,1.0
CUST-0146,2025-04-08,66,114,0.879,1.0
CUST-0146,2025-04-15,68,217,0.882,0.868
CUST-0146,2025-04-22,68,208,0.837,1.0
CUST-0146,2025-04-29,68,212,0.979,0.987
CUST-0146,2025-05-06,64,261,0.96,0.954
CUST-0146,2025-05-13,62,288,0.946,1.0
CUST-0146,2025-05-20,62,155,0.942,1.0
CUST-0146,2025-05-27,68,283,0.957,0.959
CUST-0146,2025-06-03,68,336,0.877,0.985
CUST-0146,2025-06-10,62,201,0.815,1.0
CUST-0146,2025-06-17,68,379,0.865,1.0
CUST-0146,2025-06-24,68,335,0.917,1.0
CUST-0146,2025-07-01,66,122,0.896,1.0
CUST-0146,2025-07-08,68,117,0.983,0.961
CUST-0146,2025-07-15,66,232,0.94,0.943
CUST-0146,2025-07-22,67,133,1.0,0.961
CUST-0146,2025-07-29,68,402,1.0,1.0
CUST-0146,2025-08-05,68,215,0.927,1.0
CUST-0146,2025-08-12,68,165,0.97,1.0
CUST-0146,2025-08-19,68,327,0.852,0.949
CUST-0146,2025-08-26,61,205,0.969,1.0
CUST-0146,2025-09-02,68,271,0.832,0.92
CUST-0146,2025-09-09,67,377,0.952,0.937
CUST-0146,2025-09-16,68,212,0.935,0.849
CUST-0146,2025-09-23,68,167,0.895,0.918
CUST-0146,2025-09-30,68,215,0.962,0.956
CUST-0146,2025-10-07,68,311,0.851,1.0
CUST-0146,2025-10-14,67,393,1.0,0.962
CUST-0146,2025-10-21,58,205,0.927,0.973
CUST-0146,2025-10-28,66,180,0.997,0.885
CUST-0146,2025-11-04,68,401,0.87,1.0
CUST-0146,2025-11-11,66,297,0.937,0.882
CUST-0146,2025-11-18,68,184,0.801,1.0
CUST-0146,2025-11-25,68,303,0.833,0.874
CUST-0146,2025-12-02,68,357,0.94,0.984
CUST-0146,2025-12-09,65,138,0.965,1.0
CUST-0146,2025-12-16,63,316,0.952,0.95
CUST-0146,2025-12-23,64,347,0.902,0.984
CUST-0146,2025-12-30,68,234,0.888,0.983
CUST-0146,2026-01-06,61,261,0.837,0.971
CUST-0146,2026-01-13,66,335,0.941,1.0
CUST-0146,2026-01-20,68,133,0.93,1.0
CUST-0146,2026-01-27,64,339,0.934,0.966
CUST-0146,2026-02-03,66,291,0.902,1.0
CUST-0146,2026-02-10,68,225,0.948,1.0
CUST-0146,2026-02-17,61,107,0.905,1.0
CUST-0146,2026-02-24,68,294,0.944,0.971
CUST-0146,2026-03-03,68,207,1.0,1.0
CUST-0146,2026-03-10,67,246,0.936,1.0
CUST-0146,2026-03-17,68,195,0.912,1.0
CUST-0146,2026-03-24,68,155,0.911,1.0
CUST-0146,2026-03-31,56,272,0.933,1.0
CUST-0146,2026-04-07,56,186,0.925,0.942
CUST-0146,2026-04-14,68,261,0.936,0.898
CUST-0146,2026-04-21,68,185,1.0,0.921
CUST-0146,2026-04-28,68,317,0.931,0.991
CUST-0146,2026-05-05,67,235,0.99,0.964
CUST-0146,2026-05-12,68,240,0.909,1.0
CUST-0146,2026-05-19,66,243,0.902,0.974
CUST-0146,2026-05-26,68,282,0.875,0.98
CUST-0146,2026-06-02,68,328,0.904,1.0
CUST-0146,2026-06-09,68,128,0.916,1.0
CUST-0146,2026-06-16,66,365,0.93,1.0
CUST-0146,2026-06-23,64,202,0.898,1.0
CUST-0147,2024-07-02,264,273,0.716,0.783
CUST-0147,2024-07-09,243,306,0.708,0.743
CUST-0147,2024-07-16,234,649,0.635,0.535
CUST-0147,2024-07-23,265,419,0.624,0.596
CUST-0147,2024-07-30,232,283,0.658,0.635
CUST-0147,2024-08-06,271,461,0.527,0.651
CUST-0147,2024-08-13,224,251,0.551,0.636
CUST-0147,2024-08-20,214,465,0.576,0.551
CUST-0147,2024-08-27,268,377,0.502,0.643
CUST-0147,2024-09-03,236,245,0.58,0.578
CUST-0147,2024-09-10,184,202,0.478,0.511
CUST-0147,2024-09-17,194,209,0.611,0.52
CUST-0147,2024-09-24,166,278,0.484,0.515
CUST-0147,2024-10-01,198,385,0.453,0.482
CUST-0147,2024-10-08,231,497,0.536,0.533
CUST-0147,2024-10-15,199,542,0.446,0.485
CUST-0147,2024-10-22,218,194,0.465,0.536
CUST-0147,2024-10-29,161,164,0.462,0.436
CUST-0147,2024-11-05,202,492,0.437,0.433
CUST-0147,2024-11-12,155,111,0.377,0.575
CUST-0147,2024-11-19,167,190,0.519,0.392
CUST-0147,2024-11-26,141,92,0.374,0.488
CUST-0147,2024-12-03,142,227,0.451,0.362
CUST-0147,2024-12-10,128,128,0.408,0.337
CUST-0147,2024-12-17,163,388,0.377,0.468
CUST-0147,2024-12-24,117,101,0.376,0.347
CUST-0147,2024-12-31,90,59,0.311,0.384
CUST-0147,2025-01-07,124,199,0.348,0.416
CUST-0147,2025-01-14,168,183,0.295,0.394
CUST-0147,2025-01-21,146,168,0.3,0.36
CUST-0147,2025-01-28,125,240,0.204,0.388
CUST-0147,2025-02-04,96,74,0.31,0.358
CUST-0147,2025-02-11,127,122,0.266,0.37
CUST-0147,2025-02-18,155,234,0.295,0.341
CUST-0147,2025-02-25,70,102,0.238,0.239
CUST-0147,2025-03-04,62,72,0.234,0.311
CUST-0147,2025-03-11,134,65,0.252,0.194
CUST-0147,2025-03-18,76,105,0.206,0.184
CUST-0147,2025-03-25,129,57,0.231,0.215
CUST-0147,2025-04-01,114,73,0.221,0.258
CUST-0147,2025-04-08,84,100,0.217,0.294
CUST-0147,2025-04-15,64,21,0.207,0.108
CUST-0147,2025-04-22,45,19,0.206,0.125
CUST-0147,2025-04-29,65,61,0.129,0.107
CUST-0147,2025-05-06,23,21,0.108,0.101
CUST-0147,2025-05-13,118,73,0.109,0.135
CUST-0147,2025-05-20,38,19,0.169,0.168
CUST-0147,2025-05-27,72,32,0.138,0.093
CUST-0147,2025-06-03,75,44,0.147,0.083
CUST-0147,2025-06-10,35,16,0.0,0.15
CUST-0147,2025-06-17,50,16,0.087,0.136
CUST-0147,2025-06-24,21,3,0.079,0.148
CUST-0147,2025-07-01,11,3,0.067,0.108
CUST-0147,2025-07-08,1,0,0.174,0.028
CUST-0147,2025-07-15,8,0,0.0,0.068
CUST-0147,2025-07-22,50,9,0.02,0.0
CUST-0147,2025-07-29,12,1,0.088,0.0
CUST-0147,2025-08-05,1,0,0.0,0.0
CUST-0147,2025-08-12,39,0,0.0,0.0
CUST-0147,2025-08-19,50,0,0.059,0.0
CUST-0147,2025-08-26,1,0,0.0,0.0
CUST-0147,2025-09-02,9,0,0.008,0.038
CUST-0147,2025-09-09,7,0,0.137,0.058
CUST-0147,2025-09-16,1,0,0.05,0.0
CUST-0147,2025-09-23,1,0,0.0,0.0
CUST-0147,2025-09-30,14,0,0.0,0.0
CUST-0147,2025-10-07,30,0,0.0,0.011
CUST-0147,2025-10-14,25,0,0.08,0.046
CUST-0147,2025-10-21,1,0,0.09,0.066
CUST-0147,2025-10-28,14,0,0.0,0.0
CUST-0147,2025-11-04,11,0,0.03,0.0
CUST-0147,2025-11-11,23,0,0.0,0.026
CUST-0147,2025-11-18,1,0,0.079,0.057
CUST-0147,2025-11-25,18,0,0.029,0.0
CUST-0147,2025-12-02,1,0,0.0,0.024
CUST-0147,2025-12-09,1,0,0.0,0.0
CUST-0147,2025-12-16,56,0,0.002,0.0
CUST-0147,2025-12-23,20,0,0.033,0.023
CUST-0147,2025-12-30,1,0,0.051,0.016
CUST-0147,2026-01-06,1,0,0.0,0.038
CUST-0147,2026-01-13,19,0,0.068,0.0
CUST-0147,2026-01-20,1,0,0.0,0.01
CUST-0147,2026-01-27,1,0,0.0,0.084
CUST-0147,2026-02-03,36,0,0.019,0.027
CUST-0147,2026-02-10,71,0,0.023,0.0
CUST-0147,2026-02-17,20,0,0.0,0.0
CUST-0147,2026-02-24,7,0,0.001,0.038
CUST-0147,2026-03-03,1,0,0.0,0.062
CUST-0147,2026-03-10,1,0,0.0,0.005
CUST-0147,2026-03-17,25,0,0.0,0.0
CUST-0147,2026-03-24,1,0,0.002,0.0
CUST-0147,2026-03-31,1,0,0.0,0.049
CUST-0147,2026-04-07,31,0,0.0,0.031
CUST-0147,2026-04-14,1,0,0.031,0.0
CUST-0147,2026-04-21,1,0,0.025,0.032
CUST-0147,2026-04-28,5,0,0.04,0.0
CUST-0147,2026-05-05,1,0,0.063,0.088
CUST-0147,2026-05-12,1,0,0.091,0.09
CUST-0147,2026-05-19,1,0,0.029,0.01
CUST-0147,2026-05-26,1,0,0.0,0.005
CUST-0147,2026-06-02,27,0,0.0,0.0
CUST-0147,2026-06-09,1,0,0.0,0.0
CUST-0147,2026-06-16,1,0,0.016,0.012
CUST-0147,2026-06-23,1,0,0.012,0.0
CUST-0148,2024-07-02,21,90,0.883,0.898
CUST-0148,2024-07-09,19,41,0.817,0.769
CUST-0148,2024-07-16,18,93,0.845,0.968
CUST-0148,2024-07-23,15,68,0.77,0.922
CUST-0148,2024-07-30,23,84,0.868,0.85
CUST-0148,2024-08-06,20,60,0.819,0.968
CUST-0148,2024-08-13,20,45,0.874,0.902
CUST-0148,2024-08-20,21,53,0.897,1.0
CUST-0148,2024-08-27,21,93,0.921,0.944
CUST-0148,2024-09-03,21,34,0.944,0.923
CUST-0148,2024-09-10,23,84,0.99,1.0
CUST-0148,2024-09-17,21,35,0.824,0.976
CUST-0148,2024-09-24,22,89,0.856,0.872
CUST-0148,2024-10-01,23,64,0.871,0.875
CUST-0148,2024-10-08,23,35,0.916,0.996
CUST-0148,2024-10-15,23,62,0.953,0.925
CUST-0148,2024-10-22,23,128,0.862,0.935
CUST-0148,2024-10-29,21,115,0.928,0.983
CUST-0148,2024-11-05,21,56,0.965,1.0
CUST-0148,2024-11-12,23,123,0.933,1.0
CUST-0148,2024-11-19,23,122,0.954,0.991
CUST-0148,2024-11-26,23,133,0.928,0.974
CUST-0148,2024-12-03,22,56,0.943,0.91
CUST-0148,2024-12-10,21,100,0.85,1.0
CUST-0148,2024-12-17,21,74,0.871,1.0
CUST-0148,2024-12-24,17,63,0.983,1.0
CUST-0148,2024-12-31,20,44,0.978,1.0
CUST-0148,2025-01-07,23,74,0.871,0.977
CUST-0148,2025-01-14,23,38,0.947,1.0
CUST-0148,2025-01-21,22,33,0.921,1.0
CUST-0148,2025-01-28,22,99,0.864,1.0
CUST-0148,2025-02-04,23,120,0.851,0.921
CUST-0148,2025-02-11,23,56,0.856,0.967
CUST-0148,2025-02-18,23,103,0.932,1.0
CUST-0148,2025-02-25,20,77,0.947,0.976
CUST-0148,2025-03-04,23,58,1.0,1.0
CUST-0148,2025-03-11,21,66,0.808,1.0
CUST-0148,2025-03-18,23,38,0.863,0.988
CUST-0148,2025-03-25,23,130,0.944,1.0
CUST-0148,2025-04-01,23,94,0.968,1.0
CUST-0148,2025-04-08,23,41,0.883,1.0
CUST-0148,2025-04-15,22,124,0.953,0.867
CUST-0148,2025-04-22,20,118,0.973,0.95
CUST-0148,2025-04-29,20,44,0.92,0.998
CUST-0148,2025-05-06,23,56,0.948,0.946
CUST-0148,2025-05-13,21,34,0.841,1.0
CUST-0148,2025-05-20,23,46,1.0,1.0
CUST-0148,2025-05-27,23,100,1.0,0.968
CUST-0148,2025-06-03,21,51,1.0,1.0
CUST-0148,2025-06-10,23,107,0.884,1.0
CUST-0148,2025-06-17,22,83,0.993,0.953
CUST-0148,2025-06-24,22,120,0.898,1.0
CUST-0148,2025-07-01,21,49,0.833,0.956
CUST-0148,2025-07-08,21,89,0.909,0.996
CUST-0148,2025-07-15,23,79,0.957,1.0
CUST-0148,2025-07-22,23,100,0.905,0.954
CUST-0148,2025-07-29,22,100,0.941,0.983
CUST-0148,2025-08-05,23,64,0.886,0.999
CUST-0148,2025-08-12,23,42,1.0,1.0
CUST-0148,2025-08-19,23,61,0.914,0.967
CUST-0148,2025-08-26,23,69,0.928,0.961
CUST-0148,2025-09-02,23,85,0.946,0.956
CUST-0148,2025-09-09,22,43,0.924,1.0
CUST-0148,2025-09-16,23,73,0.966,1.0
CUST-0148,2025-09-23,23,65,0.889,0.952
CUST-0148,2025-09-30,23,42,0.892,0.944
CUST-0148,2025-10-07,23,131,0.893,1.0
CUST-0148,2025-10-14,23,87,0.937,0.97
CUST-0148,2025-10-21,23,66,0.9,1.0
CUST-0148,2025-10-28,23,53,0.822,0.981
CUST-0148,2025-11-04,23,43,0.891,0.949
CUST-0148,2025-11-11,23,85,0.924,1.0
CUST-0148,2025-11-18,23,48,0.839,1.0
CUST-0148,2025-11-25,23,52,0.965,0.974
CUST-0148,2025-12-02,20,64,0.897,1.0
CUST-0148,2025-12-09,23,98,0.9,1.0
CUST-0148,2025-12-16,22,74,0.884,1.0
CUST-0148,2025-12-23,23,38,0.957,1.0
CUST-0148,2025-12-30,23,50,0.959,1.0
CUST-0148,2026-01-06,23,125,0.971,0.948
CUST-0148,2026-01-13,21,69,0.808,1.0
CUST-0148,2026-01-20,23,35,0.913,1.0
CUST-0148,2026-01-27,22,49,0.895,1.0
CUST-0148,2026-02-03,22,66,0.941,0.949
CUST-0148,2026-02-10,23,69,0.901,1.0
CUST-0148,2026-02-17,21,32,0.959,1.0
CUST-0148,2026-02-24,23,111,0.946,1.0
CUST-0148,2026-03-03,23,109,0.825,0.951
CUST-0148,2026-03-10,23,56,0.901,1.0
CUST-0148,2026-03-17,20,111,0.955,1.0
CUST-0148,2026-03-24,23,120,0.87,1.0
CUST-0148,2026-03-31,19,87,0.893,0.979
CUST-0148,2026-04-07,23,50,0.974,1.0
CUST-0148,2026-04-14,23,59,0.949,0.998
CUST-0148,2026-04-21,23,104,0.892,0.997
CUST-0148,2026-04-28,23,133,0.991,1.0
CUST-0148,2026-05-05,20,72,0.809,0.87
CUST-0148,2026-05-12,20,89,0.938,0.95
CUST-0148,2026-05-19,23,79,0.888,0.948
CUST-0148,2026-05-26,22,71,0.891,0.997
CUST-0148,2026-06-02,23,74,0.861,0.937
CUST-0148,2026-06-09,20,66,0.988,1.0
CUST-0148,2026-06-16,22,66,0.943,1.0
CUST-0148,2026-06-23,23,76,0.919,1.0
CUST-0149,2026-01-06,17,48,0.398,0.506
CUST-0149,2026-01-13,13,24,0.397,0.51
CUST-0149,2026-01-20,13,13,0.383,0.412
CUST-0149,2026-01-27,12,13,0.407,0.43
CUST-0149,2026-02-03,13,24,0.358,0.459
CUST-0149,2026-02-10,13,23,0.52,0.535
CUST-0149,2026-02-17,18,27,0.381,0.347
CUST-0149,2026-02-24,15,10,0.312,0.506
CUST-0149,2026-03-03,6,10,0.397,0.428
CUST-0149,2026-03-10,16,18,0.336,0.465
CUST-0149,2026-03-17,15,14,0.358,0.438
CUST-0149,2026-03-24,10,6,0.31,0.476
CUST-0149,2026-03-31,13,29,0.333,0.391
CUST-0149,2026-04-07,9,16,0.381,0.384
CUST-0149,2026-04-14,15,16,0.284,0.252
CUST-0149,2026-04-21,12,22,0.431,0.359
CUST-0149,2026-04-28,13,12,0.346,0.408
CUST-0149,2026-05-05,11,15,0.344,0.317
CUST-0149,2026-05-12,7,4,0.326,0.463
CUST-0149,2026-05-19,12,9,0.333,0.369
CUST-0149,2026-05-26,9,9,0.367,0.27
CUST-0149,2026-06-02,13,17,0.254,0.329
CUST-0149,2026-06-09,8,10,0.31,0.316
CUST-0149,2026-06-16,9,8,0.333,0.356
CUST-0149,2026-06-23,7,11,0.224,0.344
CUST-0150,2024-07-02,14,36,0.544,0.601
CUST-0150,2024-07-09,14,18,0.456,0.484
CUST-0150,2024-07-16,13,21,0.496,0.572
CUST-0150,2024-07-23,13,14,0.401,0.577
CUST-0150,2024-07-30,15,15,0.55,0.507
CUST-0150,2024-08-06,15,17,0.592,0.659
CUST-0150,2024-08-13,11,33,0.513,0.585
CUST-0150,2024-08-20,12,27,0.456,0.497
CUST-0150,2024-08-27,14,13,0.537,0.57
CUST-0150,2024-09-03,13,36,0.521,0.571
CUST-0150,2024-09-10,15,26,0.427,0.608
CUST-0150,2024-09-17,12,25,0.517,0.559
CUST-0150,2024-09-24,11,32,0.455,0.527
CUST-0150,2024-10-01,12,11,0.49,0.448
CUST-0150,2024-10-08,10,20,0.422,0.544
CUST-0150,2024-10-15,12,37,0.562,0.504
CUST-0150,2024-10-22,13,33,0.583,0.54
CUST-0150,2024-10-29,16,13,0.525,0.53
CUST-0150,2024-11-05,13,13,0.517,0.53
CUST-0150,2024-11-12,12,18,0.499,0.546
CUST-0150,2024-11-19,12,30,0.5,0.594
CUST-0150,2024-11-26,13,27,0.472,0.523
CUST-0150,2024-12-03,12,13,0.415,0.471
CUST-0150,2024-12-10,11,27,0.524,0.491
CUST-0150,2024-12-17,8,17,0.485,0.651
CUST-0150,2024-12-24,11,17,0.514,0.433
CUST-0150,2024-12-31,13,20,0.495,0.486
CUST-0150,2025-01-07,13,33,0.443,0.493
CUST-0150,2025-01-14,12,9,0.482,0.515
CUST-0150,2025-01-21,11,26,0.446,0.501
CUST-0150,2025-01-28,11,25,0.493,0.451
CUST-0150,2025-02-04,12,25,0.441,0.491
CUST-0150,2025-02-11,12,29,0.402,0.492
CUST-0150,2025-02-18,10,20,0.411,0.611
CUST-0150,2025-02-25,11,15,0.431,0.494
CUST-0150,2025-03-04,11,30,0.448,0.514
CUST-0150,2025-03-11,12,11,0.401,0.52
CUST-0150,2025-03-18,14,22,0.519,0.508
CUST-0150,2025-03-25,13,11,0.585,0.423
CUST-0150,2025-04-01,11,15,0.455,0.579
CUST-0150,2025-04-08,14,15,0.512,0.578
CUST-0150,2025-04-15,14,31,0.547,0.531
CUST-0150,2025-04-22,15,28,0.33,0.496
CUST-0150,2025-04-29,14,34,0.509,0.404
CUST-0150,2025-05-06,9,22,0.458,0.55
CUST-0150,2025-05-13,11,9,0.438,0.434
CUST-0150,2025-05-20,9,21,0.458,0.379
CUST-0150,2025-05-27,15,15,0.404,0.559
CUST-0150,2025-06-03,12,17,0.393,0.541
CUST-0150,2025-06-10,13,20,0.374,0.529
CUST-0150,2025-06-17,12,20,0.413,0.507
CUST-0150,2025-06-24,12,9,0.407,0.476
CUST-0150,2025-07-01,11,23,0.405,0.481
CUST-0150,2025-07-08,9,20,0.432,0.518
CUST-0150,2025-07-15,10,19,0.373,0.45
CUST-0150,2025-07-22,9,22,0.536,0.518
CUST-0150,2025-07-29,13,11,0.458,0.489
CUST-0150,2025-08-05,13,13,0.434,0.55
CUST-0150,2025-08-12,9,17,0.466,0.354
CUST-0150,2025-08-19,12,20,0.368,0.408
CUST-0150,2025-08-26,8,15,0.38,0.399
CUST-0150,2025-09-02,12,14,0.381,0.447
CUST-0150,2025-09-09,13,31,0.453,0.45
CUST-0150,2025-09-16,11,10,0.358,0.486
CUST-0150,2025-09-23,10,11,0.402,0.554
CUST-0150,2025-09-30,11,7,0.37,0.503
CUST-0150,2025-10-07,11,27,0.442,0.433
CUST-0150,2025-10-14,9,21,0.371,0.477
CUST-0150,2025-10-21,9,7,0.315,0.527
CUST-0150,2025-10-28,7,6,0.496,0.394
CUST-0150,2025-11-04,12,8,0.36,0.473
CUST-0150,2025-11-11,12,9,0.307,0.424
CUST-0150,2025-11-18,8,14,0.372,0.444
CUST-0150,2025-11-25,7,14,0.395,0.487
CUST-0150,2025-12-02,6,9,0.4,0.498
CUST-0150,2025-12-09,12,19,0.446,0.449
CUST-0150,2025-12-16,11,25,0.35,0.371
CUST-0150,2025-12-23,12,22,0.412,0.366
CUST-0150,2025-12-30,10,23,0.366,0.557
CUST-0150,2026-01-06,6,10,0.391,0.379
CUST-0150,2026-01-13,13,12,0.358,0.486
CUST-0150,2026-01-20,12,21,0.394,0.392
CUST-0150,2026-01-27,10,19,0.317,0.336
CUST-0150,2026-02-03,9,19,0.341,0.386
CUST-0150,2026-02-10,6,8,0.397,0.363
CUST-0150,2026-02-17,10,23,0.44,0.336
CUST-0150,2026-02-24,10,10,0.422,0.339
CUST-0150,2026-03-03,5,10,0.317,0.442
CUST-0150,2026-03-10,6,9,0.466,0.359
CUST-0150,2026-03-17,7,8,0.321,0.423
CUST-0150,2026-03-24,10,16,0.399,0.387
CUST-0150,2026-03-31,7,7,0.346,0.429
CUST-0150,2026-04-07,8,7,0.351,0.407
CUST-0150,2026-04-14,7,10,0.382,0.429
CUST-0150,2026-04-21,12,25,0.334,0.326
CUST-0150,2026-04-28,13,14,0.421,0.426
CUST-0150,2026-05-05,10,13,0.345,0.323
CUST-0150,2026-05-12,10,21,0.383,0.293
CUST-0150,2026-05-19,11,9,0.37,0.27
CUST-0150,2026-05-26,6,5,0.33,0.416
CUST-0150,2026-06-02,10,12,0.329,0.376
CUST-0150,2026-06-09,9,17,0.345,0.267
CUST-0150,2026-06-16,8,5,0.461,0.474
CUST-0150,2026-06-23,11,13,0.319,0.417
CUST-0151,2025-11-04,8,18,0.381,0.496
CUST-0151,2025-11-11,8,17,0.505,0.629
CUST-0151,2025-11-18,6,12,0.436,0.502
CUST-0151,2025-11-25,9,23,0.428,0.576
CUST-0151,2025-12-02,5,8,0.503,0.388
CUST-0151,2025-12-09,7,6,0.479,0.432
CUST-0151,2025-12-16,8,11,0.525,0.454
CUST-0151,2025-12-23,6,5,0.414,0.478
CUST-0151,2025-12-30,7,13,0.52,0.485
CUST-0151,2026-01-06,5,9,0.445,0.483
CUST-0151,2026-01-13,6,4,0.418,0.508
CUST-0151,2026-01-20,7,17,0.442,0.509
CUST-0151,2026-01-27,6,7,0.449,0.516
CUST-0151,2026-02-03,7,10,0.405,0.512
CUST-0151,2026-02-10,10,24,0.476,0.464
CUST-0151,2026-02-17,6,14,0.417,0.478
CUST-0151,2026-02-24,6,4,0.35,0.516
CUST-0151,2026-03-03,7,14,0.417,0.446
CUST-0151,2026-03-10,7,17,0.398,0.351
CUST-0151,2026-03-17,7,14,0.399,0.427
CUST-0151,2026-03-24,7,15,0.326,0.398
CUST-0151,2026-03-31,8,10,0.446,0.479
CUST-0151,2026-04-07,7,7,0.318,0.377
CUST-0151,2026-04-14,5,5,0.453,0.33
CUST-0151,2026-04-21,6,6,0.42,0.512
CUST-0151,2026-04-28,4,7,0.442,0.264
CUST-0151,2026-05-05,5,7,0.412,0.305
CUST-0151,2026-05-12,7,12,0.337,0.366
CUST-0151,2026-05-19,7,14,0.319,0.324
CUST-0151,2026-05-26,5,6,0.424,0.321
CUST-0151,2026-06-02,7,12,0.358,0.363
CUST-0151,2026-06-09,5,6,0.295,0.43
CUST-0151,2026-06-16,8,11,0.394,0.357
CUST-0151,2026-06-23,7,10,0.315,0.414
CUST-0152,2025-05-06,62,111,0.929,1.0
CUST-0152,2025-05-13,58,201,1.0,0.966
CUST-0152,2025-05-20,62,214,0.881,0.932
CUST-0152,2025-05-27,62,234,0.781,0.955
CUST-0152,2025-06-03,62,362,0.818,0.976
CUST-0152,2025-06-10,62,352,0.84,1.0
CUST-0152,2025-06-17,54,196,0.939,0.86
CUST-0152,2025-06-24,55,252,0.875,0.9
CUST-0152,2025-07-01,59,257,0.879,0.861
CUST-0152,2025-07-08,55,147,0.888,1.0
CUST-0152,2025-07-15,62,193,0.907,1.0
CUST-0152,2025-07-22,62,310,0.911,0.93
CUST-0152,2025-07-29,53,92,0.86,0.981
CUST-0152,2025-08-05,55,195,0.89,1.0
CUST-0152,2025-08-12,52,252,0.802,0.877
CUST-0152,2025-08-19,59,203,0.795,0.858
CUST-0152,2025-08-26,58,229,0.823,0.849
CUST-0152,2025-09-02,62,207,0.847,0.842
CUST-0152,2025-09-09,47,169,0.846,0.927
CUST-0152,2025-09-16,62,252,0.779,0.836
CUST-0152,2025-09-23,61,125,0.742,0.96
CUST-0152,2025-09-30,53,257,0.881,0.84
CUST-0152,2025-10-07,60,297,0.76,0.928
CUST-0152,2025-10-14,41,207,0.747,0.786
CUST-0152,2025-10-21,57,156,0.803,0.798
CUST-0152,2025-10-28,53,246,0.788,0.851
CUST-0152,2025-11-04,50,187,0.773,0.813
CUST-0152,2025-11-11,55,176,0.772,0.818
CUST-0152,2025-11-18,53,172,0.85,0.857
CUST-0152,2025-11-25,53,153,0.788,0.742
CUST-0152,2025-12-02,51,184,0.714,0.772
CUST-0152,2025-12-09,51,86,0.775,0.837
CUST-0152,2025-12-16,32,102,0.635,0.794
CUST-0152,2025-12-23,42,201,0.706,0.823
CUST-0152,2025-12-30,46,151,0.706,0.867
CUST-0152,2026-01-06,44,170,0.681,0.745
CUST-0152,2026-01-13,54,212,0.74,0.831
CUST-0152,2026-01-20,48,135,0.68,0.835
CUST-0152,2026-01-27,46,61,0.738,0.71
CUST-0152,2026-02-03,42,88,0.793,0.85
CUST-0152,2026-02-10,41,148,0.574,0.813
CUST-0152,2026-02-17,47,100,0.666,0.708
CUST-0152,2026-02-24,44,170,0.556,0.743
CUST-0152,2026-03-03,44,97,0.761,0.813
CUST-0152,2026-03-10,38,116,0.768,0.83
CUST-0152,2026-03-17,44,179,0.673,0.556
CUST-0152,2026-03-24,44,152,0.688,0.776
CUST-0152,2026-03-31,44,182,0.58,0.677
CUST-0152,2026-04-07,45,147,0.592,0.697
CUST-0152,2026-04-14,45,67,0.592,0.745
CUST-0152,2026-04-21,51,108,0.68,0.715
CUST-0152,2026-04-28,41,69,0.656,0.723
CUST-0152,2026-05-05,42,81,0.622,0.638
CUST-0152,2026-05-12,34,85,0.66,0.73
CUST-0152,2026-05-19,42,158,0.686,0.852
CUST-0152,2026-05-26,35,57,0.619,0.614
CUST-0152,2026-06-02,47,50,0.656,0.6
CUST-0152,2026-06-09,32,54,0.692,0.665
CUST-0152,2026-06-16,46,164,0.49,0.676
CUST-0152,2026-06-23,38,43,0.633,0.631
CUST-0153,2024-07-02,2,0,0.153,0.136
CUST-0153,2024-07-09,5,1,0.254,0.167
CUST-0153,2024-07-16,1,0,0.109,0.046
CUST-0153,2024-07-23,3,1,0.149,0.198
CUST-0153,2024-07-30,2,0,0.161,0.173
CUST-0153,2024-08-06,4,1,0.115,0.2
CUST-0153,2024-08-13,6,1,0.174,0.175
CUST-0153,2024-08-20,6,3,0.233,0.03
CUST-0153,2024-08-27,2,0,0.117,0.105
CUST-0153,2024-09-03,7,4,0.121,0.098
CUST-0153,2024-09-10,4,1,0.043,0.212
CUST-0153,2024-09-17,1,0,0.133,0.188
CUST-0153,2024-09-24,1,0,0.068,0.058
CUST-0153,2024-10-01,4,2,0.208,0.076
CUST-0153,2024-10-08,3,1,0.033,0.067
CUST-0153,2024-10-15,6,3,0.117,0.15
CUST-0153,2024-10-22,4,1,0.046,0.177
CUST-0153,2024-10-29,2,0,0.106,0.117
CUST-0153,2024-11-05,1,0,0.021,0.158
CUST-0153,2024-11-12,1,0,0.073,0.055
CUST-0153,2024-11-19,1,0,0.065,0.117
CUST-0153,2024-11-26,1,0,0.094,0.211
CUST-0153,2024-12-03,3,0,0.104,0.071
CUST-0153,2024-12-10,3,0,0.036,0.105
CUST-0153,2024-12-17,3,0,0.101,0.025
CUST-0153,2024-12-24,3,1,0.076,0.125
CUST-0153,2024-12-31,1,0,0.0,0.0
CUST-0153,2025-01-07,6,2,0.206,0.076
CUST-0153,2025-01-14,7,0,0.021,0.021
CUST-0153,2025-01-21,1,0,0.0,0.003
CUST-0153,2025-01-28,1,0,0.051,0.027
CUST-0153,2025-02-04,2,0,0.0,0.006
CUST-0153,2025-02-11,2,0,0.04,0.148
CUST-0153,2025-02-18,5,1,0.023,0.067
CUST-0153,2025-02-25,1,0,0.107,0.0
CUST-0153,2025-03-04,2,0,0.044,0.069
CUST-0153,2025-03-11,2,0,0.028,0.022
CUST-0153,2025-03-18,1,0,0.033,0.004
CUST-0153,2025-03-25,1,0,0.0,0.0
CUST-0153,2025-04-01,4,0,0.102,0.0
CUST-0153,2025-04-08,5,0,0.012,0.115
CUST-0153,2025-04-15,3,0,0.0,0.075
CUST-0153,2025-04-22,2,0,0.071,0.0
CUST-0153,2025-04-29,2,0,0.0,0.044
CUST-0153,2025-05-06,1,0,0.017,0.048
CUST-0153,2025-05-13,2,0,0.0,0.03
CUST-0153,2025-05-20,7,0,0.029,0.007
CUST-0153,2025-05-27,1,0,0.0,0.0
CUST-0153,2025-06-03,3,0,0.039,0.065
CUST-0153,2025-06-10,1,0,0.0,0.144
CUST-0153,2025-06-17,1,0,0.004,0.0
CUST-0153,2025-06-24,1,0,0.045,0.0
CUST-0153,2025-07-01,1,0,0.042,0.0
CUST-0153,2025-07-08,3,0,0.018,0.0
CUST-0153,2025-07-15,1,0,0.0,0.0
CUST-0153,2025-07-22,5,0,0.0,0.0
CUST-0153,2025-07-29,1,0,0.013,0.015
CUST-0153,2025-08-05,1,0,0.0,0.046
CUST-0153,2025-08-12,1,0,0.056,0.016
CUST-0153,2025-08-19,2,0,0.114,0.066
CUST-0153,2025-08-26,1,0,0.0,0.093
CUST-0153,2025-09-02,1,0,0.038,0.0
CUST-0153,2025-09-09,1,0,0.009,0.083
CUST-0153,2025-09-16,1,0,0.027,0.036
CUST-0153,2025-09-23,1,0,0.182,0.011
CUST-0153,2025-09-30,4,0,0.019,0.084
CUST-0153,2025-10-07,1,0,0.015,0.028
CUST-0153,2025-10-14,1,0,0.069,0.051
CUST-0153,2025-10-21,1,0,0.0,0.0
CUST-0153,2025-10-28,2,0,0.0,0.0
CUST-0153,2025-11-04,1,0,0.0,0.021
CUST-0153,2025-11-11,1,0,0.023,0.045
CUST-0153,2025-11-18,1,0,0.009,0.0
CUST-0153,2025-11-25,1,0,0.0,0.0
CUST-0153,2025-12-02,1,0,0.0,0.128
CUST-0153,2025-12-09,1,0,0.0,0.0
CUST-0153,2025-12-16,2,0,0.0,0.005
CUST-0153,2025-12-23,1,0,0.021,0.0
CUST-0153,2025-12-30,4,0,0.0,0.071
CUST-0153,2026-01-06,1,0,0.0,0.046
CUST-0153,2026-01-13,1,0,0.0,0.077
CUST-0153,2026-01-20,2,0,0.016,0.065
CUST-0153,2026-01-27,4,0,0.014,0.0
CUST-0153,2026-02-03,1,0,0.021,0.057
CUST-0153,2026-02-10,1,0,0.0,0.017
CUST-0153,2026-02-17,1,0,0.006,0.0
CUST-0153,2026-02-24,2,0,0.037,0.0
CUST-0153,2026-03-03,1,0,0.042,0.0
CUST-0153,2026-03-10,1,0,0.077,0.0
CUST-0153,2026-03-17,1,0,0.0,0.0
CUST-0153,2026-03-24,2,0,0.0,0.053
CUST-0153,2026-03-31,1,0,0.0,0.0
CUST-0153,2026-04-07,1,0,0.057,0.0
CUST-0153,2026-04-14,1,0,0.045,0.0
CUST-0153,2026-04-21,1,0,0.006,0.0
CUST-0153,2026-04-28,3,0,0.025,0.035
CUST-0153,2026-05-05,1,0,0.0,0.0
CUST-0153,2026-05-12,1,0,0.0,0.0
CUST-0153,2026-05-19,4,0,0.022,0.014
CUST-0153,2026-05-26,3,0,0.0,0.046
CUST-0153,2026-06-02,1,0,0.09,0.0
CUST-0153,2026-06-09,2,0,0.0,0.061
CUST-0153,2026-06-16,1,0,0.0,0.085
CUST-0153,2026-06-23,1,0,0.014,0.0
CUST-0154,2024-12-10,64,105,0.462,0.561
CUST-0154,2024-12-17,51,121,0.512,0.629
CUST-0154,2024-12-24,57,212,0.558,0.512
CUST-0154,2024-12-31,61,187,0.558,0.665
CUST-0154,2025-01-07,63,88,0.606,0.667
CUST-0154,2025-01-14,59,89,0.607,0.486
CUST-0154,2025-01-21,55,156,0.634,0.581
CUST-0154,2025-01-28,55,136,0.543,0.63
CUST-0154,2025-02-04,57,194,0.524,0.609
CUST-0154,2025-02-11,55,57,0.569,0.525
CUST-0154,2025-02-18,56,185,0.668,0.641
CUST-0154,2025-02-25,46,75,0.583,0.544
CUST-0154,2025-03-04,53,120,0.49,0.698
CUST-0154,2025-03-11,51,48,0.552,0.6
CUST-0154,2025-03-18,46,48,0.571,0.588
CUST-0154,2025-03-25,50,118,0.491,0.645
CUST-0154,2025-04-01,52,57,0.66,0.55
CUST-0154,2025-04-08,56,135,0.442,0.577
CUST-0154,2025-04-15,56,133,0.603,0.505
CUST-0154,2025-04-22,57,192,0.524,0.588
CUST-0154,2025-04-29,55,113,0.538,0.672
CUST-0154,2025-05-06,43,142,0.559,0.543
CUST-0154,2025-05-13,45,105,0.569,0.635
CUST-0154,2025-05-20,46,140,0.505,0.627
CUST-0154,2025-05-27,55,94,0.547,0.51
CUST-0154,2025-06-03,60,150,0.489,0.581
CUST-0154,2025-06-10,45,92,0.494,0.483
CUST-0154,2025-06-17,52,145,0.527,0.603
CUST-0154,2025-06-24,39,55,0.584,0.653
CUST-0154,2025-07-01,48,55,0.52,0.537
CUST-0154,2025-07-08,49,138,0.451,0.511
CUST-0154,2025-07-15,52,134,0.591,0.474
CUST-0154,2025-07-22,44,131,0.474,0.608
CUST-0154,2025-07-29,45,136,0.431,0.627
CUST-0154,2025-08-05,38,79,0.478,0.393
CUST-0154,2025-08-12,41,126,0.453,0.494
CUST-0154,2025-08-19,55,103,0.491,0.599
CUST-0154,2025-08-26,43,132,0.461,0.586
CUST-0154,2025-09-02,48,64,0.453,0.503
CUST-0154,2025-09-09,44,86,0.425,0.491
CUST-0154,2025-09-16,48,100,0.59,0.543
CUST-0154,2025-09-23,46,138,0.574,0.576
CUST-0154,2025-09-30,43,115,0.459,0.496
CUST-0154,2025-10-07,44,95,0.388,0.488
CUST-0154,2025-10-14,48,44,0.455,0.472
CUST-0154,2025-10-21,50,140,0.583,0.536
CUST-0154,2025-10-28,45,74,0.571,0.498
CUST-0154,2025-11-04,48,45,0.513,0.586
CUST-0154,2025-11-11,54,108,0.498,0.497
CUST-0154,2025-11-18,49,99,0.506,0.453
CUST-0154,2025-11-25,44,108,0.51,0.595
CUST-0154,2025-12-02,40,103,0.452,0.504
CUST-0154,2025-12-09,38,84,0.516,0.471
CUST-0154,2025-12-16,35,82,0.532,0.529
CUST-0154,2025-12-23,47,114,0.396,0.496
CUST-0154,2025-12-30,43,45,0.405,0.555
CUST-0154,2026-01-06,34,52,0.439,0.5
CUST-0154,2026-01-13,42,110,0.55,0.485
CUST-0154,2026-01-20,55,41,0.427,0.527
CUST-0154,2026-01-27,36,37,0.431,0.381
CUST-0154,2026-02-03,31,34,0.435,0.484
CUST-0154,2026-02-10,45,59,0.412,0.431
CUST-0154,2026-02-17,48,139,0.372,0.443
CUST-0154,2026-02-24,41,43,0.35,0.592
CUST-0154,2026-03-03,31,49,0.425,0.553
CUST-0154,2026-03-10,34,66,0.46,0.443
CUST-0154,2026-03-17,41,93,0.426,0.484
CUST-0154,2026-03-24,45,76,0.463,0.501
CUST-0154,2026-03-31,46,40,0.535,0.438
CUST-0154,2026-04-07,52,117,0.453,0.413
CUST-0154,2026-04-14,36,81,0.378,0.482
CUST-0154,2026-04-21,51,96,0.462,0.579
CUST-0154,2026-04-28,38,40,0.429,0.408
CUST-0154,2026-05-05,34,46,0.588,0.479
CUST-0154,2026-05-12,45,41,0.446,0.438
CUST-0154,2026-05-19,39,107,0.418,0.489
CUST-0154,2026-05-26,36,31,0.457,0.489
CUST-0154,2026-06-02,35,82,0.49,0.341
CUST-0154,2026-06-09,43,47,0.437,0.499
CUST-0154,2026-06-16,49,109,0.415,0.513
CUST-0154,2026-06-23,35,70,0.417,0.503
CUST-0155,2024-03-14,7,14,0.493,0.518
CUST-0155,2024-03-21,5,7,0.47,0.563
CUST-0155,2024-03-28,6,17,0.519,0.654
CUST-0155,2024-04-04,8,7,0.446,0.57
CUST-0155,2024-04-11,6,4,0.451,0.457
CUST-0155,2024-04-18,7,12,0.427,0.555
CUST-0155,2024-04-25,5,4,0.383,0.542
CUST-0155,2024-05-02,5,7,0.483,0.51
CUST-0155,2024-05-09,7,12,0.491,0.471
CUST-0155,2024-05-16,6,15,0.456,0.434
CUST-0155,2024-05-23,4,4,0.559,0.517
CUST-0155,2024-05-30,7,17,0.396,0.447
CUST-0155,2024-06-06,5,5,0.562,0.456
CUST-0155,2024-06-13,4,6,0.422,0.505
CUST-0155,2024-06-20,6,4,0.498,0.579
CUST-0155,2024-06-27,7,6,0.409,0.521
CUST-0155,2024-07-04,7,19,0.503,0.513
CUST-0155,2024-07-11,7,15,0.43,0.456
CUST-0155,2024-07-18,4,4,0.341,0.433
CUST-0155,2024-07-25,5,9,0.432,0.424
CUST-0155,2024-08-01,5,12,0.409,0.568
CUST-0155,2024-08-08,4,9,0.359,0.535
CUST-0155,2024-08-15,6,9,0.453,0.496
CUST-0155,2024-08-22,5,4,0.314,0.556
CUST-0155,2024-08-29,6,10,0.295,0.388
CUST-0155,2024-09-05,6,12,0.441,0.472
CUST-0155,2024-09-12,6,6,0.387,0.425
CUST-0155,2024-09-19,5,11,0.328,0.427
CUST-0155,2024-09-26,5,7,0.38,0.5
CUST-0155,2024-10-03,5,4,0.426,0.442
CUST-0155,2024-10-10,3,2,0.324,0.395
CUST-0155,2024-10-17,7,15,0.45,0.411
CUST-0155,2024-10-24,4,4,0.489,0.412
CUST-0155,2024-10-31,5,11,0.374,0.323
CUST-0155,2024-11-07,4,5,0.414,0.394
CUST-0155,2024-11-14,5,6,0.386,0.316
CUST-0155,2024-11-21,4,8,0.345,0.391
CUST-0155,2024-11-28,5,5,0.388,0.517
CUST-0155,2024-12-05,4,3,0.366,0.31
CUST-0155,2024-12-12,3,2,0.312,0.309
CUST-0155,2024-12-19,4,8,0.306,0.34
CUST-0155,2024-12-26,5,7,0.296,0.388
CUST-0155,2025-01-02,5,9,0.333,0.434
CUST-0155,2025-01-09,4,6,0.43,0.317
CUST-0155,2025-01-16,5,9,0.338,0.312
CUST-0155,2025-01-23,4,7,0.357,0.342
CUST-0155,2025-01-30,3,3,0.455,0.398
CUST-0155,2025-02-06,4,2,0.353,0.326
CUST-0155,2025-02-13,3,5,0.332,0.319
CUST-0155,2025-02-20,5,2,0.297,0.323
CUST-0155,2025-02-27,5,4,0.343,0.326
CUST-0155,2025-03-06,4,4,0.298,0.358
CUST-0155,2025-03-13,3,4,0.372,0.291
CUST-0155,2025-03-20,5,6,0.305,0.351
CUST-0155,2025-03-27,3,2,0.382,0.299
CUST-0155,2025-04-03,4,5,0.238,0.223
CUST-0155,2025-04-10,2,2,0.285,0.302
CUST-0155,2025-04-17,5,5,0.239,0.272
CUST-0155,2025-04-24,3,1,0.187,0.275
CUST-0155,2025-05-01,4,5,0.241,0.203
CUST-0155,2025-05-08,4,3,0.266,0.382
CUST-0155,2025-05-15,2,3,0.232,0.27
CUST-0155,2025-05-22,2,1,0.358,0.273
CUST-0155,2025-05-29,6,5,0.254,0.256
CUST-0155,2025-06-05,4,4,0.343,0.193
CUST-0155,2025-06-12,3,3,0.33,0.202
CUST-0156,2024-07-02,65,120,0.645,0.791
CUST-0156,2024-07-09,58,249,0.73,0.8
CUST-0156,2024-07-16,77,254,0.707,0.745
CUST-0156,2024-07-23,70,113,0.761,0.999
CUST-0156,2024-07-30,66,231,0.667,0.738
CUST-0156,2024-08-06,60,89,0.713,0.835
CUST-0156,2024-08-13,73,242,0.746,0.835
CUST-0156,2024-08-20,66,154,0.743,0.741
CUST-0156,2024-08-27,70,234,0.748,0.905
CUST-0156,2024-09-03,65,162,0.758,0.779
CUST-0156,2024-09-10,59,181,0.764,0.638
CUST-0156,2024-09-17,74,302,0.698,0.765
CUST-0156,2024-09-24,72,145,0.632,0.727
CUST-0156,2024-10-01,61,192,0.753,0.887
CUST-0156,2024-10-08,65,188,0.685,0.835
CUST-0156,2024-10-15,64,255,0.672,0.785
CUST-0156,2024-10-22,63,77,0.743,0.847
CUST-0156,2024-10-29,64,256,0.544,0.834
CUST-0156,2024-11-05,68,159,0.774,0.735
CUST-0156,2024-11-12,65,119,0.745,0.783
CUST-0156,2024-11-19,80,100,0.676,0.743
CUST-0156,2024-11-26,61,170,0.66,0.709
CUST-0156,2024-12-03,68,186,0.661,0.756
CUST-0156,2024-12-10,72,100,0.675,0.77
CUST-0156,2024-12-17,57,161,0.773,0.689
CUST-0156,2024-12-24,56,223,0.697,0.781
CUST-0156,2024-12-31,71,189,0.636,0.798
CUST-0156,2025-01-07,75,158,0.703,0.844
CUST-0156,2025-01-14,56,152,0.743,0.783
CUST-0156,2025-01-21,61,175,0.762,0.742
CUST-0156,2025-01-28,78,311,0.833,0.692
CUST-0156,2025-02-04,56,214,0.706,0.772
CUST-0156,2025-02-11,73,167,0.771,0.73
CUST-0156,2025-02-18,66,145,0.624,0.708
CUST-0156,2025-02-25,72,105,0.646,0.731
CUST-0156,2025-03-04,54,194,0.741,0.793
CUST-0156,2025-03-11,67,129,0.691,0.809
CUST-0156,2025-03-18,67,222,0.691,0.826
CUST-0156,2025-03-25,70,233,0.713,0.729
CUST-0156,2025-04-01,70,254,0.663,0.771
CUST-0156,2025-04-08,53,81,0.666,0.597
CUST-0156,2025-04-15,59,112,0.682,0.818
CUST-0156,2025-04-22,69,282,0.713,0.707
CUST-0156,2025-04-29,64,271,0.726,0.783
CUST-0156,2025-05-06,67,213,0.693,0.692
CUST-0156,2025-05-13,58,210,0.755,0.684
CUST-0156,2025-05-20,59,114,0.748,0.692
CUST-0156,2025-05-27,57,171,0.669,0.818
CUST-0156,2025-06-03,67,81,0.718,0.753
CUST-0156,2025-06-10,63,91,0.697,0.632
CUST-0156,2025-06-17,63,159,0.665,0.635
CUST-0156,2025-06-24,61,242,0.665,0.75
CUST-0156,2025-07-01,65,198,0.743,0.759
CUST-0156,2025-07-08,60,172,0.691,0.599
CUST-0156,2025-07-15,58,193,0.65,0.702
CUST-0156,2025-07-22,68,304,0.669,0.697
CUST-0156,2025-07-29,67,201,0.663,0.705
CUST-0156,2025-08-05,49,203,0.715,0.705
CUST-0156,2025-08-12,62,112,0.755,0.738
CUST-0156,2025-08-19,61,124,0.727,0.896
CUST-0156,2025-08-26,77,193,0.675,0.664
CUST-0156,2025-09-02,70,100,0.653,0.808
CUST-0156,2025-09-09,81,142,0.676,0.703
CUST-0156,2025-09-16,67,244,0.63,0.668
CUST-0156,2025-09-23,77,265,0.714,0.696
CUST-0156,2025-09-30,55,61,0.667,0.755
CUST-0156,2025-10-07,78,158,0.655,0.667
CUST-0156,2025-10-14,61,158,0.662,0.763
CUST-0156,2025-10-21,57,66,0.687,0.764
CUST-0156,2025-10-28,56,91,0.692,0.696
CUST-0156,2025-11-04,56,115,0.624,0.775
CUST-0156,2025-11-11,71,245,0.665,0.819
CUST-0156,2025-11-18,48,168,0.705,0.746
CUST-0156,2025-11-25,68,132,0.614,0.713
CUST-0156,2025-12-02,76,109,0.658,0.69
CUST-0156,2025-12-09,77,215,0.763,0.657
CUST-0156,2025-12-16,46,145,0.669,0.698
CUST-0156,2025-12-23,58,253,0.625,0.754
CUST-0156,2025-12-30,69,84,0.642,0.696
CUST-0156,2026-01-06,59,185,0.672,0.755
CUST-0156,2026-01-13,56,192,0.658,0.659
CUST-0156,2026-01-20,74,211,0.614,0.745
CUST-0156,2026-01-27,65,105,0.707,0.808
CUST-0156,2026-02-03,63,248,0.616,0.647
CUST-0156,2026-02-10,53,103,0.613,0.766
CUST-0156,2026-02-17,65,161,0.697,0.742
CUST-0156,2026-02-24,72,297,0.535,0.669
CUST-0156,2026-03-03,54,135,0.676,0.763
CUST-0156,2026-03-10,62,241,0.69,0.657
CUST-0156,2026-03-17,56,139,0.573,0.758
CUST-0156,2026-03-24,65,122,0.581,0.66
CUST-0156,2026-03-31,52,217,0.699,0.745
CUST-0156,2026-04-07,59,229,0.694,0.816
CUST-0156,2026-04-14,58,234,0.698,0.698
CUST-0156,2026-04-21,51,204,0.747,0.674
CUST-0156,2026-04-28,62,135,0.668,0.75
CUST-0156,2026-05-05,48,175,0.622,0.602
CUST-0156,2026-05-12,68,263,0.664,0.735
CUST-0156,2026-05-19,64,149,0.642,0.722
CUST-0156,2026-05-26,62,116,0.631,0.671
CUST-0156,2026-06-02,60,249,0.656,0.701
CUST-0156,2026-06-09,67,175,0.618,0.68
CUST-0156,2026-06-16,59,248,0.707,0.596
CUST-0156,2026-06-23,70,249,0.631,0.68
CUST-0157,2023-10-26,51,46,0.18,0.14
CUST-0157,2023-11-02,61,56,0.105,0.189
CUST-0157,2023-11-09,9,4,0.086,0.0
CUST-0157,2023-11-16,82,53,0.19,0.181
CUST-0157,2023-11-23,33,29,0.166,0.152
CUST-0157,2023-11-30,35,16,0.157,0.151
CUST-0157,2023-12-07,46,35,0.136,0.119
CUST-0157,2023-12-14,46,28,0.149,0.103
CUST-0157,2023-12-21,72,15,0.069,0.217
CUST-0157,2023-12-28,24,10,0.229,0.046
CUST-0157,2024-01-04,46,24,0.159,0.116
CUST-0157,2024-01-11,31,15,0.123,0.018
CUST-0157,2024-01-18,58,16,0.113,0.088
CUST-0157,2024-01-25,56,7,0.035,0.07
CUST-0157,2024-02-01,22,2,0.0,0.224
CUST-0157,2024-02-08,26,6,0.096,0.015
CUST-0157,2024-02-15,32,7,0.139,0.069
CUST-0157,2024-02-22,1,0,0.069,0.142
CUST-0157,2024-02-29,48,3,0.0,0.038
CUST-0157,2024-03-07,18,1,0.013,0.0
CUST-0157,2024-03-14,1,0,0.0,0.066
CUST-0157,2024-03-21,3,0,0.0,0.0
CUST-0157,2024-03-28,69,0,0.0,0.0
CUST-0157,2024-04-04,25,0,0.0,0.057
CUST-0157,2024-04-11,10,0,0.0,0.0
CUST-0157,2024-04-18,1,0,0.046,0.02
CUST-0157,2024-04-25,41,0,0.05,0.0
CUST-0157,2024-05-02,30,0,0.06,0.0
CUST-0157,2024-05-09,17,0,0.056,0.033
CUST-0157,2024-05-16,3,0,0.072,0.117
CUST-0157,2024-05-23,1,0,0.0,0.0
CUST-0157,2024-05-30,1,0,0.0,0.18
CUST-0157,2024-06-06,1,0,0.0,0.0
CUST-0157,2024-06-13,22,0,0.0,0.0
CUST-0157,2024-06-20,8,0,0.019,0.023
CUST-0157,2024-06-27,2,0,0.0,0.162
CUST-0157,2024-07-04,1,0,0.0,0.054
CUST-0157,2024-07-11,1,0,0.032,0.099
CUST-0157,2024-07-18,11,0,0.0,0.035
CUST-0157,2024-07-25,7,0,0.0,0.0
CUST-0157,2024-08-01,1,0,0.035,0.006
CUST-0157,2024-08-08,1,0,0.0,0.0
CUST-0157,2024-08-15,1,0,0.0,0.0
CUST-0157,2024-08-22,51,0,0.0,0.0
CUST-0157,2024-08-29,32,0,0.034,0.0
CUST-0157,2024-09-05,1,0,0.0,0.0
CUST-0157,2024-09-12,22,0,0.013,0.0
CUST-0157,2024-09-19,1,0,0.019,0.06
CUST-0157,2024-09-26,11,0,0.0,0.1
CUST-0157,2024-10-03,11,0,0.098,0.0
CUST-0157,2024-10-10,40,0,0.0,0.0
CUST-0157,2024-10-17,1,0,0.038,0.025
CUST-0157,2024-10-24,13,0,0.034,0.0
CUST-0157,2024-10-31,41,0,0.03,0.0
CUST-0157,2024-11-07,25,0,0.012,0.0
CUST-0157,2024-11-14,29,0,0.008,0.078
CUST-0157,2024-11-21,3,0,0.0,0.0
CUST-0157,2024-11-28,1,0,0.0,0.0
CUST-0157,2024-12-05,14,0,0.0,0.009
CUST-0157,2024-12-12,3,0,0.0,0.0
CUST-0157,2024-12-19,27,0,0.0,0.0
CUST-0157,2024-12-26,17,0,0.0,0.0
CUST-0157,2025-01-02,1,0,0.0,0.0
CUST-0157,2025-01-09,1,0,0.0,0.0
CUST-0157,2025-01-16,1,0,0.0,0.058
CUST-0157,2025-01-23,1,0,0.0,0.0
CUST-0157,2025-01-30,1,0,0.027,0.025
CUST-0157,2025-02-06,1,0,0.012,0.0
CUST-0157,2025-02-13,1,0,0.0,0.0
CUST-0157,2025-02-20,1,0,0.016,0.053
CUST-0157,2025-02-27,1,0,0.042,0.0
CUST-0157,2025-03-06,7,0,0.0,0.0
CUST-0157,2025-03-13,7,0,0.049,0.0
CUST-0157,2025-03-20,1,0,0.0,0.007
CUST-0157,2025-03-27,1,0,0.037,0.042
CUST-0157,2025-04-03,27,0,0.055,0.059
CUST-0157,2025-04-10,48,0,0.082,0.0
CUST-0157,2025-04-17,1,0,0.0,0.0
CUST-0157,2025-04-24,23,0,0.034,0.0
CUST-0157,2025-05-01,1,0,0.0,0.004
CUST-0157,2025-05-08,1,0,0.0,0.0
CUST-0157,2025-05-15,1,0,0.0,0.0
CUST-0157,2025-05-22,1,0,0.067,0.05
CUST-0157,2025-05-29,20,0,0.051,0.121
CUST-0157,2025-06-05,19,0,0.0,0.016
CUST-0157,2025-06-12,1,0,0.0,0.13
CUST-0157,2025-06-19,1,0,0.0,0.0
CUST-0157,2025-06-26,1,0,0.0,0.0
CUST-0157,2025-07-03,1,0,0.04,0.0
CUST-0157,2025-07-10,12,0,0.044,0.019
CUST-0157,2025-07-17,22,0,0.0,0.0
CUST-0157,2025-07-24,1,0,0.072,0.0
CUST-0157,2025-07-31,1,0,0.047,0.035
CUST-0157,2025-08-07,1,0,0.059,0.0
CUST-0157,2025-08-14,9,0,0.0,0.043
CUST-0157,2025-08-21,1,0,0.042,0.0
CUST-0157,2025-08-28,1,0,0.013,0.005
CUST-0157,2025-09-04,1,0,0.0,0.057
CUST-0157,2025-09-11,1,0,0.0,0.008
CUST-0157,2025-09-18,1,0,0.088,0.0
CUST-0157,2025-09-25,3,0,0.0,0.0
CUST-0157,2025-10-02,24,0,0.0,0.03
CUST-0157,2025-10-09,7,0,0.0,0.0
CUST-0157,2025-10-16,1,0,0.0,0.205
CUST-0158,2023-12-12,3,2,0.291,0.276
CUST-0158,2023-12-19,5,3,0.108,0.218
CUST-0158,2023-12-26,2,0,0.077,0.25
CUST-0158,2024-01-02,3,1,0.115,0.081
CUST-0158,2024-01-09,3,0,0.195,0.146
CUST-0158,2024-01-16,3,2,0.239,0.174
CUST-0158,2024-01-23,2,1,0.253,0.126
CUST-0158,2024-01-30,2,0,0.186,0.149
CUST-0158,2024-02-06,1,0,0.176,0.195
CUST-0158,2024-02-13,4,3,0.177,0.273
CUST-0158,2024-02-20,1,0,0.232,0.2
CUST-0158,2024-02-27,4,3,0.089,0.217
CUST-0158,2024-03-05,2,0,0.16,0.159
CUST-0158,2024-03-12,4,1,0.198,0.126
CUST-0158,2024-03-19,3,0,0.028,0.205
CUST-0158,2024-03-26,1,0,0.173,0.084
CUST-0158,2024-04-02,5,3,0.182,0.182
CUST-0158,2024-04-09,1,0,0.155,0.129
CUST-0158,2024-04-16,4,3,0.101,0.185
CUST-0158,2024-04-23,4,1,0.12,0.142
CUST-0158,2024-04-30,1,0,0.123,0.098
CUST-0158,2024-05-07,2,1,0.087,0.178
CUST-0158,2024-05-14,4,2,0.239,0.179
CUST-0158,2024-05-21,2,1,0.199,0.208
CUST-0158,2024-05-28,1,0,0.075,0.177
CUST-0158,2024-06-04,1,0,0.062,0.119
CUST-0158,2024-06-11,2,0,0.05,0.108
CUST-0158,2024-06-18,4,2,0.079,0.168
CUST-0158,2024-06-25,4,1,0.16,0.0
CUST-0158,2024-07-02,1,0,0.133,0.036
CUST-0158,2024-07-09,1,0,0.108,0.193
CUST-0158,2024-07-16,2,0,0.197,0.106
CUST-0158,2024-07-23,4,1,0.005,0.152
CUST-0158,2024-07-30,1,0,0.115,0.128
CUST-0158,2024-08-06,3,1,0.065,0.064
CUST-0158,2024-08-13,1,0,0.094,0.057
CUST-0158,2024-08-20,1,0,0.1,0.071
CUST-0158,2024-08-27,1,0,0.1,0.153
CUST-0158,2024-09-03,1,0,0.058,0.023
CUST-0158,2024-09-10,5,1,0.028,0.098
CUST-0158,2024-09-17,3,0,0.0,0.027
CUST-0158,2024-09-24,1,0,0.028,0.035
CUST-0158,2024-10-01,1,0,0.173,0.008
CUST-0158,2024-10-08,3,0,0.117,0.0
CUST-0158,2024-10-15,3,0,0.047,0.067
CUST-0158,2024-10-22,1,0,0.135,0.092
CUST-0158,2024-10-29,1,0,0.021,0.043
CUST-0158,2024-11-05,3,0,0.02,0.0
CUST-0158,2024-11-12,1,0,0.151,0.01
CUST-0158,2024-11-19,1,0,0.103,0.0
CUST-0158,2024-11-26,1,0,0.0,0.234
CUST-0158,2024-12-03,1,0,0.007,0.051
CUST-0158,2024-12-10,1,0,0.0,0.126
CUST-0158,2024-12-17,2,0,0.0,0.0
CUST-0158,2024-12-24,1,0,0.081,0.018
CUST-0158,2024-12-31,1,0,0.0,0.0
CUST-0158,2025-01-07,1,0,0.101,0.0
CUST-0158,2025-01-14,1,0,0.0,0.147
CUST-0158,2025-01-21,1,0,0.087,0.0
CUST-0158,2025-01-28,1,0,0.04,0.117
CUST-0158,2025-02-04,2,0,0.113,0.086
CUST-0158,2025-02-11,1,0,0.027,0.0
CUST-0158,2025-02-18,1,0,0.026,0.008
CUST-0158,2025-02-25,1,0,0.0,0.025
CUST-0158,2025-03-04,1,0,0.0,0.0
CUST-0158,2025-03-11,1,0,0.102,0.064
CUST-0158,2025-03-18,2,0,0.063,0.072
CUST-0158,2025-03-25,2,0,0.0,0.034
CUST-0158,2025-04-01,4,0,0.0,0.042
CUST-0158,2025-04-08,1,0,0.03,0.009
CUST-0158,2025-04-15,1,0,0.0,0.015
CUST-0158,2025-04-22,1,0,0.0,0.0
CUST-0158,2025-04-29,1,0,0.029,0.0
CUST-0158,2025-05-06,1,0,0.033,0.081
CUST-0158,2025-05-13,1,0,0.027,0.0
CUST-0158,2025-05-20,1,0,0.025,0.0
CUST-0158,2025-05-27,2,0,0.0,0.001
CUST-0158,2025-06-03,1,0,0.059,0.093
CUST-0158,2025-06-10,2,0,0.0,0.0
CUST-0158,2025-06-17,1,0,0.007,0.0
CUST-0158,2025-06-24,1,0,0.0,0.058
CUST-0158,2025-07-01,1,0,0.076,0.0
CUST-0158,2025-07-08,1,0,0.0,0.0
CUST-0158,2025-07-15,1,0,0.113,0.009
CUST-0158,2025-07-22,1,0,0.073,0.028
CUST-0158,2025-07-29,1,0,0.058,0.0
CUST-0158,2025-08-05,1,0,0.0,0.0
CUST-0158,2025-08-12,1,0,0.0,0.157
CUST-0158,2025-08-19,1,0,0.058,0.007
CUST-0158,2025-08-26,1,0,0.027,0.0
CUST-0158,2025-09-02,1,0,0.0,0.015
CUST-0158,2025-09-09,1,0,0.0,0.072
CUST-0158,2025-09-16,1,0,0.0,0.0
CUST-0158,2025-09-23,1,0,0.025,0.033
CUST-0158,2025-09-30,1,0,0.005,0.0
CUST-0158,2025-10-07,1,0,0.044,0.03
CUST-0158,2025-10-14,1,0,0.012,0.106
CUST-0158,2025-10-21,1,0,0.03,0.067
CUST-0158,2025-10-28,1,0,0.058,0.01
CUST-0158,2025-11-04,1,0,0.083,0.046
CUST-0158,2025-11-11,2,0,0.0,0.0
CUST-0158,2025-11-18,1,0,0.0,0.0
CUST-0158,2025-11-25,1,0,0.0,0.033
CUST-0158,2025-12-02,1,0,0.041,0.0
CUST-0159,2025-09-09,221,794,0.861,0.782
CUST-0159,2025-09-16,257,438,0.869,0.938
CUST-0159,2025-09-23,276,632,0.815,0.849
CUST-0159,2025-09-30,276,1133,0.835,0.838
CUST-0159,2025-10-07,262,711,0.745,0.87
CUST-0159,2025-10-14,260,812,0.793,0.984
CUST-0159,2025-10-21,262,892,0.83,0.899
CUST-0159,2025-10-28,224,855,0.762,0.906
CUST-0159,2025-11-04,244,970,0.823,0.845
CUST-0159,2025-11-11,217,465,0.746,1.0
CUST-0159,2025-11-18,259,401,0.86,0.903
CUST-0159,2025-11-25,276,1302,0.855,0.85
CUST-0159,2025-12-02,276,1476,0.8,0.914
CUST-0159,2025-12-09,257,1205,0.893,0.936
CUST-0159,2025-12-16,231,537,0.788,0.905
CUST-0159,2025-12-23,260,856,0.757,0.846
CUST-0159,2025-12-30,226,748,0.871,0.851
CUST-0159,2026-01-06,267,1152,0.894,0.866
CUST-0159,2026-01-13,256,864,0.834,0.856
CUST-0159,2026-01-20,248,1304,0.695,1.0
CUST-0159,2026-01-27,276,1394,0.885,0.93
CUST-0159,2026-02-03,276,738,0.809,0.858
CUST-0159,2026-02-10,259,460,0.806,0.86
CUST-0159,2026-02-17,233,1013,0.787,0.851
CUST-0159,2026-02-24,246,938,0.826,0.868
CUST-0159,2026-03-03,259,388,0.798,0.887
CUST-0159,2026-03-10,258,489,0.8,0.83
CUST-0159,2026-03-17,256,1253,0.782,0.944
CUST-0159,2026-03-24,242,797,0.728,0.878
CUST-0159,2026-03-31,208,301,0.82,0.912
CUST-0159,2026-04-07,233,748,0.862,0.947
CUST-0159,2026-04-14,232,664,0.874,0.988
CUST-0159,2026-04-21,240,582,0.849,0.968
CUST-0159,2026-04-28,232,797,0.782,0.791
CUST-0159,2026-05-05,239,715,0.83,1.0
CUST-0159,2026-05-12,231,1112,0.795,0.911
CUST-0159,2026-05-19,264,670,0.822,0.906
CUST-0159,2026-05-26,208,471,0.839,0.915
CUST-0159,2026-06-02,276,631,0.836,0.91
CUST-0159,2026-06-09,270,1262,0.884,0.875
CUST-0159,2026-06-16,239,1301,0.87,0.951
CUST-0159,2026-06-23,276,440,0.864,0.998
CUST-0160,2025-03-11,12,31,0.445,0.576
CUST-0160,2025-03-18,13,39,0.486,0.525
CUST-0160,2025-03-25,13,21,0.496,0.485
CUST-0160,2025-04-01,8,11,0.446,0.595
CUST-0160,2025-04-08,14,14,0.429,0.58
CUST-0160,2025-04-15,10,15,0.421,0.489
CUST-0160,2025-04-22,11,24,0.406,0.543
CUST-0160,2025-04-29,13,24,0.516,0.583
CUST-0160,2025-05-06,7,15,0.427,0.461
CUST-0160,2025-05-13,9,10,0.385,0.462
CUST-0160,2025-05-20,10,27,0.401,0.397
CUST-0160,2025-05-27,8,20,0.459,0.473
CUST-0160,2025-06-03,7,13,0.375,0.545
CUST-0160,2025-06-10,8,14,0.488,0.421
CUST-0160,2025-06-17,8,13,0.417,0.379
CUST-0160,2025-06-24,12,13,0.319,0.496
CUST-0160,2025-07-01,11,8,0.339,0.469
CUST-0160,2025-07-08,12,17,0.351,0.464
CUST-0160,2025-07-15,10,20,0.378,0.471
CUST-0160,2025-07-22,9,14,0.462,0.385
CUST-0160,2025-07-29,9,7,0.418,0.453
CUST-0160,2025-08-05,7,16,0.331,0.438
CUST-0160,2025-08-12,10,7,0.307,0.415
CUST-0160,2025-08-19,12,17,0.287,0.354
CUST-0160,2025-08-26,9,6,0.316,0.534
CUST-0160,2025-09-02,9,9,0.372,0.351
CUST-0160,2025-09-09,9,11,0.288,0.358
CUST-0160,2025-09-16,8,11,0.287,0.303
CUST-0160,2025-09-23,9,14,0.365,0.397
CUST-0160,2025-09-30,8,12,0.28,0.396
CUST-0160,2025-10-07,7,8,0.36,0.321
CUST-0160,2025-10-14,5,7,0.373,0.248
CUST-0160,2025-10-21,6,6,0.266,0.338
CUST-0160,2025-10-28,5,3,0.253,0.251
CUST-0160,2025-11-04,6,3,0.209,0.279
CUST-0160,2025-11-11,8,11,0.331,0.328
CUST-0160,2025-11-18,7,3,0.283,0.291
CUST-0160,2025-11-25,5,2,0.325,0.406
CUST-0160,2025-12-02,3,3,0.254,0.29
CUST-0160,2025-12-09,6,8,0.283,0.291
CUST-0160,2025-12-16,4,2,0.227,0.291
CUST-0160,2025-12-23,5,6,0.197,0.304
CUST-0160,2025-12-30,4,1,0.271,0.271
CUST-0160,2026-01-06,8,4,0.256,0.343
CUST-0160,2026-01-13,3,1,0.244,0.127
CUST-0160,2026-01-20,2,1,0.194,0.143
CUST-0160,2026-01-27,6,5,0.272,0.22
CUST-0160,2026-02-03,4,2,0.184,0.289
CUST-0160,2026-02-10,3,1,0.232,0.138
CUST-0160,2026-02-17,6,4,0.178,0.09
CUST-0160,2026-02-24,3,3,0.233,0.149
CUST-0160,2026-03-03,3,1,0.165,0.179
CUST-0160,2026-03-10,5,3,0.237,0.049
CUST-0160,2026-03-17,3,3,0.185,0.159
CUST-0160,2026-03-24,8,5,0.102,0.08
CUST-0160,2026-03-31,3,2,0.076,0.136
CUST-0160,2026-04-07,5,1,0.137,0.138
CUST-0160,2026-04-14,5,2,0.176,0.158
CUST-0160,2026-04-21,1,0,0.102,0.237
CUST-0160,2026-04-28,4,1,0.261,0.129
CUST-0160,2026-05-05,3,1,0.169,0.167
CUST-0160,2026-05-12,4,3,0.114,0.112
CUST-0160,2026-05-19,3,1,0.116,0.079
CUST-0160,2026-05-26,6,1,0.157,0.211
CUST-0160,2026-06-02,4,0,0.084,0.111
CUST-0160,2026-06-09,2,0,0.136,0.218
CUST-0160,2026-06-16,1,0,0.086,0.177
CUST-0160,2026-06-23,2,0,0.019,0.096
CUST-0161,2024-03-14,6,6,0.433,0.333
CUST-0161,2024-03-21,7,14,0.416,0.434
CUST-0161,2024-03-28,7,5,0.408,0.499
CUST-0161,2024-04-04,6,11,0.278,0.367
CUST-0161,2024-04-11,8,6,0.365,0.454
CUST-0161,2024-04-18,5,8,0.333,0.469
CUST-0161,2024-04-25,4,2,0.265,0.501
CUST-0161,2024-05-02,7,16,0.398,0.358
CUST-0161,2024-05-09,4,4,0.355,0.491
CUST-0161,2024-05-16,5,6,0.388,0.472
CUST-0161,2024-05-23,5,10,0.374,0.34
CUST-0161,2024-05-30,4,2,0.39,0.298
CUST-0161,2024-06-06,3,4,0.331,0.385
CUST-0161,2024-06-13,2,3,0.302,0.395
CUST-0161,2024-06-20,6,10,0.418,0.423
CUST-0161,2024-06-27,5,9,0.324,0.313
CUST-0161,2024-07-04,5,3,0.356,0.328
CUST-0161,2024-07-11,2,1,0.331,0.317
CUST-0161,2024-07-18,5,9,0.355,0.336
CUST-0161,2024-07-25,4,2,0.283,0.229
CUST-0161,2024-08-01,4,4,0.276,0.265
CUST-0161,2024-08-08,5,5,0.267,0.419
CUST-0161,2024-08-15,2,1,0.244,0.286
CUST-0161,2024-08-22,5,2,0.321,0.258
CUST-0161,2024-08-29,2,0,0.31,0.258
CUST-0161,2024-09-05,2,3,0.25,0.322
CUST-0161,2024-09-12,6,8,0.293,0.237
CUST-0161,2024-09-19,4,1,0.234,0.36
CUST-0161,2024-09-26,4,3,0.293,0.253
CUST-0161,2024-10-03,3,1,0.251,0.239
CUST-0161,2024-10-10,3,2,0.244,0.336
CUST-0161,2024-10-17,4,2,0.192,0.355
CUST-0161,2024-10-24,4,5,0.201,0.223
CUST-0161,2024-10-31,3,1,0.244,0.198
CUST-0161,2024-11-07,3,3,0.211,0.286
CUST-0161,2024-11-14,1,1,0.252,0.275
CUST-0161,2024-11-21,1,1,0.209,0.227
CUST-0161,2024-11-28,4,5,0.206,0.154
CUST-0161,2024-12-05,4,2,0.236,0.156
CUST-0161,2024-12-12,2,2,0.201,0.193
CUST-0161,2024-12-19,4,5,0.229,0.265
CUST-0161,2024-12-26,3,2,0.12,0.219
CUST-0161,2025-01-02,3,3,0.274,0.25
CUST-0161,2025-01-09,3,1,0.224,0.173
CUST-0161,2025-01-16,3,2,0.249,0.176
CUST-0161,2025-01-23,5,2,0.146,0.13
CUST-0161,2025-01-30,1,0,0.199,0.124
CUST-0161,2025-02-06,4,3,0.252,0.21
CUST-0161,2025-02-13,4,4,0.192,0.253
CUST-0161,2025-02-20,2,1,0.225,0.226
CUST-0161,2025-02-27,3,2,0.223,0.162
CUST-0161,2025-03-06,2,1,0.25,0.155
CUST-0161,2025-03-13,4,2,0.186,0.051
CUST-0161,2025-03-20,2,1,0.085,0.139
CUST-0161,2025-03-27,2,1,0.219,0.114
CUST-0161,2025-04-03,1,0,0.173,0.114
CUST-0161,2025-04-10,1,0,0.173,0.159
CUST-0161,2025-04-17,1,0,0.216,0.162
CUST-0161,2025-04-24,2,1,0.176,0.101
CUST-0161,2025-05-01,1,0,0.188,0.148
CUST-0161,2025-05-08,1,0,0.173,0.053
CUST-0161,2025-05-15,3,2,0.083,0.121
CUST-0161,2025-05-22,1,0,0.128,0.136
CUST-0161,2025-05-29,2,0,0.036,0.174
CUST-0161,2025-06-05,1,0,0.056,0.101
CUST-0161,2025-06-12,1,0,0.071,0.164
CUST-0161,2025-06-19,2,0,0.102,0.052
CUST-0161,2025-06-26,1,0,0.087,0.064
CUST-0161,2025-07-03,2,0,0.126,0.092
CUST-0161,2025-07-10,1,0,0.153,0.188
CUST-0161,2025-07-17,1,0,0.052,0.164
CUST-0161,2025-07-24,1,0,0.035,0.0
CUST-0161,2025-07-31,1,0,0.0,0.0
CUST-0161,2025-08-07,2,0,0.102,0.055
CUST-0161,2025-08-14,1,0,0.069,0.106
CUST-0161,2025-08-21,1,0,0.111,0.116
CUST-0161,2025-08-28,1,0,0.048,0.0
CUST-0161,2025-09-04,1,0,0.031,0.144
CUST-0161,2025-09-11,1,0,0.089,0.09
CUST-0161,2025-09-18,1,0,0.083,0.047
CUST-0161,2025-09-25,1,0,0.0,0.042
CUST-0161,2025-10-02,1,0,0.0,0.0
CUST-0161,2025-10-09,1,0,0.068,0.043
CUST-0161,2025-10-16,1,0,0.08,0.0
CUST-0161,2025-10-23,1,0,0.0,0.013
CUST-0161,2025-10-30,1,0,0.019,0.047
CUST-0161,2025-11-06,1,0,0.0,0.015
CUST-0161,2025-11-13,1,0,0.0,0.0
CUST-0161,2025-11-20,1,0,0.009,0.0
CUST-0161,2025-11-27,1,0,0.0,0.18
CUST-0161,2025-12-04,1,0,0.004,0.075
CUST-0161,2025-12-11,1,0,0.034,0.0
CUST-0161,2025-12-18,1,0,0.0,0.026
CUST-0161,2025-12-25,1,0,0.0,0.0
CUST-0161,2026-01-01,1,0,0.0,0.002
CUST-0161,2026-01-08,2,0,0.0,0.008
CUST-0161,2026-01-15,1,0,0.05,0.0
CUST-0161,2026-01-22,1,0,0.0,0.0
CUST-0161,2026-01-29,1,0,0.0,0.03
CUST-0161,2026-02-05,1,0,0.0,0.0
CUST-0161,2026-02-12,1,0,0.0,0.042
CUST-0161,2026-02-19,1,0,0.019,0.104
CUST-0161,2026-02-26,1,0,0.0,0.0
CUST-0161,2026-03-05,1,0,0.0,0.0
CUST-0162,2025-12-02,184,304,0.78,0.921
CUST-0162,2025-12-09,206,734,0.765,0.986
CUST-0162,2025-12-16,245,1259,0.81,0.822
CUST-0162,2025-12-23,236,836,0.757,0.847
CUST-0162,2025-12-30,215,313,0.831,0.87
CUST-0162,2026-01-06,190,743,0.805,0.868
CUST-0162,2026-01-13,213,635,0.8,0.934
CUST-0162,2026-01-20,174,271,0.866,0.966
CUST-0162,2026-01-27,215,619,0.789,0.891
CUST-0162,2026-02-03,213,394,0.737,0.852
CUST-0162,2026-02-10,206,505,0.796,0.881
CUST-0162,2026-02-17,245,985,0.722,0.921
CUST-0162,2026-02-24,214,784,0.766,0.924
CUST-0162,2026-03-03,201,881,0.855,0.82
CUST-0162,2026-03-10,224,1027,0.807,0.847
CUST-0162,2026-03-17,208,379,0.715,0.88
CUST-0162,2026-03-24,187,835,0.879,0.874
CUST-0162,2026-03-31,208,565,0.773,0.768
CUST-0162,2026-04-07,216,897,0.712,0.808
CUST-0162,2026-04-14,192,795,0.925,0.878
CUST-0162,2026-04-21,230,864,0.833,0.871
CUST-0162,2026-04-28,224,590,0.744,0.79
CUST-0162,2026-05-05,199,640,0.803,0.87
CUST-0162,2026-05-12,176,516,0.744,0.837
CUST-0162,2026-05-19,217,444,0.841,0.917
CUST-0162,2026-05-26,235,563,0.818,0.792
CUST-0162,2026-06-02,217,400,0.753,0.797
CUST-0162,2026-06-09,207,929,0.774,0.735
CUST-0162,2026-06-16,161,606,0.819,0.845
CUST-0162,2026-06-23,238,1050,0.838,0.86
CUST-0163,2024-07-02,8,11,0.457,0.562
CUST-0163,2024-07-09,9,15,0.416,0.483
CUST-0163,2024-07-16,9,7,0.284,0.498
CUST-0163,2024-07-23,11,12,0.408,0.328
CUST-0163,2024-07-30,10,26,0.426,0.344
CUST-0163,2024-08-06,11,12,0.419,0.435
CUST-0163,2024-08-13,7,13,0.44,0.455
CUST-0163,2024-08-20,7,5,0.462,0.443
CUST-0163,2024-08-27,13,34,0.41,0.419
CUST-0163,2024-09-03,9,12,0.475,0.488
CUST-0163,2024-09-10,9,9,0.433,0.422
CUST-0163,2024-09-17,12,18,0.466,0.476
CUST-0163,2024-09-24,9,24,0.484,0.454
CUST-0163,2024-10-01,11,12,0.44,0.382
CUST-0163,2024-10-08,10,15,0.454,0.48
CUST-0163,2024-10-15,7,10,0.432,0.476
CUST-0163,2024-10-22,11,18,0.557,0.478
CUST-0163,2024-10-29,12,18,0.581,0.466
CUST-0163,2024-11-05,13,23,0.548,0.545
CUST-0163,2024-11-12,10,8,0.457,0.497
CUST-0163,2024-11-19,9,16,0.454,0.549
CUST-0163,2024-11-26,12,10,0.48,0.629
CUST-0163,2024-12-03,11,12,0.445,0.458
CUST-0163,2024-12-10,12,23,0.483,0.482
CUST-0163,2024-12-17,11,16,0.458,0.5
CUST-0163,2024-12-24,11,20,0.431,0.489
CUST-0163,2024-12-31,13,27,0.523,0.628
CUST-0163,2025-01-07,11,30,0.438,0.521
CUST-0163,2025-01-14,13,37,0.494,0.59
CUST-0163,2025-01-21,10,9,0.555,0.443
CUST-0163,2025-01-28,10,8,0.41,0.49
CUST-0163,2025-02-04,14,29,0.507,0.531
CUST-0163,2025-02-11,13,35,0.563,0.521
CUST-0163,2025-02-18,9,21,0.486,0.584
CUST-0163,2025-02-25,13,28,0.56,0.613
CUST-0163,2025-03-04,13,26,0.458,0.53
CUST-0163,2025-03-11,14,45,0.528,0.625
CUST-0163,2025-03-18,15,14,0.469,0.624
CUST-0163,2025-03-25,11,24,0.488,0.671
CUST-0163,2025-04-01,10,18,0.548,0.554
CUST-0163,2025-04-08,12,25,0.562,0.625
CUST-0163,2025-04-15,10,12,0.53,0.579
CUST-0163,2025-04-22,13,25,0.54,0.578
CUST-0163,2025-04-29,13,37,0.547,0.607
CUST-0163,2025-05-06,13,24,0.633,0.651
CUST-0163,2025-05-13,12,13,0.561,0.65
CUST-0163,2025-05-20,12,19,0.448,0.475
CUST-0163,2025-05-27,14,28,0.539,0.606
CUST-0163,2025-06-03,13,40,0.548,0.576
CUST-0163,2025-06-10,15,37,0.544,0.6
CUST-0163,2025-06-17,13,15,0.563,0.643
CUST-0163,2025-06-24,12,37,0.638,0.685
CUST-0163,2025-07-01,11,13,0.656,0.721
CUST-0163,2025-07-08,16,51,0.61,0.706
CUST-0163,2025-07-15,11,29,0.615,0.64
CUST-0163,2025-07-22,16,58,0.542,0.562
CUST-0163,2025-07-29,14,50,0.708,0.677
CUST-0163,2025-08-05,11,19,0.578,0.651
CUST-0163,2025-08-12,15,36,0.584,0.679
CUST-0163,2025-08-19,16,36,0.511,0.543
CUST-0163,2025-08-26,12,41,0.595,0.667
CUST-0163,2025-09-02,16,29,0.552,0.631
CUST-0163,2025-09-09,14,53,0.666,0.628
CUST-0163,2025-09-16,15,34,0.627,0.673
CUST-0163,2025-09-23,13,16,0.589,0.734
CUST-0163,2025-09-30,17,17,0.548,0.661
CUST-0163,2025-10-07,11,19,0.676,0.614
CUST-0163,2025-10-14,14,37,0.632,0.704
CUST-0163,2025-10-21,13,29,0.548,0.633
CUST-0163,2025-10-28,13,24,0.608,0.64
CUST-0163,2025-11-04,15,40,0.725,0.608
CUST-0163,2025-11-11,15,21,0.683,0.764
CUST-0163,2025-11-18,15,49,0.643,0.796
CUST-0163,2025-11-25,19,35,0.544,0.571
CUST-0163,2025-12-02,16,40,0.632,0.671
CUST-0163,2025-12-09,15,20,0.635,0.742
CUST-0163,2025-12-16,13,27,0.636,0.76
CUST-0163,2025-12-23,15,50,0.614,0.729
CUST-0163,2025-12-30,15,21,0.613,0.723
CUST-0163,2026-01-06,15,36,0.656,0.832
CUST-0163,2026-01-13,15,52,0.68,0.701
CUST-0163,2026-01-20,15,26,0.649,0.707
CUST-0163,2026-01-27,15,49,0.693,0.711
CUST-0163,2026-02-03,15,37,0.633,0.693
CUST-0163,2026-02-10,15,38,0.62,0.716
CUST-0163,2026-02-17,17,32,0.672,0.836
CUST-0163,2026-02-24,15,42,0.651,0.749
CUST-0163,2026-03-03,15,48,0.769,0.801
CUST-0163,2026-03-10,18,70,0.571,0.736
CUST-0163,2026-03-17,15,17,0.705,0.851
CUST-0163,2026-03-24,17,41,0.676,0.78
CUST-0163,2026-03-31,15,42,0.659,0.728
CUST-0163,2026-04-07,19,43,0.691,0.721
CUST-0163,2026-04-14,14,49,0.769,0.699
CUST-0163,2026-04-21,16,55,0.669,0.752
CUST-0163,2026-04-28,15,54,0.679,0.783
CUST-0163,2026-05-05,17,58,0.725,0.857
CUST-0163,2026-05-12,21,96,0.68,0.769
CUST-0163,2026-05-19,14,43,0.778,0.805
CUST-0163,2026-05-26,19,35,0.652,0.75
CUST-0163,2026-06-02,18,66,0.638,0.831
CUST-0163,2026-06-09,18,44,0.72,0.817
CUST-0163,2026-06-16,18,53,0.692,0.705
CUST-0163,2026-06-23,13,43,0.71,0.899
CUST-0164,2025-08-09,6,15,0.481,0.507
CUST-0164,2025-08-16,5,15,0.554,0.507
CUST-0164,2025-08-23,5,11,0.549,0.537
CUST-0164,2025-08-30,6,17,0.471,0.631
CUST-0164,2025-09-06,6,12,0.449,0.436
CUST-0164,2025-09-13,6,6,0.424,0.572
CUST-0164,2025-09-20,6,16,0.475,0.591
CUST-0164,2025-09-27,5,5,0.511,0.579
CUST-0164,2025-10-04,5,13,0.506,0.522
CUST-0164,2025-10-11,6,14,0.397,0.516
CUST-0164,2025-10-18,7,16,0.538,0.51
CUST-0164,2025-10-25,4,6,0.558,0.548
CUST-0164,2025-11-01,5,5,0.349,0.394
CUST-0164,2025-11-08,5,10,0.518,0.517
CUST-0164,2025-11-15,5,7,0.424,0.467
CUST-0164,2025-11-22,6,11,0.455,0.484
CUST-0164,2025-11-29,6,7,0.495,0.482
CUST-0164,2025-12-06,5,12,0.421,0.548
CUST-0164,2025-12-13,6,15,0.487,0.548
CUST-0164,2025-12-20,4,11,0.473,0.549
CUST-0164,2025-12-27,4,11,0.431,0.451
CUST-0164,2026-01-03,4,6,0.457,0.436
CUST-0164,2026-01-10,4,9,0.478,0.497
CUST-0164,2026-01-17,5,7,0.411,0.441
CUST-0164,2026-01-24,4,4,0.321,0.484
CUST-0164,2026-01-31,4,3,0.368,0.396
CUST-0164,2026-02-07,4,6,0.344,0.358
CUST-0164,2026-02-14,6,11,0.411,0.402
CUST-0164,2026-02-21,5,10,0.409,0.44
CUST-0164,2026-02-28,3,4,0.369,0.416
CUST-0164,2026-03-07,5,7,0.4,0.377
CUST-0164,2026-03-14,4,9,0.477,0.324
CUST-0164,2026-03-21,5,3,0.383,0.413
CUST-0164,2026-03-28,4,3,0.346,0.417
CUST-0164,2026-04-04,4,9,0.362,0.371
CUST-0165,2024-11-12,6,15,0.72,0.638
CUST-0165,2024-11-19,5,16,0.666,0.743
CUST-0165,2024-11-26,6,13,0.654,0.799
CUST-0165,2024-12-03,4,12,0.736,0.718
CUST-0165,2024-12-10,7,21,0.645,0.677
CUST-0165,2024-12-17,6,16,0.629,0.684
CUST-0165,2024-12-24,6,9,0.7,0.771
CUST-0165,2024-12-31,5,8,0.67,0.798
CUST-0165,2025-01-07,6,24,0.741,0.788
CUST-0165,2025-01-14,5,17,0.661,0.811
CUST-0165,2025-01-21,6,22,0.74,0.675
CUST-0165,2025-01-28,6,19,0.785,0.734
CUST-0165,2025-02-04,6,20,0.738,0.817
CUST-0165,2025-02-11,5,8,0.72,0.766
CUST-0165,2025-02-18,6,20,0.76,0.872
CUST-0165,2025-02-25,5,17,0.821,0.808
CUST-0165,2025-03-04,6,26,0.796,0.772
CUST-0165,2025-03-11,6,17,0.788,0.871
CUST-0165,2025-03-18,6,28,0.752,0.834
CUST-0165,2025-03-25,6,21,0.693,0.856
CUST-0165,2025-04-01,6,22,0.824,0.919
CUST-0165,2025-04-08,7,13,0.743,0.884
CUST-0165,2025-04-15,6,19,0.832,0.933
CUST-0165,2025-04-22,5,19,0.744,0.895
CUST-0165,2025-04-29,6,14,0.719,0.89
CUST-0165,2025-05-06,7,14,0.752,0.89
CUST-0165,2025-05-13,7,19,0.843,0.88
CUST-0165,2025-05-20,7,29,0.911,0.822
CUST-0165,2025-05-27,7,19,0.849,0.972
CUST-0165,2025-06-03,7,12,0.888,0.838
CUST-0165,2025-06-10,5,23,0.928,0.861
CUST-0165,2025-06-17,7,34,0.848,0.905
CUST-0165,2025-06-24,8,20,0.894,0.957
CUST-0165,2025-07-01,5,22,0.753,0.925
CUST-0165,2025-07-08,7,22,0.921,0.943
CUST-0165,2025-07-15,7,34,0.942,0.945
CUST-0165,2025-07-22,7,20,0.778,1.0
CUST-0165,2025-07-29,7,27,0.865,0.962
CUST-0165,2025-08-05,7,34,0.9,0.908
CUST-0165,2025-08-12,7,24,0.895,0.928
CUST-0165,2025-08-19,8,19,0.891,0.937
CUST-0165,2025-08-26,8,32,0.965,1.0
CUST-0165,2025-09-02,8,20,0.977,1.0
CUST-0165,2025-09-09,7,30,0.89,0.867
CUST-0165,2025-09-16,6,30,0.902,0.827
CUST-0165,2025-09-23,8,18,0.946,0.993
CUST-0165,2025-09-30,8,38,0.894,0.974
CUST-0165,2025-10-07,8,27,0.922,1.0
CUST-0165,2025-10-14,7,24,0.859,1.0
CUST-0165,2025-10-21,7,36,0.896,1.0
CUST-0165,2025-10-28,8,23,0.897,0.984
CUST-0165,2025-11-04,7,16,0.969,0.929
CUST-0165,2025-11-11,7,14,0.9,0.959
CUST-0165,2025-11-18,7,16,0.906,1.0
CUST-0165,2025-11-25,6,35,0.99,0.972
CUST-0165,2025-12-02,6,35,0.936,1.0
CUST-0165,2025-12-09,7,11,0.889,1.0
CUST-0165,2025-12-16,8,29,0.878,0.959
CUST-0165,2025-12-23,8,18,1.0,0.963
CUST-0165,2025-12-30,8,45,1.0,1.0
CUST-0165,2026-01-06,8,28,0.932,0.933
CUST-0165,2026-01-13,8,33,0.853,0.993
CUST-0165,2026-01-20,7,15,0.909,1.0
CUST-0165,2026-01-27,7,20,0.926,1.0
CUST-0165,2026-02-03,8,12,0.881,1.0
CUST-0165,2026-02-10,8,37,0.906,0.95
CUST-0165,2026-02-17,7,41,0.904,0.935
CUST-0165,2026-02-24,7,41,0.912,1.0
CUST-0165,2026-03-03,7,30,0.847,0.99
CUST-0165,2026-03-10,7,18,0.912,0.967
CUST-0165,2026-03-17,8,36,0.93,1.0
CUST-0165,2026-03-24,8,38,0.896,1.0
CUST-0165,2026-03-31,6,14,0.918,0.883
CUST-0165,2026-04-07,7,26,0.902,0.993
CUST-0165,2026-04-14,8,43,0.861,0.979
CUST-0165,2026-04-21,8,31,0.886,1.0
CUST-0165,2026-04-28,7,10,0.848,0.947
CUST-0165,2026-05-05,7,35,0.855,0.974
CUST-0165,2026-05-12,7,15,0.972,1.0
CUST-0165,2026-05-19,7,32,1.0,1.0
CUST-0165,2026-05-26,7,26,0.974,1.0
CUST-0165,2026-06-02,8,40,0.885,0.925
CUST-0165,2026-06-09,7,35,0.984,1.0
CUST-0165,2026-06-16,7,33,0.816,0.949
CUST-0165,2026-06-23,8,42,0.987,1.0
CUST-0166,2023-12-15,14,15,0.37,0.496
CUST-0166,2023-12-22,12,25,0.463,0.428
CUST-0166,2023-12-29,12,25,0.395,0.423
CUST-0166,2024-01-05,12,13,0.381,0.405
CUST-0166,2024-01-12,11,16,0.417,0.4
CUST-0166,2024-01-19,12,23,0.355,0.381
CUST-0166,2024-01-26,13,12,0.379,0.442
CUST-0166,2024-02-02,10,13,0.381,0.461
CUST-0166,2024-02-09,13,24,0.401,0.5
CUST-0166,2024-02-16,11,21,0.292,0.39
CUST-0166,2024-02-23,9,15,0.333,0.419
CUST-0166,2024-03-01,5,5,0.438,0.398
CUST-0166,2024-03-08,9,5,0.375,0.337
CUST-0166,2024-03-15,10,19,0.313,0.325
CUST-0166,2024-03-22,11,19,0.431,0.323
CUST-0166,2024-03-29,5,9,0.345,0.329
CUST-0166,2024-04-05,7,9,0.305,0.326
CUST-0166,2024-04-12,6,6,0.294,0.353
CUST-0166,2024-04-19,10,10,0.298,0.333
CUST-0166,2024-04-26,5,2,0.285,0.399
CUST-0166,2024-05-03,8,4,0.37,0.454
CUST-0166,2024-05-10,7,12,0.289,0.336
CUST-0166,2024-05-17,7,7,0.262,0.285
CUST-0166,2024-05-24,6,5,0.192,0.325
CUST-0166,2024-05-31,11,12,0.348,0.394
CUST-0166,2024-06-07,7,11,0.315,0.225
CUST-0166,2024-06-14,7,6,0.234,0.395
CUST-0166,2024-06-21,8,10,0.303,0.361
CUST-0166,2024-06-28,10,4,0.184,0.274
CUST-0166,2024-07-05,11,14,0.247,0.326
CUST-0166,2024-07-12,10,10,0.259,0.154
CUST-0166,2024-07-19,5,2,0.261,0.191
CUST-0166,2024-07-26,6,4,0.266,0.263
CUST-0166,2024-08-02,10,7,0.24,0.13
CUST-0166,2024-08-09,6,3,0.145,0.177
CUST-0166,2024-08-16,6,3,0.221,0.219
CUST-0166,2024-08-23,7,8,0.177,0.259
CUST-0166,2024-08-30,6,3,0.242,0.271
CUST-0166,2024-09-06,6,2,0.251,0.319
CUST-0166,2024-09-13,5,5,0.102,0.152
CUST-0166,2024-09-20,5,2,0.253,0.234
CUST-0166,2024-09-27,6,6,0.22,0.217
CUST-0166,2024-10-04,4,3,0.263,0.22
CUST-0166,2024-10-11,2,2,0.162,0.181
CUST-0166,2024-10-18,3,1,0.11,0.231
CUST-0166,2024-10-25,6,6,0.16,0.2
CUST-0166,2024-11-01,5,4,0.197,0.283
CUST-0166,2024-11-08,1,0,0.203,0.295
CUST-0166,2024-11-15,1,0,0.167,0.195
CUST-0166,2024-11-22,4,1,0.251,0.014
CUST-0166,2024-11-29,3,2,0.245,0.243
CUST-0166,2024-12-06,2,0,0.153,0.148
CUST-0166,2024-12-13,3,2,0.093,0.04
CUST-0166,2024-12-20,4,2,0.131,0.185
CUST-0166,2024-12-27,2,1,0.037,0.197
CUST-0166,2025-01-03,5,2,0.089,0.074
CUST-0166,2025-01-10,4,2,0.101,0.138
CUST-0166,2025-01-17,3,1,0.141,0.146
CUST-0166,2025-01-24,1,0,0.0,0.118
CUST-0166,2025-01-31,3,0,0.053,0.038
CUST-0166,2025-02-07,2,0,0.173,0.144
CUST-0166,2025-02-14,1,0,0.047,0.149
CUST-0166,2025-02-21,2,0,0.108,0.09
CUST-0166,2025-02-28,1,0,0.07,0.111
CUST-0166,2025-03-07,1,0,0.083,0.082
CUST-0166,2025-03-14,1,0,0.048,0.094
CUST-0166,2025-03-21,2,0,0.0,0.062
CUST-0166,2025-03-28,1,0,0.14,0.023
CUST-0166,2025-04-04,1,0,0.013,0.0
CUST-0166,2025-04-11,1,0,0.026,0.078
CUST-0166,2025-04-18,2,0,0.068,0.0
CUST-0166,2025-04-25,1,0,0.086,0.108
CUST-0166,2025-05-02,1,0,0.051,0.066
CUST-0166,2025-05-09,1,0,0.087,0.0
CUST-0166,2025-05-16,1,0,0.053,0.009
CUST-0166,2025-05-23,1,0,0.0,0.0
CUST-0166,2025-05-30,1,0,0.071,0.044
CUST-0166,2025-06-06,1,0,0.0,0.0
CUST-0166,2025-06-13,1,0,0.008,0.0
CUST-0166,2025-06-20,2,0,0.0,0.0
CUST-0166,2025-06-27,1,0,0.022,0.11
CUST-0166,2025-07-04,1,0,0.0,0.0
CUST-0166,2025-07-11,1,0,0.0,0.0
CUST-0166,2025-07-18,1,0,0.041,0.0
CUST-0166,2025-07-25,1,0,0.0,0.063
CUST-0166,2025-08-01,1,0,0.0,0.0
CUST-0166,2025-08-08,1,0,0.0,0.003
CUST-0166,2025-08-15,2,0,0.0,0.018
CUST-0166,2025-08-22,1,0,0.047,0.0
CUST-0166,2025-08-29,1,0,0.0,0.0
CUST-0166,2025-09-05,1,0,0.07,0.099
CUST-0166,2025-09-12,1,0,0.0,0.0
CUST-0166,2025-09-19,1,0,0.058,0.005
CUST-0166,2025-09-26,1,0,0.025,0.0
CUST-0166,2025-10-03,2,0,0.0,0.019
CUST-0166,2025-10-10,1,0,0.0,0.057
CUST-0166,2025-10-17,2,0,0.004,0.055
CUST-0166,2025-10-24,3,0,0.048,0.0
CUST-0166,2025-10-31,1,0,0.043,0.0
CUST-0167,2025-02-11,332,707,0.712,0.748
CUST-0167,2025-02-18,370,465,0.618,0.791
CUST-0167,2025-02-25,296,923,0.613,0.759
CUST-0167,2025-03-04,325,639,0.7,0.7
CUST-0167,2025-03-11,300,1257,0.683,0.799
CUST-0167,2025-03-18,298,1140,0.639,0.726
CUST-0167,2025-03-25,228,349,0.734,0.679
CUST-0167,2025-04-01,276,705,0.712,0.699
CUST-0167,2025-04-08,279,1005,0.622,0.803
CUST-0167,2025-04-15,296,371,0.585,0.635
CUST-0167,2025-04-22,272,751,0.687,0.658
CUST-0167,2025-04-29,247,467,0.567,0.716
CUST-0167,2025-05-06,259,1059,0.663,0.705
CUST-0167,2025-05-13,244,720,0.664,0.681
CUST-0167,2025-05-20,304,358,0.623,0.743
CUST-0167,2025-05-27,288,732,0.701,0.683
CUST-0167,2025-06-03,218,694,0.565,0.715
CUST-0167,2025-06-10,260,764,0.53,0.699
CUST-0167,2025-06-17,249,406,0.567,0.605
CUST-0167,2025-06-24,256,670,0.519,0.567
CUST-0167,2025-07-01,215,260,0.55,0.623
CUST-0167,2025-07-08,255,286,0.494,0.714
CUST-0167,2025-07-15,299,522,0.598,0.474
CUST-0167,2025-07-22,259,526,0.567,0.642
CUST-0167,2025-07-29,261,544,0.558,0.622
CUST-0167,2025-08-05,287,501,0.509,0.606
CUST-0167,2025-08-12,274,737,0.484,0.628
CUST-0167,2025-08-19,241,742,0.596,0.607
CUST-0167,2025-08-26,192,386,0.489,0.6
CUST-0167,2025-09-02,216,488,0.556,0.619
CUST-0167,2025-09-09,250,783,0.553,0.418
CUST-0167,2025-09-16,184,389,0.453,0.605
CUST-0167,2025-09-23,218,311,0.477,0.56
CUST-0167,2025-09-30,215,669,0.452,0.467
CUST-0167,2025-10-07,246,349,0.465,0.487
CUST-0167,2025-10-14,152,168,0.522,0.41
CUST-0167,2025-10-21,220,599,0.422,0.453
CUST-0167,2025-10-28,183,253,0.449,0.562
CUST-0167,2025-11-04,158,442,0.455,0.446
CUST-0167,2025-11-11,179,320,0.441,0.44
CUST-0167,2025-11-18,173,483,0.422,0.513
CUST-0167,2025-11-25,176,445,0.408,0.355
CUST-0167,2025-12-02,161,158,0.461,0.557
CUST-0167,2025-12-09,155,413,0.422,0.48
CUST-0167,2025-12-16,193,237,0.395,0.478
CUST-0167,2025-12-23,176,147,0.442,0.447
CUST-0167,2025-12-30,165,118,0.425,0.564
CUST-0167,2026-01-06,135,84,0.348,0.473
CUST-0167,2026-01-13,214,357,0.395,0.418
CUST-0167,2026-01-20,136,148,0.485,0.381
CUST-0167,2026-01-27,111,102,0.38,0.303
CUST-0167,2026-02-03,189,160,0.427,0.398
CUST-0167,2026-02-10,161,130,0.377,0.282
CUST-0167,2026-02-17,89,187,0.309,0.374
CUST-0167,2026-02-24,123,240,0.236,0.415
CUST-0167,2026-03-03,154,95,0.285,0.436
CUST-0167,2026-03-10,148,124,0.353,0.354
CUST-0167,2026-03-17,125,205,0.28,0.339
CUST-0167,2026-03-24,134,118,0.253,0.256
CUST-0167,2026-03-31,102,158,0.305,0.357
CUST-0167,2026-04-07,173,311,0.224,0.311
CUST-0167,2026-04-14,51,63,0.305,0.2
CUST-0167,2026-04-21,96,91,0.258,0.213
CUST-0167,2026-04-28,68,33,0.221,0.294
CUST-0167,2026-05-05,111,180,0.24,0.233
CUST-0167,2026-05-12,125,145,0.179,0.142
CUST-0168,2026-01-06,7,14,0.375,0.46
CUST-0168,2026-01-13,10,20,0.353,0.304
CUST-0168,2026-01-20,10,7,0.346,0.45
CUST-0168,2026-01-27,9,7,0.317,0.438
CUST-0168,2026-02-03,5,7,0.271,0.264
CUST-0168,2026-02-10,6,6,0.347,0.309
CUST-0168,2026-02-17,5,7,0.291,0.233
CUST-0168,2026-02-24,10,18,0.364,0.363
CUST-0168,2026-03-03,8,9,0.39,0.305
CUST-0168,2026-03-10,6,4,0.267,0.315
CUST-0168,2026-03-17,11,18,0.321,0.236
CUST-0168,2026-03-24,6,4,0.281,0.417
CUST-0168,2026-03-31,3,5,0.291,0.374
CUST-0168,2026-04-07,10,12,0.285,0.255
CUST-0168,2026-04-14,7,11,0.327,0.273
CUST-0168,2026-04-21,6,8,0.334,0.234
CUST-0168,2026-04-28,10,6,0.218,0.338
CUST-0168,2026-05-05,8,7,0.298,0.316
CUST-0168,2026-05-12,10,8,0.284,0.248
CUST-0168,2026-05-19,7,3,0.164,0.271
CUST-0168,2026-05-26,8,5,0.32,0.375
CUST-0168,2026-06-02,9,9,0.27,0.271
CUST-0168,2026-06-09,7,11,0.332,0.18
CUST-0168,2026-06-16,6,5,0.235,0.371
CUST-0168,2026-06-23,6,5,0.294,0.217
CUST-0169,2024-07-02,43,133,0.674,0.766
CUST-0169,2024-07-09,48,55,0.731,0.72
CUST-0169,2024-07-16,39,90,0.77,0.788
CUST-0169,2024-07-23,45,95,0.726,0.671
CUST-0169,2024-07-30,37,158,0.678,0.608
CUST-0169,2024-08-06,38,102,0.692,0.699
CUST-0169,2024-08-13,36,62,0.702,0.848
CUST-0169,2024-08-20,40,170,0.639,0.707
CUST-0169,2024-08-27,37,63,0.633,0.724
CUST-0169,2024-09-03,46,119,0.621,0.667
CUST-0169,2024-09-10,39,156,0.612,0.744
CUST-0169,2024-09-17,45,96,0.696,0.787
CUST-0169,2024-09-24,49,199,0.669,0.697
CUST-0169,2024-10-01,45,190,0.607,0.775
CUST-0169,2024-10-08,43,86,0.715,0.736
CUST-0169,2024-10-15,38,146,0.743,0.717
CUST-0169,2024-10-22,41,171,0.665,0.699
CUST-0169,2024-10-29,47,202,0.747,0.646
CUST-0169,2024-11-05,47,167,0.648,0.739
CUST-0169,2024-11-12,42,180,0.697,0.772
CUST-0169,2024-11-19,39,134,0.67,0.831
CUST-0169,2024-11-26,45,55,0.733,0.777
CUST-0169,2024-12-03,37,70,0.67,0.849
CUST-0169,2024-12-10,47,106,0.729,0.815
CUST-0169,2024-12-17,56,254,0.765,0.826
CUST-0169,2024-12-24,41,138,0.686,0.888
CUST-0169,2024-12-31,47,97,0.769,0.856
CUST-0169,2025-01-07,37,118,0.755,0.76
CUST-0169,2025-01-14,41,86,0.786,0.883
CUST-0169,2025-01-21,51,77,0.766,0.762
CUST-0169,2025-01-28,44,118,0.684,0.799
CUST-0169,2025-02-04,37,47,0.798,0.718
CUST-0169,2025-02-11,41,139,0.673,0.697
CUST-0169,2025-02-18,47,139,0.66,0.838
CUST-0169,2025-02-25,45,70,0.767,0.892
CUST-0169,2025-03-04,38,101,0.705,0.711
CUST-0169,2025-03-11,35,161,0.829,0.774
CUST-0169,2025-03-18,45,61,0.708,0.8
CUST-0169,2025-03-25,53,205,0.67,0.753
CUST-0169,2025-04-01,45,76,0.689,0.826
CUST-0169,2025-04-08,51,73,0.698,0.834
CUST-0169,2025-04-15,48,176,0.774,0.839
CUST-0169,2025-04-22,40,106,0.82,0.822
CUST-0169,2025-04-29,46,145,0.7,0.745
CUST-0169,2025-05-06,45,190,0.76,0.816
CUST-0169,2025-05-13,43,180,0.782,0.812
CUST-0169,2025-05-20,43,66,0.877,0.755
CUST-0169,2025-05-27,41,147,0.743,0.819
CUST-0169,2025-06-03,58,199,0.855,0.864
CUST-0169,2025-06-10,47,160,0.765,0.798
CUST-0169,2025-06-17,49,237,0.731,0.925
CUST-0169,2025-06-24,49,231,0.793,0.809
CUST-0169,2025-07-01,51,241,0.907,0.845
CUST-0169,2025-07-08,42,157,0.757,0.935
CUST-0169,2025-07-15,47,209,0.76,0.816
CUST-0169,2025-07-22,38,168,0.802,0.959
CUST-0169,2025-07-29,58,199,0.787,0.876
CUST-0169,2025-08-05,53,104,0.748,0.841
CUST-0169,2025-08-12,51,170,0.78,0.9
CUST-0169,2025-08-19,47,92,0.769,0.946
CUST-0169,2025-08-26,47,148,0.862,0.98
CUST-0169,2025-09-02,46,91,0.842,0.894
CUST-0169,2025-09-09,50,148,0.88,0.84
CUST-0169,2025-09-16,51,84,0.779,0.935
CUST-0169,2025-09-23,50,256,0.841,0.877
CUST-0169,2025-09-30,56,229,0.815,0.821
CUST-0169,2025-10-07,51,197,0.833,0.865
CUST-0169,2025-10-14,52,230,0.825,0.935
CUST-0169,2025-10-21,50,98,0.791,0.956
CUST-0169,2025-10-28,53,192,0.83,1.0
CUST-0169,2025-11-04,51,228,0.777,0.991
CUST-0169,2025-11-11,57,78,0.771,0.946
CUST-0169,2025-11-18,58,154,0.774,0.96
CUST-0169,2025-11-25,57,298,0.984,0.972
CUST-0169,2025-12-02,50,189,0.812,0.912
CUST-0169,2025-12-09,58,128,0.893,0.888
CUST-0169,2025-12-16,50,113,0.852,0.872
CUST-0169,2025-12-23,53,76,0.897,1.0
CUST-0169,2025-12-30,55,180,0.885,0.948
CUST-0169,2026-01-06,49,96,0.857,0.932
CUST-0169,2026-01-13,47,94,0.872,0.907
CUST-0169,2026-01-20,49,147,0.851,0.963
CUST-0169,2026-01-27,47,193,0.832,0.901
CUST-0169,2026-02-03,58,129,0.895,1.0
CUST-0169,2026-02-10,58,272,0.822,0.932
CUST-0169,2026-02-17,58,306,0.834,0.892
CUST-0169,2026-02-24,58,182,0.903,1.0
CUST-0169,2026-03-03,51,141,0.896,1.0
CUST-0169,2026-03-10,58,230,0.771,0.968
CUST-0169,2026-03-17,56,285,0.866,1.0
CUST-0169,2026-03-24,49,141,0.957,0.9
CUST-0169,2026-03-31,56,145,0.859,0.971
CUST-0169,2026-04-07,57,214,0.963,1.0
CUST-0169,2026-04-14,54,141,0.896,0.988
CUST-0169,2026-04-21,52,132,0.838,1.0
CUST-0169,2026-04-28,53,269,0.859,0.895
CUST-0169,2026-05-05,57,148,0.939,0.957
CUST-0169,2026-05-12,56,208,0.851,0.924
CUST-0169,2026-05-19,51,84,0.788,1.0
CUST-0169,2026-05-26,55,221,0.863,0.911
CUST-0169,2026-06-02,50,201,0.886,0.914
CUST-0169,2026-06-09,51,271,0.838,0.965
CUST-0169,2026-06-16,58,289,0.947,0.972
CUST-0169,2026-06-23,52,209,0.81,0.991
CUST-0170,2025-07-08,115,185,0.784,0.783
CUST-0170,2025-07-15,117,149,0.682,0.878
CUST-0170,2025-07-22,108,148,0.686,0.887
CUST-0170,2025-07-29,116,173,0.779,0.786
CUST-0170,2025-08-05,111,497,0.741,0.778
CUST-0170,2025-08-12,104,140,0.718,0.743
CUST-0170,2025-08-19,121,262,0.737,0.796
CUST-0170,2025-08-26,107,418,0.674,0.774
CUST-0170,2025-09-02,114,207,0.694,0.65
CUST-0170,2025-09-09,129,356,0.662,0.687
CUST-0170,2025-09-16,111,362,0.619,0.611
CUST-0170,2025-09-23,112,177,0.635,0.594
CUST-0170,2025-09-30,121,157,0.659,0.682
CUST-0170,2025-10-07,84,168,0.673,0.757
CUST-0170,2025-10-14,120,125,0.577,0.635
CUST-0170,2025-10-21,82,248,0.565,0.606
CUST-0170,2025-10-28,87,305,0.601,0.735
CUST-0170,2025-11-04,97,225,0.544,0.68
CUST-0170,2025-11-11,93,247,0.485,0.571
CUST-0170,2025-11-18,72,205,0.481,0.611
CUST-0170,2025-11-25,100,223,0.486,0.529
CUST-0170,2025-12-02,91,233,0.555,0.591
CUST-0170,2025-12-09,99,91,0.5,0.676
CUST-0170,2025-12-16,98,168,0.551,0.57
CUST-0170,2025-12-23,69,212,0.547,0.472
CUST-0170,2025-12-30,75,74,0.503,0.451
CUST-0170,2026-01-06,96,134,0.571,0.476
CUST-0170,2026-01-13,84,259,0.507,0.565
CUST-0170,2026-01-20,68,98,0.46,0.451
CUST-0170,2026-01-27,57,147,0.565,0.516
CUST-0170,2026-02-03,76,81,0.418,0.496
CUST-0170,2026-02-10,67,61,0.386,0.582
CUST-0170,2026-02-17,86,165,0.429,0.413
CUST-0170,2026-02-24,59,97,0.359,0.499
CUST-0170,2026-03-03,69,175,0.411,0.463
CUST-0170,2026-03-10,73,160,0.275,0.378
CUST-0170,2026-03-17,76,67,0.337,0.407
CUST-0170,2026-03-24,50,103,0.398,0.301
CUST-0170,2026-03-31,64,77,0.442,0.538
CUST-0170,2026-04-07,64,120,0.451,0.345
CUST-0170,2026-04-14,47,94,0.437,0.39
CUST-0170,2026-04-21,64,68,0.278,0.309
CUST-0170,2026-04-28,59,46,0.278,0.348
CUST-0170,2026-05-05,54,103,0.283,0.312
CUST-0170,2026-05-12,54,46,0.282,0.33
CUST-0170,2026-05-19,51,54,0.3,0.35
CUST-0170,2026-05-26,41,40,0.283,0.226
CUST-0170,2026-06-02,32,54,0.188,0.258
CUST-0170,2026-06-09,62,60,0.32,0.294
CUST-0170,2026-06-16,55,50,0.223,0.24
CUST-0170,2026-06-23,41,30,0.194,0.377
CUST-0171,2025-11-08,6,23,0.796,0.822
CUST-0171,2025-11-15,5,12,0.812,0.936
CUST-0171,2025-11-22,6,17,0.755,0.831
CUST-0171,2025-11-29,5,8,0.768,0.814
CUST-0171,2025-12-06,5,18,0.782,0.806
CUST-0171,2025-12-13,6,13,0.782,0.807
CUST-0171,2025-12-20,5,19,0.747,0.841
CUST-0171,2025-12-27,6,28,0.761,0.762
CUST-0171,2026-01-03,5,20,0.851,0.73
CUST-0171,2026-01-10,5,15,0.829,0.822
CUST-0171,2026-01-17,5,12,0.674,0.747
CUST-0171,2026-01-24,4,17,0.639,0.769
CUST-0171,2026-01-31,6,10,0.753,0.786
CUST-0171,2026-02-07,5,8,0.772,0.773
CUST-0171,2026-02-14,5,12,0.653,0.856
CUST-0171,2026-02-21,5,8,0.661,0.857
CUST-0171,2026-02-28,5,19,0.728,0.832
CUST-0171,2026-03-07,4,12,0.643,0.65
CUST-0171,2026-03-14,4,15,0.729,0.727
CUST-0171,2026-03-21,5,17,0.681,0.663
CUST-0171,2026-03-28,5,11,0.748,0.722
CUST-0171,2026-04-04,5,12,0.655,0.825
CUST-0172,2024-07-02,4,2,0.174,0.187
CUST-0172,2024-07-09,9,2,0.148,0.108
CUST-0172,2024-07-16,3,0,0.175,0.147
CUST-0172,2024-07-23,4,3,0.131,0.213
CUST-0172,2024-07-30,1,0,0.117,0.183
CUST-0172,2024-08-06,6,1,0.13,0.172
CUST-0172,2024-08-13,2,1,0.154,0.2
CUST-0172,2024-08-20,3,0,0.135,0.024
CUST-0172,2024-08-27,6,5,0.075,0.242
CUST-0172,2024-09-03,6,2,0.079,0.25
CUST-0172,2024-09-10,4,1,0.114,0.174
CUST-0172,2024-09-17,5,2,0.187,0.137
CUST-0172,2024-09-24,3,2,0.192,0.196
CUST-0172,2024-10-01,1,0,0.205,0.071
CUST-0172,2024-10-08,4,1,0.157,0.228
CUST-0172,2024-10-15,3,1,0.09,0.064
CUST-0172,2024-10-22,5,3,0.081,0.063
CUST-0172,2024-10-29,3,0,0.117,0.105
CUST-0172,2024-11-05,3,1,0.105,0.162
CUST-0172,2024-11-12,1,0,0.133,0.062
CUST-0172,2024-11-19,1,0,0.031,0.155
CUST-0172,2024-11-26,11,4,0.037,0.045
CUST-0172,2024-12-03,5,1,0.09,0.196
CUST-0172,2024-12-10,6,1,0.088,0.058
CUST-0172,2024-12-17,2,0,0.174,0.137
CUST-0172,2024-12-24,2,0,0.062,0.001
CUST-0172,2024-12-31,6,1,0.074,0.014
CUST-0172,2025-01-07,1,0,0.117,0.043
CUST-0172,2025-01-14,1,0,0.057,0.003
CUST-0172,2025-01-21,6,1,0.023,0.198
CUST-0172,2025-01-28,5,0,0.083,0.065
CUST-0172,2025-02-04,1,0,0.019,0.077
CUST-0172,2025-02-11,1,0,0.066,0.049
CUST-0172,2025-02-18,1,0,0.034,0.019
CUST-0172,2025-02-25,1,0,0.019,0.016
CUST-0172,2025-03-04,3,0,0.024,0.0
CUST-0172,2025-03-11,1,0,0.064,0.0
CUST-0172,2025-03-18,1,0,0.023,0.102
CUST-0172,2025-03-25,1,0,0.0,0.0
CUST-0172,2025-04-01,3,0,0.081,0.0
CUST-0172,2025-04-08,1,0,0.032,0.0
CUST-0172,2025-04-15,1,0,0.133,0.114
CUST-0172,2025-04-22,1,0,0.027,0.048
CUST-0172,2025-04-29,3,0,0.085,0.007
CUST-0172,2025-05-06,1,0,0.015,0.035
CUST-0172,2025-05-13,3,0,0.019,0.01
CUST-0172,2025-05-20,1,0,0.032,0.0
CUST-0172,2025-05-27,2,0,0.075,0.0
CUST-0172,2025-06-03,1,0,0.0,0.066
CUST-0172,2025-06-10,1,0,0.0,0.0
CUST-0172,2025-06-17,1,0,0.048,0.075
CUST-0172,2025-06-24,1,0,0.007,0.059
CUST-0172,2025-07-01,1,0,0.0,0.0
CUST-0172,2025-07-08,1,0,0.0,0.104
CUST-0172,2025-07-15,1,0,0.03,0.0
CUST-0172,2025-07-22,4,0,0.035,0.0
CUST-0172,2025-07-29,2,0,0.0,0.0
CUST-0172,2025-08-05,1,0,0.02,0.179
CUST-0172,2025-08-12,1,0,0.035,0.0
CUST-0172,2025-08-19,1,0,0.042,0.08
CUST-0172,2025-08-26,4,0,0.023,0.0
CUST-0172,2025-09-02,1,0,0.035,0.0
CUST-0172,2025-09-09,5,0,0.0,0.0
CUST-0172,2025-09-16,2,0,0.0,0.006
CUST-0172,2025-09-23,1,0,0.052,0.0
CUST-0172,2025-09-30,1,0,0.0,0.0
CUST-0172,2025-10-07,1,0,0.049,0.031
CUST-0172,2025-10-14,1,0,0.088,0.021
CUST-0172,2025-10-21,2,0,0.049,0.0
CUST-0172,2025-10-28,1,0,0.0,0.047
CUST-0172,2025-11-04,1,0,0.026,0.025
CUST-0172,2025-11-11,3,0,0.0,0.017
CUST-0172,2025-11-18,1,0,0.011,0.0
CUST-0172,2025-11-25,1,0,0.0,0.04
CUST-0172,2025-12-02,3,0,0.023,0.0
CUST-0172,2025-12-09,3,0,0.0,0.003
CUST-0172,2025-12-16,1,0,0.0,0.019
CUST-0172,2025-12-23,2,0,0.038,0.0
CUST-0172,2025-12-30,1,0,0.003,0.026
CUST-0172,2026-01-06,4,0,0.0,0.035
CUST-0172,2026-01-13,2,0,0.0,0.0
CUST-0172,2026-01-20,4,0,0.0,0.01
CUST-0172,2026-01-27,1,0,0.071,0.016
CUST-0172,2026-02-03,1,0,0.025,0.0
CUST-0172,2026-02-10,2,0,0.0,0.035
CUST-0172,2026-02-17,1,0,0.0,0.055
CUST-0172,2026-02-24,1,0,0.065,0.0
CUST-0172,2026-03-03,1,0,0.006,0.059
CUST-0172,2026-03-10,1,0,0.0,0.0
CUST-0172,2026-03-17,3,0,0.026,0.0
CUST-0172,2026-03-24,2,0,0.01,0.025
CUST-0172,2026-03-31,2,0,0.0,0.0
CUST-0172,2026-04-07,1,0,0.054,0.0
CUST-0172,2026-04-14,4,0,0.0,0.0
CUST-0172,2026-04-21,1,0,0.0,0.0
CUST-0172,2026-04-28,1,0,0.04,0.05
CUST-0172,2026-05-05,1,0,0.0,0.02
CUST-0172,2026-05-12,1,0,0.029,0.0
CUST-0172,2026-05-19,1,0,0.0,0.123
CUST-0172,2026-05-26,1,0,0.0,0.0
CUST-0172,2026-06-02,1,0,0.0,0.034
CUST-0172,2026-06-09,1,0,0.016,0.0
CUST-0172,2026-06-16,1,0,0.032,0.0
CUST-0172,2026-06-23,1,0,0.0,0.0
CUST-0173,2024-07-02,59,125,0.674,0.675
CUST-0173,2024-07-09,53,98,0.67,0.665
CUST-0173,2024-07-16,54,115,0.527,0.656
CUST-0173,2024-07-23,51,115,0.452,0.655
CUST-0173,2024-07-30,57,148,0.673,0.626
CUST-0173,2024-08-06,53,67,0.497,0.722
CUST-0173,2024-08-13,53,107,0.673,0.678
CUST-0173,2024-08-20,62,73,0.56,0.642
CUST-0173,2024-08-27,71,182,0.639,0.608
CUST-0173,2024-09-03,62,203,0.612,0.642
CUST-0173,2024-09-10,54,55,0.514,0.672
CUST-0173,2024-09-17,42,95,0.643,0.644
CUST-0173,2024-09-24,53,69,0.618,0.676
CUST-0173,2024-10-01,56,61,0.484,0.553
CUST-0173,2024-10-08,55,125,0.571,0.553
CUST-0173,2024-10-15,47,119,0.614,0.607
CUST-0173,2024-10-22,56,117,0.598,0.553
CUST-0173,2024-10-29,46,72,0.622,0.623
CUST-0173,2024-11-05,48,159,0.528,0.545
CUST-0173,2024-11-12,45,51,0.535,0.553
CUST-0173,2024-11-19,41,75,0.522,0.617
CUST-0173,2024-11-26,51,62,0.47,0.604
CUST-0173,2024-12-03,52,46,0.473,0.596
CUST-0173,2024-12-10,47,147,0.6,0.548
CUST-0173,2024-12-17,42,93,0.416,0.56
CUST-0173,2024-12-24,50,61,0.445,0.462
CUST-0173,2024-12-31,42,119,0.516,0.571
CUST-0173,2025-01-07,32,31,0.498,0.624
CUST-0173,2025-01-14,54,130,0.44,0.575
CUST-0173,2025-01-21,38,89,0.551,0.598
CUST-0173,2025-01-28,38,77,0.491,0.515
CUST-0173,2025-02-04,36,83,0.401,0.506
CUST-0173,2025-02-11,47,120,0.487,0.602
CUST-0173,2025-02-18,46,109,0.381,0.522
CUST-0173,2025-02-25,40,44,0.455,0.54
CUST-0173,2025-03-04,31,53,0.445,0.469
CUST-0173,2025-03-11,41,111,0.381,0.537
CUST-0173,2025-03-18,35,89,0.472,0.489
CUST-0173,2025-03-25,45,118,0.456,0.465
CUST-0173,2025-04-01,39,45,0.379,0.536
CUST-0173,2025-04-08,49,92,0.368,0.477
CUST-0173,2025-04-15,38,63,0.43,0.45
CUST-0173,2025-04-22,32,60,0.377,0.346
CUST-0173,2025-04-29,38,72,0.335,0.416
CUST-0173,2025-05-06,25,20,0.409,0.292
CUST-0173,2025-05-13,37,30,0.338,0.521
CUST-0173,2025-05-20,37,36,0.453,0.397
CUST-0173,2025-05-27,30,58,0.399,0.404
CUST-0173,2025-06-03,44,40,0.411,0.424
CUST-0173,2025-06-10,38,30,0.362,0.412
CUST-0173,2025-06-17,35,34,0.369,0.349
CUST-0173,2025-06-24,44,51,0.451,0.445
CUST-0173,2025-07-01,38,62,0.372,0.382
CUST-0173,2025-07-08,34,40,0.342,0.285
CUST-0173,2025-07-15,16,28,0.441,0.412
CUST-0173,2025-07-22,35,70,0.296,0.365
CUST-0173,2025-07-29,37,30,0.408,0.397
CUST-0173,2025-08-05,36,48,0.33,0.309
CUST-0173,2025-08-12,48,86,0.37,0.429
CUST-0173,2025-08-19,21,28,0.428,0.326
CUST-0173,2025-08-26,32,17,0.397,0.355
CUST-0173,2025-09-02,30,29,0.292,0.456
CUST-0173,2025-09-09,16,26,0.301,0.267
CUST-0173,2025-09-16,31,27,0.282,0.292
CUST-0173,2025-09-23,27,54,0.377,0.306
CUST-0173,2025-09-30,39,32,0.364,0.362
CUST-0173,2025-10-07,22,32,0.339,0.212
CUST-0173,2025-10-14,22,36,0.373,0.324
CUST-0173,2025-10-21,32,23,0.268,0.399
CUST-0173,2025-10-28,34,42,0.327,0.322
CUST-0173,2025-11-04,26,24,0.237,0.324
CUST-0173,2025-11-11,18,10,0.303,0.371
CUST-0173,2025-11-18,26,29,0.277,0.246
CUST-0173,2025-11-25,26,40,0.288,0.223
CUST-0173,2025-12-02,11,13,0.288,0.343
CUST-0173,2025-12-09,22,21,0.352,0.258
CUST-0173,2025-12-16,34,24,0.318,0.206
CUST-0173,2025-12-23,15,20,0.15,0.38
CUST-0173,2025-12-30,20,27,0.168,0.395
CUST-0173,2026-01-06,28,13,0.231,0.208
CUST-0173,2026-01-13,19,26,0.251,0.308
CUST-0173,2026-01-20,19,20,0.212,0.238
CUST-0173,2026-01-27,16,10,0.148,0.261
CUST-0173,2026-02-03,21,17,0.223,0.306
CUST-0173,2026-02-10,9,11,0.187,0.198
CUST-0173,2026-02-17,17,16,0.175,0.261
CUST-0173,2026-02-24,18,7,0.208,0.175
CUST-0173,2026-03-03,27,16,0.245,0.217
CUST-0173,2026-03-10,17,18,0.173,0.279
CUST-0173,2026-03-17,30,27,0.281,0.104
CUST-0173,2026-03-24,25,26,0.246,0.251
CUST-0173,2026-03-31,12,5,0.161,0.319
CUST-0173,2026-04-07,6,6,0.243,0.351
CUST-0173,2026-04-14,5,4,0.201,0.224
CUST-0173,2026-04-21,40,42,0.121,0.277
CUST-0173,2026-04-28,9,4,0.158,0.178
CUST-0173,2026-05-05,8,3,0.127,0.167
CUST-0173,2026-05-12,7,5,0.193,0.167
CUST-0173,2026-05-19,14,13,0.265,0.048
CUST-0173,2026-05-26,24,13,0.171,0.192
CUST-0173,2026-06-02,5,1,0.056,0.197
CUST-0173,2026-06-09,7,2,0.18,0.154
CUST-0173,2026-06-16,6,4,0.089,0.125
CUST-0173,2026-06-23,16,5,0.082,0.103
CUST-0174,2024-09-10,16,40,0.611,0.566
CUST-0174,2024-09-17,12,16,0.581,0.601
CUST-0174,2024-09-24,13,39,0.63,0.628
CUST-0174,2024-10-01,17,26,0.611,0.583
CUST-0174,2024-10-08,12,29,0.459,0.618
CUST-0174,2024-10-15,15,40,0.599,0.687
CUST-0174,2024-10-22,18,31,0.584,0.714
CUST-0174,2024-10-29,12,32,0.601,0.655
CUST-0174,2024-11-05,18,26,0.592,0.751
CUST-0174,2024-11-12,19,50,0.67,0.692
CUST-0174,2024-11-19,17,59,0.677,0.669
CUST-0174,2024-11-26,17,26,0.618,0.641
CUST-0174,2024-12-03,16,49,0.65,0.744
CUST-0174,2024-12-10,15,55,0.502,0.735
CUST-0174,2024-12-17,18,42,0.644,0.642
CUST-0174,2024-12-24,20,24,0.687,0.755
CUST-0174,2024-12-31,19,75,0.71,0.741
CUST-0174,2025-01-07,17,40,0.524,0.709
CUST-0174,2025-01-14,18,42,0.639,0.511
CUST-0174,2025-01-21,17,66,0.699,0.664
CUST-0174,2025-01-28,17,33,0.605,0.649
CUST-0174,2025-02-04,16,23,0.654,0.639
CUST-0174,2025-02-11,16,40,0.665,0.747
CUST-0174,2025-02-18,20,41,0.707,0.701
CUST-0174,2025-02-25,20,36,0.568,0.877
CUST-0174,2025-03-04,20,22,0.652,0.785
CUST-0174,2025-03-11,17,37,0.682,0.616
CUST-0174,2025-03-18,20,65,0.615,0.799
CUST-0174,2025-03-25,18,70,0.701,0.782
CUST-0174,2025-04-01,18,61,0.736,0.774
CUST-0174,2025-04-08,19,26,0.71,0.75
CUST-0174,2025-04-15,17,76,0.7,0.876
CUST-0174,2025-04-22,17,22,0.654,0.745
CUST-0174,2025-04-29,20,62,0.719,0.739
CUST-0174,2025-05-06,19,67,0.619,0.753
CUST-0174,2025-05-13,15,27,0.739,0.624
CUST-0174,2025-05-20,17,69,0.718,0.751
CUST-0174,2025-05-27,18,73,0.768,0.76
CUST-0174,2025-06-03,18,33,0.808,0.745
CUST-0174,2025-06-10,19,52,0.723,0.78
CUST-0174,2025-06-17,20,85,0.682,0.789
CUST-0174,2025-06-24,20,69,0.896,0.805
CUST-0174,2025-07-01,20,32,0.751,0.831
CUST-0174,2025-07-08,21,81,0.719,0.711
CUST-0174,2025-07-15,20,48,0.755,0.824
CUST-0174,2025-07-22,17,65,0.761,0.886
CUST-0174,2025-07-29,21,51,0.73,0.805
CUST-0174,2025-08-05,18,63,0.68,0.85
CUST-0174,2025-08-12,18,65,0.752,0.835
CUST-0174,2025-08-19,20,41,0.859,0.864
CUST-0174,2025-08-26,19,48,0.852,0.798
CUST-0174,2025-09-02,22,99,0.841,0.817
CUST-0174,2025-09-09,23,63,0.736,0.894
CUST-0174,2025-09-16,19,79,0.782,0.913
CUST-0174,2025-09-23,20,94,0.892,0.959
CUST-0174,2025-09-30,19,31,0.735,0.805
CUST-0174,2025-10-07,21,89,0.795,0.809
CUST-0174,2025-10-14,21,103,0.848,0.771
CUST-0174,2025-10-21,21,53,0.874,0.872
CUST-0174,2025-10-28,19,44,0.79,0.902
CUST-0174,2025-11-04,18,75,0.86,0.842
CUST-0174,2025-11-11,23,68,0.742,0.957
CUST-0174,2025-11-18,21,47,0.812,0.853
CUST-0174,2025-11-25,21,42,0.818,1.0
CUST-0174,2025-12-02,22,83,0.847,0.822
CUST-0174,2025-12-09,23,54,0.854,0.837
CUST-0174,2025-12-16,22,38,0.841,0.966
CUST-0174,2025-12-23,20,40,0.841,0.912
CUST-0174,2025-12-30,22,55,0.932,0.868
CUST-0174,2026-01-06,20,64,0.808,0.912
CUST-0174,2026-01-13,20,50,0.819,0.848
CUST-0174,2026-01-20,21,89,0.798,0.881
CUST-0174,2026-01-27,23,40,0.792,0.92
CUST-0174,2026-02-03,20,74,0.917,0.934
CUST-0174,2026-02-10,22,62,0.745,0.914
CUST-0174,2026-02-17,19,51,0.744,0.914
CUST-0174,2026-02-24,24,64,0.833,1.0
CUST-0174,2026-03-03,22,40,0.8,0.871
CUST-0174,2026-03-10,25,40,0.842,0.974
CUST-0174,2026-03-17,24,132,0.917,0.938
CUST-0174,2026-03-24,23,71,0.799,0.91
CUST-0174,2026-03-31,20,53,0.886,1.0
CUST-0174,2026-04-07,21,102,0.866,0.834
CUST-0174,2026-04-14,22,54,0.813,0.921
CUST-0174,2026-04-21,23,89,0.8,0.882
CUST-0174,2026-04-28,23,87,0.894,1.0
CUST-0174,2026-05-05,23,66,0.907,0.97
CUST-0174,2026-05-12,25,112,0.926,0.954
CUST-0174,2026-05-19,20,81,0.811,0.971
CUST-0174,2026-05-26,25,88,0.943,0.934
CUST-0174,2026-06-02,20,82,0.882,0.866
CUST-0174,2026-06-09,20,34,0.981,0.908
CUST-0174,2026-06-16,25,67,0.956,0.945
CUST-0174,2026-06-23,23,84,0.909,1.0
CUST-0175,2025-02-11,34,49,0.69,0.672
CUST-0175,2025-02-18,31,80,0.561,0.682
CUST-0175,2025-02-25,32,33,0.555,0.672
CUST-0175,2025-03-04,30,76,0.561,0.651
CUST-0175,2025-03-11,32,115,0.645,0.677
CUST-0175,2025-03-18,28,50,0.538,0.584
CUST-0175,2025-03-25,30,63,0.564,0.646
CUST-0175,2025-04-01,32,66,0.489,0.709
CUST-0175,2025-04-08,27,49,0.601,0.695
CUST-0175,2025-04-15,29,55,0.576,0.579
CUST-0175,2025-04-22,28,103,0.543,0.596
CUST-0175,2025-04-29,25,76,0.531,0.624
CUST-0175,2025-05-06,30,33,0.586,0.559
CUST-0175,2025-05-13,23,34,0.565,0.636
CUST-0175,2025-05-20,29,83,0.523,0.407
CUST-0175,2025-05-27,36,104,0.541,0.676
CUST-0175,2025-06-03,24,72,0.564,0.505
CUST-0175,2025-06-10,27,91,0.539,0.479
CUST-0175,2025-06-17,26,52,0.614,0.524
CUST-0175,2025-06-24,27,38,0.58,0.545
CUST-0175,2025-07-01,30,52,0.55,0.547
CUST-0175,2025-07-08,29,39,0.521,0.554
CUST-0175,2025-07-15,31,88,0.565,0.572
CUST-0175,2025-07-22,31,108,0.606,0.686
CUST-0175,2025-07-29,32,79,0.54,0.598
CUST-0175,2025-08-05,25,40,0.509,0.541
CUST-0175,2025-08-12,24,74,0.453,0.516
CUST-0175,2025-08-19,26,83,0.571,0.599
CUST-0175,2025-08-26,22,39,0.536,0.569
CUST-0175,2025-09-02,28,37,0.574,0.557
CUST-0175,2025-09-09,30,34,0.526,0.555
CUST-0175,2025-09-16,22,66,0.493,0.559
CUST-0175,2025-09-23,28,39,0.54,0.436
CUST-0175,2025-09-30,26,28,0.576,0.504
CUST-0175,2025-10-07,25,79,0.423,0.572
CUST-0175,2025-10-14,21,33,0.527,0.467
CUST-0175,2025-10-21,29,45,0.47,0.638
CUST-0175,2025-10-28,27,39,0.565,0.561
CUST-0175,2025-11-04,25,21,0.507,0.544
CUST-0175,2025-11-11,30,90,0.52,0.628
CUST-0175,2025-11-18,24,38,0.476,0.653
CUST-0175,2025-11-25,31,52,0.478,0.502
CUST-0175,2025-12-02,27,31,0.474,0.518
CUST-0175,2025-12-09,20,61,0.524,0.515
CUST-0175,2025-12-16,26,48,0.578,0.57
CUST-0175,2025-12-23,19,37,0.487,0.594
CUST-0175,2025-12-30,25,38,0.519,0.614
CUST-0175,2026-01-06,32,87,0.479,0.505
CUST-0175,2026-01-13,25,34,0.494,0.563
CUST-0175,2026-01-20,27,45,0.494,0.628
CUST-0175,2026-01-27,27,83,0.605,0.459
CUST-0175,2026-02-03,20,40,0.532,0.578
CUST-0175,2026-02-10,27,29,0.468,0.59
CUST-0175,2026-02-17,27,66,0.472,0.443
CUST-0175,2026-02-24,24,60,0.528,0.573
CUST-0175,2026-03-03,30,26,0.468,0.543
CUST-0175,2026-03-10,21,57,0.464,0.497
CUST-0175,2026-03-17,26,45,0.442,0.432
CUST-0175,2026-03-24,25,42,0.477,0.495
CUST-0175,2026-03-31,22,53,0.446,0.6
CUST-0175,2026-04-07,22,47,0.392,0.436
CUST-0175,2026-04-14,17,29,0.48,0.463
CUST-0175,2026-04-21,23,34,0.436,0.472
CUST-0175,2026-04-28,21,50,0.428,0.538
CUST-0175,2026-05-05,25,68,0.454,0.465
CUST-0175,2026-05-12,25,33,0.452,0.444
CUST-0175,2026-05-19,28,42,0.477,0.467
CUST-0175,2026-05-26,19,23,0.458,0.493
CUST-0175,2026-06-02,26,65,0.426,0.423
CUST-0175,2026-06-09,22,27,0.376,0.556
CUST-0175,2026-06-16,24,23,0.395,0.519
CUST-0175,2026-06-23,26,64,0.439,0.481
CUST-0176,2025-01-07,3,4,0.292,0.328
CUST-0176,2025-01-14,5,6,0.375,0.449
CUST-0176,2025-01-21,12,24,0.343,0.272
CUST-0176,2025-01-28,13,26,0.295,0.285
CUST-0176,2025-02-04,11,11,0.317,0.359
CUST-0176,2025-02-11,9,9,0.344,0.418
CUST-0176,2025-02-18,13,12,0.304,0.369
CUST-0176,2025-02-25,7,4,0.32,0.297
CUST-0176,2025-03-04,6,11,0.347,0.349
CUST-0176,2025-03-11,9,10,0.229,0.269
CUST-0176,2025-03-18,10,6,0.327,0.351
CUST-0176,2025-03-25,6,9,0.336,0.348
CUST-0176,2025-04-01,3,4,0.237,0.443
CUST-0176,2025-04-08,13,10,0.282,0.347
CUST-0176,2025-04-15,9,9,0.297,0.288
CUST-0176,2025-04-22,7,7,0.262,0.309
CUST-0176,2025-04-29,12,18,0.377,0.32
CUST-0176,2025-05-06,14,13,0.318,0.375
CUST-0176,2025-05-13,5,8,0.219,0.298
CUST-0176,2025-05-20,9,7,0.344,0.365
CUST-0176,2025-05-27,9,15,0.315,0.341
CUST-0176,2025-06-03,12,8,0.345,0.293
CUST-0176,2025-06-10,6,11,0.258,0.21
CUST-0176,2025-06-17,9,9,0.25,0.295
CUST-0176,2025-06-24,8,6,0.293,0.337
CUST-0176,2025-07-01,8,7,0.376,0.281
CUST-0176,2025-07-08,8,7,0.291,0.305
CUST-0176,2025-07-15,10,12,0.363,0.322
CUST-0176,2025-07-22,8,14,0.282,0.222
CUST-0176,2025-07-29,7,8,0.294,0.223
CUST-0176,2025-08-05,6,7,0.322,0.216
CUST-0176,2025-08-12,8,6,0.226,0.318
CUST-0176,2025-08-19,12,5,0.357,0.207
CUST-0176,2025-08-26,5,4,0.181,0.375
CUST-0176,2025-09-02,6,10,0.337,0.321
CUST-0176,2025-09-09,13,13,0.338,0.38
CUST-0176,2025-09-16,9,14,0.332,0.344
CUST-0176,2025-09-23,6,8,0.307,0.193
CUST-0176,2025-09-30,8,13,0.257,0.275
CUST-0176,2025-10-07,10,10,0.262,0.402
CUST-0176,2025-10-14,9,14,0.259,0.345
CUST-0176,2025-10-21,9,8,0.359,0.216
CUST-0176,2025-10-28,8,9,0.322,0.275
CUST-0176,2025-11-04,7,6,0.281,0.268
CUST-0176,2025-11-11,3,5,0.279,0.273
CUST-0176,2025-11-18,7,9,0.251,0.241
CUST-0176,2025-11-25,9,13,0.285,0.277
CUST-0176,2025-12-02,7,11,0.214,0.321
CUST-0176,2025-12-09,7,4,0.216,0.283
CUST-0176,2025-12-16,9,14,0.301,0.361
CUST-0176,2025-12-23,5,5,0.226,0.366
CUST-0176,2025-12-30,6,9,0.201,0.282
CUST-0176,2026-01-06,4,4,0.276,0.225
CUST-0176,2026-01-13,10,7,0.255,0.261
CUST-0176,2026-01-20,8,10,0.271,0.314
CUST-0176,2026-01-27,9,8,0.165,0.373
CUST-0176,2026-02-03,6,9,0.306,0.329
CUST-0176,2026-02-10,11,9,0.259,0.334
CUST-0176,2026-02-17,6,6,0.258,0.205
CUST-0176,2026-02-24,7,10,0.166,0.346
CUST-0176,2026-03-03,7,9,0.265,0.196
CUST-0176,2026-03-10,6,3,0.166,0.072
CUST-0176,2026-03-17,4,4,0.285,0.306
CUST-0176,2026-03-24,5,2,0.258,0.23
CUST-0176,2026-03-31,7,6,0.284,0.274
CUST-0176,2026-04-07,6,6,0.212,0.372
CUST-0176,2026-04-14,7,6,0.231,0.204
CUST-0176,2026-04-21,7,9,0.179,0.214
CUST-0176,2026-04-28,3,3,0.324,0.417
CUST-0176,2026-05-05,3,2,0.225,0.24
CUST-0176,2026-05-12,6,8,0.126,0.308
CUST-0176,2026-05-19,6,5,0.261,0.378
CUST-0176,2026-05-26,10,11,0.274,0.176
CUST-0176,2026-06-02,1,1,0.157,0.358
CUST-0176,2026-06-09,8,9,0.153,0.3
CUST-0176,2026-06-16,8,4,0.225,0.283
CUST-0176,2026-06-23,1,0,0.201,0.217
CUST-0177,2025-08-05,2,5,0.531,0.565
CUST-0177,2025-08-12,3,8,0.559,0.585
CUST-0177,2025-08-19,3,7,0.504,0.413
CUST-0177,2025-08-26,2,2,0.426,0.558
CUST-0177,2025-09-02,4,10,0.536,0.634
CUST-0177,2025-09-09,4,12,0.559,0.567
CUST-0177,2025-09-16,3,3,0.482,0.389
CUST-0177,2025-09-23,2,4,0.447,0.484
CUST-0177,2025-09-30,3,2,0.511,0.486
CUST-0177,2025-10-07,2,5,0.51,0.416
CUST-0177,2025-10-14,3,2,0.472,0.575
CUST-0177,2025-10-21,2,4,0.473,0.595
CUST-0177,2025-10-28,3,2,0.349,0.568
CUST-0177,2025-11-04,2,5,0.463,0.407
CUST-0177,2025-11-11,2,2,0.358,0.393
CUST-0177,2025-11-18,3,5,0.367,0.382
CUST-0177,2025-11-25,2,2,0.406,0.368
CUST-0177,2025-12-02,3,2,0.339,0.336
CUST-0177,2025-12-09,1,0,0.474,0.465
CUST-0177,2025-12-16,3,3,0.364,0.534
CUST-0177,2025-12-23,3,6,0.407,0.277
CUST-0177,2025-12-30,3,6,0.36,0.403
CUST-0177,2026-01-06,2,4,0.338,0.276
CUST-0177,2026-01-13,2,1,0.342,0.411
CUST-0177,2026-01-20,2,1,0.372,0.372
CUST-0177,2026-01-27,2,4,0.361,0.386
CUST-0177,2026-02-03,3,3,0.385,0.43
CUST-0177,2026-02-10,2,3,0.347,0.403
CUST-0177,2026-02-17,2,3,0.268,0.392
CUST-0177,2026-02-24,2,2,0.378,0.334
CUST-0177,2026-03-03,2,2,0.289,0.342
CUST-0177,2026-03-10,1,0,0.35,0.355
CUST-0177,2026-03-17,1,0,0.338,0.331
CUST-0177,2026-03-24,1,1,0.254,0.428
CUST-0177,2026-03-31,3,4,0.255,0.305
CUST-0177,2026-04-07,1,1,0.273,0.279
CUST-0177,2026-04-14,2,2,0.2,0.332
CUST-0177,2026-04-21,2,2,0.291,0.282
CUST-0177,2026-04-28,2,1,0.273,0.229
CUST-0177,2026-05-05,2,1,0.274,0.301
CUST-0177,2026-05-12,1,1,0.273,0.266
CUST-0177,2026-05-19,2,2,0.275,0.211
CUST-0177,2026-05-26,2,1,0.258,0.297
CUST-0177,2026-06-02,1,0,0.221,0.286
CUST-0177,2026-06-09,1,1,0.252,0.199
CUST-0177,2026-06-16,1,1,0.195,0.276
CUST-0177,2026-06-23,1,0,0.187,0.269
CUST-0178,2024-01-06,168,186,0.577,0.659
CUST-0178,2024-01-13,146,482,0.544,0.605
CUST-0178,2024-01-20,170,552,0.557,0.601
CUST-0178,2024-01-27,142,246,0.624,0.707
CUST-0178,2024-02-03,150,382,0.453,0.73
CUST-0178,2024-02-10,147,463,0.54,0.646
CUST-0178,2024-02-17,131,256,0.637,0.709
CUST-0178,2024-02-24,154,494,0.677,0.575
CUST-0178,2024-03-02,151,449,0.592,0.688
CUST-0178,2024-03-09,120,230,0.58,0.659
CUST-0178,2024-03-16,134,355,0.499,0.735
CUST-0178,2024-03-23,133,226,0.543,0.574
CUST-0178,2024-03-30,129,260,0.535,0.647
CUST-0178,2024-04-06,140,246,0.579,0.571
CUST-0178,2024-04-13,146,369,0.514,0.601
CUST-0178,2024-04-20,146,200,0.555,0.708
CUST-0178,2024-04-27,135,280,0.567,0.619
CUST-0178,2024-05-04,149,413,0.482,0.579
CUST-0178,2024-05-11,130,344,0.552,0.638
CUST-0178,2024-05-18,161,372,0.592,0.65
CUST-0178,2024-05-25,170,541,0.529,0.609
CUST-0178,2024-06-01,149,212,0.606,0.568
CUST-0178,2024-06-08,169,335,0.498,0.452
CUST-0178,2024-06-15,180,396,0.576,0.676
CUST-0178,2024-06-22,165,405,0.509,0.666
CUST-0178,2024-06-29,157,248,0.559,0.65
CUST-0178,2024-07-06,144,267,0.565,0.594
CUST-0178,2024-07-13,185,270,0.535,0.674
CUST-0178,2024-07-20,180,339,0.498,0.645
CUST-0178,2024-07-27,141,388,0.597,0.609
CUST-0178,2024-08-03,134,378,0.568,0.622
CUST-0178,2024-08-10,134,232,0.529,0.583
CUST-0178,2024-08-17,121,138,0.685,0.54
CUST-0178,2024-08-24,155,371,0.466,0.612
CUST-0178,2024-08-31,124,351,0.453,0.617
CUST-0178,2024-09-07,137,278,0.525,0.551
CUST-0178,2024-09-14,147,479,0.495,0.665
CUST-0178,2024-09-21,146,374,0.625,0.605
CUST-0178,2024-09-28,126,290,0.538,0.598
CUST-0178,2024-10-05,124,236,0.508,0.563
CUST-0178,2024-10-12,128,386,0.56,0.637
CUST-0178,2024-10-19,107,274,0.506,0.569
CUST-0178,2024-10-26,152,469,0.507,0.522
CUST-0178,2024-11-02,176,285,0.499,0.457
CUST-0178,2024-11-09,135,446,0.59,0.658
CUST-0178,2024-11-16,137,160,0.543,0.549
CUST-0178,2024-11-23,172,537,0.548,0.58
CUST-0178,2024-11-30,119,283,0.604,0.498
CUST-0178,2024-12-07,130,176,0.554,0.631
CUST-0178,2024-12-14,147,152,0.536,0.589
CUST-0178,2024-12-21,98,160,0.502,0.461
CUST-0178,2024-12-28,121,356,0.592,0.56
CUST-0178,2025-01-04,143,371,0.542,0.603
CUST-0178,2025-01-11,121,392,0.537,0.533
CUST-0178,2025-01-18,167,140,0.51,0.628
CUST-0178,2025-01-25,130,111,0.478,0.584
CUST-0178,2025-02-01,110,255,0.499,0.465
CUST-0178,2025-02-08,115,218,0.625,0.528
CUST-0178,2025-02-15,141,298,0.562,0.614
CUST-0178,2025-02-22,138,443,0.462,0.655
CUST-0178,2025-03-01,153,362,0.509,0.592
CUST-0178,2025-03-08,136,113,0.527,0.61
CUST-0178,2025-03-15,115,246,0.479,0.558
CUST-0178,2025-03-22,117,218,0.541,0.519
CUST-0178,2025-03-29,89,260,0.499,0.543
CUST-0178,2025-04-05,153,412,0.52,0.521
CUST-0178,2025-04-12,130,213,0.496,0.486
CUST-0178,2025-04-19,122,242,0.503,0.501
CUST-0178,2025-04-26,140,345,0.523,0.463
CUST-0178,2025-05-03,135,241,0.487,0.481
CUST-0178,2025-05-10,169,223,0.533,0.481
CUST-0178,2025-05-17,139,194,0.463,0.487
CUST-0178,2025-05-24,122,188,0.439,0.6
CUST-0178,2025-05-31,135,382,0.502,0.622
CUST-0178,2025-06-07,156,401,0.431,0.577
CUST-0178,2025-06-14,125,393,0.466,0.565
CUST-0178,2025-06-21,125,143,0.405,0.658
CUST-0178,2025-06-28,140,249,0.386,0.563
CUST-0178,2025-07-05,94,159,0.481,0.565
CUST-0178,2025-07-12,118,221,0.513,0.515
CUST-0178,2025-07-19,116,239,0.524,0.483
CUST-0178,2025-07-26,81,181,0.524,0.538
CUST-0178,2025-08-02,119,334,0.455,0.502
CUST-0178,2025-08-09,151,261,0.504,0.513
CUST-0178,2025-08-16,123,265,0.443,0.453
CUST-0178,2025-08-23,146,324,0.457,0.481
CUST-0178,2025-08-30,129,361,0.551,0.392
CUST-0178,2025-09-06,125,136,0.547,0.546
CUST-0178,2025-09-13,165,410,0.44,0.542
CUST-0178,2025-09-20,114,182,0.419,0.486
CUST-0178,2025-09-27,93,74,0.453,0.547
CUST-0178,2025-10-04,93,158,0.492,0.52
CUST-0178,2025-10-11,110,230,0.507,0.405
CUST-0178,2025-10-18,153,155,0.481,0.396
CUST-0178,2025-10-25,102,172,0.418,0.41
CUST-0178,2025-11-01,64,67,0.562,0.446
CUST-0178,2025-11-08,121,290,0.398,0.48
CUST-0178,2025-11-15,143,192,0.386,0.384
CUST-0178,2025-11-22,108,153,0.477,0.569
CUST-0178,2025-11-29,111,208,0.408,0.469
CUST-0178,2025-12-06,136,324,0.448,0.483
CUST-0178,2025-12-13,119,135,0.482,0.53
CUST-0178,2025-12-20,146,363,0.479,0.491
CUST-0178,2025-12-27,95,98,0.5,0.56
CUST-0179,2023-08-03,57,107,0.624,0.795
CUST-0179,2023-08-10,71,186,0.517,0.68
CUST-0179,2023-08-17,61,179,0.682,0.676
CUST-0179,2023-08-24,44,122,0.648,0.717
CUST-0179,2023-08-31,62,220,0.644,0.644
CUST-0179,2023-09-07,59,115,0.616,0.805
CUST-0179,2023-09-14,61,139,0.572,0.585
CUST-0179,2023-09-21,51,84,0.577,0.66
CUST-0179,2023-09-28,56,131,0.61,0.759
CUST-0179,2023-10-05,54,162,0.572,0.646
CUST-0179,2023-10-12,62,153,0.567,0.66
CUST-0179,2023-10-19,73,278,0.675,0.761
CUST-0179,2023-10-26,55,176,0.65,0.648
CUST-0179,2023-11-02,50,188,0.566,0.772
CUST-0179,2023-11-09,53,169,0.57,0.584
CUST-0179,2023-11-16,51,85,0.574,0.717
CUST-0179,2023-11-23,56,108,0.579,0.637
CUST-0179,2023-11-30,57,62,0.555,0.583
CUST-0179,2023-12-07,44,116,0.694,0.56
CUST-0179,2023-12-14,54,174,0.435,0.658
CUST-0179,2023-12-21,47,103,0.498,0.546
CUST-0179,2023-12-28,44,81,0.559,0.653
CUST-0179,2024-01-04,37,115,0.584,0.553
CUST-0179,2024-01-11,46,101,0.612,0.663
CUST-0179,2024-01-18,41,126,0.632,0.669
CUST-0179,2024-01-25,54,143,0.483,0.63
CUST-0179,2024-02-01,43,63,0.506,0.637
CUST-0179,2024-02-08,46,138,0.461,0.515
CUST-0179,2024-02-15,51,69,0.486,0.501
CUST-0179,2024-02-22,65,174,0.513,0.581
CUST-0179,2024-02-29,47,135,0.554,0.636
CUST-0179,2024-03-07,42,120,0.473,0.558
CUST-0179,2024-03-14,52,51,0.459,0.51
CUST-0179,2024-03-21,51,139,0.537,0.501
CUST-0179,2024-03-28,42,62,0.488,0.477
CUST-0179,2024-04-04,53,72,0.487,0.484
CUST-0179,2024-04-11,40,97,0.514,0.529
CUST-0179,2024-04-18,42,77,0.527,0.576
CUST-0179,2024-04-25,42,125,0.507,0.521
CUST-0179,2024-05-02,53,89,0.58,0.429
CUST-0179,2024-05-09,42,79,0.432,0.537
CUST-0179,2024-05-16,46,62,0.42,0.46
CUST-0179,2024-05-23,43,115,0.447,0.518
CUST-0179,2024-05-30,54,105,0.494,0.574
CUST-0179,2024-06-06,35,89,0.463,0.376
CUST-0179,2024-06-13,37,86,0.481,0.431
CUST-0179,2024-06-20,39,28,0.4,0.448
CUST-0179,2024-06-27,33,89,0.429,0.48
CUST-0179,2024-07-04,40,108,0.442,0.473
CUST-0179,2024-07-11,33,38,0.449,0.268
CUST-0179,2024-07-18,47,41,0.405,0.384
CUST-0179,2024-07-25,32,38,0.376,0.479
CUST-0179,2024-08-01,39,60,0.435,0.542
CUST-0179,2024-08-08,44,34,0.328,0.473
CUST-0179,2024-08-15,39,64,0.401,0.453
CUST-0179,2024-08-22,35,74,0.365,0.404
CUST-0179,2024-08-29,32,62,0.361,0.447
CUST-0179,2024-09-05,47,116,0.342,0.439
CUST-0179,2024-09-12,42,86,0.393,0.504
CUST-0179,2024-09-19,26,60,0.321,0.446
CUST-0179,2024-09-26,20,43,0.395,0.447
CUST-0179,2024-10-03,25,15,0.376,0.252
CUST-0179,2024-10-10,24,30,0.434,0.467
CUST-0179,2024-10-17,26,47,0.359,0.409
CUST-0179,2024-10-24,40,29,0.342,0.486
CUST-0179,2024-10-31,31,57,0.412,0.389
CUST-0179,2024-11-07,23,14,0.301,0.486
CUST-0179,2024-11-14,51,103,0.313,0.335
CUST-0179,2024-11-21,26,18,0.354,0.266
CUST-0179,2024-11-28,30,59,0.357,0.372
CUST-0179,2024-12-05,34,53,0.308,0.383
CUST-0179,2024-12-12,30,41,0.34,0.389
CUST-0179,2024-12-19,28,46,0.342,0.395
CUST-0179,2024-12-26,23,19,0.272,0.228
CUST-0179,2025-01-02,28,24,0.337,0.384
CUST-0179,2025-01-09,23,38,0.427,0.373
CUST-0179,2025-01-16,26,39,0.25,0.258
CUST-0179,2025-01-23,23,24,0.353,0.21
CUST-0179,2025-01-30,23,12,0.262,0.281
CUST-0179,2025-02-06,33,41,0.264,0.278
CUST-0179,2025-02-13,23,13,0.243,0.334
CUST-0179,2025-02-20,26,40,0.268,0.344
CUST-0179,2025-02-27,24,30,0.357,0.174
CUST-0179,2025-03-06,20,17,0.264,0.286
CUST-0179,2025-03-13,18,13,0.3,0.223
CUST-0179,2025-03-20,29,20,0.244,0.268
CUST-0179,2025-03-27,26,14,0.152,0.173
CUST-0179,2025-04-03,19,23,0.248,0.322
CUST-0179,2025-04-10,14,8,0.202,0.301
CUST-0179,2025-04-17,31,28,0.285,0.16
CUST-0179,2025-04-24,1,0,0.338,0.255
CUST-0179,2025-05-01,12,5,0.278,0.367
CUST-0179,2025-05-08,17,16,0.205,0.222
CUST-0179,2025-05-15,13,13,0.232,0.255
CUST-0179,2025-05-22,32,20,0.202,0.254
CUST-0179,2025-05-29,30,21,0.184,0.258
CUST-0179,2025-06-05,20,23,0.187,0.221
CUST-0179,2025-06-12,20,24,0.143,0.195
CUST-0179,2025-06-19,19,19,0.239,0.193
CUST-0179,2025-06-26,11,10,0.171,0.198
CUST-0179,2025-07-03,23,14,0.224,0.287
CUST-0179,2025-07-10,11,11,0.236,0.182
CUST-0179,2025-07-17,18,13,0.389,0.087
CUST-0179,2025-07-24,9,8,0.158,0.031
CUST-0180,2024-07-02,3,0,0.029,0.011
CUST-0180,2024-07-09,1,0,0.027,0.019
CUST-0180,2024-07-16,1,0,0.0,0.105
CUST-0180,2024-07-23,1,0,0.0,0.026
CUST-0180,2024-07-30,1,0,0.0,0.049
CUST-0180,2024-08-06,9,0,0.041,0.039
CUST-0180,2024-08-13,1,0,0.0,0.0
CUST-0180,2024-08-20,1,0,0.018,0.0
CUST-0180,2024-08-27,1,0,0.018,0.027
CUST-0180,2024-09-03,1,0,0.0,0.035
CUST-0180,2024-09-10,7,0,0.0,0.121
CUST-0180,2024-09-17,1,0,0.0,0.089
CUST-0180,2024-09-24,1,0,0.039,0.0
CUST-0180,2024-10-01,1,0,0.0,0.047
CUST-0180,2024-10-08,1,0,0.057,0.066
CUST-0180,2024-10-15,1,0,0.03,0.064
CUST-0180,2024-10-22,1,0,0.0,0.0
CUST-0180,2024-10-29,1,0,0.0,0.001
CUST-0180,2024-11-05,1,0,0.048,0.0
CUST-0180,2024-11-12,3,0,0.0,0.0
CUST-0180,2024-11-19,2,0,0.0,0.009
CUST-0180,2024-11-26,1,0,0.0,0.068
CUST-0180,2024-12-03,1,0,0.0,0.115
CUST-0180,2024-12-10,4,0,0.0,0.094
CUST-0180,2024-12-17,1,0,0.001,0.076
CUST-0180,2024-12-24,3,0,0.0,0.0
CUST-0180,2024-12-31,1,0,0.072,0.023
CUST-0180,2025-01-07,1,0,0.027,0.0
CUST-0180,2025-01-14,1,0,0.0,0.0
CUST-0180,2025-01-21,1,0,0.0,0.0
CUST-0180,2025-01-28,9,0,0.0,0.0
CUST-0180,2025-02-04,1,0,0.0,0.038
CUST-0180,2025-02-11,1,0,0.0,0.0
CUST-0180,2025-02-18,14,0,0.0,0.081
CUST-0180,2025-02-25,6,0,0.083,0.0
CUST-0180,2025-03-04,1,0,0.012,0.006
CUST-0180,2025-03-11,4,0,0.0,0.031
CUST-0180,2025-03-18,1,0,0.0,0.0
CUST-0180,2025-03-25,3,0,0.0,0.056
CUST-0180,2025-04-01,1,0,0.0,0.014
CUST-0180,2025-04-08,9,0,0.095,0.0
CUST-0180,2025-04-15,1,0,0.0,0.0
CUST-0180,2025-04-22,1,0,0.014,0.0
CUST-0180,2025-04-29,1,0,0.065,0.015
CUST-0180,2025-05-06,1,0,0.007,0.114
CUST-0180,2025-05-13,1,0,0.022,0.105
CUST-0180,2025-05-20,1,0,0.001,0.0
CUST-0180,2025-05-27,10,0,0.0,0.007
CUST-0180,2025-06-03,1,0,0.0,0.0
CUST-0180,2025-06-10,12,0,0.0,0.0
CUST-0180,2025-06-17,1,0,0.054,0.008
CUST-0180,2025-06-24,1,0,0.0,0.075
CUST-0180,2025-07-01,6,0,0.0,0.0
CUST-0180,2025-07-08,1,0,0.0,0.12
CUST-0180,2025-07-15,1,0,0.0,0.082
CUST-0180,2025-07-22,1,0,0.031,0.091
CUST-0180,2025-07-29,1,0,0.0,0.0
CUST-0180,2025-08-05,1,0,0.0,0.0
CUST-0180,2025-08-12,1,0,0.017,0.052
CUST-0180,2025-08-19,5,0,0.029,0.0
CUST-0180,2025-08-26,1,0,0.0,0.0
CUST-0180,2025-09-02,1,0,0.0,0.0
CUST-0180,2025-09-09,2,0,0.0,0.093
CUST-0180,2025-09-16,1,0,0.0,0.006
CUST-0180,2025-09-23,2,0,0.031,0.0
CUST-0180,2025-09-30,1,0,0.0,0.0
CUST-0180,2025-10-07,1,0,0.008,0.0
CUST-0180,2025-10-14,10,0,0.0,0.0
CUST-0180,2025-10-21,1,0,0.0,0.0
CUST-0180,2025-10-28,1,0,0.107,0.0
CUST-0180,2025-11-04,1,0,0.064,0.0
CUST-0180,2025-11-11,1,0,0.0,0.065
CUST-0180,2025-11-18,1,0,0.043,0.092
CUST-0180,2025-11-25,1,0,0.021,0.059
CUST-0180,2025-12-02,6,0,0.0,0.0
CUST-0180,2025-12-09,1,0,0.043,0.0
CUST-0180,2025-12-16,1,0,0.0,0.033
CUST-0180,2025-12-23,1,0,0.016,0.0
CUST-0180,2025-12-30,1,0,0.0,0.07
CUST-0180,2026-01-06,1,0,0.0,0.107
CUST-0180,2026-01-13,2,0,0.041,0.09
CUST-0180,2026-01-20,1,0,0.0,0.004
CUST-0180,2026-01-27,1,0,0.113,0.0
CUST-0180,2026-02-03,1,0,0.013,0.015
CUST-0180,2026-02-10,1,0,0.024,0.0
CUST-0180,2026-02-17,1,0,0.0,0.01
CUST-0180,2026-02-24,1,0,0.036,0.003
CUST-0180,2026-03-03,1,0,0.0,0.065
CUST-0180,2026-03-10,1,0,0.034,0.036
CUST-0180,2026-03-17,1,0,0.013,0.0
CUST-0180,2026-03-24,3,0,0.0,0.0
CUST-0180,2026-03-31,3,0,0.0,0.036
CUST-0180,2026-04-07,1,0,0.0,0.006
CUST-0180,2026-04-14,1,0,0.001,0.0
CUST-0180,2026-04-21,1,0,0.109,0.023
CUST-0180,2026-04-28,1,0,0.0,0.035
CUST-0180,2026-05-05,1,0,0.02,0.032
CUST-0180,2026-05-12,5,0,0.0,0.0
CUST-0180,2026-05-19,1,0,0.034,0.051
CUST-0180,2026-05-26,8,0,0.0,0.001
CUST-0180,2026-06-02,1,0,0.0,0.099
CUST-0180,2026-06-09,7,0,0.068,0.032
CUST-0180,2026-06-16,1,0,0.0,0.004
CUST-0180,2026-06-23,1,0,0.0,0.0
CUST-0181,2024-07-02,3,8,0.562,0.579
CUST-0181,2024-07-09,4,5,0.488,0.523
CUST-0181,2024-07-16,3,3,0.586,0.547
CUST-0181,2024-07-23,4,9,0.525,0.602
CUST-0181,2024-07-30,3,7,0.597,0.603
CUST-0181,2024-08-06,3,4,0.557,0.653
CUST-0181,2024-08-13,3,4,0.468,0.537
CUST-0181,2024-08-20,3,10,0.481,0.621
CUST-0181,2024-08-27,3,2,0.583,0.536
CUST-0181,2024-09-03,4,9,0.56,0.699
CUST-0181,2024-09-10,3,6,0.513,0.582
CUST-0181,2024-09-17,4,13,0.574,0.627
CUST-0181,2024-09-24,2,4,0.458,0.71
CUST-0181,2024-10-01,4,11,0.618,0.643
CUST-0181,2024-10-08,4,9,0.703,0.575
CUST-0181,2024-10-15,5,11,0.511,0.627
CUST-0181,2024-10-22,4,10,0.509,0.596
CUST-0181,2024-10-29,4,5,0.61,0.644
CUST-0181,2024-11-05,4,11,0.539,0.661
CUST-0181,2024-11-12,4,11,0.542,0.59
CUST-0181,2024-11-19,4,12,0.587,0.631
CUST-0181,2024-11-26,5,10,0.589,0.668
CUST-0181,2024-12-03,4,14,0.676,0.655
CUST-0181,2024-12-10,3,3,0.558,0.718
CUST-0181,2024-12-17,4,10,0.532,0.618
CUST-0181,2024-12-24,3,8,0.568,0.671
CUST-0181,2024-12-31,5,10,0.681,0.7
CUST-0181,2025-01-07,4,5,0.552,0.658
CUST-0181,2025-01-14,4,7,0.639,0.57
CUST-0181,2025-01-21,5,11,0.522,0.733
CUST-0181,2025-01-28,4,6,0.514,0.65
CUST-0181,2025-02-04,4,12,0.503,0.669
CUST-0181,2025-02-11,4,4,0.684,0.711
CUST-0181,2025-02-18,5,17,0.64,0.505
CUST-0181,2025-02-25,4,12,0.66,0.635
CUST-0181,2025-03-04,4,10,0.662,0.621
CUST-0181,2025-03-11,3,6,0.536,0.759
CUST-0181,2025-03-18,4,14,0.668,0.732
CUST-0181,2025-03-25,4,6,0.659,0.704
CUST-0181,2025-04-01,5,11,0.552,0.608
CUST-0181,2025-04-08,5,10,0.61,0.66
CUST-0181,2025-04-15,5,5,0.715,0.739
CUST-0181,2025-04-22,4,9,0.623,0.534
CUST-0181,2025-04-29,3,8,0.607,0.716
CUST-0181,2025-05-06,4,13,0.626,0.689
CUST-0181,2025-05-13,4,8,0.66,0.733
CUST-0181,2025-05-20,5,12,0.552,0.773
CUST-0181,2025-05-27,4,4,0.708,0.727
CUST-0181,2025-06-03,4,16,0.585,0.707
CUST-0181,2025-06-10,5,21,0.64,0.802
CUST-0181,2025-06-17,4,10,0.638,0.74
CUST-0181,2025-06-24,5,10,0.72,0.715
CUST-0181,2025-07-01,5,12,0.748,0.715
CUST-0181,2025-07-08,5,16,0.713,0.708
CUST-0181,2025-07-15,5,21,0.685,0.751
CUST-0181,2025-07-22,6,26,0.579,0.756
CUST-0181,2025-07-29,5,16,0.654,0.739
CUST-0181,2025-08-05,4,11,0.617,0.717
CUST-0181,2025-08-12,5,9,0.65,0.766
CUST-0181,2025-08-19,5,7,0.639,0.754
CUST-0181,2025-08-26,4,17,0.689,0.815
CUST-0181,2025-09-02,5,6,0.722,0.778
CUST-0181,2025-09-09,4,16,0.671,0.876
CUST-0181,2025-09-16,4,8,0.668,0.723
CUST-0181,2025-09-23,5,20,0.711,0.779
CUST-0181,2025-09-30,5,12,0.768,0.833
CUST-0181,2025-10-07,5,12,0.652,0.808
CUST-0181,2025-10-14,5,10,0.696,0.772
CUST-0181,2025-10-21,5,18,0.64,0.702
CUST-0181,2025-10-28,5,8,0.786,0.882
CUST-0181,2025-11-04,5,21,0.76,0.699
CUST-0181,2025-11-11,5,10,0.699,0.785
CUST-0181,2025-11-18,6,23,0.755,0.815
CUST-0181,2025-11-25,5,10,0.744,0.7
CUST-0181,2025-12-02,6,9,0.736,0.9
CUST-0181,2025-12-09,5,9,0.647,0.829
CUST-0181,2025-12-16,5,10,0.792,0.843
CUST-0181,2025-12-23,6,28,0.748,0.75
CUST-0181,2025-12-30,5,23,0.69,0.879
CUST-0181,2026-01-06,6,21,0.677,0.806
CUST-0181,2026-01-13,5,7,0.738,0.929
CUST-0181,2026-01-20,4,15,0.802,0.816
CUST-0181,2026-01-27,6,24,0.733,0.811
CUST-0181,2026-02-03,5,14,0.785,0.844
CUST-0181,2026-02-10,4,8,0.697,0.915
CUST-0181,2026-02-17,5,16,0.818,0.917
CUST-0181,2026-02-24,6,13,0.734,0.961
CUST-0181,2026-03-03,5,6,0.805,0.866
CUST-0181,2026-03-10,7,20,0.774,0.701
CUST-0181,2026-03-17,5,11,0.813,0.815
CUST-0181,2026-03-24,5,7,0.797,1.0
CUST-0181,2026-03-31,5,17,0.78,0.992
CUST-0181,2026-04-07,5,14,0.735,0.776
CUST-0181,2026-04-14,5,19,0.785,0.941
CUST-0181,2026-04-21,6,12,0.744,0.889
CUST-0181,2026-04-28,5,24,0.748,0.771
CUST-0181,2026-05-05,6,27,0.73,0.863
CUST-0181,2026-05-12,5,20,0.691,0.826
CUST-0181,2026-05-19,5,24,0.722,0.826
CUST-0181,2026-05-26,6,29,0.776,0.949
CUST-0181,2026-06-02,5,25,0.67,0.807
CUST-0181,2026-06-09,6,25,0.747,0.852
CUST-0181,2026-06-16,6,8,0.786,0.858
CUST-0181,2026-06-23,5,20,0.79,0.88
CUST-0182,2022-12-19,42,86,0.568,0.707
CUST-0182,2022-12-26,42,62,0.612,0.615
CUST-0182,2023-01-02,42,149,0.567,0.705
CUST-0182,2023-01-09,40,88,0.546,0.665
CUST-0182,2023-01-16,45,123,0.506,0.68
CUST-0182,2023-01-23,46,147,0.562,0.535
CUST-0182,2023-01-30,49,108,0.528,0.6
CUST-0182,2023-02-06,37,48,0.567,0.61
CUST-0182,2023-02-13,63,169,0.498,0.585
CUST-0182,2023-02-20,43,120,0.533,0.615
CUST-0182,2023-02-27,51,115,0.567,0.63
CUST-0182,2023-03-06,42,57,0.507,0.601
CUST-0182,2023-03-13,47,109,0.536,0.469
CUST-0182,2023-03-20,43,106,0.549,0.579
CUST-0182,2023-03-27,46,103,0.483,0.502
CUST-0182,2023-04-03,31,35,0.507,0.61
CUST-0182,2023-04-10,42,50,0.534,0.598
CUST-0182,2023-04-17,35,113,0.485,0.593
CUST-0182,2023-04-24,43,136,0.518,0.534
CUST-0182,2023-05-01,45,142,0.565,0.604
CUST-0182,2023-05-08,37,109,0.501,0.567
CUST-0182,2023-05-15,42,75,0.467,0.597
CUST-0182,2023-05-22,49,90,0.483,0.544
CUST-0182,2023-05-29,44,128,0.502,0.582
CUST-0182,2023-06-05,42,98,0.495,0.476
CUST-0182,2023-06-12,41,102,0.579,0.581
CUST-0182,2023-06-19,37,41,0.492,0.533
CUST-0182,2023-06-26,41,54,0.465,0.57
CUST-0182,2023-07-03,31,24,0.422,0.453
CUST-0182,2023-07-10,34,73,0.538,0.467
CUST-0182,2023-07-17,39,99,0.48,0.528
CUST-0182,2023-07-24,37,105,0.572,0.399
CUST-0182,2023-07-31,38,54,0.444,0.538
CUST-0182,2023-08-07,43,70,0.55,0.529
CUST-0182,2023-08-14,39,45,0.492,0.594
CUST-0182,2023-08-21,48,60,0.446,0.532
CUST-0182,2023-08-28,33,94,0.396,0.484
CUST-0182,2023-09-04,44,60,0.431,0.367
CUST-0182,2023-09-11,41,33,0.471,0.388
CUST-0182,2023-09-18,39,36,0.513,0.554
CUST-0182,2023-09-25,35,84,0.46,0.382
CUST-0182,2023-10-02,31,87,0.39,0.392
CUST-0182,2023-10-09,36,65,0.512,0.559
CUST-0182,2023-10-16,41,111,0.511,0.453
CUST-0182,2023-10-23,32,86,0.351,0.583
CUST-0182,2023-10-30,40,80,0.381,0.528
CUST-0182,2023-11-06,43,86,0.404,0.389
CUST-0182,2023-11-13,37,63,0.376,0.335
CUST-0182,2023-11-20,43,82,0.428,0.344
CUST-0182,2023-11-27,34,42,0.34,0.392
CUST-0182,2023-12-04,29,68,0.489,0.426
CUST-0182,2023-12-11,38,98,0.233,0.366
CUST-0182,2023-12-18,33,42,0.525,0.471
CUST-0182,2023-12-25,22,32,0.396,0.553
CUST-0182,2024-01-01,27,25,0.38,0.425
CUST-0182,2024-01-08,29,29,0.352,0.377
CUST-0182,2024-01-15,32,43,0.345,0.408
CUST-0182,2024-01-22,40,35,0.336,0.377
CUST-0182,2024-01-29,31,27,0.473,0.413
CUST-0182,2024-02-05,27,54,0.318,0.419
CUST-0182,2024-02-12,29,59,0.369,0.462
CUST-0182,2024-02-19,33,71,0.415,0.308
CUST-0182,2024-02-26,28,59,0.446,0.392
CUST-0182,2024-03-04,47,67,0.355,0.401
CUST-0182,2024-03-11,34,60,0.358,0.428
CUST-0182,2024-03-18,20,28,0.444,0.454
CUST-0182,2024-03-25,35,47,0.383,0.344
CUST-0182,2024-04-01,23,18,0.347,0.33
CUST-0182,2024-04-08,42,29,0.408,0.371
CUST-0182,2024-04-15,30,54,0.264,0.329
CUST-0182,2024-04-22,33,27,0.344,0.354
CUST-0182,2024-04-29,15,25,0.298,0.381
CUST-0182,2024-05-06,30,33,0.34,0.485
CUST-0182,2024-05-13,33,33,0.374,0.295
CUST-0182,2024-05-20,34,41,0.404,0.463
CUST-0182,2024-05-27,27,46,0.429,0.339
CUST-0182,2024-06-03,25,33,0.296,0.288
CUST-0182,2024-06-10,19,24,0.348,0.446
CUST-0182,2024-06-17,30,44,0.375,0.39
CUST-0182,2024-06-24,35,30,0.381,0.39
CUST-0182,2024-07-01,24,19,0.367,0.413
CUST-0182,2024-07-08,23,33,0.351,0.334
CUST-0182,2024-07-15,25,20,0.243,0.322
CUST-0182,2024-07-22,37,47,0.337,0.429
CUST-0182,2024-07-29,23,24,0.303,0.258
CUST-0182,2024-08-05,28,24,0.374,0.328
CUST-0182,2024-08-12,33,37,0.253,0.331
CUST-0182,2024-08-19,34,53,0.208,0.314
CUST-0182,2024-08-26,14,22,0.269,0.374
CUST-0182,2024-09-02,30,57,0.279,0.361
CUST-0182,2024-09-09,19,32,0.262,0.244
CUST-0182,2024-09-16,25,35,0.279,0.388
CUST-0182,2024-09-23,20,19,0.249,0.286
CUST-0182,2024-09-30,22,35,0.272,0.328
CUST-0182,2024-10-07,10,12,0.313,0.259
CUST-0182,2024-10-14,20,12,0.376,0.27
CUST-0182,2024-10-21,18,22,0.29,0.34
CUST-0182,2024-10-28,35,28,0.234,0.211
CUST-0182,2024-11-04,27,42,0.146,0.171
CUST-0182,2024-11-11,21,16,0.196,0.176
CUST-0182,2024-11-18,12,10,0.316,0.275
CUST-0182,2024-11-25,18,22,0.218,0.18
CUST-0182,2024-12-02,23,34,0.221,0.334
CUST-0182,2024-12-09,24,11,0.308,0.294
CUST-0183,2025-10-09,83,360,0.994,0.995
CUST-0183,2025-10-16,86,423,0.825,0.876
CUST-0183,2025-10-23,82,204,0.749,0.918
CUST-0183,2025-10-30,89,438,0.943,0.986
CUST-0183,2025-11-06,92,257,0.742,0.871
CUST-0183,2025-11-13,80,400,0.877,0.893
CUST-0183,2025-11-20,90,185,0.78,0.869
CUST-0183,2025-11-27,85,381,0.882,0.813
CUST-0183,2025-12-04,79,292,0.861,0.869
CUST-0183,2025-12-11,76,342,0.708,0.9
CUST-0183,2025-12-18,84,336,0.768,0.764
CUST-0183,2025-12-25,61,233,0.777,0.793
CUST-0183,2026-01-01,86,302,0.784,0.711
CUST-0183,2026-01-08,67,254,0.707,0.838
CUST-0183,2026-01-15,71,297,0.73,0.819
CUST-0183,2026-01-22,67,156,0.78,0.703
CUST-0183,2026-01-29,74,193,0.688,0.824
CUST-0183,2026-02-05,68,107,0.77,0.788
CUST-0183,2026-02-12,74,192,0.777,0.777
CUST-0183,2026-02-19,56,119,0.68,0.697
CUST-0183,2026-02-26,66,110,0.658,0.657
CUST-0183,2026-03-05,65,274,0.726,0.74
CUST-0183,2026-03-12,72,253,0.732,0.726
CUST-0183,2026-03-19,69,221,0.737,0.759
CUST-0183,2026-03-26,72,132,0.747,0.667
CUST-0184,2024-08-13,397,1159,0.825,0.809
CUST-0184,2024-08-20,375,975,0.691,0.813
CUST-0184,2024-08-27,356,477,0.697,0.782
CUST-0184,2024-09-03,425,1575,0.71,1.0
CUST-0184,2024-09-10,379,953,0.73,0.865
CUST-0184,2024-09-17,439,1383,0.709,0.713
CUST-0184,2024-09-24,373,1584,0.728,0.818
CUST-0184,2024-10-01,414,1766,0.689,0.773
CUST-0184,2024-10-08,362,1020,0.825,0.687
CUST-0184,2024-10-15,405,1699,0.692,0.747
CUST-0184,2024-10-22,420,1827,0.779,0.813
CUST-0184,2024-10-29,427,1126,0.791,0.734
CUST-0184,2024-11-05,339,508,0.748,0.81
CUST-0184,2024-11-12,415,1895,0.737,0.734
CUST-0184,2024-11-19,383,969,0.721,0.853
CUST-0184,2024-11-26,310,1393,0.686,0.871
CUST-0184,2024-12-03,353,1404,0.692,0.846
CUST-0184,2024-12-10,410,1132,0.741,0.789
CUST-0184,2024-12-17,362,1314,0.741,0.828
CUST-0184,2024-12-24,278,944,0.717,0.726
CUST-0184,2024-12-31,395,1783,0.727,0.771
CUST-0184,2025-01-07,289,1171,0.65,0.833
CUST-0184,2025-01-14,353,835,0.83,0.777
CUST-0184,2025-01-21,381,797,0.68,0.674
CUST-0184,2025-01-28,363,658,0.712,0.845
CUST-0184,2025-02-04,409,1388,0.789,0.872
CUST-0184,2025-02-11,445,1262,0.725,0.856
CUST-0184,2025-02-18,277,558,0.758,0.711
CUST-0184,2025-02-25,363,1220,0.702,0.673
CUST-0184,2025-03-04,333,1271,0.711,0.774
CUST-0184,2025-03-11,378,1726,0.709,0.78
CUST-0184,2025-03-18,326,747,0.679,0.813
CUST-0184,2025-03-25,361,1127,0.688,0.737
CUST-0184,2025-04-01,336,1104,0.691,0.75
CUST-0184,2025-04-08,364,472,0.691,0.821
CUST-0184,2025-04-15,451,1810,0.746,0.74
CUST-0184,2025-04-22,338,1193,0.65,0.661
CUST-0184,2025-04-29,275,366,0.713,0.756
CUST-0184,2025-05-06,377,955,0.739,0.749
CUST-0184,2025-05-13,318,582,0.653,0.751
CUST-0184,2025-05-20,354,1097,0.7,0.8
CUST-0184,2025-05-27,387,1434,0.636,0.813
CUST-0184,2025-06-03,375,1084,0.69,0.763
CUST-0184,2025-06-10,344,1154,0.734,0.653
CUST-0184,2025-06-17,340,1207,0.594,0.911
CUST-0184,2025-06-24,405,805,0.643,0.688
CUST-0184,2025-07-01,343,970,0.676,0.749
CUST-0184,2025-07-08,369,1164,0.723,0.828
CUST-0184,2025-07-15,344,713,0.635,0.754
CUST-0184,2025-07-22,334,677,0.715,0.699
CUST-0184,2025-07-29,356,427,0.627,0.765
CUST-0184,2025-08-05,324,1247,0.721,0.643
CUST-0184,2025-08-12,312,487,0.582,0.657
CUST-0184,2025-08-19,368,845,0.721,0.7
CUST-0184,2025-08-26,369,1316,0.619,0.706
CUST-0184,2025-09-02,369,674,0.653,0.786
CUST-0184,2025-09-09,387,1501,0.703,0.72
CUST-0184,2025-09-16,325,1311,0.641,0.709
CUST-0184,2025-09-23,352,1409,0.673,0.782
CUST-0184,2025-09-30,318,1015,0.704,0.697
CUST-0184,2025-10-07,345,1213,0.729,0.656
CUST-0184,2025-10-14,310,679,0.748,0.749
CUST-0184,2025-10-21,347,1353,0.691,0.825
CUST-0184,2025-10-28,368,1285,0.691,0.762
CUST-0184,2025-11-04,353,665,0.687,0.706
CUST-0184,2025-11-11,343,1272,0.692,0.84
CUST-0184,2025-11-18,294,1111,0.685,0.901
CUST-0184,2025-11-25,393,432,0.681,0.734
CUST-0184,2025-12-02,327,1069,0.667,0.653
CUST-0184,2025-12-09,345,1481,0.654,0.735
CUST-0184,2025-12-16,315,581,0.697,0.689
CUST-0184,2025-12-23,394,1029,0.735,0.608
CUST-0184,2025-12-30,337,1415,0.604,0.662
CUST-0184,2026-01-06,338,994,0.65,0.722
CUST-0184,2026-01-13,322,1189,0.67,0.673
CUST-0184,2026-01-20,311,1292,0.665,0.676
CUST-0184,2026-01-27,294,1207,0.613,0.84
CUST-0184,2026-02-03,383,1445,0.611,0.765
CUST-0184,2026-02-10,260,293,0.705,0.73
CUST-0184,2026-02-17,325,600,0.649,0.796
CUST-0184,2026-02-24,349,818,0.671,0.724
CUST-0184,2026-03-03,377,933,0.686,0.751
CUST-0184,2026-03-10,382,458,0.653,0.726
CUST-0184,2026-03-17,359,1235,0.633,0.75
CUST-0184,2026-03-24,374,805,0.648,0.725
CUST-0184,2026-03-31,335,500,0.643,0.782
CUST-0184,2026-04-07,368,1122,0.609,0.764
CUST-0184,2026-04-14,296,835,0.614,0.582
CUST-0184,2026-04-21,365,1295,0.675,0.708
CUST-0184,2026-04-28,301,645,0.606,0.588
CUST-0184,2026-05-05,352,662,0.654,0.662
CUST-0184,2026-05-12,393,1008,0.56,0.613
CUST-0184,2026-05-19,350,1456,0.621,0.753
CUST-0184,2026-05-26,306,333,0.638,0.726
CUST-0184,2026-06-02,340,814,0.566,0.817
CUST-0184,2026-06-09,325,1011,0.674,0.646
CUST-0184,2026-06-16,358,406,0.644,0.765
CUST-0184,2026-06-23,391,815,0.628,0.769
CUST-0185,2024-07-02,75,131,0.435,0.426
CUST-0185,2024-07-09,75,64,0.37,0.528
CUST-0185,2024-07-16,61,74,0.386,0.401
CUST-0185,2024-07-23,47,84,0.422,0.42
CUST-0185,2024-07-30,64,150,0.315,0.417
CUST-0185,2024-08-06,68,151,0.3,0.404
CUST-0185,2024-08-13,68,135,0.383,0.435
CUST-0185,2024-08-20,87,162,0.398,0.363
CUST-0185,2024-08-27,61,124,0.319,0.404
CUST-0185,2024-09-03,62,148,0.462,0.456
CUST-0185,2024-09-10,70,108,0.315,0.468
CUST-0185,2024-09-17,59,140,0.33,0.419
CUST-0185,2024-09-24,48,105,0.458,0.37
CUST-0185,2024-10-01,74,142,0.354,0.382
CUST-0185,2024-10-08,95,117,0.301,0.406
CUST-0185,2024-10-15,59,60,0.403,0.38
CUST-0185,2024-10-22,83,118,0.285,0.405
CUST-0185,2024-10-29,69,130,0.434,0.344
CUST-0185,2024-11-05,68,77,0.327,0.46
CUST-0185,2024-11-12,43,42,0.311,0.3
CUST-0185,2024-11-19,55,54,0.274,0.386
CUST-0185,2024-11-26,71,103,0.384,0.392
CUST-0185,2024-12-03,73,63,0.396,0.356
CUST-0185,2024-12-10,56,76,0.33,0.397
CUST-0185,2024-12-17,44,41,0.334,0.251
CUST-0185,2024-12-24,70,67,0.274,0.396
CUST-0185,2024-12-31,47,72,0.339,0.39
CUST-0185,2025-01-07,45,75,0.374,0.341
CUST-0185,2025-01-14,55,61,0.291,0.437
CUST-0185,2025-01-21,62,114,0.315,0.318
CUST-0185,2025-01-28,58,109,0.259,0.363
CUST-0185,2025-02-04,73,108,0.254,0.318
CUST-0185,2025-02-11,31,29,0.272,0.391
CUST-0185,2025-02-18,48,54,0.242,0.376
CUST-0185,2025-02-25,82,138,0.381,0.339
CUST-0185,2025-03-04,64,44,0.342,0.333
CUST-0185,2025-03-11,44,57,0.328,0.277
CUST-0185,2025-03-18,43,36,0.372,0.338
CUST-0185,2025-03-25,37,46,0.352,0.288
CUST-0185,2025-04-01,54,35,0.241,0.278
CUST-0185,2025-04-08,55,83,0.147,0.282
CUST-0185,2025-04-15,45,27,0.248,0.155
CUST-0185,2025-04-22,37,61,0.282,0.287
CUST-0185,2025-04-29,66,69,0.28,0.322
CUST-0185,2025-05-06,46,63,0.329,0.258
CUST-0185,2025-05-13,55,68,0.264,0.405
CUST-0185,2025-05-20,66,82,0.131,0.27
CUST-0185,2025-05-27,48,51,0.262,0.237
CUST-0185,2025-06-03,41,60,0.203,0.33
CUST-0185,2025-06-10,42,28,0.214,0.072
CUST-0185,2025-06-17,35,21,0.2,0.304
CUST-0185,2025-06-24,24,14,0.2,0.252
CUST-0185,2025-07-01,54,46,0.25,0.343
CUST-0185,2025-07-08,12,5,0.219,0.314
CUST-0185,2025-07-15,23,24,0.208,0.156
CUST-0185,2025-07-22,61,65,0.195,0.199
CUST-0185,2025-07-29,18,6,0.302,0.213
CUST-0185,2025-08-05,34,22,0.097,0.26
CUST-0185,2025-08-12,36,34,0.173,0.126
CUST-0185,2025-08-19,54,20,0.214,0.147
CUST-0185,2025-08-26,41,34,0.155,0.303
CUST-0185,2025-09-02,35,30,0.191,0.107
CUST-0185,2025-09-09,22,14,0.215,0.173
CUST-0185,2025-09-16,35,24,0.138,0.151
CUST-0185,2025-09-23,19,10,0.239,0.205
CUST-0185,2025-09-30,48,44,0.136,0.23
CUST-0185,2025-10-07,47,52,0.105,0.227
CUST-0185,2025-10-14,57,38,0.2,0.023
CUST-0185,2025-10-21,20,6,0.193,0.193
CUST-0185,2025-10-28,40,20,0.219,0.206
CUST-0185,2025-11-04,29,19,0.108,0.029
CUST-0185,2025-11-11,39,20,0.189,0.133
CUST-0185,2025-11-18,35,33,0.118,0.095
CUST-0185,2025-11-25,25,10,0.054,0.196
CUST-0185,2025-12-02,26,13,0.203,0.143
CUST-0185,2025-12-09,23,20,0.142,0.074
CUST-0185,2025-12-16,21,12,0.219,0.222
CUST-0185,2025-12-23,52,25,0.024,0.148
CUST-0185,2025-12-30,42,29,0.099,0.14
CUST-0185,2026-01-06,13,3,0.157,0.131
CUST-0185,2026-01-13,29,22,0.175,0.114
CUST-0185,2026-01-20,1,0,0.098,0.018
CUST-0185,2026-01-27,44,30,0.095,0.165
CUST-0185,2026-02-03,27,18,0.058,0.058
CUST-0185,2026-02-10,43,20,0.112,0.098
CUST-0185,2026-02-17,1,0,0.208,0.144
CUST-0185,2026-02-24,20,12,0.052,0.095
CUST-0185,2026-03-03,1,0,0.185,0.048
CUST-0185,2026-03-10,1,0,0.157,0.048
CUST-0185,2026-03-17,13,6,0.144,0.064
CUST-0185,2026-03-24,27,14,0.021,0.142
CUST-0185,2026-03-31,1,0,0.037,0.072
CUST-0185,2026-04-07,16,5,0.022,0.07
CUST-0185,2026-04-14,1,0,0.109,0.058
CUST-0185,2026-04-21,16,6,0.103,0.14
CUST-0185,2026-04-28,26,6,0.11,0.001
CUST-0185,2026-05-05,1,0,0.121,0.06
CUST-0185,2026-05-12,22,7,0.031,0.082
CUST-0185,2026-05-19,34,5,0.077,0.073
CUST-0185,2026-05-26,11,3,0.0,0.023
CUST-0185,2026-06-02,1,0,0.033,0.053
CUST-0185,2026-06-09,4,0,0.049,0.0
CUST-0185,2026-06-16,31,8,0.0,0.154
CUST-0185,2026-06-23,1,0,0.118,0.0
CUST-0186,2024-07-16,217,403,0.425,0.567
CUST-0186,2024-07-23,189,495,0.465,0.551
CUST-0186,2024-07-30,161,210,0.468,0.445
CUST-0186,2024-08-06,112,205,0.447,0.479
CUST-0186,2024-08-13,162,256,0.46,0.66
CUST-0186,2024-08-20,187,516,0.39,0.502
CUST-0186,2024-08-27,133,359,0.509,0.536
CUST-0186,2024-09-03,166,154,0.433,0.53
CUST-0186,2024-09-10,173,314,0.44,0.528
CUST-0186,2024-09-17,157,160,0.399,0.44
CUST-0186,2024-09-24,177,154,0.403,0.418
CUST-0186,2024-10-01,155,233,0.451,0.515
CUST-0186,2024-10-08,145,320,0.415,0.404
CUST-0186,2024-10-15,142,220,0.445,0.469
CUST-0186,2024-10-22,142,244,0.412,0.322
CUST-0186,2024-10-29,92,115,0.373,0.513
CUST-0186,2024-11-05,120,105,0.304,0.386
CUST-0186,2024-11-12,177,384,0.41,0.387
CUST-0186,2024-11-19,126,264,0.46,0.486
CUST-0186,2024-11-26,111,246,0.329,0.409
CUST-0186,2024-12-03,147,105,0.402,0.404
CUST-0186,2024-12-10,126,142,0.413,0.48
CUST-0186,2024-12-17,127,121,0.329,0.42
CUST-0186,2024-12-24,145,139,0.36,0.45
CUST-0186,2024-12-31,133,278,0.356,0.477
CUST-0186,2025-01-07,107,177,0.351,0.374
CUST-0186,2025-01-14,157,116,0.403,0.45
CUST-0186,2025-01-21,98,149,0.371,0.383
CUST-0186,2025-01-28,131,75,0.344,0.316
CUST-0186,2025-02-04,167,178,0.324,0.424
CUST-0186,2025-02-11,109,212,0.329,0.417
CUST-0186,2025-02-18,137,118,0.332,0.336
CUST-0186,2025-02-25,96,81,0.267,0.447
CUST-0186,2025-03-04,133,186,0.344,0.233
CUST-0186,2025-03-11,121,230,0.332,0.195
CUST-0186,2025-03-18,121,179,0.301,0.366
CUST-0186,2025-03-25,60,33,0.275,0.301
CUST-0186,2025-04-01,85,164,0.223,0.246
CUST-0186,2025-04-08,108,196,0.235,0.305
CUST-0186,2025-04-15,127,62,0.327,0.366
CUST-0186,2025-04-22,56,73,0.262,0.358
CUST-0186,2025-04-29,104,84,0.332,0.298
CUST-0186,2025-05-06,65,63,0.345,0.46
CUST-0186,2025-05-13,97,97,0.178,0.296
CUST-0186,2025-05-20,79,41,0.322,0.299
CUST-0186,2025-05-27,145,177,0.205,0.253
CUST-0186,2025-06-03,110,86,0.235,0.259
CUST-0186,2025-06-10,92,40,0.209,0.244
CUST-0186,2025-06-17,71,56,0.264,0.362
CUST-0186,2025-06-24,91,116,0.239,0.163
CUST-0186,2025-07-01,25,22,0.28,0.258
CUST-0186,2025-07-08,85,33,0.28,0.101
CUST-0186,2025-07-15,83,104,0.239,0.232
CUST-0186,2025-07-22,73,54,0.289,0.213
CUST-0186,2025-07-29,103,117,0.239,0.163
CUST-0186,2025-08-05,77,68,0.28,0.268
CUST-0186,2025-08-12,68,69,0.215,0.16
CUST-0186,2025-08-19,102,62,0.262,0.199
CUST-0186,2025-08-26,54,29,0.168,0.307
CUST-0186,2025-09-02,43,34,0.152,0.228
CUST-0186,2025-09-09,102,34,0.282,0.214
CUST-0186,2025-09-16,80,84,0.088,0.063
CUST-0186,2025-09-23,73,64,0.16,0.133
CUST-0186,2025-09-30,3,2,0.144,0.086
CUST-0186,2025-10-07,45,29,0.168,0.154
CUST-0186,2025-10-14,101,42,0.195,0.109
CUST-0186,2025-10-21,101,90,0.115,0.15
CUST-0186,2025-10-28,76,40,0.092,0.114
CUST-0186,2025-11-04,52,12,0.118,0.189
CUST-0186,2025-11-11,14,12,0.135,0.115
CUST-0186,2025-11-18,45,29,0.181,0.181
CUST-0186,2025-11-25,50,27,0.064,0.151
CUST-0186,2025-12-02,16,10,0.138,0.117
CUST-0186,2025-12-09,53,32,0.22,0.066
CUST-0186,2025-12-16,7,3,0.088,0.116
CUST-0186,2025-12-23,41,24,0.167,0.178
CUST-0186,2025-12-30,61,12,0.049,0.186
CUST-0186,2026-01-06,43,26,0.125,0.024
CUST-0186,2026-01-13,15,7,0.145,0.138
CUST-0186,2026-01-20,39,23,0.065,0.044
CUST-0186,2026-01-27,4,2,0.052,0.063
CUST-0186,2026-02-03,27,3,0.058,0.079
CUST-0186,2026-02-10,15,2,0.052,0.073
CUST-0186,2026-02-17,1,0,0.033,0.136
CUST-0186,2026-02-24,51,14,0.168,0.126
CUST-0187,2023-03-22,11,26,0.606,0.508
CUST-0187,2023-03-29,14,20,0.488,0.561
CUST-0187,2023-04-05,16,39,0.52,0.556
CUST-0187,2023-04-12,15,14,0.447,0.555
CUST-0187,2023-04-19,13,18,0.576,0.61
CUST-0187,2023-04-26,12,10,0.574,0.579
CUST-0187,2023-05-03,12,26,0.499,0.431
CUST-0187,2023-05-10,10,16,0.454,0.515
CUST-0187,2023-05-17,16,14,0.571,0.515
CUST-0187,2023-05-24,11,16,0.39,0.617
CUST-0187,2023-05-31,13,35,0.485,0.591
CUST-0187,2023-06-07,16,28,0.475,0.53
CUST-0187,2023-06-14,10,30,0.469,0.486
CUST-0187,2023-06-21,15,31,0.513,0.53
CUST-0187,2023-06-28,12,25,0.459,0.519
CUST-0187,2023-07-05,12,34,0.494,0.563
CUST-0187,2023-07-12,12,18,0.443,0.624
CUST-0187,2023-07-19,11,32,0.486,0.474
CUST-0187,2023-07-26,10,16,0.458,0.418
CUST-0187,2023-08-02,12,22,0.457,0.537
CUST-0187,2023-08-09,16,13,0.449,0.637
CUST-0187,2023-08-16,12,13,0.477,0.506
CUST-0187,2023-08-23,10,28,0.486,0.535
CUST-0187,2023-08-30,12,32,0.386,0.468
CUST-0187,2023-09-06,10,14,0.407,0.377
CUST-0187,2023-09-13,10,17,0.348,0.499
CUST-0187,2023-09-20,14,15,0.453,0.451
CUST-0187,2023-09-27,11,21,0.33,0.374
CUST-0187,2023-10-04,9,23,0.386,0.471
CUST-0187,2023-10-11,9,14,0.415,0.429
CUST-0187,2023-10-18,11,26,0.402,0.433
CUST-0187,2023-10-25,14,37,0.45,0.405
CUST-0187,2023-11-01,11,25,0.39,0.363
CUST-0187,2023-11-08,10,7,0.481,0.328
CUST-0187,2023-11-15,11,22,0.435,0.538
CUST-0187,2023-11-22,6,4,0.451,0.388
CUST-0187,2023-11-29,7,11,0.305,0.409
CUST-0187,2023-12-06,13,17,0.396,0.494
CUST-0187,2023-12-13,13,23,0.467,0.335
CUST-0187,2023-12-20,10,12,0.41,0.488
CUST-0187,2023-12-27,11,26,0.434,0.513
CUST-0187,2024-01-03,9,9,0.406,0.456
CUST-0187,2024-01-10,11,14,0.321,0.507
CUST-0187,2024-01-17,8,13,0.452,0.455
CUST-0187,2024-01-24,9,19,0.365,0.374
CUST-0187,2024-01-31,11,24,0.346,0.269
CUST-0187,2024-02-07,6,7,0.292,0.522
CUST-0187,2024-02-14,9,7,0.391,0.376
CUST-0187,2024-02-21,11,15,0.207,0.276
CUST-0187,2024-02-28,6,7,0.416,0.417
CUST-0187,2024-03-06,8,5,0.399,0.318
CUST-0187,2024-03-13,12,23,0.377,0.392
CUST-0187,2024-03-20,7,4,0.308,0.221
CUST-0187,2024-03-27,7,12,0.327,0.441
CUST-0187,2024-04-03,7,10,0.303,0.333
CUST-0187,2024-04-10,11,14,0.407,0.375
CUST-0187,2024-04-17,6,3,0.365,0.337
CUST-0187,2024-04-24,11,9,0.27,0.386
CUST-0187,2024-05-01,11,19,0.3,0.364
CUST-0187,2024-05-08,7,14,0.357,0.309
CUST-0187,2024-05-15,8,4,0.387,0.389
CUST-0187,2024-05-22,7,5,0.294,0.365
CUST-0187,2024-05-29,8,11,0.236,0.393
CUST-0187,2024-06-05,8,4,0.386,0.374
CUST-0187,2024-06-12,6,4,0.365,0.408
CUST-0187,2024-06-19,11,7,0.338,0.336
CUST-0187,2024-06-26,8,15,0.284,0.316
CUST-0187,2024-07-03,8,4,0.284,0.275
CUST-0187,2024-07-10,6,4,0.378,0.408
CUST-0187,2024-07-17,8,13,0.327,0.412
CUST-0187,2024-07-24,7,3,0.339,0.35
CUST-0187,2024-07-31,7,4,0.281,0.224
CUST-0187,2024-08-07,2,3,0.318,0.352
CUST-0187,2024-08-14,8,7,0.212,0.303
CUST-0187,2024-08-21,8,12,0.275,0.286
CUST-0187,2024-08-28,7,7,0.36,0.436
CUST-0187,2024-09-04,7,8,0.248,0.291
CUST-0187,2024-09-11,8,5,0.289,0.272
CUST-0187,2024-09-18,6,10,0.382,0.311
CUST-0187,2024-09-25,7,9,0.225,0.318
CUST-0187,2024-10-02,5,5,0.247,0.278
CUST-0187,2024-10-09,6,8,0.335,0.218
CUST-0187,2024-10-16,7,10,0.16,0.349
CUST-0187,2024-10-23,7,8,0.276,0.229
CUST-0187,2024-10-30,8,11,0.26,0.221
CUST-0187,2024-11-06,6,7,0.281,0.187
CUST-0187,2024-11-13,4,2,0.296,0.229
CUST-0187,2024-11-20,11,11,0.269,0.255
CUST-0187,2024-11-27,4,1,0.268,0.126
CUST-0187,2024-12-04,9,9,0.34,0.281
CUST-0187,2024-12-11,9,8,0.269,0.298
CUST-0187,2024-12-18,2,0,0.331,0.392
CUST-0187,2024-12-25,2,2,0.257,0.383
CUST-0187,2025-01-01,8,8,0.143,0.29
CUST-0187,2025-01-08,6,4,0.204,0.241
CUST-0187,2025-01-15,5,2,0.129,0.199
CUST-0187,2025-01-22,8,11,0.279,0.282
CUST-0187,2025-01-29,1,1,0.301,0.302
CUST-0187,2025-02-05,5,5,0.256,0.309
CUST-0187,2025-02-12,6,4,0.253,0.217
CUST-0188,2024-05-13,12,29,0.588,0.659
CUST-0188,2024-05-20,11,34,0.574,0.653
CUST-0188,2024-05-27,14,24,0.488,0.61
CUST-0188,2024-06-03,13,30,0.494,0.488
CUST-0188,2024-06-10,11,11,0.543,0.525
CUST-0188,2024-06-17,10,17,0.556,0.491
CUST-0188,2024-06-24,14,16,0.525,0.555
CUST-0188,2024-07-01,11,27,0.574,0.624
CUST-0188,2024-07-08,12,28,0.52,0.562
CUST-0188,2024-07-15,10,16,0.542,0.557
CUST-0188,2024-07-22,12,31,0.479,0.522
CUST-0188,2024-07-29,15,49,0.542,0.62
CUST-0188,2024-08-05,13,13,0.564,0.59
CUST-0188,2024-08-12,10,12,0.561,0.614
CUST-0188,2024-08-19,13,40,0.509,0.579
CUST-0188,2024-08-26,10,30,0.533,0.58
CUST-0188,2024-09-02,11,21,0.562,0.561
CUST-0188,2024-09-09,13,42,0.523,0.557
CUST-0188,2024-09-16,12,35,0.54,0.657
CUST-0188,2024-09-23,13,24,0.642,0.554
CUST-0188,2024-09-30,12,12,0.552,0.616
CUST-0188,2024-10-07,12,29,0.58,0.61
CUST-0188,2024-10-14,13,26,0.507,0.501
CUST-0188,2024-10-21,11,16,0.458,0.631
CUST-0188,2024-10-28,12,39,0.535,0.537
CUST-0188,2024-11-04,9,25,0.55,0.631
CUST-0188,2024-11-11,9,11,0.588,0.654
CUST-0188,2024-11-18,10,12,0.487,0.57
CUST-0188,2024-11-25,10,32,0.523,0.579
CUST-0188,2024-12-02,12,34,0.441,0.568
CUST-0188,2024-12-09,11,20,0.504,0.612
CUST-0188,2024-12-16,12,14,0.444,0.555
CUST-0188,2024-12-23,11,22,0.46,0.509
CUST-0188,2024-12-30,13,14,0.539,0.541
CUST-0188,2025-01-06,10,31,0.605,0.537
CUST-0188,2025-01-13,14,28,0.554,0.498
CUST-0188,2025-01-20,11,10,0.581,0.521
CUST-0188,2025-01-27,12,24,0.538,0.636
CUST-0188,2025-02-03,12,27,0.453,0.531
CUST-0188,2025-02-10,11,34,0.486,0.657
CUST-0188,2025-02-17,13,40,0.519,0.582
CUST-0188,2025-02-24,13,29,0.551,0.575
CUST-0188,2025-03-03,10,15,0.472,0.512
CUST-0188,2025-03-10,13,14,0.482,0.633
CUST-0188,2025-03-17,12,38,0.547,0.535
CUST-0188,2025-03-24,10,21,0.528,0.603
CUST-0188,2025-03-31,13,30,0.489,0.523
CUST-0188,2025-04-07,10,12,0.501,0.472
CUST-0188,2025-04-14,10,20,0.552,0.387
CUST-0188,2025-04-21,11,23,0.461,0.466
CUST-0188,2025-04-28,13,39,0.449,0.48
CUST-0188,2025-05-05,11,15,0.452,0.456
CUST-0188,2025-05-12,9,26,0.522,0.459
CUST-0188,2025-05-19,8,20,0.552,0.618
CUST-0188,2025-05-26,11,9,0.472,0.511
CUST-0188,2025-06-02,12,23,0.516,0.575
CUST-0188,2025-06-09,11,26,0.47,0.628
CUST-0188,2025-06-16,13,12,0.579,0.527
CUST-0188,2025-06-23,13,14,0.436,0.495
CUST-0188,2025-06-30,12,17,0.494,0.562
CUST-0188,2025-07-07,11,33,0.434,0.533
CUST-0188,2025-07-14,10,14,0.48,0.547
CUST-0188,2025-07-21,11,20,0.474,0.547
CUST-0188,2025-07-28,10,20,0.506,0.484
CUST-0188,2025-08-04,12,22,0.467,0.469
CUST-0188,2025-08-11,11,13,0.474,0.49
CUST-0189,2025-11-04,3,9,0.536,0.483
CUST-0189,2025-11-11,3,9,0.463,0.514
CUST-0189,2025-11-18,3,3,0.521,0.496
CUST-0189,2025-11-25,4,9,0.452,0.609
CUST-0189,2025-12-02,4,5,0.578,0.525
CUST-0189,2025-12-09,2,2,0.445,0.539
CUST-0189,2025-12-16,4,7,0.512,0.516
CUST-0189,2025-12-23,4,7,0.515,0.631
CUST-0189,2025-12-30,4,11,0.521,0.495
CUST-0189,2026-01-06,3,5,0.551,0.522
CUST-0189,2026-01-13,3,8,0.521,0.511
CUST-0189,2026-01-20,3,5,0.468,0.511
CUST-0189,2026-01-27,2,4,0.511,0.503
CUST-0189,2026-02-03,3,6,0.521,0.553
CUST-0189,2026-02-10,2,3,0.649,0.558
CUST-0189,2026-02-17,3,5,0.569,0.559
CUST-0189,2026-02-24,3,6,0.586,0.518
CUST-0189,2026-03-03,4,10,0.481,0.556
CUST-0189,2026-03-10,2,2,0.344,0.442
CUST-0189,2026-03-17,3,8,0.396,0.525
CUST-0189,2026-03-24,2,3,0.381,0.561
CUST-0189,2026-03-31,4,5,0.467,0.493
CUST-0189,2026-04-07,3,6,0.564,0.609
CUST-0189,2026-04-14,3,8,0.427,0.548
CUST-0189,2026-04-21,4,7,0.512,0.542
CUST-0189,2026-04-28,3,4,0.476,0.429
CUST-0189,2026-05-05,3,4,0.492,0.594
CUST-0189,2026-05-12,3,9,0.578,0.503
CUST-0189,2026-05-19,3,3,0.443,0.488
CUST-0189,2026-05-26,3,3,0.464,0.55
CUST-0189,2026-06-02,3,7,0.474,0.469
CUST-0189,2026-06-09,4,6,0.422,0.464
CUST-0189,2026-06-16,4,12,0.504,0.487
CUST-0189,2026-06-23,4,4,0.543,0.646
CUST-0190,2023-05-23,35,106,0.947,0.984
CUST-0190,2023-05-30,32,166,0.961,0.912
CUST-0190,2023-06-06,37,187,0.953,1.0
CUST-0190,2023-06-13,34,82,0.896,0.911
CUST-0190,2023-06-20,38,92,0.896,0.89
CUST-0190,2023-06-27,34,50,0.927,0.869
CUST-0190,2023-07-04,38,102,0.89,0.894
CUST-0190,2023-07-11,34,59,0.842,0.935
CUST-0190,2023-07-18,33,158,0.894,0.829
CUST-0190,2023-07-25,33,49,0.933,1.0
CUST-0190,2023-08-01,34,180,0.89,0.884
CUST-0190,2023-08-08,36,189,0.82,0.863
CUST-0190,2023-08-15,33,96,0.868,0.936
CUST-0190,2023-08-22,32,95,0.792,1.0
CUST-0190,2023-08-29,33,124,0.861,0.793
CUST-0190,2023-09-05,29,128,0.78,0.973
CUST-0190,2023-09-12,30,97,0.862,0.837
CUST-0190,2023-09-19,30,57,0.817,0.706
CUST-0190,2023-09-26,30,126,0.732,0.83
CUST-0190,2023-10-03,36,86,0.83,0.97
CUST-0190,2023-10-10,28,54,0.721,0.925
CUST-0190,2023-10-17,32,61,0.755,0.892
CUST-0190,2023-10-24,28,63,0.705,0.858
CUST-0190,2023-10-31,33,46,0.734,0.737
CUST-0190,2023-11-07,27,101,0.812,0.726
CUST-0190,2023-11-14,32,60,0.621,0.785
CUST-0190,2023-11-21,33,83,0.717,0.683
CUST-0190,2023-11-28,31,75,0.644,0.807
CUST-0190,2023-12-05,32,48,0.667,0.677
CUST-0190,2023-12-12,28,97,0.697,0.77
CUST-0190,2023-12-19,26,64,0.661,0.688
CUST-0190,2023-12-26,28,65,0.76,0.669
CUST-0190,2024-01-02,26,40,0.715,0.779
CUST-0190,2024-01-09,29,31,0.648,0.696
CUST-0190,2024-01-16,29,98,0.668,0.709
CUST-0190,2024-01-23,28,111,0.588,0.729
CUST-0190,2024-01-30,29,47,0.656,0.648
CUST-0190,2024-02-06,25,88,0.618,0.762
CUST-0190,2024-02-13,25,64,0.651,0.794
CUST-0190,2024-02-20,26,80,0.555,0.612
CUST-0190,2024-02-27,30,53,0.563,0.674
CUST-0190,2024-03-05,27,35,0.592,0.531
CUST-0190,2024-03-12,24,68,0.606,0.714
CUST-0190,2024-03-19,23,62,0.538,0.578
CUST-0190,2024-03-26,22,30,0.645,0.505
CUST-0190,2024-04-02,22,78,0.621,0.681
CUST-0190,2024-04-09,22,44,0.555,0.589
CUST-0190,2024-04-16,18,43,0.571,0.689
CUST-0190,2024-04-23,20,53,0.521,0.59
CUST-0190,2024-04-30,16,32,0.542,0.586
CUST-0190,2024-05-07,16,31,0.478,0.614
CUST-0190,2024-05-14,25,40,0.495,0.573
CUST-0190,2024-05-21,24,70,0.528,0.569
CUST-0190,2024-05-28,24,42,0.46,0.614
CUST-0190,2024-06-04,18,34,0.49,0.637
CUST-0190,2024-06-11,20,47,0.584,0.52
CUST-0190,2024-06-18,20,53,0.596,0.481
CUST-0190,2024-06-25,22,65,0.556,0.546
CUST-0190,2024-07-02,20,55,0.532,0.491
CUST-0190,2024-07-09,17,47,0.35,0.548
CUST-0190,2024-07-16,11,31,0.467,0.482
CUST-0190,2024-07-23,18,43,0.335,0.473
CUST-0190,2024-07-30,18,39,0.448,0.527
CUST-0190,2024-08-06,18,39,0.435,0.36
CUST-0190,2024-08-13,16,16,0.444,0.397
CUST-0190,2024-08-20,12,20,0.344,0.489
CUST-0190,2024-08-27,18,27,0.343,0.442
CUST-0190,2024-09-03,17,28,0.409,0.534
CUST-0190,2024-09-10,15,32,0.447,0.335
CUST-0190,2024-09-17,17,40,0.366,0.378
CUST-0190,2024-09-24,9,19,0.324,0.396
CUST-0190,2024-10-01,16,33,0.356,0.464
CUST-0190,2024-10-08,12,12,0.332,0.418
CUST-0190,2024-10-15,14,13,0.316,0.376
CUST-0190,2024-10-22,19,16,0.322,0.375
CUST-0190,2024-10-29,11,13,0.33,0.415
CUST-0190,2024-11-05,15,17,0.249,0.383
CUST-0190,2024-11-12,16,13,0.291,0.316
CUST-0190,2024-11-19,13,12,0.31,0.324
CUST-0190,2024-11-26,8,6,0.295,0.397
CUST-0190,2024-12-03,11,16,0.3,0.308
CUST-0190,2024-12-10,5,2,0.302,0.249
CUST-0190,2024-12-17,9,8,0.363,0.39
CUST-0190,2024-12-24,9,5,0.218,0.339
CUST-0190,2024-12-31,8,12,0.22,0.354
CUST-0190,2025-01-07,9,6,0.114,0.173
CUST-0190,2025-01-14,8,6,0.328,0.235
CUST-0190,2025-01-21,10,8,0.185,0.207
CUST-0190,2025-01-28,12,6,0.21,0.169
CUST-0190,2025-02-04,15,8,0.246,0.164
CUST-0190,2025-02-11,7,9,0.265,0.129
CUST-0190,2025-02-18,10,10,0.154,0.201
CUST-0190,2025-02-25,12,13,0.228,0.205
CUST-0190,2025-03-04,6,4,0.195,0.16
CUST-0190,2025-03-11,8,3,0.187,0.259
CUST-0190,2025-03-18,2,0,0.121,0.15
CUST-0190,2025-03-25,2,0,0.155,0.277
CUST-0190,2025-04-01,8,7,0.163,0.08
CUST-0190,2025-04-08,7,6,0.107,0.25
CUST-0190,2025-04-15,4,1,0.158,0.144
CUST-0190,2025-04-22,2,0,0.166,0.146
CUST-0191,2024-07-02,5,16,0.568,0.537
CUST-0191,2024-07-09,6,8,0.622,0.638
CUST-0191,2024-07-16,6,15,0.61,0.623
CUST-0191,2024-07-23,5,6,0.594,0.6
CUST-0191,2024-07-30,6,14,0.537,0.737
CUST-0191,2024-08-06,7,19,0.558,0.62
CUST-0191,2024-08-13,6,14,0.604,0.645
CUST-0191,2024-08-20,5,7,0.59,0.549
CUST-0191,2024-08-27,5,11,0.583,0.616
CUST-0191,2024-09-03,6,10,0.539,0.743
CUST-0191,2024-09-10,5,5,0.616,0.707
CUST-0191,2024-09-17,5,11,0.686,0.622
CUST-0191,2024-09-24,6,22,0.65,0.738
CUST-0191,2024-10-01,7,11,0.638,0.738
CUST-0191,2024-10-08,5,7,0.65,0.734
CUST-0191,2024-10-15,7,17,0.688,0.62
CUST-0191,2024-10-22,6,6,0.596,0.734
CUST-0191,2024-10-29,6,13,0.621,0.619
CUST-0191,2024-11-05,6,14,0.702,0.656
CUST-0191,2024-11-12,5,16,0.641,0.65
CUST-0191,2024-11-19,7,29,0.772,0.784
CUST-0191,2024-11-26,6,15,0.753,0.615
CUST-0191,2024-12-03,7,9,0.681,0.781
CUST-0191,2024-12-10,6,16,0.684,0.912
CUST-0191,2024-12-17,7,20,0.717,0.695
CUST-0191,2024-12-24,7,22,0.706,0.728
CUST-0191,2024-12-31,6,25,0.712,0.761
CUST-0191,2025-01-07,6,14,0.708,0.767
CUST-0191,2025-01-14,7,22,0.7,0.746
CUST-0191,2025-01-21,7,23,0.741,0.82
CUST-0191,2025-01-28,6,8,0.686,0.727
CUST-0191,2025-02-04,6,22,0.75,0.838
CUST-0191,2025-02-11,8,19,0.707,0.853
CUST-0191,2025-02-18,8,35,0.695,0.94
CUST-0191,2025-02-25,6,28,0.822,0.922
CUST-0191,2025-03-04,7,24,0.827,0.623
CUST-0191,2025-03-11,6,20,0.769,0.818
CUST-0191,2025-03-18,8,36,0.841,0.861
CUST-0191,2025-03-25,7,32,0.8,0.898
CUST-0191,2025-04-01,8,19,0.796,0.893
CUST-0191,2025-04-08,8,16,0.757,0.865
CUST-0191,2025-04-15,7,16,0.789,0.878
CUST-0191,2025-04-22,8,40,0.717,0.908
CUST-0191,2025-04-29,8,20,0.783,0.901
CUST-0191,2025-05-06,7,35,0.858,0.917
CUST-0191,2025-05-13,8,20,0.854,0.867
CUST-0191,2025-05-20,7,25,0.749,0.891
CUST-0191,2025-05-27,8,30,0.753,0.822
CUST-0191,2025-06-03,7,37,0.781,0.88
CUST-0191,2025-06-10,8,38,0.873,0.744
CUST-0191,2025-06-17,7,36,0.859,0.887
CUST-0191,2025-06-24,9,45,0.841,0.856
CUST-0191,2025-07-01,9,25,0.869,0.878
CUST-0191,2025-07-08,8,44,0.823,0.952
CUST-0191,2025-07-15,8,15,0.782,0.974
CUST-0191,2025-07-22,8,26,0.819,0.912
CUST-0191,2025-07-29,8,11,0.798,0.963
CUST-0191,2025-08-05,9,38,0.856,1.0
CUST-0191,2025-08-12,9,29,0.908,1.0
CUST-0191,2025-08-19,9,26,0.805,0.99
CUST-0191,2025-08-26,7,14,0.934,1.0
CUST-0191,2025-09-02,8,25,0.9,1.0
CUST-0191,2025-09-09,9,19,0.965,1.0
CUST-0191,2025-09-16,8,22,0.787,0.964
CUST-0191,2025-09-23,7,17,0.983,0.98
CUST-0191,2025-09-30,8,21,0.939,0.983
CUST-0191,2025-10-07,8,20,0.91,1.0
CUST-0191,2025-10-14,9,15,0.887,1.0
CUST-0191,2025-10-21,9,52,0.939,1.0
CUST-0191,2025-10-28,9,17,0.934,1.0
CUST-0191,2025-11-04,9,53,0.939,1.0
CUST-0191,2025-11-11,9,43,0.886,0.985
CUST-0191,2025-11-18,9,39,0.984,0.98
CUST-0191,2025-11-25,8,42,0.963,1.0
CUST-0191,2025-12-02,9,37,0.899,0.991
CUST-0191,2025-12-09,9,16,0.87,1.0
CUST-0191,2025-12-16,9,17,0.915,0.916
CUST-0191,2025-12-23,8,46,0.889,0.952
CUST-0191,2025-12-30,8,14,0.946,1.0
CUST-0191,2026-01-06,8,14,1.0,0.98
CUST-0191,2026-01-13,7,32,1.0,0.889
CUST-0191,2026-01-20,7,10,0.851,1.0
CUST-0191,2026-01-27,8,35,0.861,1.0
CUST-0191,2026-02-03,8,14,1.0,0.905
CUST-0191,2026-02-10,9,26,0.831,1.0
CUST-0191,2026-02-17,9,45,0.926,1.0
CUST-0191,2026-02-24,9,47,0.998,1.0
CUST-0191,2026-03-03,9,37,0.943,0.973
CUST-0191,2026-03-10,8,30,0.886,1.0
CUST-0191,2026-03-17,9,25,0.921,1.0
CUST-0191,2026-03-24,9,47,0.897,1.0
CUST-0191,2026-03-31,9,49,0.935,0.996
CUST-0191,2026-04-07,9,49,0.912,0.983
CUST-0191,2026-04-14,9,39,1.0,0.926
CUST-0191,2026-04-21,9,19,0.879,0.931
CUST-0191,2026-04-28,9,28,0.917,1.0
CUST-0191,2026-05-05,9,45,0.823,1.0
CUST-0191,2026-05-12,8,46,0.972,1.0
CUST-0191,2026-05-19,7,30,0.908,1.0
CUST-0191,2026-05-26,8,29,0.912,0.944
CUST-0191,2026-06-02,6,20,0.973,1.0
CUST-0191,2026-06-09,8,14,0.959,0.938
CUST-0191,2026-06-16,8,44,0.961,0.971
CUST-0191,2026-06-23,9,31,1.0,1.0
CUST-0192,2024-07-02,8,15,0.477,0.552
CUST-0192,2024-07-09,9,25,0.463,0.551
CUST-0192,2024-07-16,8,18,0.481,0.583
CUST-0192,2024-07-23,7,6,0.489,0.571
CUST-0192,2024-07-30,9,27,0.538,0.488
CUST-0192,2024-08-06,7,12,0.494,0.484
CUST-0192,2024-08-13,8,12,0.617,0.615
CUST-0192,2024-08-20,7,8,0.58,0.565
CUST-0192,2024-08-27,9,16,0.494,0.511
CUST-0192,2024-09-03,9,25,0.598,0.507
CUST-0192,2024-09-10,8,24,0.559,0.616
CUST-0192,2024-09-17,8,26,0.547,0.581
CUST-0192,2024-09-24,6,11,0.499,0.593
CUST-0192,2024-10-01,10,21,0.47,0.555
CUST-0192,2024-10-08,10,23,0.571,0.629
CUST-0192,2024-10-15,9,13,0.552,0.572
CUST-0192,2024-10-22,5,17,0.57,0.551
CUST-0192,2024-10-29,8,21,0.614,0.637
CUST-0192,2024-11-05,8,17,0.487,0.577
CUST-0192,2024-11-12,10,28,0.522,0.581
CUST-0192,2024-11-19,8,10,0.583,0.581
CUST-0192,2024-11-26,10,27,0.602,0.589
CUST-0192,2024-12-03,9,24,0.59,0.698
CUST-0192,2024-12-10,8,23,0.547,0.619
CUST-0192,2024-12-17,8,9,0.691,0.608
CUST-0192,2024-12-24,9,31,0.685,0.649
CUST-0192,2024-12-31,9,23,0.594,0.702
CUST-0192,2025-01-07,12,20,0.648,0.621
CUST-0192,2025-01-14,9,18,0.655,0.595
CUST-0192,2025-01-21,9,22,0.637,0.715
CUST-0192,2025-01-28,9,23,0.635,0.637
CUST-0192,2025-02-04,10,14,0.642,0.537
CUST-0192,2025-02-11,9,32,0.693,0.699
CUST-0192,2025-02-18,10,33,0.614,0.656
CUST-0192,2025-02-25,8,8,0.527,0.62
CUST-0192,2025-03-04,10,26,0.634,0.685
CUST-0192,2025-03-11,9,33,0.62,0.684
CUST-0192,2025-03-18,9,20,0.591,0.613
CUST-0192,2025-03-25,9,20,0.645,0.692
CUST-0192,2025-04-01,8,32,0.709,0.598
CUST-0192,2025-04-08,12,47,0.669,0.571
CUST-0192,2025-04-15,10,40,0.739,0.746
CUST-0192,2025-04-22,10,20,0.609,0.649
CUST-0192,2025-04-29,10,29,0.683,0.672
CUST-0192,2025-05-06,9,28,0.723,0.917
CUST-0192,2025-05-13,12,44,0.605,0.778
CUST-0192,2025-05-20,10,40,0.641,0.671
CUST-0192,2025-05-27,9,21,0.708,0.741
CUST-0192,2025-06-03,12,44,0.641,0.79
CUST-0192,2025-06-10,11,21,0.641,0.619
CUST-0192,2025-06-17,8,27,0.647,0.751
CUST-0192,2025-06-24,10,37,0.691,0.713
CUST-0192,2025-07-01,9,38,0.689,0.748
CUST-0192,2025-07-08,11,47,0.709,0.732
CUST-0192,2025-07-15,8,35,0.671,0.712
CUST-0192,2025-07-22,11,17,0.714,0.809
CUST-0192,2025-07-29,11,17,0.669,0.788
CUST-0192,2025-08-05,10,41,0.691,0.807
CUST-0192,2025-08-12,12,24,0.725,0.752
CUST-0192,2025-08-19,11,19,0.69,0.667
CUST-0192,2025-08-26,9,13,0.707,0.737
CUST-0192,2025-09-02,10,35,0.667,0.729
CUST-0192,2025-09-09,12,40,0.703,0.774
CUST-0192,2025-09-16,12,50,0.765,0.663
CUST-0192,2025-09-23,10,27,0.764,0.794
CUST-0192,2025-09-30,12,34,0.668,0.81
CUST-0192,2025-10-07,9,33,0.68,0.792
CUST-0192,2025-10-14,12,47,0.709,0.715
CUST-0192,2025-10-21,12,44,0.679,0.893
CUST-0192,2025-10-28,11,44,0.795,0.883
CUST-0192,2025-11-04,12,56,0.728,0.805
CUST-0192,2025-11-11,12,36,0.724,0.726
CUST-0192,2025-11-18,11,40,0.799,0.818
CUST-0192,2025-11-25,14,40,0.691,0.842
CUST-0192,2025-12-02,12,42,0.771,0.846
CUST-0192,2025-12-09,13,29,0.744,0.877
CUST-0192,2025-12-16,11,18,0.834,0.709
CUST-0192,2025-12-23,13,59,0.802,1.0
CUST-0192,2025-12-30,13,27,0.809,0.799
CUST-0192,2026-01-06,14,25,0.784,0.912
CUST-0192,2026-01-13,12,38,0.705,0.826
CUST-0192,2026-01-20,14,53,0.764,0.852
CUST-0192,2026-01-27,14,46,0.786,0.872
CUST-0192,2026-02-03,12,48,0.802,0.942
CUST-0192,2026-02-10,12,59,0.789,0.781
CUST-0192,2026-02-17,11,37,0.9,0.851
CUST-0192,2026-02-24,15,48,0.823,0.872
CUST-0192,2026-03-03,12,50,0.8,0.803
CUST-0192,2026-03-10,14,71,0.847,0.908
CUST-0192,2026-03-17,13,61,0.865,0.892
CUST-0192,2026-03-24,12,56,0.789,0.906
CUST-0192,2026-03-31,11,51,0.868,0.994
CUST-0192,2026-04-07,12,56,0.853,0.909
CUST-0192,2026-04-14,11,51,0.822,0.899
CUST-0192,2026-04-21,14,23,0.786,0.774
CUST-0192,2026-04-28,13,40,0.871,0.921
CUST-0192,2026-05-05,12,60,0.884,0.997
CUST-0192,2026-05-12,12,64,0.784,0.88
CUST-0192,2026-05-19,12,36,0.781,0.938
CUST-0192,2026-05-26,13,21,0.766,0.915
CUST-0192,2026-06-02,13,44,0.824,0.938
CUST-0192,2026-06-09,14,29,0.89,0.883
CUST-0192,2026-06-16,14,59,0.859,0.964
CUST-0192,2026-06-23,13,37,0.883,0.878
CUST-0193,2024-07-02,61,231,0.738,0.914
CUST-0193,2024-07-09,56,125,0.805,0.805
CUST-0193,2024-07-16,61,236,0.777,0.922
CUST-0193,2024-07-23,53,165,0.797,0.771
CUST-0193,2024-07-30,57,142,0.825,0.811
CUST-0193,2024-08-06,60,309,0.809,0.847
CUST-0193,2024-08-13,53,154,0.818,0.894
CUST-0193,2024-08-20,46,152,0.883,0.932
CUST-0193,2024-08-27,50,172,0.868,0.954
CUST-0193,2024-09-03,57,241,0.737,0.774
CUST-0193,2024-09-10,48,217,0.831,0.804
CUST-0193,2024-09-17,49,180,0.955,0.851
CUST-0193,2024-09-24,53,125,0.898,1.0
CUST-0193,2024-10-01,50,187,0.841,0.853
CUST-0193,2024-10-08,55,192,0.799,0.824
CUST-0193,2024-10-15,54,102,0.89,0.896
CUST-0193,2024-10-22,61,102,0.905,1.0
CUST-0193,2024-10-29,57,253,0.943,1.0
CUST-0193,2024-11-05,52,273,0.859,0.905
CUST-0193,2024-11-12,61,230,0.889,0.946
CUST-0193,2024-11-19,56,133,0.924,0.959
CUST-0193,2024-11-26,52,260,0.886,0.863
CUST-0193,2024-12-03,53,177,1.0,0.889
CUST-0193,2024-12-10,59,317,0.879,0.974
CUST-0193,2024-12-17,61,263,0.835,0.976
CUST-0193,2024-12-24,59,319,0.879,1.0
CUST-0193,2024-12-31,58,264,0.916,1.0
CUST-0193,2025-01-07,60,223,0.851,0.926
CUST-0193,2025-01-14,52,161,0.852,0.994
CUST-0193,2025-01-21,58,103,0.911,0.998
CUST-0193,2025-01-28,60,126,0.896,1.0
CUST-0193,2025-02-04,53,218,0.873,0.958
CUST-0193,2025-02-11,57,84,0.921,0.95
CUST-0193,2025-02-18,58,150,0.878,0.852
CUST-0193,2025-02-25,61,256,0.89,0.914
CUST-0193,2025-03-04,52,159,0.961,1.0
CUST-0193,2025-03-11,56,275,0.901,1.0
CUST-0193,2025-03-18,61,217,0.777,1.0
CUST-0193,2025-03-25,61,131,0.928,1.0
CUST-0193,2025-04-01,61,353,0.927,0.943
CUST-0193,2025-04-08,54,123,0.913,0.94
CUST-0193,2025-04-15,56,254,0.941,1.0
CUST-0193,2025-04-22,56,148,0.965,1.0
CUST-0193,2025-04-29,61,281,0.879,1.0
CUST-0193,2025-05-06,61,109,0.884,1.0
CUST-0193,2025-05-13,56,94,0.919,1.0
CUST-0193,2025-05-20,59,190,0.928,1.0
CUST-0193,2025-05-27,56,156,0.863,1.0
CUST-0193,2025-06-03,58,169,0.929,1.0
CUST-0193,2025-06-10,50,219,1.0,0.891
CUST-0193,2025-06-17,54,143,0.919,1.0
CUST-0193,2025-06-24,57,307,0.858,1.0
CUST-0193,2025-07-01,58,189,0.91,0.976
CUST-0193,2025-07-08,61,336,0.94,0.99
CUST-0193,2025-07-15,57,168,0.853,1.0
CUST-0193,2025-07-22,59,338,0.903,1.0
CUST-0193,2025-07-29,61,208,0.927,0.983
CUST-0193,2025-08-05,60,282,0.964,1.0
CUST-0193,2025-08-12,61,174,0.923,0.919
CUST-0193,2025-08-19,52,248,0.986,1.0
CUST-0193,2025-08-26,54,287,0.952,1.0
CUST-0193,2025-09-02,59,231,0.839,0.976
CUST-0193,2025-09-09,61,244,0.872,0.983
CUST-0193,2025-09-16,61,133,0.961,0.979
CUST-0193,2025-09-23,61,251,0.898,1.0
CUST-0193,2025-09-30,56,201,0.94,1.0
CUST-0193,2025-10-07,61,287,0.951,0.969
CUST-0193,2025-10-14,61,277,0.863,1.0
CUST-0193,2025-10-21,61,246,1.0,0.985
CUST-0193,2025-10-28,58,244,0.901,0.929
CUST-0193,2025-11-04,56,263,0.982,0.998
CUST-0193,2025-11-11,59,149,0.831,0.997
CUST-0193,2025-11-18,57,205,0.876,0.993
CUST-0193,2025-11-25,55,229,0.823,1.0
CUST-0193,2025-12-02,61,271,0.806,0.98
CUST-0193,2025-12-09,57,171,0.934,1.0
CUST-0193,2025-12-16,60,204,0.862,0.934
CUST-0193,2025-12-23,61,271,0.894,1.0
CUST-0193,2025-12-30,54,303,0.968,0.887
CUST-0193,2026-01-06,61,259,1.0,1.0
CUST-0193,2026-01-13,58,105,0.862,0.981
CUST-0193,2026-01-20,61,127,0.942,1.0
CUST-0193,2026-01-27,61,327,0.927,1.0
CUST-0193,2026-02-03,61,161,0.868,0.879
CUST-0193,2026-02-10,58,110,1.0,1.0
CUST-0193,2026-02-17,61,177,0.905,0.917
CUST-0193,2026-02-24,56,268,0.999,0.924
CUST-0193,2026-03-03,60,307,0.86,0.986
CUST-0193,2026-03-10,56,258,0.911,1.0
CUST-0193,2026-03-17,61,284,0.927,0.874
CUST-0193,2026-03-24,56,157,0.972,1.0
CUST-0193,2026-03-31,57,109,0.917,0.999
CUST-0193,2026-04-07,61,126,0.947,1.0
CUST-0193,2026-04-14,61,244,0.931,0.972
CUST-0193,2026-04-21,59,250,0.94,0.964
CUST-0193,2026-04-28,61,185,0.844,1.0
CUST-0193,2026-05-05,61,265,0.916,1.0
CUST-0193,2026-05-12,58,298,0.883,0.877
CUST-0193,2026-05-19,61,101,0.967,1.0
CUST-0193,2026-05-26,61,235,0.968,0.928
CUST-0193,2026-06-02,61,131,1.0,0.971
CUST-0193,2026-06-09,55,305,0.87,1.0
CUST-0193,2026-06-16,61,357,0.932,1.0
CUST-0193,2026-06-23,61,246,0.953,1.0
CUST-0194,2024-07-02,4,4,0.478,0.387
CUST-0194,2024-07-09,5,3,0.481,0.378
CUST-0194,2024-07-16,4,7,0.379,0.453
CUST-0194,2024-07-23,6,16,0.472,0.54
CUST-0194,2024-07-30,6,4,0.346,0.36
CUST-0194,2024-08-06,4,9,0.41,0.42
CUST-0194,2024-08-13,4,5,0.536,0.409
CUST-0194,2024-08-20,6,11,0.491,0.561
CUST-0194,2024-08-27,6,13,0.498,0.473
CUST-0194,2024-09-03,5,7,0.491,0.421
CUST-0194,2024-09-10,6,13,0.456,0.441
CUST-0194,2024-09-17,5,10,0.51,0.399
CUST-0194,2024-09-24,4,10,0.441,0.402
CUST-0194,2024-10-01,6,16,0.522,0.476
CUST-0194,2024-10-08,6,16,0.438,0.55
CUST-0194,2024-10-15,5,5,0.482,0.485
CUST-0194,2024-10-22,5,13,0.541,0.543
CUST-0194,2024-10-29,6,18,0.5,0.615
CUST-0194,2024-11-05,4,10,0.562,0.538
CUST-0194,2024-11-12,5,14,0.452,0.567
CUST-0194,2024-11-19,6,5,0.465,0.555
CUST-0194,2024-11-26,6,6,0.597,0.588
CUST-0194,2024-12-03,5,10,0.535,0.541
CUST-0194,2024-12-10,7,15,0.573,0.544
CUST-0194,2024-12-17,6,8,0.577,0.555
CUST-0194,2024-12-24,7,16,0.558,0.582
CUST-0194,2024-12-31,6,15,0.591,0.485
CUST-0194,2025-01-07,6,21,0.646,0.59
CUST-0194,2025-01-14,6,20,0.59,0.733
CUST-0194,2025-01-21,5,18,0.597,0.661
CUST-0194,2025-01-28,6,9,0.633,0.628
CUST-0194,2025-02-04,5,7,0.683,0.633
CUST-0194,2025-02-11,7,21,0.512,0.546
CUST-0194,2025-02-18,7,20,0.546,0.618
CUST-0194,2025-02-25,6,20,0.582,0.692
CUST-0194,2025-03-04,7,23,0.639,0.515
CUST-0194,2025-03-11,9,16,0.573,0.631
CUST-0194,2025-03-18,5,5,0.591,0.715
CUST-0194,2025-03-25,6,7,0.702,0.648
CUST-0194,2025-04-01,7,25,0.579,0.718
CUST-0194,2025-04-08,5,18,0.659,0.704
CUST-0194,2025-04-15,7,8,0.672,0.789
CUST-0194,2025-04-22,7,24,0.619,0.714
CUST-0194,2025-04-29,8,17,0.699,0.664
CUST-0194,2025-05-06,7,18,0.606,0.696
CUST-0194,2025-05-13,8,10,0.655,0.722
CUST-0194,2025-05-20,7,28,0.688,0.712
CUST-0194,2025-05-27,8,24,0.703,0.622
CUST-0194,2025-06-03,7,12,0.686,0.74
CUST-0194,2025-06-10,7,10,0.65,0.737
CUST-0194,2025-06-17,7,18,0.742,0.841
CUST-0194,2025-06-24,7,18,0.584,0.702
CUST-0194,2025-07-01,8,31,0.74,0.74
CUST-0194,2025-07-08,7,19,0.742,0.778
CUST-0194,2025-07-15,8,20,0.767,0.752
CUST-0194,2025-07-22,8,21,0.748,0.768
CUST-0194,2025-07-29,6,9,0.724,0.733
CUST-0194,2025-08-05,9,13,0.797,0.856
CUST-0194,2025-08-12,8,19,0.82,0.794
CUST-0194,2025-08-19,9,26,0.738,0.803
CUST-0194,2025-08-26,8,20,0.796,0.808
CUST-0194,2025-09-02,8,24,0.664,0.837
CUST-0194,2025-09-09,8,18,0.743,0.859
CUST-0194,2025-09-16,8,25,0.748,0.785
CUST-0194,2025-09-23,9,17,0.853,0.899
CUST-0194,2025-09-30,10,23,0.82,0.777
CUST-0194,2025-10-07,9,15,0.808,0.864
CUST-0194,2025-10-14,8,12,0.754,0.927
CUST-0194,2025-10-21,8,33,0.805,0.865
CUST-0194,2025-10-28,8,38,0.798,0.778
CUST-0194,2025-11-04,9,17,0.746,0.872
CUST-0194,2025-11-11,9,31,0.888,0.892
CUST-0194,2025-11-18,10,43,0.909,0.882
CUST-0194,2025-11-25,10,15,0.825,0.859
CUST-0194,2025-12-02,8,32,0.972,0.9
CUST-0194,2025-12-09,11,33,0.893,0.784
CUST-0194,2025-12-16,10,39,0.827,0.883
CUST-0194,2025-12-23,8,23,0.862,0.953
CUST-0194,2025-12-30,8,21,0.882,1.0
CUST-0194,2026-01-06,10,40,0.825,0.933
CUST-0194,2026-01-13,11,24,0.938,0.901
CUST-0194,2026-01-20,10,47,0.802,1.0
CUST-0194,2026-01-27,9,34,0.921,0.989
CUST-0194,2026-02-03,11,29,0.887,0.982
CUST-0194,2026-02-10,9,25,0.847,1.0
CUST-0194,2026-02-17,11,59,0.912,1.0
CUST-0194,2026-02-24,11,51,0.949,0.939
CUST-0194,2026-03-03,9,43,0.942,0.979
CUST-0194,2026-03-10,9,23,0.957,1.0
CUST-0194,2026-03-17,9,45,0.917,1.0
CUST-0194,2026-03-24,10,51,0.911,1.0
CUST-0194,2026-03-31,11,57,0.991,0.903
CUST-0194,2026-04-07,10,48,0.937,1.0
CUST-0194,2026-04-14,10,19,1.0,0.992
CUST-0194,2026-04-21,11,55,0.875,1.0
CUST-0194,2026-04-28,10,21,0.887,0.919
CUST-0194,2026-05-05,10,45,0.892,1.0
CUST-0194,2026-05-12,10,43,0.902,0.982
CUST-0194,2026-05-19,11,23,0.878,0.931
CUST-0194,2026-05-26,11,48,0.878,1.0
CUST-0194,2026-06-02,11,58,1.0,1.0
CUST-0194,2026-06-09,10,44,0.964,0.972
CUST-0194,2026-06-16,11,30,0.915,0.977
CUST-0194,2026-06-23,11,62,0.914,1.0
CUST-0195,2024-10-08,13,26,0.555,0.591
CUST-0195,2024-10-15,15,26,0.486,0.591
CUST-0195,2024-10-22,16,52,0.592,0.615
CUST-0195,2024-10-29,17,43,0.555,0.597
CUST-0195,2024-11-05,13,31,0.589,0.609
CUST-0195,2024-11-12,19,52,0.504,0.619
CUST-0195,2024-11-19,16,36,0.482,0.698
CUST-0195,2024-11-26,15,49,0.526,0.633
CUST-0195,2024-12-03,16,41,0.584,0.625
CUST-0195,2024-12-10,11,35,0.494,0.603
CUST-0195,2024-12-17,14,16,0.592,0.621
CUST-0195,2024-12-24,13,25,0.472,0.608
CUST-0195,2024-12-31,17,36,0.559,0.453
CUST-0195,2025-01-07,16,14,0.603,0.649
CUST-0195,2025-01-14,11,23,0.518,0.55
CUST-0195,2025-01-21,16,41,0.559,0.663
CUST-0195,2025-01-28,14,29,0.512,0.482
CUST-0195,2025-02-04,16,46,0.486,0.58
CUST-0195,2025-02-11,16,34,0.497,0.593
CUST-0195,2025-02-18,11,20,0.637,0.571
CUST-0195,2025-02-25,15,35,0.508,0.541
CUST-0195,2025-03-04,16,29,0.527,0.611
CUST-0195,2025-03-11,14,26,0.505,0.511
CUST-0195,2025-03-18,17,52,0.582,0.506
CUST-0195,2025-03-25,13,13,0.46,0.457
CUST-0195,2025-04-01,15,31,0.508,0.423
CUST-0195,2025-04-08,9,20,0.481,0.57
CUST-0195,2025-04-15,13,27,0.473,0.421
CUST-0195,2025-04-22,11,26,0.534,0.504
CUST-0195,2025-04-29,14,19,0.447,0.582
CUST-0195,2025-05-06,10,15,0.408,0.585
CUST-0195,2025-05-13,11,21,0.471,0.548
CUST-0195,2025-05-20,12,32,0.533,0.524
CUST-0195,2025-05-27,12,28,0.524,0.437
CUST-0195,2025-06-03,14,23,0.499,0.602
CUST-0195,2025-06-10,15,40,0.449,0.561
CUST-0195,2025-06-17,15,38,0.469,0.447
CUST-0195,2025-06-24,11,32,0.478,0.364
CUST-0195,2025-07-01,14,39,0.396,0.425
CUST-0195,2025-07-08,12,31,0.465,0.474
CUST-0195,2025-07-15,14,40,0.471,0.565
CUST-0195,2025-07-22,12,26,0.397,0.357
CUST-0195,2025-07-29,13,33,0.457,0.413
CUST-0195,2025-08-05,15,38,0.502,0.495
CUST-0195,2025-08-12,12,13,0.535,0.407
CUST-0195,2025-08-19,16,15,0.47,0.392
CUST-0195,2025-08-26,13,16,0.38,0.505
CUST-0195,2025-09-02,11,14,0.479,0.419
CUST-0195,2025-09-09,12,26,0.373,0.437
CUST-0195,2025-09-16,11,30,0.417,0.523
CUST-0195,2025-09-23,8,16,0.38,0.454
CUST-0195,2025-09-30,17,45,0.385,0.505
CUST-0195,2025-10-07,8,11,0.454,0.554
CUST-0195,2025-10-14,9,7,0.361,0.442
CUST-0195,2025-10-21,14,14,0.409,0.473
CUST-0195,2025-10-28,15,33,0.266,0.517
CUST-0195,2025-11-04,12,25,0.423,0.386
CUST-0195,2025-11-11,10,14,0.357,0.349
CUST-0195,2025-11-18,11,23,0.451,0.55
CUST-0195,2025-11-25,13,23,0.425,0.358
CUST-0195,2025-12-02,9,22,0.357,0.381
CUST-0195,2025-12-09,9,8,0.443,0.535
CUST-0195,2025-12-16,10,11,0.379,0.442
CUST-0195,2025-12-23,14,12,0.488,0.354
CUST-0195,2025-12-30,9,9,0.349,0.518
CUST-0195,2026-01-06,14,26,0.408,0.431
CUST-0195,2026-01-13,10,14,0.417,0.467
CUST-0195,2026-01-20,9,16,0.443,0.402
CUST-0195,2026-01-27,9,17,0.314,0.473
CUST-0195,2026-02-03,9,8,0.505,0.38
CUST-0195,2026-02-10,12,20,0.372,0.347
CUST-0195,2026-02-17,13,11,0.388,0.462
CUST-0195,2026-02-24,6,3,0.369,0.451
CUST-0195,2026-03-03,9,7,0.298,0.408
CUST-0195,2026-03-10,10,22,0.314,0.355
CUST-0195,2026-03-17,10,18,0.411,0.382
CUST-0195,2026-03-24,7,5,0.339,0.367
CUST-0195,2026-03-31,7,8,0.281,0.298
CUST-0195,2026-04-07,8,16,0.435,0.457
CUST-0195,2026-04-14,8,13,0.331,0.318
CUST-0195,2026-04-21,11,6,0.422,0.41
CUST-0195,2026-04-28,12,18,0.358,0.41
CUST-0195,2026-05-05,8,13,0.412,0.405
CUST-0195,2026-05-12,9,5,0.374,0.394
CUST-0195,2026-05-19,9,12,0.35,0.372
CUST-0195,2026-05-26,9,7,0.368,0.374
CUST-0195,2026-06-02,11,7,0.308,0.366
CUST-0195,2026-06-09,4,5,0.376,0.303
CUST-0195,2026-06-16,10,15,0.354,0.348
CUST-0195,2026-06-23,7,10,0.318,0.326
CUST-0196,2024-07-02,9,10,0.4,0.515
CUST-0196,2024-07-09,14,15,0.503,0.499
CUST-0196,2024-07-16,11,20,0.506,0.435
CUST-0196,2024-07-23,16,44,0.511,0.603
CUST-0196,2024-07-30,14,19,0.518,0.403
CUST-0196,2024-08-06,13,28,0.47,0.511
CUST-0196,2024-08-13,14,41,0.484,0.531
CUST-0196,2024-08-20,12,34,0.497,0.502
CUST-0196,2024-08-27,9,20,0.462,0.496
CUST-0196,2024-09-03,11,11,0.457,0.443
CUST-0196,2024-09-10,13,31,0.484,0.551
CUST-0196,2024-09-17,13,30,0.471,0.431
CUST-0196,2024-09-24,11,30,0.38,0.438
CUST-0196,2024-10-01,11,25,0.415,0.47
CUST-0196,2024-10-08,8,15,0.483,0.474
CUST-0196,2024-10-15,11,27,0.387,0.51
CUST-0196,2024-10-22,12,11,0.424,0.521
CUST-0196,2024-10-29,10,18,0.441,0.392
CUST-0196,2024-11-05,8,20,0.438,0.488
CUST-0196,2024-11-12,12,22,0.458,0.552
CUST-0196,2024-11-19,12,13,0.419,0.452
CUST-0196,2024-11-26,9,21,0.416,0.381
CUST-0196,2024-12-03,12,9,0.408,0.432
CUST-0196,2024-12-10,10,23,0.398,0.343
CUST-0196,2024-12-17,14,26,0.362,0.408
CUST-0196,2024-12-24,12,24,0.379,0.464
CUST-0196,2024-12-31,13,32,0.448,0.484
CUST-0196,2025-01-07,9,13,0.438,0.394
CUST-0196,2025-01-14,11,23,0.399,0.475
CUST-0196,2025-01-21,5,9,0.365,0.396
CUST-0196,2025-01-28,10,6,0.421,0.405
CUST-0196,2025-02-04,12,27,0.36,0.456
CUST-0196,2025-02-11,10,15,0.408,0.47
CUST-0196,2025-02-18,9,8,0.364,0.466
CUST-0196,2025-02-25,9,18,0.29,0.383
CUST-0196,2025-03-04,10,22,0.393,0.381
CUST-0196,2025-03-11,9,21,0.339,0.349
CUST-0196,2025-03-18,9,9,0.332,0.377
CUST-0196,2025-03-25,12,18,0.372,0.427
CUST-0196,2025-04-01,11,24,0.36,0.483
CUST-0196,2025-04-08,10,6,0.4,0.428
CUST-0196,2025-04-15,9,12,0.286,0.413
CUST-0196,2025-04-22,11,8,0.274,0.377
CUST-0196,2025-04-29,8,17,0.324,0.475
CUST-0196,2025-05-06,13,22,0.34,0.454
CUST-0196,2025-05-13,5,4,0.353,0.367
CUST-0196,2025-05-20,8,6,0.348,0.395
CUST-0196,2025-05-27,9,16,0.217,0.408
CUST-0196,2025-06-03,9,8,0.329,0.276
CUST-0196,2025-06-10,8,11,0.353,0.355
CUST-0196,2025-06-17,6,9,0.281,0.445
CUST-0196,2025-06-24,12,24,0.313,0.327
CUST-0196,2025-07-01,8,8,0.298,0.416
CUST-0196,2025-07-08,8,4,0.255,0.255
CUST-0196,2025-07-15,8,15,0.308,0.438
CUST-0196,2025-07-22,11,13,0.362,0.205
CUST-0196,2025-07-29,10,11,0.235,0.241
CUST-0196,2025-08-05,5,2,0.254,0.288
CUST-0196,2025-08-12,8,13,0.292,0.342
CUST-0196,2025-08-19,5,6,0.33,0.366
CUST-0196,2025-08-26,9,14,0.28,0.263
CUST-0196,2025-09-02,11,5,0.296,0.451
CUST-0196,2025-09-09,7,12,0.278,0.25
CUST-0196,2025-09-16,6,11,0.187,0.321
CUST-0196,2025-09-23,6,10,0.181,0.295
CUST-0196,2025-09-30,10,14,0.344,0.369
CUST-0196,2025-10-07,7,12,0.249,0.318
CUST-0196,2025-10-14,10,16,0.201,0.326
CUST-0196,2025-10-21,9,4,0.275,0.252
CUST-0196,2025-10-28,5,8,0.157,0.253
CUST-0196,2025-11-04,5,3,0.277,0.235
CUST-0196,2025-11-11,11,6,0.324,0.307
CUST-0196,2025-11-18,5,4,0.195,0.245
CUST-0196,2025-11-25,9,13,0.231,0.351
CUST-0196,2025-12-02,9,4,0.254,0.25
CUST-0196,2025-12-09,10,12,0.194,0.178
CUST-0196,2025-12-16,7,6,0.281,0.247
CUST-0196,2025-12-23,5,7,0.241,0.223
CUST-0196,2025-12-30,8,3,0.298,0.285
CUST-0196,2026-01-06,5,6,0.215,0.22
CUST-0196,2026-01-13,7,4,0.307,0.271
CUST-0196,2026-01-20,9,13,0.216,0.211
CUST-0196,2026-01-27,6,5,0.261,0.254
CUST-0196,2026-02-03,7,6,0.262,0.235
CUST-0196,2026-02-10,8,10,0.268,0.343
CUST-0196,2026-02-17,4,4,0.247,0.288
CUST-0196,2026-02-24,5,3,0.111,0.201
CUST-0196,2026-03-03,9,9,0.175,0.276
CUST-0196,2026-03-10,5,5,0.26,0.334
CUST-0196,2026-03-17,6,4,0.211,0.337
CUST-0196,2026-03-24,10,10,0.17,0.276
CUST-0196,2026-03-31,4,4,0.252,0.229
CUST-0196,2026-04-07,8,5,0.187,0.157
CUST-0196,2026-04-14,5,4,0.16,0.289
CUST-0196,2026-04-21,5,4,0.19,0.252
CUST-0196,2026-04-28,4,3,0.276,0.259
CUST-0196,2026-05-05,5,4,0.112,0.206
CUST-0196,2026-05-12,5,2,0.153,0.327
CUST-0196,2026-05-19,6,3,0.206,0.133
CUST-0196,2026-05-26,5,5,0.139,0.283
CUST-0196,2026-06-02,7,5,0.239,0.24
CUST-0196,2026-06-09,8,2,0.132,0.062
CUST-0196,2026-06-16,3,1,0.156,0.26
CUST-0196,2026-06-23,7,4,0.139,0.26
CUST-0197,2026-02-03,16,16,0.684,0.743
CUST-0197,2026-02-10,17,17,0.564,0.647
CUST-0197,2026-02-17,15,50,0.502,0.628
CUST-0197,2026-02-24,16,43,0.589,0.631
CUST-0197,2026-03-03,13,42,0.505,0.659
CUST-0197,2026-03-10,17,23,0.534,0.537
CUST-0197,2026-03-17,11,24,0.487,0.544
CUST-0197,2026-03-24,13,37,0.609,0.502
CUST-0197,2026-03-31,15,46,0.588,0.658
CUST-0197,2026-04-07,13,30,0.578,0.628
CUST-0197,2026-04-14,14,23,0.549,0.617
CUST-0197,2026-04-21,12,23,0.425,0.549
CUST-0197,2026-04-28,13,12,0.539,0.606
CUST-0197,2026-05-05,16,45,0.507,0.474
CUST-0197,2026-05-12,12,38,0.534,0.559
CUST-0197,2026-05-19,13,14,0.517,0.536
CUST-0197,2026-05-26,11,25,0.547,0.609
CUST-0197,2026-06-02,10,17,0.477,0.518
CUST-0197,2026-06-09,12,28,0.484,0.581
CUST-0197,2026-06-16,10,19,0.343,0.475
CUST-0197,2026-06-23,11,20,0.442,0.507
CUST-0198,2025-06-10,26,73,0.54,0.638
CUST-0198,2025-06-17,39,43,0.606,0.622
CUST-0198,2025-06-24,31,44,0.671,0.568
CUST-0198,2025-07-01,29,48,0.548,0.607
CUST-0198,2025-07-08,35,109,0.589,0.668
CUST-0198,2025-07-15,22,47,0.544,0.613
CUST-0198,2025-07-22,22,69,0.469,0.568
CUST-0198,2025-07-29,30,79,0.594,0.583
CUST-0198,2025-08-05,19,25,0.609,0.607
CUST-0198,2025-08-12,26,39,0.551,0.537
CUST-0198,2025-08-19,31,52,0.544,0.538
CUST-0198,2025-08-26,23,21,0.505,0.511
CUST-0198,2025-09-02,25,28,0.525,0.606
CUST-0198,2025-09-09,28,75,0.555,0.588
CUST-0198,2025-09-16,19,26,0.514,0.69
CUST-0198,2025-09-23,19,39,0.464,0.576
CUST-0198,2025-09-30,28,77,0.509,0.634
CUST-0198,2025-10-07,20,42,0.51,0.528
CUST-0198,2025-10-14,27,43,0.564,0.546
CUST-0198,2025-10-21,23,50,0.514,0.57
CUST-0198,2025-10-28,28,76,0.492,0.688
CUST-0198,2025-11-04,30,72,0.47,0.667
CUST-0198,2025-11-11,27,28,0.421,0.493
CUST-0198,2025-11-18,30,66,0.496,0.599
CUST-0198,2025-11-25,24,24,0.47,0.572
CUST-0198,2025-12-02,24,26,0.526,0.525
CUST-0198,2025-12-09,23,38,0.48,0.461
CUST-0198,2025-12-16,26,32,0.477,0.596
CUST-0198,2025-12-23,25,45,0.499,0.493
CUST-0198,2025-12-30,24,22,0.403,0.534
CUST-0198,2026-01-06,26,38,0.496,0.5
CUST-0198,2026-01-13,25,29,0.519,0.558
CUST-0198,2026-01-20,20,39,0.632,0.522
CUST-0198,2026-01-27,26,38,0.624,0.448
CUST-0198,2026-02-03,25,27,0.548,0.587
CUST-0198,2026-02-10,22,45,0.481,0.531
CUST-0198,2026-02-17,21,23,0.499,0.606
CUST-0198,2026-02-24,22,50,0.448,0.545
CUST-0198,2026-03-03,26,27,0.462,0.545
CUST-0198,2026-03-10,27,47,0.537,0.601
CUST-0198,2026-03-17,28,61,0.432,0.564
CUST-0198,2026-03-24,31,85,0.466,0.417
CUST-0198,2026-03-31,21,40,0.463,0.438
CUST-0198,2026-04-07,19,24,0.427,0.443
CUST-0198,2026-04-14,28,53,0.471,0.457
CUST-0198,2026-04-21,23,39,0.455,0.46
CUST-0198,2026-04-28,25,37,0.503,0.49
CUST-0198,2026-05-05,23,37,0.463,0.435
CUST-0198,2026-05-12,18,42,0.395,0.509
CUST-0198,2026-05-19,20,15,0.483,0.53
CUST-0198,2026-05-26,22,42,0.523,0.503
CUST-0198,2026-06-02,23,59,0.447,0.488
CUST-0198,2026-06-09,21,41,0.422,0.487
CUST-0198,2026-06-16,19,38,0.361,0.461
CUST-0198,2026-06-23,31,80,0.396,0.489
CUST-0199,2023-10-15,8,14,0.309,0.289
CUST-0199,2023-10-22,11,16,0.386,0.364
CUST-0199,2023-10-29,7,10,0.341,0.471
CUST-0199,2023-11-05,7,8,0.259,0.345
CUST-0199,2023-11-12,9,12,0.277,0.334
CUST-0199,2023-11-19,10,8,0.321,0.432
CUST-0199,2023-11-26,5,4,0.352,0.365
CUST-0199,2023-12-03,10,15,0.328,0.4
CUST-0199,2023-12-10,6,5,0.331,0.267
CUST-0199,2023-12-17,9,10,0.369,0.302
CUST-0199,2023-12-24,8,7,0.256,0.402
CUST-0199,2023-12-31,9,8,0.267,0.238
CUST-0199,2024-01-07,5,4,0.229,0.331
CUST-0199,2024-01-14,6,9,0.302,0.358
CUST-0199,2024-01-21,3,4,0.125,0.386
CUST-0199,2024-01-28,9,11,0.278,0.322
CUST-0199,2024-02-04,10,16,0.27,0.296
CUST-0199,2024-02-11,7,9,0.29,0.195
CUST-0199,2024-02-18,6,8,0.288,0.206
CUST-0199,2024-02-25,4,6,0.242,0.256
CUST-0199,2024-03-03,7,8,0.224,0.229
CUST-0199,2024-03-10,6,5,0.24,0.292
CUST-0199,2024-03-17,8,8,0.288,0.382
CUST-0199,2024-03-24,6,8,0.257,0.336
CUST-0199,2024-03-31,5,5,0.135,0.275
CUST-0199,2024-04-07,9,6,0.186,0.199
CUST-0199,2024-04-14,4,3,0.283,0.189
CUST-0199,2024-04-21,6,6,0.227,0.258
CUST-0199,2024-04-28,5,2,0.131,0.222
CUST-0199,2024-05-05,1,1,0.204,0.216
CUST-0199,2024-05-12,4,5,0.3,0.232
CUST-0199,2024-05-19,8,9,0.193,0.254
CUST-0199,2024-05-26,7,6,0.21,0.216
CUST-0199,2024-06-02,8,7,0.34,0.209
CUST-0199,2024-06-09,6,4,0.181,0.16
CUST-0199,2024-06-16,6,3,0.242,0.195
CUST-0199,2024-06-23,6,2,0.295,0.256
CUST-0199,2024-06-30,5,2,0.277,0.185
CUST-0199,2024-07-07,1,0,0.213,0.184
CUST-0199,2024-07-14,4,2,0.209,0.305
CUST-0199,2024-07-21,2,0,0.223,0.341
CUST-0199,2024-07-28,7,7,0.195,0.148
CUST-0199,2024-08-04,5,4,0.196,0.153
CUST-0199,2024-08-11,4,2,0.126,0.197
CUST-0199,2024-08-18,4,1,0.176,0.107
CUST-0199,2024-08-25,3,3,0.222,0.263
CUST-0199,2024-09-01,2,1,0.213,0.171
CUST-0199,2024-09-08,1,0,0.232,0.18
CUST-0199,2024-09-15,6,3,0.212,0.281
CUST-0199,2024-09-22,1,0,0.066,0.231
CUST-0199,2024-09-29,3,1,0.082,0.174
CUST-0199,2024-10-06,2,0,0.176,0.233
CUST-0199,2024-10-13,2,1,0.15,0.209
CUST-0199,2024-10-20,1,0,0.11,0.163
CUST-0199,2024-10-27,4,3,0.169,0.101
CUST-0199,2024-11-03,1,0,0.114,0.12
CUST-0199,2024-11-10,5,1,0.197,0.183
CUST-0199,2024-11-17,4,1,0.133,0.179
CUST-0199,2024-11-24,1,0,0.063,0.007
CUST-0199,2024-12-01,4,0,0.129,0.116
CUST-0199,2024-12-08,3,1,0.028,0.183
CUST-0199,2024-12-15,2,0,0.085,0.088
CUST-0199,2024-12-22,2,0,0.087,0.156
CUST-0199,2024-12-29,2,0,0.151,0.109
CUST-0199,2025-01-05,1,0,0.0,0.025
CUST-0199,2025-01-12,4,2,0.104,0.093
CUST-0199,2025-01-19,1,0,0.136,0.129
CUST-0199,2025-01-26,1,0,0.075,0.097
CUST-0199,2025-02-02,1,0,0.128,0.111
CUST-0199,2025-02-09,2,0,0.104,0.0
CUST-0199,2025-02-16,2,0,0.103,0.038
CUST-0199,2025-02-23,2,0,0.096,0.05
CUST-0199,2025-03-02,2,0,0.092,0.034
CUST-0199,2025-03-09,5,1,0.0,0.101
CUST-0199,2025-03-16,1,0,0.041,0.166
CUST-0199,2025-03-23,3,0,0.065,0.085
CUST-0199,2025-03-30,1,0,0.035,0.121
CUST-0199,2025-04-06,1,0,0.035,0.0
CUST-0199,2025-04-13,2,0,0.112,0.054
CUST-0199,2025-04-20,1,0,0.084,0.043
CUST-0199,2025-04-27,1,0,0.001,0.0
CUST-0199,2025-05-04,1,0,0.042,0.103
CUST-0199,2025-05-11,1,0,0.028,0.05
CUST-0199,2025-05-18,1,0,0.018,0.0
CUST-0199,2025-05-25,2,0,0.0,0.158
CUST-0199,2025-06-01,1,0,0.112,0.071
CUST-0199,2025-06-08,1,0,0.0,0.063
CUST-0199,2025-06-15,2,0,0.013,0.0
CUST-0199,2025-06-22,1,0,0.069,0.006
CUST-0199,2025-06-29,1,0,0.012,0.0
CUST-0199,2025-07-06,1,0,0.104,0.091
CUST-0199,2025-07-13,1,0,0.0,0.0
CUST-0199,2025-07-20,1,0,0.0,0.032
CUST-0199,2025-07-27,3,0,0.034,0.028
CUST-0199,2025-08-03,1,0,0.0,0.051
CUST-0199,2025-08-10,1,0,0.016,0.022
CUST-0199,2025-08-17,1,0,0.081,0.0
CUST-0199,2025-08-24,1,0,0.0,0.062
CUST-0199,2025-08-31,1,0,0.0,0.131
CUST-0199,2025-09-07,1,0,0.0,0.007
CUST-0199,2025-09-14,1,0,0.0,0.007
CUST-0199,2025-09-21,2,0,0.072,0.0
CUST-0199,2025-09-28,3,0,0.024,0.023
CUST-0199,2025-10-05,1,0,0.0,0.017
CUST-0200,2025-11-04,17,45,0.833,0.925
CUST-0200,2025-11-11,18,39,0.803,0.812
CUST-0200,2025-11-18,18,54,0.869,0.954
CUST-0200,2025-11-25,17,25,0.844,0.781
CUST-0200,2025-12-02,16,47,0.828,0.851
CUST-0200,2025-12-09,19,32,0.917,0.926
CUST-0200,2025-12-16,14,49,0.837,0.798
CUST-0200,2025-12-23,18,34,0.887,0.919
CUST-0200,2025-12-30,18,51,0.774,0.823
CUST-0200,2026-01-06,20,71,0.913,0.95
CUST-0200,2026-01-13,17,58,0.844,0.978
CUST-0200,2026-01-20,18,60,0.851,1.0
CUST-0200,2026-01-27,18,35,0.807,0.906
CUST-0200,2026-02-03,18,68,0.863,0.914
CUST-0200,2026-02-10,20,61,0.877,0.991
CUST-0200,2026-02-17,18,32,0.855,0.895
CUST-0200,2026-02-24,18,97,0.876,0.936
CUST-0200,2026-03-03,16,54,0.818,1.0
CUST-0200,2026-03-10,19,30,0.884,0.949
CUST-0200,2026-03-17,19,74,0.862,0.911
CUST-0200,2026-03-24,18,95,0.865,0.951
CUST-0200,2026-03-31,20,82,0.896,0.948
CUST-0200,2026-04-07,17,62,0.95,0.985
CUST-0200,2026-04-14,20,95,0.93,0.929
CUST-0200,2026-04-21,19,74,0.887,1.0
CUST-0200,2026-04-28,19,80,0.946,1.0
CUST-0200,2026-05-05,19,58,0.965,1.0
CUST-0200,2026-05-12,20,66,0.837,0.972
CUST-0200,2026-05-19,20,64,0.962,1.0
CUST-0200,2026-05-26,17,57,0.928,0.969
CUST-0200,2026-06-02,18,83,0.939,0.884
CUST-0200,2026-06-09,20,105,0.854,1.0
CUST-0200,2026-06-16,20,76,0.967,0.952
CUST-0200,2026-06-23,17,101,0.915,0.909
