ticket_id,customer_id,company_name,segment,category,issue_type,severity,created_date,resolved_date,resolution_hours,description,resolution_notes,csat_score
TICKET-00001,CUST-0001,AnalyticsCo LLC,Commercial,Training,Setup help,High,2023-12-16,2023-12-16,20,AnalyticsCo LLC (Commercial) reported: Setup help. Severity: High. Impacting business operations.,Resolved by providing fix. Customer satisfaction: 3/5.,3
TICKET-00002,CUST-0001,AnalyticsCo LLC,Commercial,Technical,API error,Low,2025-02-08,2025-02-09,35,AnalyticsCo LLC (Commercial) reported: API error. Severity: Low.,Resolved by providing documentation. Customer satisfaction: 1/5.,1
TICKET-00003,CUST-0001,AnalyticsCo LLC,Commercial,Technical,Integration issue,Medium,2023-11-16,2023-11-18,55,AnalyticsCo LLC (Commercial) reported: Integration issue. Severity: Medium.,Resolved by providing workaround. Customer satisfaction: 2/5.,2
TICKET-00004,CUST-0001,AnalyticsCo LLC,Commercial,Billing,Invoice question,Medium,2023-05-20,2023-05-22,66,AnalyticsCo LLC (Commercial) reported: Invoice question. Severity: Medium.,Resolved by providing configuration change. Customer satisfaction: 2/5.,2
TICKET-00005,CUST-0001,AnalyticsCo LLC,Commercial,Feature,Feature request,High,2023-12-07,2023-12-07,8,AnalyticsCo LLC (Commercial) reported: Feature request. Severity: High. Impacting business operations.,Resolved by providing configuration change. Customer satisfaction: 3/5.,3
TICKET-00006,CUST-0001,AnalyticsCo LLC,Commercial,Technical,Performance slow,High,2024-11-22,2024-11-22,18,AnalyticsCo LLC (Commercial) reported: Performance slow. Severity: High. Impacting business operations.,Resolved by providing workaround. Customer satisfaction: 1/5.,1
TICKET-00007,CUST-0002,DataBridge Solutions,Commercial,Technical,Data sync problem,Low,2024-05-22,2024-05-27,137,DataBridge Solutions (Commercial) reported: Data sync problem. Severity: Low.,Resolved by providing workaround. Customer satisfaction: 5/5.,5
TICKET-00008,CUST-0003,DataSync Solutions,SMB,Feature,Missing functionality,Low,2025-10-03,2025-10-04,27,DataSync Solutions (SMB) reported: Missing functionality. Severity: Low.,Resolved by providing documentation. Customer satisfaction: 5/5.,5
TICKET-00009,CUST-0004,ScaleSystems LLC,Enterprise,Training,Documentation request,High,2026-06-02,2026-06-03,36,ScaleSystems LLC (Enterprise) reported: Documentation request. Severity: High. Impacting business operations.,Resolved by providing feature update. Customer satisfaction: 4/5.,4
TICKET-00010,CUST-0004,ScaleSystems LLC,Enterprise,Technical,Integration issue,Medium,2026-06-26,2026-06-27,42,ScaleSystems LLC (Enterprise) reported: Integration issue. Severity: Medium.,Resolved by providing configuration change. Customer satisfaction: 2/5.,2
TICKET-00011,CUST-0004,ScaleSystems LLC,Enterprise,Technical,Integration issue,High,2025-12-05,2025-12-05,10,ScaleSystems LLC (Enterprise) reported: Integration issue. Severity: High. Impacting business operations.,Resolved by providing documentation. Customer satisfaction: 2/5.,2
TICKET-00012,CUST-0004,ScaleSystems LLC,Enterprise,Billing,Plan change request,Low,2025-10-28,2025-10-30,53,ScaleSystems LLC (Enterprise) reported: Plan change request. Severity: Low.,Resolved by providing workaround. Customer satisfaction: 4/5.,4
TICKET-00013,CUST-0004,ScaleSystems LLC,Enterprise,Technical,Data sync problem,Low,2025-09-07,2025-09-13,163,ScaleSystems LLC (Enterprise) reported: Data sync problem. Severity: Low.,Resolved by providing documentation. Customer satisfaction: 3/5.,3
TICKET-00014,CUST-0004,ScaleSystems LLC,Enterprise,Training,How-to question,Low,2025-09-21,2025-09-26,125,ScaleSystems LLC (Enterprise) reported: How-to question. Severity: Low.,Resolved by providing feature update. Customer satisfaction: 2/5.,2
TICKET-00015,CUST-0004,ScaleSystems LLC,Enterprise,Training,How-to question,Low,2025-12-15,2025-12-17,55,ScaleSystems LLC (Enterprise) reported: How-to question. Severity: Low.,Resolved by providing workaround. Customer satisfaction: 4/5.,4
TICKET-00016,CUST-0005,IntegrationHQ Solutions,Commercial,Feature,UI/UX feedback,High,2025-06-13,2025-06-14,45,IntegrationHQ Solutions (Commercial) reported: UI/UX feedback. Severity: High. Impacting business operations.,Resolved by providing workaround. Customer satisfaction: 2/5.,2
TICKET-00017,CUST-0005,IntegrationHQ Solutions,Commercial,Billing,Pricing clarification,High,2024-12-08,2024-12-08,8,IntegrationHQ Solutions (Commercial) reported: Pricing clarification. Severity: High. Impacting business operations.,Resolved by providing workaround. Customer satisfaction: 3/5.,3
TICKET-00018,CUST-0005,IntegrationHQ Solutions,Commercial,Billing,Payment issue,Low,2026-03-04,2026-03-09,120,IntegrationHQ Solutions (Commercial) reported: Payment issue. Severity: Low.,Resolved by providing configuration change. Customer satisfaction: 2/5.,2
TICKET-00019,CUST-0005,IntegrationHQ Solutions,Commercial,Training,How-to question,Low,2026-04-13,2026-04-14,44,IntegrationHQ Solutions (Commercial) reported: How-to question. Severity: Low.,Resolved by providing configuration change. Customer satisfaction: 2/5.,2
TICKET-00020,CUST-0005,IntegrationHQ Solutions,Commercial,Technical,API error,Critical,2026-06-10,2026-06-10,4,IntegrationHQ Solutions (Commercial) reported: API error. Severity: Critical. Impacting business operations.,Resolved by providing fix. Customer satisfaction: 4/5.,4
TICKET-00021,CUST-0006,AuditPro LLC,Commercial,Training,Documentation request,Medium,2024-03-26,2024-03-29,84,AuditPro LLC (Commercial) reported: Documentation request. Severity: Medium.,Resolved by providing feature update. Customer satisfaction: 3/5.,3
TICKET-00022,CUST-0006,AuditPro LLC,Commercial,Technical,Data sync problem,Medium,2023-07-06,2023-07-08,63,AuditPro LLC (Commercial) reported: Data sync problem. Severity: Medium.,Resolved by providing documentation. Customer satisfaction: 4/5.,4
TICKET-00023,CUST-0006,AuditPro LLC,Commercial,Feature,UI/UX feedback,Medium,2024-02-05,2024-02-07,66,AuditPro LLC (Commercial) reported: UI/UX feedback. Severity: Medium.,Resolved by providing feature update. Customer satisfaction: 4/5.,4
TICKET-00024,CUST-0006,AuditPro LLC,Commercial,Technical,Integration issue,Medium,2026-02-25,2026-02-25,12,AuditPro LLC (Commercial) reported: Integration issue. Severity: Medium.,Resolved by providing workaround. Customer satisfaction: 4/5.,4
TICKET-00025,CUST-0007,DisasterRecovery Solutions,SMB,Billing,Payment issue,Medium,2023-07-14,2023-07-14,18,DisasterRecovery Solutions (SMB) reported: Payment issue. Severity: Medium.,Resolved by providing configuration change. Customer satisfaction: 5/5.,5
TICKET-00026,CUST-0008,DevTools Inc,Commercial,Technical,Authentication failure,Medium,2025-01-03,2025-01-05,60,DevTools Inc (Commercial) reported: Authentication failure. Severity: Medium.,Resolved by providing feature update. Customer satisfaction: 1/5.,1
TICKET-00027,CUST-0008,DevTools Inc,Commercial,Feature,Feature request,Low,2024-02-07,2024-02-09,56,DevTools Inc (Commercial) reported: Feature request. Severity: Low.,Resolved by providing fix. Customer satisfaction: 2/5.,2
TICKET-00028,CUST-0008,DevTools Inc,Commercial,Billing,Payment issue,Low,2025-02-10,2025-02-13,83,DevTools Inc (Commercial) reported: Payment issue. Severity: Low.,Resolved by providing fix. Customer satisfaction: 2/5.,2
TICKET-00029,CUST-0008,DevTools Inc,Commercial,Billing,Payment issue,High,2025-06-08,2025-06-09,33,DevTools Inc (Commercial) reported: Payment issue. Severity: High. Impacting business operations.,Resolved by providing configuration change. Customer satisfaction: 1/5.,1
TICKET-00030,CUST-0008,DevTools Inc,Commercial,Billing,Plan change request,Medium,2025-02-10,2025-02-12,53,DevTools Inc (Commercial) reported: Plan change request. Severity: Medium.,Resolved by providing feature update. Customer satisfaction: 1/5.,1
TICKET-00031,CUST-0008,DevTools Inc,Commercial,Technical,Data sync problem,Medium,2024-05-10,2024-05-12,64,DevTools Inc (Commercial) reported: Data sync problem. Severity: Medium.,Resolved by providing fix. Customer satisfaction: 1/5.,1
TICKET-00032,CUST-0008,DevTools Inc,Commercial,Training,Best practices,Medium,2024-02-07,2024-02-10,87,DevTools Inc (Commercial) reported: Best practices. Severity: Medium.,Resolved by providing documentation. Customer satisfaction: 2/5.,2
TICKET-00033,CUST-0008,DevTools Inc,Commercial,Billing,Plan change request,High,2023-08-04,2023-08-04,5,DevTools Inc (Commercial) reported: Plan change request. Severity: High. Impacting business operations.,Resolved by providing feature update. Customer satisfaction: 2/5.,2
TICKET-00034,CUST-0008,DevTools Inc,Commercial,Feature,UI/UX feedback,Low,2024-08-11,2024-08-16,136,DevTools Inc (Commercial) reported: UI/UX feedback. Severity: Low.,Resolved by providing feature update. Customer satisfaction: 2/5.,2
TICKET-00035,CUST-0008,DevTools Inc,Commercial,Feature,Missing functionality,High,2024-09-30,2024-10-01,25,DevTools Inc (Commercial) reported: Missing functionality. Severity: High. Impacting business operations.,Resolved by providing fix. Customer satisfaction: 1/5.,1
TICKET-00036,CUST-0008,DevTools Inc,Commercial,Billing,Plan change request,Critical,2023-10-17,2023-10-17,4,DevTools Inc (Commercial) reported: Plan change request. Severity: Critical. Impacting business operations.,Resolved by providing workaround. Customer satisfaction: 2/5.,2
TICKET-00037,CUST-0008,DevTools Inc,Commercial,Technical,API error,Critical,2024-06-27,2024-06-27,7,DevTools Inc (Commercial) reported: API error. Severity: Critical. Impacting business operations.,Resolved by providing fix. Customer satisfaction: 1/5.,1
TICKET-00038,CUST-0009,CacheMaster Labs,Commercial,Feature,UI/UX feedback,Low,2024-04-01,2024-04-07,154,CacheMaster Labs (Commercial) reported: UI/UX feedback. Severity: Low.,Resolved by providing feature update. Customer satisfaction: 3/5.,3
TICKET-00039,CUST-0009,CacheMaster Labs,Commercial,Billing,Plan change request,High,2024-07-29,2024-07-29,13,CacheMaster Labs (Commercial) reported: Plan change request. Severity: High. Impacting business operations.,Resolved by providing documentation. Customer satisfaction: 3/5.,3
TICKET-00040,CUST-0009,CacheMaster Labs,Commercial,Training,Documentation request,Medium,2024-02-08,2024-02-11,76,CacheMaster Labs (Commercial) reported: Documentation request. Severity: Medium.,Resolved by providing documentation. Customer satisfaction: 3/5.,3
TICKET-00041,CUST-0009,CacheMaster Labs,Commercial,Billing,Plan change request,Medium,2023-10-20,2023-10-22,50,CacheMaster Labs (Commercial) reported: Plan change request. Severity: Medium.,Resolved by providing workaround. Customer satisfaction: 4/5.,4
TICKET-00042,CUST-0009,CacheMaster Labs,Commercial,Feature,Missing functionality,High,2026-04-03,2026-04-03,4,CacheMaster Labs (Commercial) reported: Missing functionality. Severity: High. Impacting business operations.,Resolved by providing configuration change. Customer satisfaction: 2/5.,2
TICKET-00043,CUST-0009,CacheMaster Labs,Commercial,Billing,Payment issue,Medium,2023-11-05,2023-11-09,96,CacheMaster Labs (Commercial) reported: Payment issue. Severity: Medium.,Resolved by providing workaround. Customer satisfaction: 4/5.,4
TICKET-00044,CUST-0009,CacheMaster Labs,Commercial,Technical,Integration issue,Medium,2023-06-11,2023-06-12,35,CacheMaster Labs (Commercial) reported: Integration issue. Severity: Medium.,Resolved by providing workaround. Customer satisfaction: 4/5.,4
TICKET-00045,CUST-0009,CacheMaster Labs,Commercial,Feature,Workflow improvement,Medium,2025-08-26,2025-08-27,42,CacheMaster Labs (Commercial) reported: Workflow improvement. Severity: Medium.,Resolved by providing documentation. Customer satisfaction: 3/5.,3
TICKET-00046,CUST-0009,CacheMaster Labs,Commercial,Billing,Plan change request,High,2026-05-12,2026-05-12,10,CacheMaster Labs (Commercial) reported: Plan change request. Severity: High. Impacting business operations.,Resolved by providing feature update. Customer satisfaction: 4/5.,4
TICKET-00047,CUST-0010,AnalyticsCo Inc,Commercial,Billing,Pricing clarification,High,2026-05-17,2026-05-17,10,AnalyticsCo Inc (Commercial) reported: Pricing clarification. Severity: High. Impacting business operations.,Resolved by providing feature update. Customer satisfaction: 2/5.,2
TICKET-00048,CUST-0010,AnalyticsCo Inc,Commercial,Feature,UI/UX feedback,Critical,2025-05-22,2025-05-22,8,AnalyticsCo Inc (Commercial) reported: UI/UX feedback. Severity: Critical. Impacting business operations.,Resolved by providing fix. Customer satisfaction: 1/5.,1
TICKET-00049,CUST-0010,AnalyticsCo Inc,Commercial,Technical,Performance slow,Medium,2025-08-07,2025-08-10,94,AnalyticsCo Inc (Commercial) reported: Performance slow. Severity: Medium.,Resolved by providing documentation. Customer satisfaction: 1/5.,1
TICKET-00050,CUST-0010,AnalyticsCo Inc,Commercial,Technical,API error,High,2025-04-22,2025-04-23,24,AnalyticsCo Inc (Commercial) reported: API error. Severity: High. Impacting business operations.,Resolved by providing documentation. Customer satisfaction: 1/5.,1
TICKET-00051,CUST-0010,AnalyticsCo Inc,Commercial,Billing,Payment issue,High,2025-12-11,2025-12-12,31,AnalyticsCo Inc (Commercial) reported: Payment issue. Severity: High. Impacting business operations.,Resolved by providing documentation. Customer satisfaction: 1/5.,1
TICKET-00052,CUST-0010,AnalyticsCo Inc,Commercial,Billing,Invoice question,High,2026-04-09,2026-04-09,21,AnalyticsCo Inc (Commercial) reported: Invoice question. Severity: High. Impacting business operations.,Resolved by providing configuration change. Customer satisfaction: 1/5.,1
TICKET-00053,CUST-0010,AnalyticsCo Inc,Commercial,Billing,Plan change request,Critical,2025-02-08,2025-02-08,3,AnalyticsCo Inc (Commercial) reported: Plan change request. Severity: Critical. Impacting business operations.,Resolved by providing workaround. Customer satisfaction: 1/5.,1
TICKET-00054,CUST-0010,AnalyticsCo Inc,Commercial,Training,Best practices,Critical,2026-05-20,2026-05-20,4,AnalyticsCo Inc (Commercial) reported: Best practices. Severity: Critical. Impacting business operations.,Resolved by providing documentation. Customer satisfaction: 1/5.,1
TICKET-00055,CUST-0010,AnalyticsCo Inc,Commercial,Training,Documentation request,Low,2025-08-27,2025-08-29,59,AnalyticsCo Inc (Commercial) reported: Documentation request. Severity: Low.,Resolved by providing fix. Customer satisfaction: 3/5.,3
TICKET-00056,CUST-0010,AnalyticsCo Inc,Commercial,Training,How-to question,High,2025-12-06,2025-12-07,46,AnalyticsCo Inc (Commercial) reported: How-to question. Severity: High. Impacting business operations.,Resolved by providing workaround. Customer satisfaction: 1/5.,1
TICKET-00057,CUST-0010,AnalyticsCo Inc,Commercial,Technical,Authentication failure,Medium,2025-03-03,2025-03-03,20,AnalyticsCo Inc (Commercial) reported: Authentication failure. Severity: Medium.,Resolved by providing feature update. Customer satisfaction: 1/5.,1
TICKET-00058,CUST-0010,AnalyticsCo Inc,Commercial,Feature,Feature request,High,2026-03-22,2026-03-22,9,AnalyticsCo Inc (Commercial) reported: Feature request. Severity: High. Impacting business operations.,Resolved by providing feature update. Customer satisfaction: 2/5.,2
TICKET-00059,CUST-0010,AnalyticsCo Inc,Commercial,Feature,Workflow improvement,Medium,2025-11-25,2025-11-27,53,AnalyticsCo Inc (Commercial) reported: Workflow improvement. Severity: Medium.,Resolved by providing configuration change. Customer satisfaction: 1/5.,1
TICKET-00060,CUST-0010,AnalyticsCo Inc,Commercial,Billing,Plan change request,Medium,2024-10-02,2024-10-05,89,AnalyticsCo Inc (Commercial) reported: Plan change request. Severity: Medium.,Resolved by providing workaround. Customer satisfaction: 2/5.,2
TICKET-00061,CUST-0010,AnalyticsCo Inc,Commercial,Billing,Invoice question,Critical,2026-02-13,2026-02-13,2,AnalyticsCo Inc (Commercial) reported: Invoice question. Severity: Critical. Impacting business operations.,Resolved by providing configuration change. Customer satisfaction: 1/5.,1
TICKET-00062,CUST-0010,AnalyticsCo Inc,Commercial,Training,Best practices,Medium,2025-05-19,2025-05-20,32,AnalyticsCo Inc (Commercial) reported: Best practices. Severity: Medium.,Resolved by providing workaround. Customer satisfaction: 1/5.,1
TICKET-00063,CUST-0011,CloudScale Group,SMB,Training,Setup help,High,2025-12-24,2025-12-24,12,CloudScale Group (SMB) reported: Setup help. Severity: High. Impacting business operations.,Resolved by providing documentation. Customer satisfaction: 4/5.,4
TICKET-00064,CUST-0012,AuditPro Solutions,SMB,Billing,Invoice question,Medium,2024-09-10,2024-09-12,67,AuditPro Solutions (SMB) reported: Invoice question. Severity: Medium.,Resolved by providing workaround. Customer satisfaction: 3/5.,3
TICKET-00065,CUST-0012,AuditPro Solutions,SMB,Feature,Workflow improvement,Medium,2025-04-10,2025-04-13,93,AuditPro Solutions (SMB) reported: Workflow improvement. Severity: Medium.,Resolved by providing workaround. Customer satisfaction: 2/5.,2
TICKET-00066,CUST-0012,AuditPro Solutions,SMB,Feature,Missing functionality,Low,2025-03-15,2025-03-17,64,AuditPro Solutions (SMB) reported: Missing functionality. Severity: Low.,Resolved by providing feature update. Customer satisfaction: 3/5.,3
TICKET-00067,CUST-0012,AuditPro Solutions,SMB,Technical,Data sync problem,Medium,2025-02-22,2025-02-25,94,AuditPro Solutions (SMB) reported: Data sync problem. Severity: Medium.,Resolved by providing fix. Customer satisfaction: 3/5.,3
TICKET-00068,CUST-0012,AuditPro Solutions,SMB,Technical,Data sync problem,Medium,2024-11-26,2024-11-28,58,AuditPro Solutions (SMB) reported: Data sync problem. Severity: Medium.,Resolved by providing configuration change. Customer satisfaction: 2/5.,2
TICKET-00069,CUST-0012,AuditPro Solutions,SMB,Feature,UI/UX feedback,Medium,2025-03-09,2025-03-10,29,AuditPro Solutions (SMB) reported: UI/UX feedback. Severity: Medium.,Resolved by providing configuration change. Customer satisfaction: 1/5.,1
TICKET-00070,CUST-0012,AuditPro Solutions,SMB,Billing,Plan change request,Medium,2025-09-10,2025-09-10,15,AuditPro Solutions (SMB) reported: Plan change request. Severity: Medium.,Resolved by providing configuration change. Customer satisfaction: 2/5.,2
TICKET-00071,CUST-0012,AuditPro Solutions,SMB,Billing,Invoice question,High,2024-08-15,2024-08-15,9,AuditPro Solutions (SMB) reported: Invoice question. Severity: High. Impacting business operations.,Resolved by providing documentation. Customer satisfaction: 3/5.,3
TICKET-00072,CUST-0012,AuditPro Solutions,SMB,Feature,UI/UX feedback,High,2025-12-15,2025-12-16,25,AuditPro Solutions (SMB) reported: UI/UX feedback. Severity: High. Impacting business operations.,Resolved by providing workaround. Customer satisfaction: 2/5.,2
TICKET-00073,CUST-0013,InnovateLabs LLC,SMB,Billing,Payment issue,High,2025-02-21,2025-02-22,28,InnovateLabs LLC (SMB) reported: Payment issue. Severity: High. Impacting business operations.,Resolved by providing fix. Customer satisfaction: 2/5.,2
TICKET-00074,CUST-0013,InnovateLabs LLC,SMB,Billing,Pricing clarification,Medium,2025-02-27,2025-03-02,82,InnovateLabs LLC (SMB) reported: Pricing clarification. Severity: Medium.,Resolved by providing configuration change. Customer satisfaction: 3/5.,3
TICKET-00075,CUST-0013,InnovateLabs LLC,SMB,Technical,Integration issue,Low,2024-11-01,2024-11-03,71,InnovateLabs LLC (SMB) reported: Integration issue. Severity: Low.,Resolved by providing documentation. Customer satisfaction: 3/5.,3
TICKET-00076,CUST-0013,InnovateLabs LLC,SMB,Billing,Invoice question,High,2025-11-22,2025-11-22,21,InnovateLabs LLC (SMB) reported: Invoice question. Severity: High. Impacting business operations.,Resolved by providing documentation. Customer satisfaction: 2/5.,2
TICKET-00077,CUST-0013,InnovateLabs LLC,SMB,Billing,Plan change request,Critical,2025-03-02,2025-03-02,3,InnovateLabs LLC (SMB) reported: Plan change request. Severity: Critical. Impacting business operations.,Resolved by providing configuration change. Customer satisfaction: 2/5.,2
TICKET-00078,CUST-0013,InnovateLabs LLC,SMB,Billing,Pricing clarification,Medium,2024-11-07,2024-11-08,33,InnovateLabs LLC (SMB) reported: Pricing clarification. Severity: Medium.,Resolved by providing documentation. Customer satisfaction: 3/5.,3
TICKET-00079,CUST-0013,InnovateLabs LLC,SMB,Billing,Payment issue,Medium,2025-11-07,2025-11-08,30,InnovateLabs LLC (SMB) reported: Payment issue. Severity: Medium.,Resolved by providing documentation. Customer satisfaction: 2/5.,2
TICKET-00080,CUST-0013,InnovateLabs LLC,SMB,Billing,Payment issue,High,2025-12-16,2025-12-17,35,InnovateLabs LLC (SMB) reported: Payment issue. Severity: High. Impacting business operations.,Resolved by providing documentation. Customer satisfaction: 2/5.,2
TICKET-00081,CUST-0013,InnovateLabs LLC,SMB,Training,Documentation request,High,2025-05-23,2025-05-24,47,InnovateLabs LLC (SMB) reported: Documentation request. Severity: High. Impacting business operations.,Resolved by providing workaround. Customer satisfaction: 4/5.,4
TICKET-00082,CUST-0013,InnovateLabs LLC,SMB,Training,How-to question,Low,2024-05-14,2024-05-16,52,InnovateLabs LLC (SMB) reported: How-to question. Severity: Low.,Resolved by providing configuration change. Customer satisfaction: 2/5.,2
TICKET-00083,CUST-0013,InnovateLabs LLC,SMB,Feature,Missing functionality,High,2025-12-09,2025-12-09,20,InnovateLabs LLC (SMB) reported: Missing functionality. Severity: High. Impacting business operations.,Resolved by providing configuration change. Customer satisfaction: 2/5.,2
TICKET-00084,CUST-0014,CodeCraft Group,Commercial,Billing,Plan change request,Medium,2025-03-09,2025-03-09,15,CodeCraft Group (Commercial) reported: Plan change request. Severity: Medium.,Resolved by providing configuration change. Customer satisfaction: 3/5.,3
TICKET-00085,CUST-0014,CodeCraft Group,Commercial,Feature,Workflow improvement,High,2025-12-04,2025-12-04,9,CodeCraft Group (Commercial) reported: Workflow improvement. Severity: High. Impacting business operations.,Resolved by providing fix. Customer satisfaction: 3/5.,3
TICKET-00086,CUST-0014,CodeCraft Group,Commercial,Feature,Workflow improvement,High,2025-05-27,2025-05-28,34,CodeCraft Group (Commercial) reported: Workflow improvement. Severity: High. Impacting business operations.,Resolved by providing feature update. Customer satisfaction: 4/5.,4
TICKET-00087,CUST-0014,CodeCraft Group,Commercial,Technical,Authentication failure,Low,2024-12-12,2024-12-16,106,CodeCraft Group (Commercial) reported: Authentication failure. Severity: Low.,Resolved by providing documentation. Customer satisfaction: 4/5.,4
TICKET-00088,CUST-0014,CodeCraft Group,Commercial,Training,How-to question,Medium,2024-09-26,2024-09-29,91,CodeCraft Group (Commercial) reported: How-to question. Severity: Medium.,Resolved by providing workaround. Customer satisfaction: 3/5.,3
TICKET-00089,CUST-0014,CodeCraft Group,Commercial,Training,Setup help,Low,2025-01-14,2025-01-16,68,CodeCraft Group (Commercial) reported: Setup help. Severity: Low.,Resolved by providing documentation. Customer satisfaction: 5/5.,5
TICKET-00090,CUST-0014,CodeCraft Group,Commercial,Billing,Plan change request,Critical,2024-04-19,2024-04-19,9,CodeCraft Group (Commercial) reported: Plan change request. Severity: Critical. Impacting business operations.,Resolved by providing documentation. Customer satisfaction: 5/5.,5
TICKET-00091,CUST-0015,DataBridge Corp,Commercial,Technical,Performance slow,High,2026-06-09,2026-06-10,32,DataBridge Corp (Commercial) reported: Performance slow. Severity: High. Impacting business operations.,Resolved by providing documentation. Customer satisfaction: 1/5.,1
TICKET-00092,CUST-0015,DataBridge Corp,Commercial,Technical,API error,Medium,2025-08-31,2025-09-02,66,DataBridge Corp (Commercial) reported: API error. Severity: Medium.,Resolved by providing feature update. Customer satisfaction: 1/5.,1
TICKET-00093,CUST-0015,DataBridge Corp,Commercial,Technical,Integration issue,Medium,2025-12-21,2025-12-22,30,DataBridge Corp (Commercial) reported: Integration issue. Severity: Medium.,Resolved by providing feature update. Customer satisfaction: 1/5.,1
TICKET-00094,CUST-0015,DataBridge Corp,Commercial,Feature,Workflow improvement,Low,2026-04-17,2026-04-22,139,DataBridge Corp (Commercial) reported: Workflow improvement. Severity: Low.,Resolved by providing feature update. Customer satisfaction: 1/5.,1
TICKET-00095,CUST-0015,DataBridge Corp,Commercial,Training,Setup help,Medium,2024-12-09,2024-12-11,59,DataBridge Corp (Commercial) reported: Setup help. Severity: Medium.,Resolved by providing documentation. Customer satisfaction: 3/5.,3
TICKET-00096,CUST-0015,DataBridge Corp,Commercial,Feature,UI/UX feedback,Low,2025-10-31,2025-11-01,32,DataBridge Corp (Commercial) reported: UI/UX feedback. Severity: Low.,Resolved by providing documentation. Customer satisfaction: 1/5.,1
TICKET-00097,CUST-0015,DataBridge Corp,Commercial,Technical,API error,Medium,2024-09-09,2024-09-11,65,DataBridge Corp (Commercial) reported: API error. Severity: Medium.,Resolved by providing feature update. Customer satisfaction: 3/5.,3
TICKET-00098,CUST-0015,DataBridge Corp,Commercial,Training,Best practices,Critical,2025-10-17,2025-10-17,9,DataBridge Corp (Commercial) reported: Best practices. Severity: Critical. Impacting business operations.,Resolved by providing documentation. Customer satisfaction: 1/5.,1
TICKET-00099,CUST-0015,DataBridge Corp,Commercial,Billing,Plan change request,Medium,2025-07-15,2025-07-15,14,DataBridge Corp (Commercial) reported: Plan change request. Severity: Medium.,Resolved by providing feature update. Customer satisfaction: 1/5.,1
TICKET-00100,CUST-0015,DataBridge Corp,Commercial,Billing,Pricing clarification,High,2025-06-07,2025-06-08,40,DataBridge Corp (Commercial) reported: Pricing clarification. Severity: High. Impacting business operations.,Resolved by providing feature update. Customer satisfaction: 1/5.,1
TICKET-00101,CUST-0015,DataBridge Corp,Commercial,Technical,Authentication failure,Medium,2026-04-10,2026-04-13,76,DataBridge Corp (Commercial) reported: Authentication failure. Severity: Medium.,Resolved by providing fix. Customer satisfaction: 1/5.,1
TICKET-00102,CUST-0016,APIGateway Inc,SMB,Feature,Workflow improvement,High,2024-02-04,2024-02-05,38,APIGateway Inc (SMB) reported: Workflow improvement. Severity: High. Impacting business operations.,Resolved by providing configuration change. Customer satisfaction: 3/5.,3
TICKET-00103,CUST-0017,CloudVision LLC,Enterprise,Feature,Missing functionality,Critical,2026-05-18,2026-05-18,5,CloudVision LLC (Enterprise) reported: Missing functionality. Severity: Critical. Impacting business operations.,Resolved by providing fix. Customer satisfaction: 5/5.,5
TICKET-00104,CUST-0017,CloudVision LLC,Enterprise,Technical,Data sync problem,High,2025-03-10,2025-03-10,22,CloudVision LLC (Enterprise) reported: Data sync problem. Severity: High. Impacting business operations.,Resolved by providing fix. Customer satisfaction: 4/5.,4
TICKET-00105,CUST-0017,CloudVision LLC,Enterprise,Billing,Pricing clarification,High,2026-02-11,2026-02-12,30,CloudVision LLC (Enterprise) reported: Pricing clarification. Severity: High. Impacting business operations.,Resolved by providing workaround. Customer satisfaction: 4/5.,4
TICKET-00106,CUST-0018,CloudScale Corp,SMB,Feature,Feature request,Medium,2024-10-27,2024-10-27,15,CloudScale Corp (SMB) reported: Feature request. Severity: Medium.,Resolved by providing documentation. Customer satisfaction: 3/5.,3
TICKET-00107,CUST-0018,CloudScale Corp,SMB,Billing,Plan change request,High,2023-04-08,2023-04-08,7,CloudScale Corp (SMB) reported: Plan change request. Severity: High. Impacting business operations.,Resolved by providing workaround. Customer satisfaction: 3/5.,3
TICKET-00108,CUST-0018,CloudScale Corp,SMB,Technical,API error,High,2023-12-25,2023-12-25,20,CloudScale Corp (SMB) reported: API error. Severity: High. Impacting business operations.,Resolved by providing documentation. Customer satisfaction: 3/5.,3
TICKET-00109,CUST-0018,CloudScale Corp,SMB,Training,How-to question,Low,2025-12-26,2025-12-28,58,CloudScale Corp (SMB) reported: How-to question. Severity: Low.,Resolved by providing feature update. Customer satisfaction: 3/5.,3
TICKET-00110,CUST-0019,ComplianceHub Group,Commercial,Technical,API error,Low,2026-06-27,2026-07-01,110,ComplianceHub Group (Commercial) reported: API error. Severity: Low.,Resolved by providing fix. Customer satisfaction: 2/5.,2
TICKET-00111,CUST-0019,ComplianceHub Group,Commercial,Technical,Data sync problem,Low,2026-05-21,2026-05-22,34,ComplianceHub Group (Commercial) reported: Data sync problem. Severity: Low.,Resolved by providing workaround. Customer satisfaction: 3/5.,3
TICKET-00112,CUST-0019,ComplianceHub Group,Commercial,Billing,Pricing clarification,High,2026-04-17,2026-04-18,35,ComplianceHub Group (Commercial) reported: Pricing clarification. Severity: High. Impacting business operations.,Resolved by providing documentation. Customer satisfaction: 3/5.,3
TICKET-00113,CUST-0019,ComplianceHub Group,Commercial,Feature,UI/UX feedback,Low,2026-04-06,2026-04-08,53,ComplianceHub Group (Commercial) reported: UI/UX feedback. Severity: Low.,Resolved by providing documentation. Customer satisfaction: 3/5.,3
TICKET-00114,CUST-0019,ComplianceHub Group,Commercial,Billing,Pricing clarification,Medium,2026-06-14,2026-06-14,13,ComplianceHub Group (Commercial) reported: Pricing clarification. Severity: Medium.,Resolved by providing documentation. Customer satisfaction: 2/5.,2
TICKET-00115,CUST-0019,ComplianceHub Group,Commercial,Technical,Authentication failure,High,2026-06-25,2026-06-25,17,ComplianceHub Group (Commercial) reported: Authentication failure. Severity: High. Impacting business operations.,Resolved by providing documentation. Customer satisfaction: 1/5.,1
TICKET-00116,CUST-0020,BackupCloud Group,Commercial,Training,Best practices,Medium,2025-04-22,2025-04-25,92,BackupCloud Group (Commercial) reported: Best practices. Severity: Medium.,Resolved by providing workaround. Customer satisfaction: 2/5.,2
TICKET-00117,CUST-0020,BackupCloud Group,Commercial,Technical,Data sync problem,High,2025-04-03,2025-04-04,28,BackupCloud Group (Commercial) reported: Data sync problem. Severity: High. Impacting business operations.,Resolved by providing configuration change. Customer satisfaction: 2/5.,2
TICKET-00118,CUST-0020,BackupCloud Group,Commercial,Feature,Missing functionality,High,2025-04-16,2025-04-17,42,BackupCloud Group (Commercial) reported: Missing functionality. Severity: High. Impacting business operations.,Resolved by providing configuration change. Customer satisfaction: 2/5.,2
TICKET-00119,CUST-0020,BackupCloud Group,Commercial,Feature,Workflow improvement,Medium,2025-03-22,2025-03-25,76,BackupCloud Group (Commercial) reported: Workflow improvement. Severity: Medium.,Resolved by providing fix. Customer satisfaction: 3/5.,3
TICKET-00120,CUST-0020,BackupCloud Group,Commercial,Feature,Workflow improvement,Medium,2025-04-14,2025-04-17,77,BackupCloud Group (Commercial) reported: Workflow improvement. Severity: Medium.,Resolved by providing documentation. Customer satisfaction: 3/5.,3
TICKET-00121,CUST-0020,BackupCloud Group,Commercial,Billing,Invoice question,Critical,2024-12-05,2024-12-05,5,BackupCloud Group (Commercial) reported: Invoice question. Severity: Critical. Impacting business operations.,Resolved by providing documentation. Customer satisfaction: 3/5.,3
TICKET-00122,CUST-0020,BackupCloud Group,Commercial,Technical,Performance slow,High,2024-12-08,2024-12-08,19,BackupCloud Group (Commercial) reported: Performance slow. Severity: High. Impacting business operations.,Resolved by providing fix. Customer satisfaction: 3/5.,3
TICKET-00123,CUST-0020,BackupCloud Group,Commercial,Training,How-to question,Critical,2024-11-27,2024-11-27,6,BackupCloud Group (Commercial) reported: How-to question. Severity: Critical. Impacting business operations.,Resolved by providing workaround. Customer satisfaction: 3/5.,3
TICKET-00124,CUST-0020,BackupCloud Group,Commercial,Feature,Workflow improvement,Medium,2025-10-04,2025-10-07,79,BackupCloud Group (Commercial) reported: Workflow improvement. Severity: Medium.,Resolved by providing workaround. Customer satisfaction: 4/5.,4
TICKET-00125,CUST-0021,ContainerOps Corp,Enterprise,Technical,Performance slow,Medium,2026-01-08,2026-01-10,67,ContainerOps Corp (Enterprise) reported: Performance slow. Severity: Medium.,Resolved by providing configuration change. Customer satisfaction: 4/5.,4
TICKET-00126,CUST-0021,ContainerOps Corp,Enterprise,Feature,Workflow improvement,Medium,2025-11-07,2025-11-08,28,ContainerOps Corp (Enterprise) reported: Workflow improvement. Severity: Medium.,Resolved by providing documentation. Customer satisfaction: 4/5.,4
TICKET-00127,CUST-0022,SecurityFirst Systems,Enterprise,Billing,Invoice question,Low,2025-08-18,2025-08-19,30,SecurityFirst Systems (Enterprise) reported: Invoice question. Severity: Low.,Resolved by providing fix. Customer satisfaction: 4/5.,4
TICKET-00128,CUST-0022,SecurityFirst Systems,Enterprise,Training,Documentation request,High,2026-06-20,2026-06-21,40,SecurityFirst Systems (Enterprise) reported: Documentation request. Severity: High. Impacting business operations.,Resolved by providing fix. Customer satisfaction: 3/5.,3
TICKET-00129,CUST-0022,SecurityFirst Systems,Enterprise,Technical,Data sync problem,Critical,2025-07-14,2025-07-14,12,SecurityFirst Systems (Enterprise) reported: Data sync problem. Severity: Critical. Impacting business operations.,Resolved by providing workaround. Customer satisfaction: 4/5.,4
TICKET-00130,CUST-0022,SecurityFirst Systems,Enterprise,Feature,Missing functionality,High,2025-11-15,2025-11-16,28,SecurityFirst Systems (Enterprise) reported: Missing functionality. Severity: High. Impacting business operations.,Resolved by providing configuration change. Customer satisfaction: 3/5.,3
TICKET-00131,CUST-0022,SecurityFirst Systems,Enterprise,Technical,Integration issue,High,2026-02-15,2026-02-16,40,SecurityFirst Systems (Enterprise) reported: Integration issue. Severity: High. Impacting business operations.,Resolved by providing fix. Customer satisfaction: 3/5.,3
TICKET-00132,CUST-0022,SecurityFirst Systems,Enterprise,Technical,API error,Low,2025-10-24,2025-10-28,113,SecurityFirst Systems (Enterprise) reported: API error. Severity: Low.,Resolved by providing workaround. Customer satisfaction: 2/5.,2
TICKET-00133,CUST-0022,SecurityFirst Systems,Enterprise,Technical,API error,Medium,2025-08-10,2025-08-11,39,SecurityFirst Systems (Enterprise) reported: API error. Severity: Medium.,Resolved by providing feature update. Customer satisfaction: 3/5.,3
TICKET-00134,CUST-0022,SecurityFirst Systems,Enterprise,Feature,Feature request,High,2025-10-22,2025-10-22,19,SecurityFirst Systems (Enterprise) reported: Feature request. Severity: High. Impacting business operations.,Resolved by providing feature update. Customer satisfaction: 2/5.,2
TICKET-00135,CUST-0022,SecurityFirst Systems,Enterprise,Technical,API error,Medium,2025-10-22,2025-10-24,71,SecurityFirst Systems (Enterprise) reported: API error. Severity: Medium.,Resolved by providing fix. Customer satisfaction: 4/5.,4
TICKET-00136,CUST-0023,AIForge Technologies,SMB,Training,Setup help,Medium,2026-02-21,2026-02-23,67,AIForge Technologies (SMB) reported: Setup help. Severity: Medium.,Resolved by providing workaround. Customer satisfaction: 5/5.,5
TICKET-00137,CUST-0023,AIForge Technologies,SMB,Billing,Plan change request,Medium,2026-03-01,2026-03-03,58,AIForge Technologies (SMB) reported: Plan change request. Severity: Medium.,Resolved by providing configuration change. Customer satisfaction: 4/5.,4
TICKET-00138,CUST-0023,AIForge Technologies,SMB,Technical,Authentication failure,Medium,2026-06-20,2026-06-22,62,AIForge Technologies (SMB) reported: Authentication failure. Severity: Medium.,Resolved by providing documentation. Customer satisfaction: 3/5.,3
TICKET-00139,CUST-0023,AIForge Technologies,SMB,Training,Best practices,Medium,2026-03-03,2026-03-04,46,AIForge Technologies (SMB) reported: Best practices. Severity: Medium.,Resolved by providing configuration change. Customer satisfaction: 3/5.,3
TICKET-00140,CUST-0024,CloudScale Technologies,Commercial,Technical,Performance slow,Medium,2025-08-16,2025-08-17,47,CloudScale Technologies (Commercial) reported: Performance slow. Severity: Medium.,Resolved by providing fix. Customer satisfaction: 4/5.,4
TICKET-00141,CUST-0025,MicroServe LLC,SMB,Training,How-to question,High,2026-06-14,2026-06-14,19,MicroServe LLC (SMB) reported: How-to question. Severity: High. Impacting business operations.,Resolved by providing documentation. Customer satisfaction: 3/5.,3
TICKET-00142,CUST-0025,MicroServe LLC,SMB,Feature,Workflow improvement,High,2026-01-13,2026-01-14,34,MicroServe LLC (SMB) reported: Workflow improvement. Severity: High. Impacting business operations.,Resolved by providing fix. Customer satisfaction: 1/5.,1
TICKET-00143,CUST-0025,MicroServe LLC,SMB,Training,Documentation request,Critical,2026-05-13,2026-05-13,2,MicroServe LLC (SMB) reported: Documentation request. Severity: Critical. Impacting business operations.,Resolved by providing configuration change. Customer satisfaction: 1/5.,1
TICKET-00144,CUST-0025,MicroServe LLC,SMB,Training,Best practices,High,2025-11-20,2025-11-20,4,MicroServe LLC (SMB) reported: Best practices. Severity: High. Impacting business operations.,Resolved by providing workaround. Customer satisfaction: 2/5.,2
TICKET-00145,CUST-0025,MicroServe LLC,SMB,Feature,Workflow improvement,Critical,2025-11-29,2025-11-29,9,MicroServe LLC (SMB) reported: Workflow improvement. Severity: Critical. Impacting business operations.,Resolved by providing configuration change. Customer satisfaction: 3/5.,3
TICKET-00146,CUST-0025,MicroServe LLC,SMB,Technical,Authentication failure,Critical,2026-05-12,2026-05-12,3,MicroServe LLC (SMB) reported: Authentication failure. Severity: Critical. Impacting business operations.,Resolved by providing fix. Customer satisfaction: 3/5.,3
TICKET-00147,CUST-0025,MicroServe LLC,SMB,Feature,Missing functionality,Medium,2025-09-05,2025-09-06,35,MicroServe LLC (SMB) reported: Missing functionality. Severity: Medium.,Resolved by providing feature update. Customer satisfaction: 3/5.,3
TICKET-00148,CUST-0025,MicroServe LLC,SMB,Technical,Performance slow,High,2025-12-31,2026-01-01,47,MicroServe LLC (SMB) reported: Performance slow. Severity: High. Impacting business operations.,Resolved by providing documentation. Customer satisfaction: 4/5.,4
TICKET-00149,CUST-0025,MicroServe LLC,SMB,Billing,Invoice question,High,2025-10-20,2025-10-21,34,MicroServe LLC (SMB) reported: Invoice question. Severity: High. Impacting business operations.,Resolved by providing feature update. Customer satisfaction: 2/5.,2
TICKET-00150,CUST-0026,LoadBalance Group,SMB,Training,How-to question,Critical,2026-03-15,2026-03-15,10,LoadBalance Group (SMB) reported: How-to question. Severity: Critical. Impacting business operations.,Resolved by providing workaround. Customer satisfaction: 3/5.,3
TICKET-00151,CUST-0026,LoadBalance Group,SMB,Feature,Missing functionality,Low,2023-08-25,2023-08-28,83,LoadBalance Group (SMB) reported: Missing functionality. Severity: Low.,Resolved by providing workaround. Customer satisfaction: 2/5.,2
TICKET-00152,CUST-0026,LoadBalance Group,SMB,Feature,UI/UX feedback,Medium,2024-06-11,2024-06-12,33,LoadBalance Group (SMB) reported: UI/UX feedback. Severity: Medium.,Resolved by providing feature update. Customer satisfaction: 3/5.,3
TICKET-00153,CUST-0026,LoadBalance Group,SMB,Training,Best practices,High,2023-05-20,2023-05-20,7,LoadBalance Group (SMB) reported: Best practices. Severity: High. Impacting business operations.,Resolved by providing configuration change. Customer satisfaction: 3/5.,3
TICKET-00154,CUST-0026,LoadBalance Group,SMB,Technical,Authentication failure,Low,2025-06-28,2025-07-01,85,LoadBalance Group (SMB) reported: Authentication failure. Severity: Low.,Resolved by providing configuration change. Customer satisfaction: 1/5.,1
TICKET-00155,CUST-0026,LoadBalance Group,SMB,Technical,Performance slow,Medium,2026-03-15,2026-03-15,12,LoadBalance Group (SMB) reported: Performance slow. Severity: Medium.,Resolved by providing feature update. Customer satisfaction: 4/5.,4
TICKET-00156,CUST-0026,LoadBalance Group,SMB,Feature,Feature request,Medium,2024-10-15,2024-10-16,32,LoadBalance Group (SMB) reported: Feature request. Severity: Medium.,Resolved by providing fix. Customer satisfaction: 3/5.,3
TICKET-00157,CUST-0026,LoadBalance Group,SMB,Feature,Missing functionality,High,2026-02-04,2026-02-05,40,LoadBalance Group (SMB) reported: Missing functionality. Severity: High. Impacting business operations.,Resolved by providing workaround. Customer satisfaction: 3/5.,3
TICKET-00158,CUST-0027,ScaleSystems Inc,SMB,Feature,Missing functionality,Low,2026-02-11,2026-02-17,148,ScaleSystems Inc (SMB) reported: Missing functionality. Severity: Low.,Resolved by providing workaround. Customer satisfaction: 3/5.,3
TICKET-00159,CUST-0027,ScaleSystems Inc,SMB,Technical,Integration issue,High,2026-02-28,2026-03-01,34,ScaleSystems Inc (SMB) reported: Integration issue. Severity: High. Impacting business operations.,Resolved by providing documentation. Customer satisfaction: 3/5.,3
TICKET-00160,CUST-0027,ScaleSystems Inc,SMB,Feature,UI/UX feedback,Medium,2026-01-13,2026-01-15,56,ScaleSystems Inc (SMB) reported: UI/UX feedback. Severity: Medium.,Resolved by providing feature update. Customer satisfaction: 3/5.,3
TICKET-00161,CUST-0027,ScaleSystems Inc,SMB,Technical,Integration issue,Medium,2026-02-07,2026-02-09,51,ScaleSystems Inc (SMB) reported: Integration issue. Severity: Medium.,Resolved by providing feature update. Customer satisfaction: 3/5.,3
TICKET-00162,CUST-0027,ScaleSystems Inc,SMB,Training,How-to question,High,2026-02-25,2026-02-26,29,ScaleSystems Inc (SMB) reported: How-to question. Severity: High. Impacting business operations.,Resolved by providing documentation. Customer satisfaction: 3/5.,3
TICKET-00163,CUST-0028,CacheMaster Inc,SMB,Feature,Feature request,High,2025-10-03,2025-10-04,31,CacheMaster Inc (SMB) reported: Feature request. Severity: High. Impacting business operations.,Resolved by providing fix. Customer satisfaction: 4/5.,4
TICKET-00164,CUST-0028,CacheMaster Inc,SMB,Feature,UI/UX feedback,Low,2025-05-11,2025-05-15,106,CacheMaster Inc (SMB) reported: UI/UX feedback. Severity: Low.,Resolved by providing workaround. Customer satisfaction: 2/5.,2
TICKET-00165,CUST-0028,CacheMaster Inc,SMB,Technical,Data sync problem,High,2025-10-12,2025-10-12,17,CacheMaster Inc (SMB) reported: Data sync problem. Severity: High. Impacting business operations.,Resolved by providing documentation. Customer satisfaction: 2/5.,2
TICKET-00166,CUST-0028,CacheMaster Inc,SMB,Training,Setup help,Medium,2025-08-01,2025-08-03,52,CacheMaster Inc (SMB) reported: Setup help. Severity: Medium.,Resolved by providing workaround. Customer satisfaction: 2/5.,2
TICKET-00167,CUST-0028,CacheMaster Inc,SMB,Billing,Plan change request,High,2025-06-13,2025-06-13,21,CacheMaster Inc (SMB) reported: Plan change request. Severity: High. Impacting business operations.,Resolved by providing configuration change. Customer satisfaction: 3/5.,3
TICKET-00168,CUST-0028,CacheMaster Inc,SMB,Technical,Authentication failure,Low,2025-10-16,2025-10-18,60,CacheMaster Inc (SMB) reported: Authentication failure. Severity: Low.,Resolved by providing feature update. Customer satisfaction: 3/5.,3
TICKET-00169,CUST-0028,CacheMaster Inc,SMB,Feature,Workflow improvement,Medium,2025-02-25,2025-02-28,89,CacheMaster Inc (SMB) reported: Workflow improvement. Severity: Medium.,Resolved by providing feature update. Customer satisfaction: 2/5.,2
TICKET-00170,CUST-0028,CacheMaster Inc,SMB,Feature,UI/UX feedback,High,2025-05-07,2025-05-08,34,CacheMaster Inc (SMB) reported: UI/UX feedback. Severity: High. Impacting business operations.,Resolved by providing fix. Customer satisfaction: 2/5.,2
TICKET-00171,CUST-0028,CacheMaster Inc,SMB,Feature,Feature request,High,2025-09-03,2025-09-03,16,CacheMaster Inc (SMB) reported: Feature request. Severity: High. Impacting business operations.,Resolved by providing fix. Customer satisfaction: 2/5.,2
TICKET-00172,CUST-0029,BackupCloud Technologies,SMB,Technical,Performance slow,Low,2025-03-18,2025-03-23,135,BackupCloud Technologies (SMB) reported: Performance slow. Severity: Low.,Resolved by providing fix. Customer satisfaction: 4/5.,4
TICKET-00173,CUST-0029,BackupCloud Technologies,SMB,Training,Documentation request,Critical,2026-02-19,2026-02-19,3,BackupCloud Technologies (SMB) reported: Documentation request. Severity: Critical. Impacting business operations.,Resolved by providing configuration change. Customer satisfaction: 5/5.,5
TICKET-00174,CUST-0029,BackupCloud Technologies,SMB,Feature,Workflow improvement,Medium,2026-02-02,2026-02-04,70,BackupCloud Technologies (SMB) reported: Workflow improvement. Severity: Medium.,Resolved by providing configuration change. Customer satisfaction: 5/5.,5
TICKET-00175,CUST-0030,DataBridge Labs,SMB,Feature,Missing functionality,High,2026-04-28,2026-04-29,41,DataBridge Labs (SMB) reported: Missing functionality. Severity: High. Impacting business operations.,Resolved by providing configuration change. Customer satisfaction: 3/5.,3
TICKET-00176,CUST-0030,DataBridge Labs,SMB,Billing,Plan change request,Medium,2026-03-04,2026-03-06,71,DataBridge Labs (SMB) reported: Plan change request. Severity: Medium.,Resolved by providing documentation. Customer satisfaction: 2/5.,2
TICKET-00177,CUST-0030,DataBridge Labs,SMB,Technical,Integration issue,High,2026-03-28,2026-03-29,47,DataBridge Labs (SMB) reported: Integration issue. Severity: High. Impacting business operations.,Resolved by providing feature update. Customer satisfaction: 3/5.,3
TICKET-00178,CUST-0030,DataBridge Labs,SMB,Training,Documentation request,Medium,2026-03-15,2026-03-16,27,DataBridge Labs (SMB) reported: Documentation request. Severity: Medium.,Resolved by providing fix. Customer satisfaction: 3/5.,3
TICKET-00179,CUST-0030,DataBridge Labs,SMB,Feature,Workflow improvement,High,2026-04-29,2026-04-30,33,DataBridge Labs (SMB) reported: Workflow improvement. Severity: High. Impacting business operations.,Resolved by providing fix. Customer satisfaction: 2/5.,2
TICKET-00180,CUST-0030,DataBridge Labs,SMB,Technical,Data sync problem,High,2026-05-23,2026-05-25,48,DataBridge Labs (SMB) reported: Data sync problem. Severity: High. Impacting business operations.,Resolved by providing documentation. Customer satisfaction: 2/5.,2
TICKET-00181,CUST-0031,MonitorPlus Technologies,Commercial,Training,How-to question,High,2024-09-11,2024-09-11,10,MonitorPlus Technologies (Commercial) reported: How-to question. Severity: High. Impacting business operations.,Resolved by providing workaround. Customer satisfaction: 4/5.,4
TICKET-00182,CUST-0031,MonitorPlus Technologies,Commercial,Training,Documentation request,Low,2024-11-21,2024-11-23,70,MonitorPlus Technologies (Commercial) reported: Documentation request. Severity: Low.,Resolved by providing fix. Customer satisfaction: 4/5.,4
TICKET-00183,CUST-0031,MonitorPlus Technologies,Commercial,Feature,Feature request,Low,2024-05-04,2024-05-09,132,MonitorPlus Technologies (Commercial) reported: Feature request. Severity: Low.,Resolved by providing fix. Customer satisfaction: 5/5.,5
TICKET-00184,CUST-0032,SecureNet LLC,SMB,Billing,Pricing clarification,Low,2024-12-02,2024-12-08,166,SecureNet LLC (SMB) reported: Pricing clarification. Severity: Low.,Resolved by providing configuration change. Customer satisfaction: 4/5.,4
TICKET-00185,CUST-0033,CodeCraft Solutions,SMB,Training,Best practices,Medium,2026-04-07,2026-04-10,93,CodeCraft Solutions (SMB) reported: Best practices. Severity: Medium.,Resolved by providing fix. Customer satisfaction: 4/5.,4
TICKET-00186,CUST-0033,CodeCraft Solutions,SMB,Billing,Plan change request,Medium,2026-06-18,2026-06-21,76,CodeCraft Solutions (SMB) reported: Plan change request. Severity: Medium.,Resolved by providing documentation. Customer satisfaction: 3/5.,3
TICKET-00187,CUST-0033,CodeCraft Solutions,SMB,Feature,Feature request,High,2026-02-06,2026-02-06,10,CodeCraft Solutions (SMB) reported: Feature request. Severity: High. Impacting business operations.,Resolved by providing documentation. Customer satisfaction: 3/5.,3
TICKET-00188,CUST-0033,CodeCraft Solutions,SMB,Training,Documentation request,Medium,2025-12-20,2025-12-23,74,CodeCraft Solutions (SMB) reported: Documentation request. Severity: Medium.,Resolved by providing documentation. Customer satisfaction: 3/5.,3
TICKET-00189,CUST-0033,CodeCraft Solutions,SMB,Billing,Payment issue,High,2026-06-14,2026-06-15,24,CodeCraft Solutions (SMB) reported: Payment issue. Severity: High. Impacting business operations.,Resolved by providing configuration change. Customer satisfaction: 3/5.,3
TICKET-00190,CUST-0033,CodeCraft Solutions,SMB,Feature,UI/UX feedback,Medium,2026-01-03,2026-01-06,83,CodeCraft Solutions (SMB) reported: UI/UX feedback. Severity: Medium.,Resolved by providing configuration change. Customer satisfaction: 5/5.,5
TICKET-00191,CUST-0033,CodeCraft Solutions,SMB,Training,Setup help,Critical,2026-01-29,2026-01-29,1,CodeCraft Solutions (SMB) reported: Setup help. Severity: Critical. Impacting business operations.,Resolved by providing documentation. Customer satisfaction: 3/5.,3
TICKET-00192,CUST-0033,CodeCraft Solutions,SMB,Feature,Missing functionality,Medium,2026-06-24,2026-06-26,48,CodeCraft Solutions (SMB) reported: Missing functionality. Severity: Medium.,Resolved by providing feature update. Customer satisfaction: 2/5.,2
TICKET-00193,CUST-0033,CodeCraft Solutions,SMB,Training,Documentation request,Low,2026-02-24,2026-02-27,78,CodeCraft Solutions (SMB) reported: Documentation request. Severity: Low.,Resolved by providing feature update. Customer satisfaction: 2/5.,2
TICKET-00194,CUST-0033,CodeCraft Solutions,SMB,Training,Best practices,Low,2026-04-30,2026-05-03,95,CodeCraft Solutions (SMB) reported: Best practices. Severity: Low.,Resolved by providing configuration change. Customer satisfaction: 2/5.,2
TICKET-00195,CUST-0034,QueueManager Solutions,Commercial,Billing,Pricing clarification,Low,2023-06-16,2023-06-20,100,QueueManager Solutions (Commercial) reported: Pricing clarification. Severity: Low.,Resolved by providing workaround. Customer satisfaction: 4/5.,4
TICKET-00196,CUST-0034,QueueManager Solutions,Commercial,Feature,Missing functionality,Medium,2024-03-20,2024-03-23,84,QueueManager Solutions (Commercial) reported: Missing functionality. Severity: Medium.,Resolved by providing feature update. Customer satisfaction: 4/5.,4
TICKET-00197,CUST-0034,QueueManager Solutions,Commercial,Technical,Data sync problem,High,2025-02-07,2025-02-08,29,QueueManager Solutions (Commercial) reported: Data sync problem. Severity: High. Impacting business operations.,Resolved by providing feature update. Customer satisfaction: 3/5.,3
TICKET-00198,CUST-0034,QueueManager Solutions,Commercial,Technical,API error,High,2024-12-30,2024-12-30,9,QueueManager Solutions (Commercial) reported: API error. Severity: High. Impacting business operations.,Resolved by providing workaround. Customer satisfaction: 4/5.,4
TICKET-00199,CUST-0034,QueueManager Solutions,Commercial,Technical,Performance slow,Medium,2025-10-02,2025-10-04,63,QueueManager Solutions (Commercial) reported: Performance slow. Severity: Medium.,Resolved by providing fix. Customer satisfaction: 3/5.,3
TICKET-00200,CUST-0034,QueueManager Solutions,Commercial,Training,How-to question,High,2024-12-22,2024-12-23,43,QueueManager Solutions (Commercial) reported: How-to question. Severity: High. Impacting business operations.,Resolved by providing documentation. Customer satisfaction: 3/5.,3
TICKET-00201,CUST-0034,QueueManager Solutions,Commercial,Feature,Feature request,Medium,2024-06-07,2024-06-09,63,QueueManager Solutions (Commercial) reported: Feature request. Severity: Medium.,Resolved by providing fix. Customer satisfaction: 4/5.,4
TICKET-00202,CUST-0035,DataSync Inc,Commercial,Training,Setup help,High,2026-01-29,2026-01-30,33,DataSync Inc (Commercial) reported: Setup help. Severity: High. Impacting business operations.,Resolved by providing configuration change. Customer satisfaction: 3/5.,3
TICKET-00203,CUST-0035,DataSync Inc,Commercial,Feature,UI/UX feedback,Low,2025-04-02,2025-04-08,149,DataSync Inc (Commercial) reported: UI/UX feedback. Severity: Low.,Resolved by providing documentation. Customer satisfaction: 3/5.,3
TICKET-00204,CUST-0035,DataSync Inc,Commercial,Technical,Data sync problem,Low,2024-08-22,2024-08-28,158,DataSync Inc (Commercial) reported: Data sync problem. Severity: Low.,Resolved by providing documentation. Customer satisfaction: 3/5.,3
TICKET-00205,CUST-0035,DataSync Inc,Commercial,Billing,Pricing clarification,High,2026-04-09,2026-04-09,17,DataSync Inc (Commercial) reported: Pricing clarification. Severity: High. Impacting business operations.,Resolved by providing feature update. Customer satisfaction: 4/5.,4
TICKET-00206,CUST-0036,QueueManager Labs,Commercial,Billing,Pricing clarification,Critical,2024-07-23,2024-07-23,6,QueueManager Labs (Commercial) reported: Pricing clarification. Severity: Critical. Impacting business operations.,Resolved by providing feature update. Customer satisfaction: 2/5.,2
TICKET-00207,CUST-0036,QueueManager Labs,Commercial,Technical,Performance slow,High,2026-02-22,2026-02-22,11,QueueManager Labs (Commercial) reported: Performance slow. Severity: High. Impacting business operations.,Resolved by providing workaround. Customer satisfaction: 2/5.,2
TICKET-00208,CUST-0036,QueueManager Labs,Commercial,Training,Best practices,Medium,2025-12-27,2025-12-29,56,QueueManager Labs (Commercial) reported: Best practices. Severity: Medium.,Resolved by providing configuration change. Customer satisfaction: 2/5.,2
TICKET-00209,CUST-0036,QueueManager Labs,Commercial,Feature,UI/UX feedback,Medium,2024-09-17,2024-09-19,60,QueueManager Labs (Commercial) reported: UI/UX feedback. Severity: Medium.,Resolved by providing feature update. Customer satisfaction: 3/5.,3
TICKET-00210,CUST-0036,QueueManager Labs,Commercial,Technical,Authentication failure,Medium,2025-11-13,2025-11-14,36,QueueManager Labs (Commercial) reported: Authentication failure. Severity: Medium.,Resolved by providing configuration change. Customer satisfaction: 2/5.,2
TICKET-00211,CUST-0036,QueueManager Labs,Commercial,Technical,Integration issue,High,2025-01-22,2025-01-23,25,QueueManager Labs (Commercial) reported: Integration issue. Severity: High. Impacting business operations.,Resolved by providing documentation. Customer satisfaction: 3/5.,3
TICKET-00212,CUST-0036,QueueManager Labs,Commercial,Training,Documentation request,High,2026-01-09,2026-01-09,7,QueueManager Labs (Commercial) reported: Documentation request. Severity: High. Impacting business operations.,Resolved by providing configuration change. Customer satisfaction: 2/5.,2
TICKET-00213,CUST-0036,QueueManager Labs,Commercial,Billing,Invoice question,Medium,2025-10-20,2025-10-21,42,QueueManager Labs (Commercial) reported: Invoice question. Severity: Medium.,Resolved by providing documentation. Customer satisfaction: 1/5.,1
TICKET-00214,CUST-0036,QueueManager Labs,Commercial,Billing,Plan change request,High,2024-07-26,2024-07-27,25,QueueManager Labs (Commercial) reported: Plan change request. Severity: High. Impacting business operations.,Resolved by providing configuration change. Customer satisfaction: 2/5.,2
TICKET-00215,CUST-0036,QueueManager Labs,Commercial,Feature,Feature request,High,2024-09-25,2024-09-25,7,QueueManager Labs (Commercial) reported: Feature request. Severity: High. Impacting business operations.,Resolved by providing fix. Customer satisfaction: 1/5.,1
TICKET-00216,CUST-0036,QueueManager Labs,Commercial,Billing,Invoice question,Medium,2025-09-05,2025-09-08,80,QueueManager Labs (Commercial) reported: Invoice question. Severity: Medium.,Resolved by providing configuration change. Customer satisfaction: 2/5.,2
TICKET-00217,CUST-0036,QueueManager Labs,Commercial,Billing,Payment issue,High,2024-07-14,2024-07-15,30,QueueManager Labs (Commercial) reported: Payment issue. Severity: High. Impacting business operations.,Resolved by providing fix. Customer satisfaction: 2/5.,2
TICKET-00218,CUST-0036,QueueManager Labs,Commercial,Billing,Plan change request,High,2025-10-13,2025-10-13,13,QueueManager Labs (Commercial) reported: Plan change request. Severity: High. Impacting business operations.,Resolved by providing workaround. Customer satisfaction: 1/5.,1
TICKET-00219,CUST-0036,QueueManager Labs,Commercial,Technical,Authentication failure,High,2024-07-11,2024-07-12,46,QueueManager Labs (Commercial) reported: Authentication failure. Severity: High. Impacting business operations.,Resolved by providing workaround. Customer satisfaction: 2/5.,2
TICKET-00220,CUST-0037,WorkflowPro Inc,Commercial,Billing,Payment issue,High,2025-05-26,2025-05-26,20,WorkflowPro Inc (Commercial) reported: Payment issue. Severity: High. Impacting business operations.,Resolved by providing fix. Customer satisfaction: 5/5.,5
TICKET-00221,CUST-0038,InnovateLabs Corp,SMB,Technical,Data sync problem,Critical,2026-03-29,2026-03-29,12,InnovateLabs Corp (SMB) reported: Data sync problem. Severity: Critical. Impacting business operations.,Resolved by providing feature update. Customer satisfaction: 3/5.,3
TICKET-00222,CUST-0038,InnovateLabs Corp,SMB,Feature,Feature request,Critical,2026-03-19,2026-03-19,6,InnovateLabs Corp (SMB) reported: Feature request. Severity: Critical. Impacting business operations.,Resolved by providing feature update. Customer satisfaction: 2/5.,2
TICKET-00223,CUST-0038,InnovateLabs Corp,SMB,Technical,Data sync problem,High,2026-02-15,2026-02-16,37,InnovateLabs Corp (SMB) reported: Data sync problem. Severity: High. Impacting business operations.,Resolved by providing feature update. Customer satisfaction: 2/5.,2
TICKET-00224,CUST-0038,InnovateLabs Corp,SMB,Feature,UI/UX feedback,Medium,2026-06-13,2026-06-13,13,InnovateLabs Corp (SMB) reported: UI/UX feedback. Severity: Medium.,Resolved by providing workaround. Customer satisfaction: 2/5.,2
TICKET-00225,CUST-0038,InnovateLabs Corp,SMB,Billing,Payment issue,Medium,2025-07-12,2025-07-13,38,InnovateLabs Corp (SMB) reported: Payment issue. Severity: Medium.,Resolved by providing documentation. Customer satisfaction: 4/5.,4
TICKET-00226,CUST-0038,InnovateLabs Corp,SMB,Technical,Authentication failure,High,2025-10-25,2025-10-25,16,InnovateLabs Corp (SMB) reported: Authentication failure. Severity: High. Impacting business operations.,Resolved by providing feature update. Customer satisfaction: 3/5.,3
TICKET-00227,CUST-0039,BackupCloud Solutions,Enterprise,Training,Documentation request,Medium,2025-09-09,2025-09-09,16,BackupCloud Solutions (Enterprise) reported: Documentation request. Severity: Medium.,Resolved by providing feature update. Customer satisfaction: 3/5.,3
TICKET-00228,CUST-0039,BackupCloud Solutions,Enterprise,Training,How-to question,Low,2026-02-22,2026-02-27,135,BackupCloud Solutions (Enterprise) reported: How-to question. Severity: Low.,Resolved by providing feature update. Customer satisfaction: 4/5.,4
TICKET-00229,CUST-0039,BackupCloud Solutions,Enterprise,Training,How-to question,Medium,2025-11-06,2025-11-09,76,BackupCloud Solutions (Enterprise) reported: How-to question. Severity: Medium.,Resolved by providing feature update. Customer satisfaction: 4/5.,4
TICKET-00230,CUST-0039,BackupCloud Solutions,Enterprise,Billing,Pricing clarification,Medium,2026-01-06,2026-01-08,51,BackupCloud Solutions (Enterprise) reported: Pricing clarification. Severity: Medium.,Resolved by providing configuration change. Customer satisfaction: 2/5.,2
TICKET-00231,CUST-0039,BackupCloud Solutions,Enterprise,Billing,Pricing clarification,High,2026-02-18,2026-02-18,8,BackupCloud Solutions (Enterprise) reported: Pricing clarification. Severity: High. Impacting business operations.,Resolved by providing feature update. Customer satisfaction: 2/5.,2
TICKET-00232,CUST-0039,BackupCloud Solutions,Enterprise,Feature,Feature request,Low,2026-01-21,2026-01-23,61,BackupCloud Solutions (Enterprise) reported: Feature request. Severity: Low.,Resolved by providing fix. Customer satisfaction: 3/5.,3
TICKET-00233,CUST-0039,BackupCloud Solutions,Enterprise,Technical,Integration issue,Low,2025-11-14,2025-11-15,29,BackupCloud Solutions (Enterprise) reported: Integration issue. Severity: Low.,Resolved by providing documentation. Customer satisfaction: 3/5.,3
TICKET-00234,CUST-0039,BackupCloud Solutions,Enterprise,Billing,Invoice question,High,2026-03-13,2026-03-14,34,BackupCloud Solutions (Enterprise) reported: Invoice question. Severity: High. Impacting business operations.,Resolved by providing workaround. Customer satisfaction: 3/5.,3
TICKET-00235,CUST-0040,IntegrationHQ LLC,Commercial,Training,Documentation request,Low,2025-05-16,2025-05-21,124,IntegrationHQ LLC (Commercial) reported: Documentation request. Severity: Low.,Resolved by providing documentation. Customer satisfaction: 2/5.,2
TICKET-00236,CUST-0040,IntegrationHQ LLC,Commercial,Feature,Feature request,Medium,2025-02-05,2025-02-06,34,IntegrationHQ LLC (Commercial) reported: Feature request. Severity: Medium.,Resolved by providing feature update. Customer satisfaction: 3/5.,3
TICKET-00237,CUST-0040,IntegrationHQ LLC,Commercial,Billing,Plan change request,Low,2025-05-25,2025-05-27,62,IntegrationHQ LLC (Commercial) reported: Plan change request. Severity: Low.,Resolved by providing fix. Customer satisfaction: 2/5.,2
TICKET-00238,CUST-0040,IntegrationHQ LLC,Commercial,Billing,Pricing clarification,High,2025-10-21,2025-10-21,10,IntegrationHQ LLC (Commercial) reported: Pricing clarification. Severity: High. Impacting business operations.,Resolved by providing fix. Customer satisfaction: 2/5.,2
TICKET-00239,CUST-0040,IntegrationHQ LLC,Commercial,Technical,Authentication failure,Critical,2025-11-25,2025-11-25,6,IntegrationHQ LLC (Commercial) reported: Authentication failure. Severity: Critical. Impacting business operations.,Resolved by providing feature update. Customer satisfaction: 2/5.,2
TICKET-00240,CUST-0040,IntegrationHQ LLC,Commercial,Training,Best practices,Critical,2025-11-30,2025-11-30,11,IntegrationHQ LLC (Commercial) reported: Best practices. Severity: Critical. Impacting business operations.,Resolved by providing configuration change. Customer satisfaction: 2/5.,2
TICKET-00241,CUST-0040,IntegrationHQ LLC,Commercial,Technical,Authentication failure,Low,2025-10-08,2025-10-10,59,IntegrationHQ LLC (Commercial) reported: Authentication failure. Severity: Low.,Resolved by providing feature update. Customer satisfaction: 1/5.,1
TICKET-00242,CUST-0040,IntegrationHQ LLC,Commercial,Feature,Feature request,Low,2025-10-17,2025-10-20,94,IntegrationHQ LLC (Commercial) reported: Feature request. Severity: Low.,Resolved by providing documentation. Customer satisfaction: 4/5.,4
TICKET-00243,CUST-0041,APIGateway Technologies,Commercial,Training,Documentation request,High,2026-03-15,2026-03-15,23,APIGateway Technologies (Commercial) reported: Documentation request. Severity: High. Impacting business operations.,Resolved by providing workaround. Customer satisfaction: 5/5.,5
TICKET-00244,CUST-0041,APIGateway Technologies,Commercial,Technical,API error,Medium,2025-03-19,2025-03-22,86,APIGateway Technologies (Commercial) reported: API error. Severity: Medium.,Resolved by providing documentation. Customer satisfaction: 1/5.,1
TICKET-00245,CUST-0041,APIGateway Technologies,Commercial,Feature,Missing functionality,High,2024-12-30,2024-12-30,10,APIGateway Technologies (Commercial) reported: Missing functionality. Severity: High. Impacting business operations.,Resolved by providing feature update. Customer satisfaction: 3/5.,3
TICKET-00246,CUST-0041,APIGateway Technologies,Commercial,Technical,Data sync problem,Critical,2026-04-16,2026-04-16,9,APIGateway Technologies (Commercial) reported: Data sync problem. Severity: Critical. Impacting business operations.,Resolved by providing configuration change. Customer satisfaction: 3/5.,3
TICKET-00247,CUST-0041,APIGateway Technologies,Commercial,Training,Documentation request,Medium,2024-08-03,2024-08-04,42,APIGateway Technologies (Commercial) reported: Documentation request. Severity: Medium.,Resolved by providing feature update. Customer satisfaction: 3/5.,3
TICKET-00248,CUST-0041,APIGateway Technologies,Commercial,Technical,API error,Low,2024-11-05,2024-11-08,92,APIGateway Technologies (Commercial) reported: API error. Severity: Low.,Resolved by providing feature update. Customer satisfaction: 3/5.,3
TICKET-00249,CUST-0041,APIGateway Technologies,Commercial,Technical,Data sync problem,High,2025-04-18,2025-04-19,40,APIGateway Technologies (Commercial) reported: Data sync problem. Severity: High. Impacting business operations.,Resolved by providing configuration change. Customer satisfaction: 3/5.,3
TICKET-00250,CUST-0042,DataSync Technologies,SMB,Training,How-to question,Medium,2024-09-07,2024-09-09,51,DataSync Technologies (SMB) reported: How-to question. Severity: Medium.,Resolved by providing feature update. Customer satisfaction: 3/5.,3
TICKET-00251,CUST-0042,DataSync Technologies,SMB,Training,Best practices,Low,2024-09-23,2024-09-29,146,DataSync Technologies (SMB) reported: Best practices. Severity: Low.,Resolved by providing documentation. Customer satisfaction: 4/5.,4
TICKET-00252,CUST-0042,DataSync Technologies,SMB,Training,How-to question,High,2025-01-28,2025-01-29,37,DataSync Technologies (SMB) reported: How-to question. Severity: High. Impacting business operations.,Resolved by providing documentation. Customer satisfaction: 3/5.,3
TICKET-00253,CUST-0042,DataSync Technologies,SMB,Training,Documentation request,Critical,2024-10-13,2024-10-13,7,DataSync Technologies (SMB) reported: Documentation request. Severity: Critical. Impacting business operations.,Resolved by providing fix. Customer satisfaction: 3/5.,3
TICKET-00254,CUST-0042,DataSync Technologies,SMB,Technical,Authentication failure,Critical,2025-05-06,2025-05-06,10,DataSync Technologies (SMB) reported: Authentication failure. Severity: Critical. Impacting business operations.,Resolved by providing fix. Customer satisfaction: 2/5.,2
TICKET-00255,CUST-0042,DataSync Technologies,SMB,Feature,Workflow improvement,High,2025-07-03,2025-07-04,38,DataSync Technologies (SMB) reported: Workflow improvement. Severity: High. Impacting business operations.,Resolved by providing configuration change. Customer satisfaction: 3/5.,3
TICKET-00256,CUST-0042,DataSync Technologies,SMB,Technical,Performance slow,High,2024-09-06,2024-09-07,29,DataSync Technologies (SMB) reported: Performance slow. Severity: High. Impacting business operations.,Resolved by providing feature update. Customer satisfaction: 3/5.,3
TICKET-00257,CUST-0042,DataSync Technologies,SMB,Billing,Plan change request,High,2025-05-29,2025-05-29,7,DataSync Technologies (SMB) reported: Plan change request. Severity: High. Impacting business operations.,Resolved by providing feature update. Customer satisfaction: 2/5.,2
TICKET-00258,CUST-0042,DataSync Technologies,SMB,Training,Best practices,Medium,2025-10-31,2025-11-03,91,DataSync Technologies (SMB) reported: Best practices. Severity: Medium.,Resolved by providing documentation. Customer satisfaction: 2/5.,2
TICKET-00259,CUST-0042,DataSync Technologies,SMB,Technical,Performance slow,Medium,2024-06-19,2024-06-22,93,DataSync Technologies (SMB) reported: Performance slow. Severity: Medium.,Resolved by providing fix. Customer satisfaction: 4/5.,4
TICKET-00260,CUST-0042,DataSync Technologies,SMB,Billing,Plan change request,Low,2025-05-17,2025-05-19,48,DataSync Technologies (SMB) reported: Plan change request. Severity: Low.,Resolved by providing documentation. Customer satisfaction: 3/5.,3
TICKET-00261,CUST-0042,DataSync Technologies,SMB,Feature,Workflow improvement,Critical,2024-04-29,2024-04-29,9,DataSync Technologies (SMB) reported: Workflow improvement. Severity: Critical. Impacting business operations.,Resolved by providing workaround. Customer satisfaction: 5/5.,5
TICKET-00262,CUST-0043,LoadBalance Technologies,SMB,Feature,Missing functionality,High,2025-08-10,2025-08-11,33,LoadBalance Technologies (SMB) reported: Missing functionality. Severity: High. Impacting business operations.,Resolved by providing fix. Customer satisfaction: 3/5.,3
TICKET-00263,CUST-0043,LoadBalance Technologies,SMB,Feature,UI/UX feedback,Low,2026-03-06,2026-03-08,61,LoadBalance Technologies (SMB) reported: UI/UX feedback. Severity: Low.,Resolved by providing fix. Customer satisfaction: 5/5.,5
TICKET-00264,CUST-0043,LoadBalance Technologies,SMB,Billing,Invoice question,Low,2025-10-07,2025-10-13,165,LoadBalance Technologies (SMB) reported: Invoice question. Severity: Low.,Resolved by providing documentation. Customer satisfaction: 3/5.,3
TICKET-00265,CUST-0044,InnovateLabs Group,Commercial,Training,Best practices,Medium,2026-04-13,2026-04-16,88,InnovateLabs Group (Commercial) reported: Best practices. Severity: Medium.,Resolved by providing fix. Customer satisfaction: 3/5.,3
TICKET-00266,CUST-0044,InnovateLabs Group,Commercial,Billing,Payment issue,Critical,2026-05-05,2026-05-05,9,InnovateLabs Group (Commercial) reported: Payment issue. Severity: Critical. Impacting business operations.,Resolved by providing fix. Customer satisfaction: 3/5.,3
TICKET-00267,CUST-0044,InnovateLabs Group,Commercial,Billing,Payment issue,Medium,2026-05-09,2026-05-10,38,InnovateLabs Group (Commercial) reported: Payment issue. Severity: Medium.,Resolved by providing documentation. Customer satisfaction: 3/5.,3
TICKET-00268,CUST-0044,InnovateLabs Group,Commercial,Technical,API error,Critical,2026-04-27,2026-04-27,2,InnovateLabs Group (Commercial) reported: API error. Severity: Critical. Impacting business operations.,Resolved by providing feature update. Customer satisfaction: 2/5.,2
TICKET-00269,CUST-0044,InnovateLabs Group,Commercial,Training,Setup help,Medium,2026-05-16,2026-05-17,47,InnovateLabs Group (Commercial) reported: Setup help. Severity: Medium.,Resolved by providing configuration change. Customer satisfaction: 3/5.,3
TICKET-00270,CUST-0044,InnovateLabs Group,Commercial,Feature,Feature request,Medium,2026-05-15,2026-05-17,56,InnovateLabs Group (Commercial) reported: Feature request. Severity: Medium.,Resolved by providing documentation. Customer satisfaction: 3/5.,3
TICKET-00271,CUST-0044,InnovateLabs Group,Commercial,Billing,Payment issue,High,2026-05-16,2026-05-16,4,InnovateLabs Group (Commercial) reported: Payment issue. Severity: High. Impacting business operations.,Resolved by providing configuration change. Customer satisfaction: 3/5.,3
TICKET-00272,CUST-0045,AnalyticsCo Technologies,Commercial,Training,Setup help,Low,2026-06-09,2026-06-13,110,AnalyticsCo Technologies (Commercial) reported: Setup help. Severity: Low.,Resolved by providing configuration change. Customer satisfaction: 5/5.,5
TICKET-00273,CUST-0046,DisasterRecovery Group,SMB,Training,Setup help,Medium,2026-04-01,2026-04-01,18,DisasterRecovery Group (SMB) reported: Setup help. Severity: Medium.,Resolved by providing configuration change. Customer satisfaction: 5/5.,5
TICKET-00274,CUST-0047,WorkflowPro Labs,SMB,Technical,Integration issue,Low,2025-11-09,2025-11-10,31,WorkflowPro Labs (SMB) reported: Integration issue. Severity: Low.,Resolved by providing feature update. Customer satisfaction: 3/5.,3
TICKET-00275,CUST-0047,WorkflowPro Labs,SMB,Feature,UI/UX feedback,Medium,2025-04-09,2025-04-12,72,WorkflowPro Labs (SMB) reported: UI/UX feedback. Severity: Medium.,Resolved by providing configuration change. Customer satisfaction: 2/5.,2
TICKET-00276,CUST-0047,WorkflowPro Labs,SMB,Training,How-to question,Medium,2026-01-10,2026-01-13,93,WorkflowPro Labs (SMB) reported: How-to question. Severity: Medium.,Resolved by providing workaround. Customer satisfaction: 2/5.,2
TICKET-00277,CUST-0047,WorkflowPro Labs,SMB,Billing,Invoice question,Medium,2026-02-10,2026-02-12,67,WorkflowPro Labs (SMB) reported: Invoice question. Severity: Medium.,Resolved by providing fix. Customer satisfaction: 3/5.,3
TICKET-00278,CUST-0047,WorkflowPro Labs,SMB,Feature,UI/UX feedback,Medium,2025-10-08,2025-10-10,50,WorkflowPro Labs (SMB) reported: UI/UX feedback. Severity: Medium.,Resolved by providing workaround. Customer satisfaction: 3/5.,3
TICKET-00279,CUST-0047,WorkflowPro Labs,SMB,Training,How-to question,Low,2025-12-08,2025-12-10,62,WorkflowPro Labs (SMB) reported: How-to question. Severity: Low.,Resolved by providing workaround. Customer satisfaction: 2/5.,2
TICKET-00280,CUST-0047,WorkflowPro Labs,SMB,Billing,Payment issue,Critical,2025-09-29,2025-09-29,8,WorkflowPro Labs (SMB) reported: Payment issue. Severity: Critical. Impacting business operations.,Resolved by providing feature update. Customer satisfaction: 1/5.,1
TICKET-00281,CUST-0047,WorkflowPro Labs,SMB,Billing,Pricing clarification,Low,2025-05-26,2025-05-29,90,WorkflowPro Labs (SMB) reported: Pricing clarification. Severity: Low.,Resolved by providing feature update. Customer satisfaction: 3/5.,3
TICKET-00282,CUST-0048,MetricsDash Solutions,SMB,Technical,Performance slow,Low,2025-07-04,2025-07-08,100,MetricsDash Solutions (SMB) reported: Performance slow. Severity: Low.,Resolved by providing configuration change. Customer satisfaction: 1/5.,1
TICKET-00283,CUST-0048,MetricsDash Solutions,SMB,Billing,Invoice question,High,2025-10-25,2025-10-26,34,MetricsDash Solutions (SMB) reported: Invoice question. Severity: High. Impacting business operations.,Resolved by providing configuration change. Customer satisfaction: 1/5.,1
TICKET-00284,CUST-0048,MetricsDash Solutions,SMB,Billing,Plan change request,Low,2025-12-16,2025-12-22,159,MetricsDash Solutions (SMB) reported: Plan change request. Severity: Low.,Resolved by providing documentation. Customer satisfaction: 2/5.,2
TICKET-00285,CUST-0048,MetricsDash Solutions,SMB,Billing,Plan change request,Medium,2025-11-03,2025-11-05,66,MetricsDash Solutions (SMB) reported: Plan change request. Severity: Medium.,Resolved by providing documentation. Customer satisfaction: 1/5.,1
TICKET-00286,CUST-0048,MetricsDash Solutions,SMB,Training,How-to question,Critical,2025-08-25,2025-08-25,10,MetricsDash Solutions (SMB) reported: How-to question. Severity: Critical. Impacting business operations.,Resolved by providing feature update. Customer satisfaction: 1/5.,1
TICKET-00287,CUST-0048,MetricsDash Solutions,SMB,Billing,Invoice question,Medium,2025-02-26,2025-02-27,41,MetricsDash Solutions (SMB) reported: Invoice question. Severity: Medium.,Resolved by providing fix. Customer satisfaction: 1/5.,1
TICKET-00288,CUST-0048,MetricsDash Solutions,SMB,Feature,Feature request,Critical,2025-01-21,2025-01-21,6,MetricsDash Solutions (SMB) reported: Feature request. Severity: Critical. Impacting business operations.,Resolved by providing workaround. Customer satisfaction: 4/5.,4
TICKET-00289,CUST-0048,MetricsDash Solutions,SMB,Billing,Invoice question,High,2025-04-23,2025-04-24,29,MetricsDash Solutions (SMB) reported: Invoice question. Severity: High. Impacting business operations.,Resolved by providing documentation. Customer satisfaction: 2/5.,2
TICKET-00290,CUST-0048,MetricsDash Solutions,SMB,Training,Best practices,Low,2026-04-23,2026-04-29,153,MetricsDash Solutions (SMB) reported: Best practices. Severity: Low.,Resolved by providing configuration change. Customer satisfaction: 1/5.,1
TICKET-00291,CUST-0048,MetricsDash Solutions,SMB,Technical,Integration issue,High,2026-03-11,2026-03-12,41,MetricsDash Solutions (SMB) reported: Integration issue. Severity: High. Impacting business operations.,Resolved by providing feature update. Customer satisfaction: 2/5.,2
TICKET-00292,CUST-0048,MetricsDash Solutions,SMB,Training,Setup help,Low,2025-04-08,2025-04-14,149,MetricsDash Solutions (SMB) reported: Setup help. Severity: Low.,Resolved by providing fix. Customer satisfaction: 1/5.,1
TICKET-00293,CUST-0048,MetricsDash Solutions,SMB,Billing,Plan change request,Medium,2025-07-21,2025-07-24,86,MetricsDash Solutions (SMB) reported: Plan change request. Severity: Medium.,Resolved by providing feature update. Customer satisfaction: 2/5.,2
TICKET-00294,CUST-0049,TechFlow Inc,SMB,Technical,Authentication failure,Medium,2025-02-06,2025-02-08,52,TechFlow Inc (SMB) reported: Authentication failure. Severity: Medium.,Resolved by providing workaround. Customer satisfaction: 2/5.,2
TICKET-00295,CUST-0049,TechFlow Inc,SMB,Technical,Data sync problem,High,2025-02-11,2025-02-12,34,TechFlow Inc (SMB) reported: Data sync problem. Severity: High. Impacting business operations.,Resolved by providing feature update. Customer satisfaction: 3/5.,3
TICKET-00296,CUST-0049,TechFlow Inc,SMB,Training,Setup help,Low,2025-04-21,2025-04-24,75,TechFlow Inc (SMB) reported: Setup help. Severity: Low.,Resolved by providing configuration change. Customer satisfaction: 4/5.,4
TICKET-00297,CUST-0049,TechFlow Inc,SMB,Billing,Pricing clarification,High,2025-06-09,2025-06-09,13,TechFlow Inc (SMB) reported: Pricing clarification. Severity: High. Impacting business operations.,Resolved by providing fix. Customer satisfaction: 4/5.,4
TICKET-00298,CUST-0049,TechFlow Inc,SMB,Training,How-to question,High,2024-11-15,2024-11-15,9,TechFlow Inc (SMB) reported: How-to question. Severity: High. Impacting business operations.,Resolved by providing configuration change. Customer satisfaction: 3/5.,3
TICKET-00299,CUST-0049,TechFlow Inc,SMB,Feature,Missing functionality,Medium,2025-02-28,2025-03-03,72,TechFlow Inc (SMB) reported: Missing functionality. Severity: Medium.,Resolved by providing configuration change. Customer satisfaction: 3/5.,3
TICKET-00300,CUST-0049,TechFlow Inc,SMB,Billing,Payment issue,High,2025-10-02,2025-10-02,15,TechFlow Inc (SMB) reported: Payment issue. Severity: High. Impacting business operations.,Resolved by providing fix. Customer satisfaction: 2/5.,2
TICKET-00301,CUST-0049,TechFlow Inc,SMB,Training,Setup help,Low,2024-11-23,2024-11-26,86,TechFlow Inc (SMB) reported: Setup help. Severity: Low.,Resolved by providing documentation. Customer satisfaction: 4/5.,4
TICKET-00302,CUST-0049,TechFlow Inc,SMB,Technical,Data sync problem,High,2025-08-27,2025-08-27,6,TechFlow Inc (SMB) reported: Data sync problem. Severity: High. Impacting business operations.,Resolved by providing configuration change. Customer satisfaction: 4/5.,4
TICKET-00303,CUST-0049,TechFlow Inc,SMB,Technical,Integration issue,Medium,2025-01-16,2025-01-18,59,TechFlow Inc (SMB) reported: Integration issue. Severity: Medium.,Resolved by providing documentation. Customer satisfaction: 3/5.,3
TICKET-00304,CUST-0050,SecurityFirst Group,SMB,Feature,Workflow improvement,High,2024-07-02,2024-07-03,32,SecurityFirst Group (SMB) reported: Workflow improvement. Severity: High. Impacting business operations.,Resolved by providing feature update. Customer satisfaction: 3/5.,3
TICKET-00305,CUST-0050,SecurityFirst Group,SMB,Training,Setup help,Medium,2023-07-26,2023-07-27,43,SecurityFirst Group (SMB) reported: Setup help. Severity: Medium.,Resolved by providing workaround. Customer satisfaction: 4/5.,4
TICKET-00306,CUST-0050,SecurityFirst Group,SMB,Feature,Missing functionality,Low,2023-07-07,2023-07-09,52,SecurityFirst Group (SMB) reported: Missing functionality. Severity: Low.,Resolved by providing workaround. Customer satisfaction: 4/5.,4
TICKET-00307,CUST-0050,SecurityFirst Group,SMB,Billing,Pricing clarification,Low,2024-07-19,2024-07-22,93,SecurityFirst Group (SMB) reported: Pricing clarification. Severity: Low.,Resolved by providing configuration change. Customer satisfaction: 4/5.,4
TICKET-00308,CUST-0050,SecurityFirst Group,SMB,Feature,Workflow improvement,High,2023-10-26,2023-10-27,28,SecurityFirst Group (SMB) reported: Workflow improvement. Severity: High. Impacting business operations.,Resolved by providing workaround. Customer satisfaction: 4/5.,4
TICKET-00309,CUST-0051,CloudScale Systems,Enterprise,Training,Setup help,Medium,2025-07-26,2025-07-27,27,CloudScale Systems (Enterprise) reported: Setup help. Severity: Medium.,Resolved by providing fix. Customer satisfaction: 1/5.,1
TICKET-00310,CUST-0051,CloudScale Systems,Enterprise,Billing,Invoice question,Medium,2026-02-12,2026-02-13,30,CloudScale Systems (Enterprise) reported: Invoice question. Severity: Medium.,Resolved by providing fix. Customer satisfaction: 1/5.,1
TICKET-00311,CUST-0051,CloudScale Systems,Enterprise,Technical,Authentication failure,Critical,2024-06-06,2024-06-06,8,CloudScale Systems (Enterprise) reported: Authentication failure. Severity: Critical. Impacting business operations.,Resolved by providing configuration change. Customer satisfaction: 1/5.,1
TICKET-00312,CUST-0051,CloudScale Systems,Enterprise,Feature,Missing functionality,Medium,2023-10-29,2023-11-01,90,CloudScale Systems (Enterprise) reported: Missing functionality. Severity: Medium.,Resolved by providing documentation. Customer satisfaction: 3/5.,3
TICKET-00313,CUST-0051,CloudScale Systems,Enterprise,Feature,UI/UX feedback,Medium,2025-01-12,2025-01-14,71,CloudScale Systems (Enterprise) reported: UI/UX feedback. Severity: Medium.,Resolved by providing workaround. Customer satisfaction: 1/5.,1
TICKET-00314,CUST-0051,CloudScale Systems,Enterprise,Training,Documentation request,Critical,2026-04-18,2026-04-18,4,CloudScale Systems (Enterprise) reported: Documentation request. Severity: Critical. Impacting business operations.,Resolved by providing documentation. Customer satisfaction: 1/5.,1
TICKET-00315,CUST-0051,CloudScale Systems,Enterprise,Feature,UI/UX feedback,Medium,2025-02-19,2025-02-21,48,CloudScale Systems (Enterprise) reported: UI/UX feedback. Severity: Medium.,Resolved by providing documentation. Customer satisfaction: 2/5.,2
TICKET-00316,CUST-0051,CloudScale Systems,Enterprise,Technical,Performance slow,Low,2024-09-18,2024-09-23,136,CloudScale Systems (Enterprise) reported: Performance slow. Severity: Low.,Resolved by providing fix. Customer satisfaction: 2/5.,2
TICKET-00317,CUST-0051,CloudScale Systems,Enterprise,Billing,Invoice question,Medium,2023-12-11,2023-12-12,24,CloudScale Systems (Enterprise) reported: Invoice question. Severity: Medium.,Resolved by providing feature update. Customer satisfaction: 3/5.,3
TICKET-00318,CUST-0051,CloudScale Systems,Enterprise,Feature,Feature request,High,2026-01-26,2026-01-26,12,CloudScale Systems (Enterprise) reported: Feature request. Severity: High. Impacting business operations.,Resolved by providing fix. Customer satisfaction: 2/5.,2
TICKET-00319,CUST-0051,CloudScale Systems,Enterprise,Feature,Feature request,Critical,2025-07-31,2025-07-31,5,CloudScale Systems (Enterprise) reported: Feature request. Severity: Critical. Impacting business operations.,Resolved by providing fix. Customer satisfaction: 1/5.,1
TICKET-00320,CUST-0052,DevOpsHub Inc,SMB,Technical,Integration issue,High,2024-05-15,2024-05-16,46,DevOpsHub Inc (SMB) reported: Integration issue. Severity: High. Impacting business operations.,Resolved by providing configuration change. Customer satisfaction: 3/5.,3
TICKET-00321,CUST-0052,DevOpsHub Inc,SMB,Feature,Feature request,Critical,2026-06-08,2026-06-08,5,DevOpsHub Inc (SMB) reported: Feature request. Severity: Critical. Impacting business operations.,Resolved by providing workaround. Customer satisfaction: 3/5.,3
TICKET-00322,CUST-0052,DevOpsHub Inc,SMB,Billing,Invoice question,Medium,2026-04-02,2026-04-05,92,DevOpsHub Inc (SMB) reported: Invoice question. Severity: Medium.,Resolved by providing feature update. Customer satisfaction: 3/5.,3
TICKET-00323,CUST-0052,DevOpsHub Inc,SMB,Technical,Performance slow,Low,2024-12-15,2024-12-19,115,DevOpsHub Inc (SMB) reported: Performance slow. Severity: Low.,Resolved by providing documentation. Customer satisfaction: 3/5.,3
TICKET-00324,CUST-0052,DevOpsHub Inc,SMB,Feature,Workflow improvement,Medium,2025-11-05,2025-11-08,85,DevOpsHub Inc (SMB) reported: Workflow improvement. Severity: Medium.,Resolved by providing fix. Customer satisfaction: 3/5.,3
TICKET-00325,CUST-0052,DevOpsHub Inc,SMB,Feature,Feature request,Critical,2025-12-06,2025-12-06,12,DevOpsHub Inc (SMB) reported: Feature request. Severity: Critical. Impacting business operations.,Resolved by providing feature update. Customer satisfaction: 3/5.,3
TICKET-00326,CUST-0052,DevOpsHub Inc,SMB,Feature,Feature request,Medium,2026-02-21,2026-02-24,76,DevOpsHub Inc (SMB) reported: Feature request. Severity: Medium.,Resolved by providing workaround. Customer satisfaction: 4/5.,4
TICKET-00327,CUST-0052,DevOpsHub Inc,SMB,Training,Best practices,Medium,2026-06-17,2026-06-19,61,DevOpsHub Inc (SMB) reported: Best practices. Severity: Medium.,Resolved by providing feature update. Customer satisfaction: 2/5.,2
TICKET-00328,CUST-0052,DevOpsHub Inc,SMB,Feature,Missing functionality,Critical,2024-12-08,2024-12-08,4,DevOpsHub Inc (SMB) reported: Missing functionality. Severity: Critical. Impacting business operations.,Resolved by providing configuration change. Customer satisfaction: 3/5.,3
TICKET-00329,CUST-0052,DevOpsHub Inc,SMB,Technical,Performance slow,Low,2025-06-24,2025-06-27,74,DevOpsHub Inc (SMB) reported: Performance slow. Severity: Low.,Resolved by providing workaround. Customer satisfaction: 4/5.,4
TICKET-00330,CUST-0053,TechFlow LLC,Commercial,Feature,Workflow improvement,Critical,2024-11-01,2024-11-01,4,TechFlow LLC (Commercial) reported: Workflow improvement. Severity: Critical. Impacting business operations.,Resolved by providing workaround. Customer satisfaction: 3/5.,3
TICKET-00331,CUST-0053,TechFlow LLC,Commercial,Training,Best practices,High,2025-03-02,2025-03-02,18,TechFlow LLC (Commercial) reported: Best practices. Severity: High. Impacting business operations.,Resolved by providing configuration change. Customer satisfaction: 2/5.,2
TICKET-00332,CUST-0053,TechFlow LLC,Commercial,Feature,Feature request,Low,2024-03-15,2024-03-18,73,TechFlow LLC (Commercial) reported: Feature request. Severity: Low.,Resolved by providing documentation. Customer satisfaction: 5/5.,5
TICKET-00333,CUST-0053,TechFlow LLC,Commercial,Technical,Data sync problem,Medium,2025-10-10,2025-10-11,40,TechFlow LLC (Commercial) reported: Data sync problem. Severity: Medium.,Resolved by providing workaround. Customer satisfaction: 3/5.,3
TICKET-00334,CUST-0053,TechFlow LLC,Commercial,Technical,API error,Medium,2025-09-02,2025-09-03,25,TechFlow LLC (Commercial) reported: API error. Severity: Medium.,Resolved by providing fix. Customer satisfaction: 1/5.,1
TICKET-00335,CUST-0053,TechFlow LLC,Commercial,Training,Setup help,Low,2024-07-21,2024-07-27,159,TechFlow LLC (Commercial) reported: Setup help. Severity: Low.,Resolved by providing documentation. Customer satisfaction: 3/5.,3
TICKET-00336,CUST-0053,TechFlow LLC,Commercial,Technical,Integration issue,Critical,2025-07-11,2025-07-11,5,TechFlow LLC (Commercial) reported: Integration issue. Severity: Critical. Impacting business operations.,Resolved by providing fix. Customer satisfaction: 1/5.,1
TICKET-00337,CUST-0053,TechFlow LLC,Commercial,Training,Documentation request,High,2024-06-21,2024-06-21,15,TechFlow LLC (Commercial) reported: Documentation request. Severity: High. Impacting business operations.,Resolved by providing workaround. Customer satisfaction: 5/5.,5
TICKET-00338,CUST-0053,TechFlow LLC,Commercial,Technical,Authentication failure,Low,2024-10-09,2024-10-15,151,TechFlow LLC (Commercial) reported: Authentication failure. Severity: Low.,Resolved by providing configuration change. Customer satisfaction: 3/5.,3
TICKET-00339,CUST-0053,TechFlow LLC,Commercial,Technical,API error,Low,2025-06-30,2025-07-03,86,TechFlow LLC (Commercial) reported: API error. Severity: Low.,Resolved by providing fix. Customer satisfaction: 3/5.,3
TICKET-00340,CUST-0053,TechFlow LLC,Commercial,Training,Documentation request,Critical,2024-03-22,2024-03-22,6,TechFlow LLC (Commercial) reported: Documentation request. Severity: Critical. Impacting business operations.,Resolved by providing configuration change. Customer satisfaction: 4/5.,4
TICKET-00341,CUST-0053,TechFlow LLC,Commercial,Training,Best practices,High,2025-03-26,2025-03-27,46,TechFlow LLC (Commercial) reported: Best practices. Severity: High. Impacting business operations.,Resolved by providing feature update. Customer satisfaction: 3/5.,3
TICKET-00342,CUST-0053,TechFlow LLC,Commercial,Technical,Authentication failure,Low,2024-08-13,2024-08-18,134,TechFlow LLC (Commercial) reported: Authentication failure. Severity: Low.,Resolved by providing configuration change. Customer satisfaction: 3/5.,3
TICKET-00343,CUST-0054,DevTools Corp,Commercial,Technical,Authentication failure,Low,2026-05-18,2026-05-24,149,DevTools Corp (Commercial) reported: Authentication failure. Severity: Low.,Resolved by providing configuration change. Customer satisfaction: 3/5.,3
TICKET-00344,CUST-0054,DevTools Corp,Commercial,Feature,Missing functionality,High,2026-06-25,2026-06-26,43,DevTools Corp (Commercial) reported: Missing functionality. Severity: High. Impacting business operations.,Resolved by providing documentation. Customer satisfaction: 4/5.,4
TICKET-00345,CUST-0054,DevTools Corp,Commercial,Billing,Payment issue,Medium,2026-05-01,2026-05-04,81,DevTools Corp (Commercial) reported: Payment issue. Severity: Medium.,Resolved by providing documentation. Customer satisfaction: 4/5.,4
TICKET-00346,CUST-0054,DevTools Corp,Commercial,Billing,Payment issue,Low,2026-05-02,2026-05-05,72,DevTools Corp (Commercial) reported: Payment issue. Severity: Low.,Resolved by providing documentation. Customer satisfaction: 3/5.,3
TICKET-00347,CUST-0055,SecureNet Inc,SMB,Feature,Feature request,Critical,2024-01-20,2024-01-20,10,SecureNet Inc (SMB) reported: Feature request. Severity: Critical. Impacting business operations.,Resolved by providing feature update. Customer satisfaction: 2/5.,2
TICKET-00348,CUST-0055,SecureNet Inc,SMB,Feature,Missing functionality,Low,2024-12-23,2024-12-28,133,SecureNet Inc (SMB) reported: Missing functionality. Severity: Low.,Resolved by providing documentation. Customer satisfaction: 2/5.,2
TICKET-00349,CUST-0055,SecureNet Inc,SMB,Training,Best practices,Low,2025-06-10,2025-06-12,66,SecureNet Inc (SMB) reported: Best practices. Severity: Low.,Resolved by providing feature update. Customer satisfaction: 3/5.,3
TICKET-00350,CUST-0055,SecureNet Inc,SMB,Feature,UI/UX feedback,Critical,2023-02-02,2023-02-02,10,SecureNet Inc (SMB) reported: UI/UX feedback. Severity: Critical. Impacting business operations.,Resolved by providing feature update. Customer satisfaction: 4/5.,4
TICKET-00351,CUST-0055,SecureNet Inc,SMB,Technical,API error,Critical,2022-09-28,2022-09-28,1,SecureNet Inc (SMB) reported: API error. Severity: Critical. Impacting business operations.,Resolved by providing feature update. Customer satisfaction: 3/5.,3
TICKET-00352,CUST-0055,SecureNet Inc,SMB,Billing,Payment issue,Medium,2023-05-23,2023-05-23,19,SecureNet Inc (SMB) reported: Payment issue. Severity: Medium.,Resolved by providing feature update. Customer satisfaction: 3/5.,3
TICKET-00353,CUST-0055,SecureNet Inc,SMB,Feature,Workflow improvement,High,2025-02-18,2025-02-20,48,SecureNet Inc (SMB) reported: Workflow improvement. Severity: High. Impacting business operations.,Resolved by providing fix. Customer satisfaction: 2/5.,2
TICKET-00354,CUST-0055,SecureNet Inc,SMB,Feature,Missing functionality,Medium,2023-11-28,2023-12-01,89,SecureNet Inc (SMB) reported: Missing functionality. Severity: Medium.,Resolved by providing configuration change. Customer satisfaction: 3/5.,3
TICKET-00355,CUST-0055,SecureNet Inc,SMB,Billing,Invoice question,Critical,2025-08-12,2025-08-12,6,SecureNet Inc (SMB) reported: Invoice question. Severity: Critical. Impacting business operations.,Resolved by providing workaround. Customer satisfaction: 2/5.,2
TICKET-00356,CUST-0055,SecureNet Inc,SMB,Technical,Integration issue,High,2023-12-17,2023-12-18,40,SecureNet Inc (SMB) reported: Integration issue. Severity: High. Impacting business operations.,Resolved by providing workaround. Customer satisfaction: 3/5.,3
TICKET-00357,CUST-0055,SecureNet Inc,SMB,Feature,Missing functionality,Medium,2023-09-12,2023-09-13,33,SecureNet Inc (SMB) reported: Missing functionality. Severity: Medium.,Resolved by providing workaround. Customer satisfaction: 2/5.,2
TICKET-00358,CUST-0056,TechFlow Corp,SMB,Billing,Pricing clarification,Low,2025-11-25,2025-11-29,97,TechFlow Corp (SMB) reported: Pricing clarification. Severity: Low.,Resolved by providing feature update. Customer satisfaction: 3/5.,3
TICKET-00359,CUST-0056,TechFlow Corp,SMB,Training,Setup help,High,2026-01-31,2026-02-01,27,TechFlow Corp (SMB) reported: Setup help. Severity: High. Impacting business operations.,Resolved by providing documentation. Customer satisfaction: 3/5.,3
TICKET-00360,CUST-0056,TechFlow Corp,SMB,Billing,Pricing clarification,Low,2026-01-24,2026-01-27,86,TechFlow Corp (SMB) reported: Pricing clarification. Severity: Low.,Resolved by providing documentation. Customer satisfaction: 3/5.,3
TICKET-00361,CUST-0056,TechFlow Corp,SMB,Training,Setup help,Medium,2026-04-30,2026-05-01,31,TechFlow Corp (SMB) reported: Setup help. Severity: Medium.,Resolved by providing feature update. Customer satisfaction: 3/5.,3
TICKET-00362,CUST-0056,TechFlow Corp,SMB,Technical,Performance slow,Critical,2026-03-16,2026-03-16,3,TechFlow Corp (SMB) reported: Performance slow. Severity: Critical. Impacting business operations.,Resolved by providing workaround. Customer satisfaction: 3/5.,3
TICKET-00363,CUST-0056,TechFlow Corp,SMB,Feature,Missing functionality,Critical,2025-10-19,2025-10-19,8,TechFlow Corp (SMB) reported: Missing functionality. Severity: Critical. Impacting business operations.,Resolved by providing documentation. Customer satisfaction: 2/5.,2
TICKET-00364,CUST-0056,TechFlow Corp,SMB,Billing,Pricing clarification,Low,2025-09-16,2025-09-18,51,TechFlow Corp (SMB) reported: Pricing clarification. Severity: Low.,Resolved by providing configuration change. Customer satisfaction: 3/5.,3
TICKET-00365,CUST-0057,DataSync Labs,Enterprise,Training,Best practices,Medium,2025-01-28,2025-01-29,24,DataSync Labs (Enterprise) reported: Best practices. Severity: Medium.,Resolved by providing configuration change. Customer satisfaction: 3/5.,3
TICKET-00366,CUST-0057,DataSync Labs,Enterprise,Feature,Missing functionality,Medium,2025-06-02,2025-06-03,44,DataSync Labs (Enterprise) reported: Missing functionality. Severity: Medium.,Resolved by providing configuration change. Customer satisfaction: 3/5.,3
TICKET-00367,CUST-0057,DataSync Labs,Enterprise,Technical,Data sync problem,High,2025-06-16,2025-06-17,35,DataSync Labs (Enterprise) reported: Data sync problem. Severity: High. Impacting business operations.,Resolved by providing workaround. Customer satisfaction: 4/5.,4
TICKET-00368,CUST-0057,DataSync Labs,Enterprise,Technical,Data sync problem,Low,2025-01-28,2025-02-03,167,DataSync Labs (Enterprise) reported: Data sync problem. Severity: Low.,Resolved by providing configuration change. Customer satisfaction: 3/5.,3
TICKET-00369,CUST-0057,DataSync Labs,Enterprise,Technical,Authentication failure,Medium,2025-02-14,2025-02-17,74,DataSync Labs (Enterprise) reported: Authentication failure. Severity: Medium.,Resolved by providing workaround. Customer satisfaction: 3/5.,3
TICKET-00370,CUST-0058,CodeCraft Systems,Enterprise,Training,How-to question,Medium,2026-03-29,2026-04-01,90,CodeCraft Systems (Enterprise) reported: How-to question. Severity: Medium.,Resolved by providing documentation. Customer satisfaction: 4/5.,4
TICKET-00371,CUST-0058,CodeCraft Systems,Enterprise,Billing,Payment issue,Low,2024-02-03,2024-02-05,62,CodeCraft Systems (Enterprise) reported: Payment issue. Severity: Low.,Resolved by providing configuration change. Customer satisfaction: 4/5.,4
TICKET-00372,CUST-0058,CodeCraft Systems,Enterprise,Feature,UI/UX feedback,Critical,2025-06-26,2025-06-26,7,CodeCraft Systems (Enterprise) reported: UI/UX feedback. Severity: Critical. Impacting business operations.,Resolved by providing feature update. Customer satisfaction: 3/5.,3
TICKET-00373,CUST-0058,CodeCraft Systems,Enterprise,Training,How-to question,Medium,2025-05-04,2025-05-05,46,CodeCraft Systems (Enterprise) reported: How-to question. Severity: Medium.,Resolved by providing configuration change. Customer satisfaction: 4/5.,4
TICKET-00374,CUST-0058,CodeCraft Systems,Enterprise,Billing,Payment issue,Medium,2025-07-17,2025-07-20,79,CodeCraft Systems (Enterprise) reported: Payment issue. Severity: Medium.,Resolved by providing workaround. Customer satisfaction: 2/5.,2
TICKET-00375,CUST-0058,CodeCraft Systems,Enterprise,Training,How-to question,Medium,2025-07-29,2025-07-31,65,CodeCraft Systems (Enterprise) reported: How-to question. Severity: Medium.,Resolved by providing feature update. Customer satisfaction: 3/5.,3
TICKET-00376,CUST-0059,CloudScale Solutions,SMB,Training,Best practices,Low,2025-09-18,2025-09-22,106,CloudScale Solutions (SMB) reported: Best practices. Severity: Low.,Resolved by providing documentation. Customer satisfaction: 5/5.,5
TICKET-00377,CUST-0060,ContainerOps LLC,Commercial,Feature,UI/UX feedback,High,2025-02-06,2025-02-06,21,ContainerOps LLC (Commercial) reported: UI/UX feedback. Severity: High. Impacting business operations.,Resolved by providing configuration change. Customer satisfaction: 1/5.,1
TICKET-00378,CUST-0060,ContainerOps LLC,Commercial,Technical,Authentication failure,Medium,2025-11-24,2025-11-27,81,ContainerOps LLC (Commercial) reported: Authentication failure. Severity: Medium.,Resolved by providing fix. Customer satisfaction: 4/5.,4
TICKET-00379,CUST-0060,ContainerOps LLC,Commercial,Billing,Invoice question,Medium,2025-09-18,2025-09-20,58,ContainerOps LLC (Commercial) reported: Invoice question. Severity: Medium.,Resolved by providing fix. Customer satisfaction: 3/5.,3
TICKET-00380,CUST-0060,ContainerOps LLC,Commercial,Billing,Invoice question,Medium,2025-11-06,2025-11-08,55,ContainerOps LLC (Commercial) reported: Invoice question. Severity: Medium.,Resolved by providing feature update. Customer satisfaction: 3/5.,3
TICKET-00381,CUST-0061,MicroServe Technologies,Enterprise,Training,Setup help,Medium,2025-12-13,2025-12-16,82,MicroServe Technologies (Enterprise) reported: Setup help. Severity: Medium.,Resolved by providing configuration change. Customer satisfaction: 5/5.,5
TICKET-00382,CUST-0062,AuditPro Systems,SMB,Training,How-to question,High,2024-10-10,2024-10-10,7,AuditPro Systems (SMB) reported: How-to question. Severity: High. Impacting business operations.,Resolved by providing fix. Customer satisfaction: 3/5.,3
TICKET-00383,CUST-0062,AuditPro Systems,SMB,Technical,Authentication failure,Low,2023-11-27,2023-11-28,29,AuditPro Systems (SMB) reported: Authentication failure. Severity: Low.,Resolved by providing documentation. Customer satisfaction: 4/5.,4
TICKET-00384,CUST-0062,AuditPro Systems,SMB,Technical,API error,Critical,2024-05-28,2024-05-28,7,AuditPro Systems (SMB) reported: API error. Severity: Critical. Impacting business operations.,Resolved by providing documentation. Customer satisfaction: 3/5.,3
TICKET-00385,CUST-0062,AuditPro Systems,SMB,Technical,Authentication failure,Low,2022-08-20,2022-08-24,101,AuditPro Systems (SMB) reported: Authentication failure. Severity: Low.,Resolved by providing documentation. Customer satisfaction: 3/5.,3
TICKET-00386,CUST-0062,AuditPro Systems,SMB,Technical,Performance slow,Medium,2023-11-22,2023-11-26,96,AuditPro Systems (SMB) reported: Performance slow. Severity: Medium.,Resolved by providing documentation. Customer satisfaction: 3/5.,3
TICKET-00387,CUST-0062,AuditPro Systems,SMB,Technical,Authentication failure,Low,2026-04-03,2026-04-08,126,AuditPro Systems (SMB) reported: Authentication failure. Severity: Low.,Resolved by providing feature update. Customer satisfaction: 2/5.,2
TICKET-00388,CUST-0062,AuditPro Systems,SMB,Training,Best practices,High,2024-03-26,2024-03-27,25,AuditPro Systems (SMB) reported: Best practices. Severity: High. Impacting business operations.,Resolved by providing documentation. Customer satisfaction: 3/5.,3
TICKET-00389,CUST-0062,AuditPro Systems,SMB,Feature,UI/UX feedback,Low,2023-08-07,2023-08-12,138,AuditPro Systems (SMB) reported: UI/UX feedback. Severity: Low.,Resolved by providing configuration change. Customer satisfaction: 4/5.,4
TICKET-00390,CUST-0062,AuditPro Systems,SMB,Technical,API error,Critical,2022-08-27,2022-08-27,1,AuditPro Systems (SMB) reported: API error. Severity: Critical. Impacting business operations.,Resolved by providing configuration change. Customer satisfaction: 1/5.,1
TICKET-00391,CUST-0063,WorkflowPro Corp,Commercial,Technical,Performance slow,Low,2025-08-10,2025-08-16,156,WorkflowPro Corp (Commercial) reported: Performance slow. Severity: Low.,Resolved by providing documentation. Customer satisfaction: 5/5.,5
TICKET-00392,CUST-0063,WorkflowPro Corp,Commercial,Technical,Integration issue,High,2026-03-10,2026-03-11,45,WorkflowPro Corp (Commercial) reported: Integration issue. Severity: High. Impacting business operations.,Resolved by providing configuration change. Customer satisfaction: 4/5.,4
TICKET-00393,CUST-0063,WorkflowPro Corp,Commercial,Billing,Invoice question,Medium,2025-03-24,2025-03-26,67,WorkflowPro Corp (Commercial) reported: Invoice question. Severity: Medium.,Resolved by providing configuration change. Customer satisfaction: 4/5.,4
TICKET-00394,CUST-0063,WorkflowPro Corp,Commercial,Training,Best practices,High,2025-10-01,2025-10-01,15,WorkflowPro Corp (Commercial) reported: Best practices. Severity: High. Impacting business operations.,Resolved by providing workaround. Customer satisfaction: 4/5.,4
TICKET-00395,CUST-0064,BackupCloud Corp,SMB,Training,Setup help,Medium,2026-02-05,2026-02-07,64,BackupCloud Corp (SMB) reported: Setup help. Severity: Medium.,Resolved by providing workaround. Customer satisfaction: 2/5.,2
TICKET-00396,CUST-0064,BackupCloud Corp,SMB,Feature,Feature request,High,2026-02-14,2026-02-15,28,BackupCloud Corp (SMB) reported: Feature request. Severity: High. Impacting business operations.,Resolved by providing feature update. Customer satisfaction: 3/5.,3
TICKET-00397,CUST-0064,BackupCloud Corp,SMB,Technical,Authentication failure,High,2026-04-25,2026-04-26,33,BackupCloud Corp (SMB) reported: Authentication failure. Severity: High. Impacting business operations.,Resolved by providing fix. Customer satisfaction: 3/5.,3
TICKET-00398,CUST-0064,BackupCloud Corp,SMB,Billing,Pricing clarification,Medium,2026-01-14,2026-01-16,71,BackupCloud Corp (SMB) reported: Pricing clarification. Severity: Medium.,Resolved by providing workaround. Customer satisfaction: 3/5.,3
TICKET-00399,CUST-0064,BackupCloud Corp,SMB,Training,Best practices,High,2026-05-19,2026-05-20,35,BackupCloud Corp (SMB) reported: Best practices. Severity: High. Impacting business operations.,Resolved by providing feature update. Customer satisfaction: 2/5.,2
TICKET-00400,CUST-0065,TechFlow Technologies,Commercial,Feature,Missing functionality,Low,2025-09-22,2025-09-28,162,TechFlow Technologies (Commercial) reported: Missing functionality. Severity: Low.,Resolved by providing configuration change. Customer satisfaction: 2/5.,2
TICKET-00401,CUST-0065,TechFlow Technologies,Commercial,Technical,Performance slow,Medium,2025-12-21,2025-12-24,88,TechFlow Technologies (Commercial) reported: Performance slow. Severity: Medium.,Resolved by providing workaround. Customer satisfaction: 2/5.,2
TICKET-00402,CUST-0065,TechFlow Technologies,Commercial,Billing,Pricing clarification,Low,2023-12-30,2023-12-31,42,TechFlow Technologies (Commercial) reported: Pricing clarification. Severity: Low.,Resolved by providing configuration change. Customer satisfaction: 4/5.,4
TICKET-00403,CUST-0065,TechFlow Technologies,Commercial,Billing,Pricing clarification,High,2026-02-24,2026-02-25,43,TechFlow Technologies (Commercial) reported: Pricing clarification. Severity: High. Impacting business operations.,Resolved by providing workaround. Customer satisfaction: 3/5.,3
TICKET-00404,CUST-0065,TechFlow Technologies,Commercial,Technical,Authentication failure,Critical,2025-10-27,2025-10-27,6,TechFlow Technologies (Commercial) reported: Authentication failure. Severity: Critical. Impacting business operations.,Resolved by providing configuration change. Customer satisfaction: 2/5.,2
TICKET-00405,CUST-0065,TechFlow Technologies,Commercial,Training,Documentation request,Critical,2023-10-08,2023-10-08,9,TechFlow Technologies (Commercial) reported: Documentation request. Severity: Critical. Impacting business operations.,Resolved by providing feature update. Customer satisfaction: 5/5.,5
TICKET-00406,CUST-0065,TechFlow Technologies,Commercial,Feature,UI/UX feedback,High,2026-05-10,2026-05-11,46,TechFlow Technologies (Commercial) reported: UI/UX feedback. Severity: High. Impacting business operations.,Resolved by providing fix. Customer satisfaction: 2/5.,2
TICKET-00407,CUST-0066,ContainerOps Systems,SMB,Technical,Data sync problem,Low,2024-11-19,2024-11-23,97,ContainerOps Systems (SMB) reported: Data sync problem. Severity: Low.,Resolved by providing fix. Customer satisfaction: 5/5.,5
TICKET-00408,CUST-0066,ContainerOps Systems,SMB,Technical,Authentication failure,Medium,2024-11-12,2024-11-12,16,ContainerOps Systems (SMB) reported: Authentication failure. Severity: Medium.,Resolved by providing feature update. Customer satisfaction: 4/5.,4
TICKET-00409,CUST-0066,ContainerOps Systems,SMB,Billing,Plan change request,High,2025-04-11,2025-04-11,12,ContainerOps Systems (SMB) reported: Plan change request. Severity: High. Impacting business operations.,Resolved by providing workaround. Customer satisfaction: 3/5.,3
TICKET-00410,CUST-0066,ContainerOps Systems,SMB,Billing,Payment issue,Low,2024-03-04,2024-03-07,83,ContainerOps Systems (SMB) reported: Payment issue. Severity: Low.,Resolved by providing fix. Customer satisfaction: 5/5.,5
TICKET-00411,CUST-0066,ContainerOps Systems,SMB,Billing,Plan change request,Medium,2024-10-14,2024-10-14,13,ContainerOps Systems (SMB) reported: Plan change request. Severity: Medium.,Resolved by providing documentation. Customer satisfaction: 4/5.,4
TICKET-00412,CUST-0066,ContainerOps Systems,SMB,Training,Setup help,Medium,2025-08-18,2025-08-18,13,ContainerOps Systems (SMB) reported: Setup help. Severity: Medium.,Resolved by providing documentation. Customer satisfaction: 5/5.,5
TICKET-00413,CUST-0066,ContainerOps Systems,SMB,Feature,Feature request,Low,2024-05-01,2024-05-04,72,ContainerOps Systems (SMB) reported: Feature request. Severity: Low.,Resolved by providing fix. Customer satisfaction: 5/5.,5
TICKET-00414,CUST-0067,CacheMaster Solutions,SMB,Feature,Workflow improvement,High,2025-04-25,2025-04-26,45,CacheMaster Solutions (SMB) reported: Workflow improvement. Severity: High. Impacting business operations.,Resolved by providing workaround. Customer satisfaction: 2/5.,2
TICKET-00415,CUST-0067,CacheMaster Solutions,SMB,Billing,Invoice question,Medium,2025-07-04,2025-07-04,18,CacheMaster Solutions (SMB) reported: Invoice question. Severity: Medium.,Resolved by providing configuration change. Customer satisfaction: 1/5.,1
TICKET-00416,CUST-0067,CacheMaster Solutions,SMB,Billing,Plan change request,High,2025-04-11,2025-04-12,40,CacheMaster Solutions (SMB) reported: Plan change request. Severity: High. Impacting business operations.,Resolved by providing fix. Customer satisfaction: 1/5.,1
TICKET-00417,CUST-0067,CacheMaster Solutions,SMB,Technical,API error,High,2024-06-27,2024-06-28,47,CacheMaster Solutions (SMB) reported: API error. Severity: High. Impacting business operations.,Resolved by providing documentation. Customer satisfaction: 2/5.,2
TICKET-00418,CUST-0067,CacheMaster Solutions,SMB,Training,Setup help,Low,2024-12-17,2024-12-18,25,CacheMaster Solutions (SMB) reported: Setup help. Severity: Low.,Resolved by providing fix. Customer satisfaction: 2/5.,2
TICKET-00419,CUST-0067,CacheMaster Solutions,SMB,Training,How-to question,High,2025-04-03,2025-04-04,34,CacheMaster Solutions (SMB) reported: How-to question. Severity: High. Impacting business operations.,Resolved by providing workaround. Customer satisfaction: 1/5.,1
TICKET-00420,CUST-0067,CacheMaster Solutions,SMB,Billing,Plan change request,Low,2025-07-17,2025-07-24,168,CacheMaster Solutions (SMB) reported: Plan change request. Severity: Low.,Resolved by providing feature update. Customer satisfaction: 1/5.,1
TICKET-00421,CUST-0067,CacheMaster Solutions,SMB,Billing,Pricing clarification,Medium,2025-02-11,2025-02-11,19,CacheMaster Solutions (SMB) reported: Pricing clarification. Severity: Medium.,Resolved by providing feature update. Customer satisfaction: 1/5.,1
TICKET-00422,CUST-0067,CacheMaster Solutions,SMB,Billing,Payment issue,High,2025-04-09,2025-04-10,27,CacheMaster Solutions (SMB) reported: Payment issue. Severity: High. Impacting business operations.,Resolved by providing workaround. Customer satisfaction: 1/5.,1
TICKET-00423,CUST-0067,CacheMaster Solutions,SMB,Technical,Authentication failure,Critical,2024-08-16,2024-08-16,11,CacheMaster Solutions (SMB) reported: Authentication failure. Severity: Critical. Impacting business operations.,Resolved by providing workaround. Customer satisfaction: 1/5.,1
TICKET-00424,CUST-0067,CacheMaster Solutions,SMB,Billing,Pricing clarification,Low,2024-08-02,2024-08-07,137,CacheMaster Solutions (SMB) reported: Pricing clarification. Severity: Low.,Resolved by providing workaround. Customer satisfaction: 1/5.,1
TICKET-00425,CUST-0067,CacheMaster Solutions,SMB,Feature,Workflow improvement,Medium,2025-01-01,2025-01-02,41,CacheMaster Solutions (SMB) reported: Workflow improvement. Severity: Medium.,Resolved by providing fix. Customer satisfaction: 1/5.,1
TICKET-00426,CUST-0067,CacheMaster Solutions,SMB,Billing,Invoice question,Medium,2025-06-14,2025-06-15,35,CacheMaster Solutions (SMB) reported: Invoice question. Severity: Medium.,Resolved by providing feature update. Customer satisfaction: 1/5.,1
TICKET-00427,CUST-0067,CacheMaster Solutions,SMB,Training,How-to question,High,2024-09-10,2024-09-11,35,CacheMaster Solutions (SMB) reported: How-to question. Severity: High. Impacting business operations.,Resolved by providing documentation. Customer satisfaction: 2/5.,2
TICKET-00428,CUST-0067,CacheMaster Solutions,SMB,Feature,UI/UX feedback,Medium,2024-06-14,2024-06-16,66,CacheMaster Solutions (SMB) reported: UI/UX feedback. Severity: Medium.,Resolved by providing feature update. Customer satisfaction: 3/5.,3
TICKET-00429,CUST-0067,CacheMaster Solutions,SMB,Billing,Payment issue,Medium,2025-01-31,2025-01-31,16,CacheMaster Solutions (SMB) reported: Payment issue. Severity: Medium.,Resolved by providing feature update. Customer satisfaction: 1/5.,1
TICKET-00430,CUST-0068,ScaleSystems Solutions,Commercial,Training,Documentation request,High,2025-08-17,2025-08-17,16,ScaleSystems Solutions (Commercial) reported: Documentation request. Severity: High. Impacting business operations.,Resolved by providing feature update. Customer satisfaction: 4/5.,4
TICKET-00431,CUST-0068,ScaleSystems Solutions,Commercial,Feature,Workflow improvement,Low,2025-09-21,2025-09-22,32,ScaleSystems Solutions (Commercial) reported: Workflow improvement. Severity: Low.,Resolved by providing configuration change. Customer satisfaction: 4/5.,4
TICKET-00432,CUST-0068,ScaleSystems Solutions,Commercial,Billing,Plan change request,Medium,2024-07-27,2024-07-28,43,ScaleSystems Solutions (Commercial) reported: Plan change request. Severity: Medium.,Resolved by providing workaround. Customer satisfaction: 3/5.,3
TICKET-00433,CUST-0068,ScaleSystems Solutions,Commercial,Technical,Data sync problem,Low,2025-06-29,2025-07-01,71,ScaleSystems Solutions (Commercial) reported: Data sync problem. Severity: Low.,Resolved by providing configuration change. Customer satisfaction: 4/5.,4
TICKET-00434,CUST-0069,WorkflowPro Technologies,Commercial,Billing,Plan change request,Medium,2026-05-22,2026-05-25,76,WorkflowPro Technologies (Commercial) reported: Plan change request. Severity: Medium.,Resolved by providing configuration change. Customer satisfaction: 5/5.,5
TICKET-00435,CUST-0069,WorkflowPro Technologies,Commercial,Billing,Plan change request,Low,2025-11-27,2025-11-29,70,WorkflowPro Technologies (Commercial) reported: Plan change request. Severity: Low.,Resolved by providing feature update. Customer satisfaction: 5/5.,5
TICKET-00436,CUST-0069,WorkflowPro Technologies,Commercial,Training,Documentation request,Low,2026-04-12,2026-04-16,109,WorkflowPro Technologies (Commercial) reported: Documentation request. Severity: Low.,Resolved by providing workaround. Customer satisfaction: 4/5.,4
TICKET-00437,CUST-0069,WorkflowPro Technologies,Commercial,Training,Best practices,Medium,2026-02-13,2026-02-13,13,WorkflowPro Technologies (Commercial) reported: Best practices. Severity: Medium.,Resolved by providing fix. Customer satisfaction: 4/5.,4
TICKET-00438,CUST-0070,MicroServe Inc,Enterprise,Technical,Authentication failure,Critical,2025-07-11,2025-07-11,9,MicroServe Inc (Enterprise) reported: Authentication failure. Severity: Critical. Impacting business operations.,Resolved by providing configuration change. Customer satisfaction: 5/5.,5
TICKET-00439,CUST-0070,MicroServe Inc,Enterprise,Feature,UI/UX feedback,Low,2025-01-07,2025-01-13,161,MicroServe Inc (Enterprise) reported: UI/UX feedback. Severity: Low.,Resolved by providing workaround. Customer satisfaction: 5/5.,5
TICKET-00440,CUST-0070,MicroServe Inc,Enterprise,Technical,Authentication failure,Critical,2025-06-20,2025-06-20,10,MicroServe Inc (Enterprise) reported: Authentication failure. Severity: Critical. Impacting business operations.,Resolved by providing fix. Customer satisfaction: 4/5.,4
TICKET-00441,CUST-0070,MicroServe Inc,Enterprise,Training,Setup help,High,2025-02-08,2025-02-08,16,MicroServe Inc (Enterprise) reported: Setup help. Severity: High. Impacting business operations.,Resolved by providing feature update. Customer satisfaction: 3/5.,3
TICKET-00442,CUST-0070,MicroServe Inc,Enterprise,Billing,Plan change request,Medium,2025-12-28,2025-12-31,74,MicroServe Inc (Enterprise) reported: Plan change request. Severity: Medium.,Resolved by providing feature update. Customer satisfaction: 4/5.,4
TICKET-00443,CUST-0070,MicroServe Inc,Enterprise,Training,How-to question,Low,2025-09-24,2025-09-28,119,MicroServe Inc (Enterprise) reported: How-to question. Severity: Low.,Resolved by providing configuration change. Customer satisfaction: 5/5.,5
TICKET-00444,CUST-0071,MicroServe Solutions,Enterprise,Feature,Workflow improvement,High,2025-06-17,2025-06-17,19,MicroServe Solutions (Enterprise) reported: Workflow improvement. Severity: High. Impacting business operations.,Resolved by providing configuration change. Customer satisfaction: 4/5.,4
TICKET-00445,CUST-0071,MicroServe Solutions,Enterprise,Feature,Feature request,High,2025-03-29,2025-03-29,18,MicroServe Solutions (Enterprise) reported: Feature request. Severity: High. Impacting business operations.,Resolved by providing documentation. Customer satisfaction: 5/5.,5
TICKET-00446,CUST-0071,MicroServe Solutions,Enterprise,Billing,Plan change request,Critical,2026-04-27,2026-04-27,9,MicroServe Solutions (Enterprise) reported: Plan change request. Severity: Critical. Impacting business operations.,Resolved by providing workaround. Customer satisfaction: 4/5.,4
TICKET-00447,CUST-0071,MicroServe Solutions,Enterprise,Feature,Workflow improvement,High,2024-08-16,2024-08-18,48,MicroServe Solutions (Enterprise) reported: Workflow improvement. Severity: High. Impacting business operations.,Resolved by providing workaround. Customer satisfaction: 4/5.,4
TICKET-00448,CUST-0071,MicroServe Solutions,Enterprise,Technical,Performance slow,High,2024-11-06,2024-11-06,14,MicroServe Solutions (Enterprise) reported: Performance slow. Severity: High. Impacting business operations.,Resolved by providing configuration change. Customer satisfaction: 5/5.,5
TICKET-00449,CUST-0072,AnalyticsCo Labs,SMB,Technical,API error,High,2024-08-17,2024-08-18,34,AnalyticsCo Labs (SMB) reported: API error. Severity: High. Impacting business operations.,Resolved by providing fix. Customer satisfaction: 4/5.,4
TICKET-00450,CUST-0073,DataBridge Systems,SMB,Billing,Invoice question,High,2025-02-05,2025-02-06,35,DataBridge Systems (SMB) reported: Invoice question. Severity: High. Impacting business operations.,Resolved by providing fix. Customer satisfaction: 3/5.,3
TICKET-00451,CUST-0073,DataBridge Systems,SMB,Feature,Feature request,Critical,2025-05-07,2025-05-07,10,DataBridge Systems (SMB) reported: Feature request. Severity: Critical. Impacting business operations.,Resolved by providing configuration change. Customer satisfaction: 3/5.,3
TICKET-00452,CUST-0073,DataBridge Systems,SMB,Billing,Plan change request,High,2023-07-13,2023-07-14,40,DataBridge Systems (SMB) reported: Plan change request. Severity: High. Impacting business operations.,Resolved by providing documentation. Customer satisfaction: 2/5.,2
TICKET-00453,CUST-0073,DataBridge Systems,SMB,Feature,Workflow improvement,Low,2026-05-02,2026-05-04,51,DataBridge Systems (SMB) reported: Workflow improvement. Severity: Low.,Resolved by providing configuration change. Customer satisfaction: 3/5.,3
TICKET-00454,CUST-0073,DataBridge Systems,SMB,Billing,Plan change request,Low,2023-09-05,2023-09-08,85,DataBridge Systems (SMB) reported: Plan change request. Severity: Low.,Resolved by providing workaround. Customer satisfaction: 3/5.,3
TICKET-00455,CUST-0074,MonitorPlus LLC,Enterprise,Training,Documentation request,Medium,2025-09-28,2025-09-29,35,MonitorPlus LLC (Enterprise) reported: Documentation request. Severity: Medium.,Resolved by providing feature update. Customer satisfaction: 5/5.,5
TICKET-00456,CUST-0075,CodeCraft LLC,Enterprise,Billing,Plan change request,Medium,2025-06-12,2025-06-14,53,CodeCraft LLC (Enterprise) reported: Plan change request. Severity: Medium.,Resolved by providing configuration change. Customer satisfaction: 4/5.,4
TICKET-00457,CUST-0076,StreamPro Group,Enterprise,Billing,Plan change request,High,2026-01-08,2026-01-09,40,StreamPro Group (Enterprise) reported: Plan change request. Severity: High. Impacting business operations.,Resolved by providing fix. Customer satisfaction: 5/5.,5
TICKET-00458,CUST-0076,StreamPro Group,Enterprise,Technical,Data sync problem,Critical,2025-10-22,2025-10-22,6,StreamPro Group (Enterprise) reported: Data sync problem. Severity: Critical. Impacting business operations.,Resolved by providing fix. Customer satisfaction: 5/5.,5
TICKET-00459,CUST-0076,StreamPro Group,Enterprise,Technical,API error,Medium,2026-01-28,2026-01-29,40,StreamPro Group (Enterprise) reported: API error. Severity: Medium.,Resolved by providing configuration change. Customer satisfaction: 5/5.,5
TICKET-00460,CUST-0077,DataSync LLC,Enterprise,Billing,Plan change request,Critical,2026-02-01,2026-02-01,2,DataSync LLC (Enterprise) reported: Plan change request. Severity: Critical. Impacting business operations.,Resolved by providing documentation. Customer satisfaction: 3/5.,3
TICKET-00461,CUST-0077,DataSync LLC,Enterprise,Technical,Authentication failure,High,2026-05-07,2026-05-07,12,DataSync LLC (Enterprise) reported: Authentication failure. Severity: High. Impacting business operations.,Resolved by providing workaround. Customer satisfaction: 3/5.,3
TICKET-00462,CUST-0077,DataSync LLC,Enterprise,Feature,UI/UX feedback,Medium,2026-03-23,2026-03-26,95,DataSync LLC (Enterprise) reported: UI/UX feedback. Severity: Medium.,Resolved by providing documentation. Customer satisfaction: 2/5.,2
TICKET-00463,CUST-0077,DataSync LLC,Enterprise,Training,Setup help,Medium,2026-02-15,2026-02-16,44,DataSync LLC (Enterprise) reported: Setup help. Severity: Medium.,Resolved by providing documentation. Customer satisfaction: 4/5.,4
TICKET-00464,CUST-0077,DataSync LLC,Enterprise,Feature,Feature request,Medium,2026-03-23,2026-03-26,94,DataSync LLC (Enterprise) reported: Feature request. Severity: Medium.,Resolved by providing documentation. Customer satisfaction: 3/5.,3
TICKET-00465,CUST-0077,DataSync LLC,Enterprise,Billing,Plan change request,Medium,2026-02-17,2026-02-19,65,DataSync LLC (Enterprise) reported: Plan change request. Severity: Medium.,Resolved by providing feature update. Customer satisfaction: 2/5.,2
TICKET-00466,CUST-0077,DataSync LLC,Enterprise,Billing,Payment issue,High,2026-03-23,2026-03-23,8,DataSync LLC (Enterprise) reported: Payment issue. Severity: High. Impacting business operations.,Resolved by providing feature update. Customer satisfaction: 2/5.,2
TICKET-00467,CUST-0077,DataSync LLC,Enterprise,Technical,Performance slow,Low,2026-01-17,2026-01-18,28,DataSync LLC (Enterprise) reported: Performance slow. Severity: Low.,Resolved by providing configuration change. Customer satisfaction: 3/5.,3
TICKET-00468,CUST-0077,DataSync LLC,Enterprise,Billing,Payment issue,Low,2025-12-28,2026-01-03,153,DataSync LLC (Enterprise) reported: Payment issue. Severity: Low.,Resolved by providing feature update. Customer satisfaction: 4/5.,4
TICKET-00469,CUST-0077,DataSync LLC,Enterprise,Billing,Payment issue,High,2025-12-08,2025-12-08,7,DataSync LLC (Enterprise) reported: Payment issue. Severity: High. Impacting business operations.,Resolved by providing documentation. Customer satisfaction: 4/5.,4
TICKET-00470,CUST-0078,CodeCraft Labs,Commercial,Billing,Pricing clarification,High,2025-04-17,2025-04-17,17,CodeCraft Labs (Commercial) reported: Pricing clarification. Severity: High. Impacting business operations.,Resolved by providing documentation. Customer satisfaction: 2/5.,2
TICKET-00471,CUST-0078,CodeCraft Labs,Commercial,Training,Setup help,Critical,2025-11-18,2025-11-18,6,CodeCraft Labs (Commercial) reported: Setup help. Severity: Critical. Impacting business operations.,Resolved by providing configuration change. Customer satisfaction: 3/5.,3
TICKET-00472,CUST-0078,CodeCraft Labs,Commercial,Technical,Integration issue,High,2025-08-02,2025-08-03,35,CodeCraft Labs (Commercial) reported: Integration issue. Severity: High. Impacting business operations.,Resolved by providing feature update. Customer satisfaction: 3/5.,3
TICKET-00473,CUST-0078,CodeCraft Labs,Commercial,Feature,Missing functionality,Medium,2025-10-27,2025-10-29,68,CodeCraft Labs (Commercial) reported: Missing functionality. Severity: Medium.,Resolved by providing fix. Customer satisfaction: 1/5.,1
TICKET-00474,CUST-0078,CodeCraft Labs,Commercial,Billing,Invoice question,Medium,2025-05-14,2025-05-17,77,CodeCraft Labs (Commercial) reported: Invoice question. Severity: Medium.,Resolved by providing documentation. Customer satisfaction: 3/5.,3
TICKET-00475,CUST-0078,CodeCraft Labs,Commercial,Training,How-to question,Critical,2025-06-09,2025-06-09,12,CodeCraft Labs (Commercial) reported: How-to question. Severity: Critical. Impacting business operations.,Resolved by providing feature update. Customer satisfaction: 2/5.,2
TICKET-00476,CUST-0078,CodeCraft Labs,Commercial,Billing,Plan change request,High,2025-11-18,2025-11-18,7,CodeCraft Labs (Commercial) reported: Plan change request. Severity: High. Impacting business operations.,Resolved by providing configuration change. Customer satisfaction: 1/5.,1
TICKET-00477,CUST-0078,CodeCraft Labs,Commercial,Billing,Pricing clarification,Medium,2025-09-05,2025-09-06,40,CodeCraft Labs (Commercial) reported: Pricing clarification. Severity: Medium.,Resolved by providing configuration change. Customer satisfaction: 2/5.,2
TICKET-00478,CUST-0079,CacheMaster Technologies,Enterprise,Feature,Missing functionality,Low,2026-03-22,2026-03-23,37,CacheMaster Technologies (Enterprise) reported: Missing functionality. Severity: Low.,Resolved by providing feature update. Customer satisfaction: 5/5.,5
TICKET-00479,CUST-0079,CacheMaster Technologies,Enterprise,Feature,UI/UX feedback,Low,2026-02-09,2026-02-12,75,CacheMaster Technologies (Enterprise) reported: UI/UX feedback. Severity: Low.,Resolved by providing fix. Customer satisfaction: 4/5.,4
TICKET-00480,CUST-0080,AIForge Systems,Commercial,Training,How-to question,Critical,2026-04-06,2026-04-06,3,AIForge Systems (Commercial) reported: How-to question. Severity: Critical. Impacting business operations.,Resolved by providing documentation. Customer satisfaction: 2/5.,2
TICKET-00481,CUST-0080,AIForge Systems,Commercial,Billing,Pricing clarification,Medium,2025-12-30,2026-01-01,65,AIForge Systems (Commercial) reported: Pricing clarification. Severity: Medium.,Resolved by providing configuration change. Customer satisfaction: 4/5.,4
TICKET-00482,CUST-0080,AIForge Systems,Commercial,Technical,Authentication failure,High,2026-05-05,2026-05-06,24,AIForge Systems (Commercial) reported: Authentication failure. Severity: High. Impacting business operations.,Resolved by providing configuration change. Customer satisfaction: 2/5.,2
TICKET-00483,CUST-0080,AIForge Systems,Commercial,Billing,Payment issue,High,2026-01-21,2026-01-22,30,AIForge Systems (Commercial) reported: Payment issue. Severity: High. Impacting business operations.,Resolved by providing fix. Customer satisfaction: 3/5.,3
TICKET-00484,CUST-0080,AIForge Systems,Commercial,Training,Setup help,High,2026-03-01,2026-03-01,13,AIForge Systems (Commercial) reported: Setup help. Severity: High. Impacting business operations.,Resolved by providing configuration change. Customer satisfaction: 3/5.,3
TICKET-00485,CUST-0080,AIForge Systems,Commercial,Feature,UI/UX feedback,Medium,2026-02-27,2026-03-02,95,AIForge Systems (Commercial) reported: UI/UX feedback. Severity: Medium.,Resolved by providing feature update. Customer satisfaction: 2/5.,2
TICKET-00486,CUST-0080,AIForge Systems,Commercial,Technical,API error,Critical,2026-04-11,2026-04-11,8,AIForge Systems (Commercial) reported: API error. Severity: Critical. Impacting business operations.,Resolved by providing configuration change. Customer satisfaction: 3/5.,3
TICKET-00487,CUST-0080,AIForge Systems,Commercial,Training,How-to question,Medium,2026-03-21,2026-03-22,37,AIForge Systems (Commercial) reported: How-to question. Severity: Medium.,Resolved by providing documentation. Customer satisfaction: 2/5.,2
TICKET-00488,CUST-0081,StreamPro Solutions,Commercial,Training,Documentation request,Medium,2026-04-14,2026-04-17,83,StreamPro Solutions (Commercial) reported: Documentation request. Severity: Medium.,Resolved by providing workaround. Customer satisfaction: 4/5.,4
TICKET-00489,CUST-0081,StreamPro Solutions,Commercial,Technical,Integration issue,Medium,2026-06-11,2026-06-13,71,StreamPro Solutions (Commercial) reported: Integration issue. Severity: Medium.,Resolved by providing workaround. Customer satisfaction: 4/5.,4
TICKET-00490,CUST-0081,StreamPro Solutions,Commercial,Billing,Payment issue,Medium,2026-03-19,2026-03-22,86,StreamPro Solutions (Commercial) reported: Payment issue. Severity: Medium.,Resolved by providing documentation. Customer satisfaction: 3/5.,3
TICKET-00491,CUST-0082,TechFlow Systems,SMB,Billing,Invoice question,Medium,2025-03-13,2025-03-14,27,TechFlow Systems (SMB) reported: Invoice question. Severity: Medium.,Resolved by providing configuration change. Customer satisfaction: 2/5.,2
TICKET-00492,CUST-0082,TechFlow Systems,SMB,Training,Documentation request,High,2025-09-22,2025-09-22,20,TechFlow Systems (SMB) reported: Documentation request. Severity: High. Impacting business operations.,Resolved by providing documentation. Customer satisfaction: 2/5.,2
TICKET-00493,CUST-0082,TechFlow Systems,SMB,Feature,Missing functionality,Critical,2025-12-28,2025-12-28,1,TechFlow Systems (SMB) reported: Missing functionality. Severity: Critical. Impacting business operations.,Resolved by providing fix. Customer satisfaction: 1/5.,1
TICKET-00494,CUST-0082,TechFlow Systems,SMB,Feature,Missing functionality,High,2025-05-19,2025-05-21,48,TechFlow Systems (SMB) reported: Missing functionality. Severity: High. Impacting business operations.,Resolved by providing configuration change. Customer satisfaction: 1/5.,1
TICKET-00495,CUST-0082,TechFlow Systems,SMB,Technical,Authentication failure,Medium,2024-12-19,2024-12-21,69,TechFlow Systems (SMB) reported: Authentication failure. Severity: Medium.,Resolved by providing workaround. Customer satisfaction: 4/5.,4
TICKET-00496,CUST-0082,TechFlow Systems,SMB,Feature,Feature request,Critical,2025-01-11,2025-01-11,9,TechFlow Systems (SMB) reported: Feature request. Severity: Critical. Impacting business operations.,Resolved by providing feature update. Customer satisfaction: 2/5.,2
TICKET-00497,CUST-0082,TechFlow Systems,SMB,Billing,Pricing clarification,High,2025-12-21,2025-12-22,31,TechFlow Systems (SMB) reported: Pricing clarification. Severity: High. Impacting business operations.,Resolved by providing workaround. Customer satisfaction: 1/5.,1
TICKET-00498,CUST-0082,TechFlow Systems,SMB,Billing,Invoice question,Medium,2025-04-15,2025-04-18,88,TechFlow Systems (SMB) reported: Invoice question. Severity: Medium.,Resolved by providing configuration change. Customer satisfaction: 2/5.,2
TICKET-00499,CUST-0082,TechFlow Systems,SMB,Training,How-to question,Medium,2025-11-20,2025-11-20,16,TechFlow Systems (SMB) reported: How-to question. Severity: Medium.,Resolved by providing workaround. Customer satisfaction: 1/5.,1
TICKET-00500,CUST-0082,TechFlow Systems,SMB,Technical,Data sync problem,Medium,2024-12-26,2024-12-27,33,TechFlow Systems (SMB) reported: Data sync problem. Severity: Medium.,Resolved by providing feature update. Customer satisfaction: 3/5.,3
TICKET-00501,CUST-0082,TechFlow Systems,SMB,Billing,Invoice question,Low,2025-03-18,2025-03-22,118,TechFlow Systems (SMB) reported: Invoice question. Severity: Low.,Resolved by providing feature update. Customer satisfaction: 3/5.,3
TICKET-00502,CUST-0082,TechFlow Systems,SMB,Feature,Workflow improvement,High,2025-10-30,2025-10-31,38,TechFlow Systems (SMB) reported: Workflow improvement. Severity: High. Impacting business operations.,Resolved by providing feature update. Customer satisfaction: 1/5.,1
TICKET-00503,CUST-0082,TechFlow Systems,SMB,Billing,Invoice question,Medium,2025-10-06,2025-10-09,87,TechFlow Systems (SMB) reported: Invoice question. Severity: Medium.,Resolved by providing workaround. Customer satisfaction: 1/5.,1
TICKET-00504,CUST-0082,TechFlow Systems,SMB,Training,Setup help,High,2025-07-24,2025-07-25,25,TechFlow Systems (SMB) reported: Setup help. Severity: High. Impacting business operations.,Resolved by providing configuration change. Customer satisfaction: 1/5.,1
TICKET-00505,CUST-0082,TechFlow Systems,SMB,Feature,Feature request,Medium,2025-01-30,2025-01-30,21,TechFlow Systems (SMB) reported: Feature request. Severity: Medium.,Resolved by providing configuration change. Customer satisfaction: 2/5.,2
TICKET-00506,CUST-0083,DisasterRecovery Labs,Enterprise,Feature,Missing functionality,Low,2023-03-12,2023-03-14,52,DisasterRecovery Labs (Enterprise) reported: Missing functionality. Severity: Low.,Resolved by providing workaround. Customer satisfaction: 4/5.,4
TICKET-00507,CUST-0083,DisasterRecovery Labs,Enterprise,Billing,Plan change request,Medium,2025-12-03,2025-12-06,84,DisasterRecovery Labs (Enterprise) reported: Plan change request. Severity: Medium.,Resolved by providing documentation. Customer satisfaction: 1/5.,1
TICKET-00508,CUST-0083,DisasterRecovery Labs,Enterprise,Training,Documentation request,High,2025-11-16,2025-11-16,14,DisasterRecovery Labs (Enterprise) reported: Documentation request. Severity: High. Impacting business operations.,Resolved by providing feature update. Customer satisfaction: 1/5.,1
TICKET-00509,CUST-0083,DisasterRecovery Labs,Enterprise,Training,How-to question,High,2025-12-11,2025-12-12,26,DisasterRecovery Labs (Enterprise) reported: How-to question. Severity: High. Impacting business operations.,Resolved by providing fix. Customer satisfaction: 1/5.,1
TICKET-00510,CUST-0083,DisasterRecovery Labs,Enterprise,Training,Best practices,Low,2025-08-06,2025-08-10,115,DisasterRecovery Labs (Enterprise) reported: Best practices. Severity: Low.,Resolved by providing feature update. Customer satisfaction: 1/5.,1
TICKET-00511,CUST-0083,DisasterRecovery Labs,Enterprise,Billing,Pricing clarification,Critical,2022-11-19,2022-11-19,11,DisasterRecovery Labs (Enterprise) reported: Pricing clarification. Severity: Critical. Impacting business operations.,Resolved by providing configuration change. Customer satisfaction: 4/5.,4
TICKET-00512,CUST-0083,DisasterRecovery Labs,Enterprise,Billing,Payment issue,Low,2024-01-25,2024-01-31,156,DisasterRecovery Labs (Enterprise) reported: Payment issue. Severity: Low.,Resolved by providing feature update. Customer satisfaction: 2/5.,2
TICKET-00513,CUST-0083,DisasterRecovery Labs,Enterprise,Feature,Missing functionality,Medium,2023-04-19,2023-04-19,22,DisasterRecovery Labs (Enterprise) reported: Missing functionality. Severity: Medium.,Resolved by providing workaround. Customer satisfaction: 3/5.,3
TICKET-00514,CUST-0083,DisasterRecovery Labs,Enterprise,Billing,Plan change request,Low,2023-07-20,2023-07-24,98,DisasterRecovery Labs (Enterprise) reported: Plan change request. Severity: Low.,Resolved by providing fix. Customer satisfaction: 3/5.,3
TICKET-00515,CUST-0083,DisasterRecovery Labs,Enterprise,Training,Documentation request,High,2023-03-07,2023-03-08,29,DisasterRecovery Labs (Enterprise) reported: Documentation request. Severity: High. Impacting business operations.,Resolved by providing feature update. Customer satisfaction: 5/5.,5
TICKET-00516,CUST-0083,DisasterRecovery Labs,Enterprise,Technical,Integration issue,High,2026-04-23,2026-04-24,44,DisasterRecovery Labs (Enterprise) reported: Integration issue. Severity: High. Impacting business operations.,Resolved by providing feature update. Customer satisfaction: 2/5.,2
TICKET-00517,CUST-0083,DisasterRecovery Labs,Enterprise,Training,Documentation request,High,2025-01-25,2025-01-25,16,DisasterRecovery Labs (Enterprise) reported: Documentation request. Severity: High. Impacting business operations.,Resolved by providing fix. Customer satisfaction: 2/5.,2
TICKET-00518,CUST-0084,BackupCloud Systems,SMB,Billing,Pricing clarification,Low,2026-01-30,2026-02-02,85,BackupCloud Systems (SMB) reported: Pricing clarification. Severity: Low.,Resolved by providing configuration change. Customer satisfaction: 4/5.,4
TICKET-00519,CUST-0084,BackupCloud Systems,SMB,Technical,Authentication failure,Medium,2025-10-28,2025-10-29,37,BackupCloud Systems (SMB) reported: Authentication failure. Severity: Medium.,Resolved by providing fix. Customer satisfaction: 3/5.,3
TICKET-00520,CUST-0084,BackupCloud Systems,SMB,Billing,Pricing clarification,Low,2025-10-05,2025-10-08,82,BackupCloud Systems (SMB) reported: Pricing clarification. Severity: Low.,Resolved by providing documentation. Customer satisfaction: 1/5.,1
TICKET-00521,CUST-0084,BackupCloud Systems,SMB,Technical,Data sync problem,Medium,2025-11-25,2025-11-28,77,BackupCloud Systems (SMB) reported: Data sync problem. Severity: Medium.,Resolved by providing documentation. Customer satisfaction: 4/5.,4
TICKET-00522,CUST-0084,BackupCloud Systems,SMB,Training,Setup help,Medium,2025-12-22,2025-12-25,72,BackupCloud Systems (SMB) reported: Setup help. Severity: Medium.,Resolved by providing workaround. Customer satisfaction: 4/5.,4
TICKET-00523,CUST-0085,AuditPro Inc,Commercial,Technical,Integration issue,Low,2024-07-06,2024-07-08,66,AuditPro Inc (Commercial) reported: Integration issue. Severity: Low.,Resolved by providing configuration change. Customer satisfaction: 5/5.,5
TICKET-00524,CUST-0085,AuditPro Inc,Commercial,Feature,UI/UX feedback,High,2026-01-29,2026-01-29,12,AuditPro Inc (Commercial) reported: UI/UX feedback. Severity: High. Impacting business operations.,Resolved by providing workaround. Customer satisfaction: 2/5.,2
TICKET-00525,CUST-0085,AuditPro Inc,Commercial,Technical,API error,Critical,2023-07-18,2023-07-18,9,AuditPro Inc (Commercial) reported: API error. Severity: Critical. Impacting business operations.,Resolved by providing feature update. Customer satisfaction: 4/5.,4
TICKET-00526,CUST-0085,AuditPro Inc,Commercial,Training,Setup help,Critical,2025-09-22,2025-09-22,6,AuditPro Inc (Commercial) reported: Setup help. Severity: Critical. Impacting business operations.,Resolved by providing feature update. Customer satisfaction: 3/5.,3
TICKET-00527,CUST-0085,AuditPro Inc,Commercial,Training,Best practices,High,2025-07-10,2025-07-10,13,AuditPro Inc (Commercial) reported: Best practices. Severity: High. Impacting business operations.,Resolved by providing fix. Customer satisfaction: 3/5.,3
TICKET-00528,CUST-0085,AuditPro Inc,Commercial,Feature,Missing functionality,Medium,2025-09-22,2025-09-25,73,AuditPro Inc (Commercial) reported: Missing functionality. Severity: Medium.,Resolved by providing fix. Customer satisfaction: 3/5.,3
TICKET-00529,CUST-0085,AuditPro Inc,Commercial,Training,Documentation request,Medium,2024-05-08,2024-05-09,37,AuditPro Inc (Commercial) reported: Documentation request. Severity: Medium.,Resolved by providing documentation. Customer satisfaction: 4/5.,4
TICKET-00530,CUST-0086,StreamPro LLC,SMB,Billing,Pricing clarification,Medium,2025-08-13,2025-08-15,58,StreamPro LLC (SMB) reported: Pricing clarification. Severity: Medium.,Resolved by providing feature update. Customer satisfaction: 5/5.,5
TICKET-00531,CUST-0087,MonitorPlus Solutions,SMB,Technical,Data sync problem,Medium,2025-11-08,2025-11-11,78,MonitorPlus Solutions (SMB) reported: Data sync problem. Severity: Medium.,Resolved by providing feature update. Customer satisfaction: 1/5.,1
TICKET-00532,CUST-0087,MonitorPlus Solutions,SMB,Feature,UI/UX feedback,High,2026-02-07,2026-02-07,13,MonitorPlus Solutions (SMB) reported: UI/UX feedback. Severity: High. Impacting business operations.,Resolved by providing documentation. Customer satisfaction: 1/5.,1
TICKET-00533,CUST-0087,MonitorPlus Solutions,SMB,Billing,Invoice question,High,2025-11-06,2025-11-06,13,MonitorPlus Solutions (SMB) reported: Invoice question. Severity: High. Impacting business operations.,Resolved by providing configuration change. Customer satisfaction: 2/5.,2
TICKET-00534,CUST-0087,MonitorPlus Solutions,SMB,Feature,Workflow improvement,Low,2024-09-10,2024-09-16,155,MonitorPlus Solutions (SMB) reported: Workflow improvement. Severity: Low.,Resolved by providing documentation. Customer satisfaction: 2/5.,2
TICKET-00535,CUST-0087,MonitorPlus Solutions,SMB,Feature,Missing functionality,Critical,2025-11-05,2025-11-05,11,MonitorPlus Solutions (SMB) reported: Missing functionality. Severity: Critical. Impacting business operations.,Resolved by providing documentation. Customer satisfaction: 1/5.,1
TICKET-00536,CUST-0087,MonitorPlus Solutions,SMB,Billing,Invoice question,Medium,2024-02-03,2024-02-03,23,MonitorPlus Solutions (SMB) reported: Invoice question. Severity: Medium.,Resolved by providing fix. Customer satisfaction: 3/5.,3
TICKET-00537,CUST-0087,MonitorPlus Solutions,SMB,Feature,Workflow improvement,Critical,2024-05-01,2024-05-01,7,MonitorPlus Solutions (SMB) reported: Workflow improvement. Severity: Critical. Impacting business operations.,Resolved by providing documentation. Customer satisfaction: 3/5.,3
TICKET-00538,CUST-0087,MonitorPlus Solutions,SMB,Feature,UI/UX feedback,Critical,2025-06-09,2025-06-09,10,MonitorPlus Solutions (SMB) reported: UI/UX feedback. Severity: Critical. Impacting business operations.,Resolved by providing configuration change. Customer satisfaction: 1/5.,1
TICKET-00539,CUST-0087,MonitorPlus Solutions,SMB,Technical,Data sync problem,Low,2024-01-14,2024-01-20,159,MonitorPlus Solutions (SMB) reported: Data sync problem. Severity: Low.,Resolved by providing documentation. Customer satisfaction: 4/5.,4
TICKET-00540,CUST-0087,MonitorPlus Solutions,SMB,Training,Best practices,Critical,2025-12-22,2025-12-22,7,MonitorPlus Solutions (SMB) reported: Best practices. Severity: Critical. Impacting business operations.,Resolved by providing feature update. Customer satisfaction: 1/5.,1
TICKET-00541,CUST-0087,MonitorPlus Solutions,SMB,Training,Setup help,Medium,2024-06-02,2024-06-02,22,MonitorPlus Solutions (SMB) reported: Setup help. Severity: Medium.,Resolved by providing workaround. Customer satisfaction: 4/5.,4
TICKET-00542,CUST-0087,MonitorPlus Solutions,SMB,Feature,Missing functionality,Low,2024-03-01,2024-03-04,86,MonitorPlus Solutions (SMB) reported: Missing functionality. Severity: Low.,Resolved by providing configuration change. Customer satisfaction: 4/5.,4
TICKET-00543,CUST-0087,MonitorPlus Solutions,SMB,Technical,Integration issue,Low,2025-02-16,2025-02-19,74,MonitorPlus Solutions (SMB) reported: Integration issue. Severity: Low.,Resolved by providing fix. Customer satisfaction: 2/5.,2
TICKET-00544,CUST-0087,MonitorPlus Solutions,SMB,Feature,Workflow improvement,Low,2024-04-27,2024-04-28,30,MonitorPlus Solutions (SMB) reported: Workflow improvement. Severity: Low.,Resolved by providing fix. Customer satisfaction: 4/5.,4
TICKET-00545,CUST-0087,MonitorPlus Solutions,SMB,Technical,Integration issue,Medium,2026-03-21,2026-03-24,95,MonitorPlus Solutions (SMB) reported: Integration issue. Severity: Medium.,Resolved by providing feature update. Customer satisfaction: 1/5.,1
TICKET-00546,CUST-0088,ComplianceHub Corp,Enterprise,Training,Documentation request,Medium,2025-09-29,2025-09-29,18,ComplianceHub Corp (Enterprise) reported: Documentation request. Severity: Medium.,Resolved by providing fix. Customer satisfaction: 5/5.,5
TICKET-00547,CUST-0088,ComplianceHub Corp,Enterprise,Training,How-to question,Low,2025-11-04,2025-11-09,124,ComplianceHub Corp (Enterprise) reported: How-to question. Severity: Low.,Resolved by providing fix. Customer satisfaction: 5/5.,5
TICKET-00548,CUST-0088,ComplianceHub Corp,Enterprise,Technical,Performance slow,Low,2025-09-14,2025-09-17,78,ComplianceHub Corp (Enterprise) reported: Performance slow. Severity: Low.,Resolved by providing fix. Customer satisfaction: 4/5.,4
TICKET-00549,CUST-0088,ComplianceHub Corp,Enterprise,Training,How-to question,High,2025-09-27,2025-09-27,10,ComplianceHub Corp (Enterprise) reported: How-to question. Severity: High. Impacting business operations.,Resolved by providing feature update. Customer satisfaction: 5/5.,5
TICKET-00550,CUST-0089,ScaleSystems Technologies,SMB,Training,Setup help,Critical,2023-04-07,2023-04-07,2,ScaleSystems Technologies (SMB) reported: Setup help. Severity: Critical. Impacting business operations.,Resolved by providing workaround. Customer satisfaction: 4/5.,4
TICKET-00551,CUST-0089,ScaleSystems Technologies,SMB,Feature,UI/UX feedback,Low,2023-06-28,2023-07-03,132,ScaleSystems Technologies (SMB) reported: UI/UX feedback. Severity: Low.,Resolved by providing configuration change. Customer satisfaction: 3/5.,3
TICKET-00552,CUST-0089,ScaleSystems Technologies,SMB,Feature,Workflow improvement,Medium,2024-06-14,2024-06-16,50,ScaleSystems Technologies (SMB) reported: Workflow improvement. Severity: Medium.,Resolved by providing configuration change. Customer satisfaction: 2/5.,2
TICKET-00553,CUST-0089,ScaleSystems Technologies,SMB,Technical,Authentication failure,Medium,2025-09-22,2025-09-24,70,ScaleSystems Technologies (SMB) reported: Authentication failure. Severity: Medium.,Resolved by providing workaround. Customer satisfaction: 3/5.,3
TICKET-00554,CUST-0089,ScaleSystems Technologies,SMB,Feature,Workflow improvement,Medium,2024-04-12,2024-04-14,63,ScaleSystems Technologies (SMB) reported: Workflow improvement. Severity: Medium.,Resolved by providing fix. Customer satisfaction: 3/5.,3
TICKET-00555,CUST-0089,ScaleSystems Technologies,SMB,Feature,UI/UX feedback,Low,2026-04-02,2026-04-07,122,ScaleSystems Technologies (SMB) reported: UI/UX feedback. Severity: Low.,Resolved by providing workaround. Customer satisfaction: 3/5.,3
TICKET-00556,CUST-0089,ScaleSystems Technologies,SMB,Feature,Feature request,High,2023-08-10,2023-08-10,13,ScaleSystems Technologies (SMB) reported: Feature request. Severity: High. Impacting business operations.,Resolved by providing documentation. Customer satisfaction: 3/5.,3
TICKET-00557,CUST-0089,ScaleSystems Technologies,SMB,Technical,Integration issue,Medium,2025-11-22,2025-11-23,37,ScaleSystems Technologies (SMB) reported: Integration issue. Severity: Medium.,Resolved by providing configuration change. Customer satisfaction: 2/5.,2
TICKET-00558,CUST-0089,ScaleSystems Technologies,SMB,Billing,Invoice question,High,2024-08-17,2024-08-17,5,ScaleSystems Technologies (SMB) reported: Invoice question. Severity: High. Impacting business operations.,Resolved by providing feature update. Customer satisfaction: 2/5.,2
TICKET-00559,CUST-0089,ScaleSystems Technologies,SMB,Feature,Feature request,Low,2024-05-31,2024-06-01,44,ScaleSystems Technologies (SMB) reported: Feature request. Severity: Low.,Resolved by providing fix. Customer satisfaction: 2/5.,2
TICKET-00560,CUST-0089,ScaleSystems Technologies,SMB,Technical,Integration issue,Medium,2025-08-17,2025-08-18,33,ScaleSystems Technologies (SMB) reported: Integration issue. Severity: Medium.,Resolved by providing documentation. Customer satisfaction: 3/5.,3
TICKET-00561,CUST-0090,StreamPro Technologies,SMB,Feature,Workflow improvement,Medium,2023-10-13,2023-10-14,33,StreamPro Technologies (SMB) reported: Workflow improvement. Severity: Medium.,Resolved by providing documentation. Customer satisfaction: 2/5.,2
TICKET-00562,CUST-0090,StreamPro Technologies,SMB,Technical,API error,Critical,2024-08-21,2024-08-21,2,StreamPro Technologies (SMB) reported: API error. Severity: Critical. Impacting business operations.,Resolved by providing feature update. Customer satisfaction: 1/5.,1
TICKET-00563,CUST-0090,StreamPro Technologies,SMB,Feature,Missing functionality,High,2024-05-12,2024-05-13,45,StreamPro Technologies (SMB) reported: Missing functionality. Severity: High. Impacting business operations.,Resolved by providing workaround. Customer satisfaction: 1/5.,1
TICKET-00564,CUST-0090,StreamPro Technologies,SMB,Training,Best practices,Medium,2024-07-29,2024-07-31,56,StreamPro Technologies (SMB) reported: Best practices. Severity: Medium.,Resolved by providing configuration change. Customer satisfaction: 1/5.,1
TICKET-00565,CUST-0090,StreamPro Technologies,SMB,Feature,Feature request,High,2023-08-07,2023-08-07,6,StreamPro Technologies (SMB) reported: Feature request. Severity: High. Impacting business operations.,Resolved by providing fix. Customer satisfaction: 1/5.,1
TICKET-00566,CUST-0090,StreamPro Technologies,SMB,Feature,Missing functionality,High,2023-05-21,2023-05-22,31,StreamPro Technologies (SMB) reported: Missing functionality. Severity: High. Impacting business operations.,Resolved by providing fix. Customer satisfaction: 2/5.,2
TICKET-00567,CUST-0090,StreamPro Technologies,SMB,Training,Documentation request,Critical,2025-05-14,2025-05-14,10,StreamPro Technologies (SMB) reported: Documentation request. Severity: Critical. Impacting business operations.,Resolved by providing feature update. Customer satisfaction: 1/5.,1
TICKET-00568,CUST-0090,StreamPro Technologies,SMB,Training,Setup help,High,2025-03-29,2025-03-29,21,StreamPro Technologies (SMB) reported: Setup help. Severity: High. Impacting business operations.,Resolved by providing configuration change. Customer satisfaction: 1/5.,1
TICKET-00569,CUST-0090,StreamPro Technologies,SMB,Feature,Missing functionality,Medium,2024-06-21,2024-06-24,94,StreamPro Technologies (SMB) reported: Missing functionality. Severity: Medium.,Resolved by providing feature update. Customer satisfaction: 1/5.,1
TICKET-00570,CUST-0090,StreamPro Technologies,SMB,Feature,Feature request,Low,2023-09-19,2023-09-24,134,StreamPro Technologies (SMB) reported: Feature request. Severity: Low.,Resolved by providing documentation. Customer satisfaction: 1/5.,1
TICKET-00571,CUST-0090,StreamPro Technologies,SMB,Feature,Feature request,Medium,2025-05-24,2025-05-27,82,StreamPro Technologies (SMB) reported: Feature request. Severity: Medium.,Resolved by providing documentation. Customer satisfaction: 1/5.,1
TICKET-00572,CUST-0090,StreamPro Technologies,SMB,Billing,Plan change request,High,2024-08-15,2024-08-16,28,StreamPro Technologies (SMB) reported: Plan change request. Severity: High. Impacting business operations.,Resolved by providing configuration change. Customer satisfaction: 1/5.,1
TICKET-00573,CUST-0090,StreamPro Technologies,SMB,Technical,Authentication failure,Critical,2024-05-08,2024-05-08,11,StreamPro Technologies (SMB) reported: Authentication failure. Severity: Critical. Impacting business operations.,Resolved by providing configuration change. Customer satisfaction: 1/5.,1
TICKET-00574,CUST-0091,DisasterRecovery Technologies,SMB,Feature,Feature request,Low,2025-10-25,2025-10-26,35,DisasterRecovery Technologies (SMB) reported: Feature request. Severity: Low.,Resolved by providing workaround. Customer satisfaction: 5/5.,5
TICKET-00575,CUST-0092,ContainerOps Labs,SMB,Billing,Invoice question,Critical,2025-12-24,2025-12-24,5,ContainerOps Labs (SMB) reported: Invoice question. Severity: Critical. Impacting business operations.,Resolved by providing documentation. Customer satisfaction: 3/5.,3
TICKET-00576,CUST-0092,ContainerOps Labs,SMB,Feature,Feature request,Medium,2025-10-11,2025-10-13,55,ContainerOps Labs (SMB) reported: Feature request. Severity: Medium.,Resolved by providing documentation. Customer satisfaction: 3/5.,3
TICKET-00577,CUST-0092,ContainerOps Labs,SMB,Technical,Data sync problem,Medium,2025-11-08,2025-11-09,31,ContainerOps Labs (SMB) reported: Data sync problem. Severity: Medium.,Resolved by providing configuration change. Customer satisfaction: 4/5.,4
TICKET-00578,CUST-0092,ContainerOps Labs,SMB,Billing,Plan change request,Critical,2025-10-26,2025-10-26,11,ContainerOps Labs (SMB) reported: Plan change request. Severity: Critical. Impacting business operations.,Resolved by providing documentation. Customer satisfaction: 4/5.,4
TICKET-00579,CUST-0092,ContainerOps Labs,SMB,Technical,Authentication failure,Critical,2025-09-28,2025-09-28,5,ContainerOps Labs (SMB) reported: Authentication failure. Severity: Critical. Impacting business operations.,Resolved by providing fix. Customer satisfaction: 2/5.,2
TICKET-00580,CUST-0092,ContainerOps Labs,SMB,Technical,Data sync problem,High,2025-08-09,2025-08-10,35,ContainerOps Labs (SMB) reported: Data sync problem. Severity: High. Impacting business operations.,Resolved by providing documentation. Customer satisfaction: 2/5.,2
TICKET-00581,CUST-0092,ContainerOps Labs,SMB,Billing,Pricing clarification,Medium,2025-12-03,2025-12-06,76,ContainerOps Labs (SMB) reported: Pricing clarification. Severity: Medium.,Resolved by providing workaround. Customer satisfaction: 4/5.,4
TICKET-00582,CUST-0093,IntegrationHQ Labs,Commercial,Technical,API error,High,2026-05-15,2026-05-15,23,IntegrationHQ Labs (Commercial) reported: API error. Severity: High. Impacting business operations.,Resolved by providing workaround. Customer satisfaction: 1/5.,1
TICKET-00583,CUST-0093,IntegrationHQ Labs,Commercial,Training,How-to question,Critical,2026-06-19,2026-06-19,8,IntegrationHQ Labs (Commercial) reported: How-to question. Severity: Critical. Impacting business operations.,Resolved by providing documentation. Customer satisfaction: 2/5.,2
TICKET-00584,CUST-0093,IntegrationHQ Labs,Commercial,Training,How-to question,High,2025-02-16,2025-02-17,39,IntegrationHQ Labs (Commercial) reported: How-to question. Severity: High. Impacting business operations.,Resolved by providing configuration change. Customer satisfaction: 3/5.,3
TICKET-00585,CUST-0093,IntegrationHQ Labs,Commercial,Feature,Feature request,Medium,2026-01-12,2026-01-13,38,IntegrationHQ Labs (Commercial) reported: Feature request. Severity: Medium.,Resolved by providing feature update. Customer satisfaction: 1/5.,1
TICKET-00586,CUST-0093,IntegrationHQ Labs,Commercial,Technical,Data sync problem,Critical,2026-06-14,2026-06-14,3,IntegrationHQ Labs (Commercial) reported: Data sync problem. Severity: Critical. Impacting business operations.,Resolved by providing feature update. Customer satisfaction: 1/5.,1
TICKET-00587,CUST-0093,IntegrationHQ Labs,Commercial,Technical,Authentication failure,Medium,2025-11-08,2025-11-09,32,IntegrationHQ Labs (Commercial) reported: Authentication failure. Severity: Medium.,Resolved by providing workaround. Customer satisfaction: 1/5.,1
TICKET-00588,CUST-0093,IntegrationHQ Labs,Commercial,Billing,Invoice question,Critical,2025-08-06,2025-08-06,4,IntegrationHQ Labs (Commercial) reported: Invoice question. Severity: Critical. Impacting business operations.,Resolved by providing workaround. Customer satisfaction: 2/5.,2
TICKET-00589,CUST-0093,IntegrationHQ Labs,Commercial,Training,Best practices,Medium,2026-03-08,2026-03-10,66,IntegrationHQ Labs (Commercial) reported: Best practices. Severity: Medium.,Resolved by providing workaround. Customer satisfaction: 2/5.,2
TICKET-00590,CUST-0093,IntegrationHQ Labs,Commercial,Feature,Workflow improvement,High,2025-07-28,2025-07-29,34,IntegrationHQ Labs (Commercial) reported: Workflow improvement. Severity: High. Impacting business operations.,Resolved by providing documentation. Customer satisfaction: 1/5.,1
TICKET-00591,CUST-0093,IntegrationHQ Labs,Commercial,Billing,Invoice question,Low,2025-07-03,2025-07-09,166,IntegrationHQ Labs (Commercial) reported: Invoice question. Severity: Low.,Resolved by providing documentation. Customer satisfaction: 2/5.,2
TICKET-00592,CUST-0094,LogStream Labs,Enterprise,Feature,Feature request,Low,2025-08-13,2025-08-15,49,LogStream Labs (Enterprise) reported: Feature request. Severity: Low.,Resolved by providing documentation. Customer satisfaction: 4/5.,4
TICKET-00593,CUST-0094,LogStream Labs,Enterprise,Technical,Authentication failure,Medium,2023-05-13,2023-05-15,56,LogStream Labs (Enterprise) reported: Authentication failure. Severity: Medium.,Resolved by providing workaround. Customer satisfaction: 3/5.,3
TICKET-00594,CUST-0094,LogStream Labs,Enterprise,Training,Best practices,Medium,2024-02-07,2024-02-08,29,LogStream Labs (Enterprise) reported: Best practices. Severity: Medium.,Resolved by providing documentation. Customer satisfaction: 3/5.,3
TICKET-00595,CUST-0094,LogStream Labs,Enterprise,Billing,Plan change request,Medium,2025-03-13,2025-03-15,67,LogStream Labs (Enterprise) reported: Plan change request. Severity: Medium.,Resolved by providing feature update. Customer satisfaction: 3/5.,3
TICKET-00596,CUST-0094,LogStream Labs,Enterprise,Billing,Invoice question,High,2024-06-22,2024-06-23,35,LogStream Labs (Enterprise) reported: Invoice question. Severity: High. Impacting business operations.,Resolved by providing workaround. Customer satisfaction: 4/5.,4
TICKET-00597,CUST-0095,IntegrationHQ Technologies,Commercial,Technical,Integration issue,Critical,2024-11-03,2024-11-03,7,IntegrationHQ Technologies (Commercial) reported: Integration issue. Severity: Critical. Impacting business operations.,Resolved by providing documentation. Customer satisfaction: 3/5.,3
TICKET-00598,CUST-0095,IntegrationHQ Technologies,Commercial,Training,Best practices,Medium,2023-02-25,2023-02-26,29,IntegrationHQ Technologies (Commercial) reported: Best practices. Severity: Medium.,Resolved by providing feature update. Customer satisfaction: 3/5.,3
TICKET-00599,CUST-0095,IntegrationHQ Technologies,Commercial,Feature,Feature request,Low,2023-06-17,2023-06-22,134,IntegrationHQ Technologies (Commercial) reported: Feature request. Severity: Low.,Resolved by providing fix. Customer satisfaction: 2/5.,2
TICKET-00600,CUST-0095,IntegrationHQ Technologies,Commercial,Training,Best practices,High,2025-05-03,2025-05-04,45,IntegrationHQ Technologies (Commercial) reported: Best practices. Severity: High. Impacting business operations.,Resolved by providing feature update. Customer satisfaction: 3/5.,3
TICKET-00601,CUST-0095,IntegrationHQ Technologies,Commercial,Feature,UI/UX feedback,Critical,2024-03-15,2024-03-15,12,IntegrationHQ Technologies (Commercial) reported: UI/UX feedback. Severity: Critical. Impacting business operations.,Resolved by providing documentation. Customer satisfaction: 4/5.,4
TICKET-00602,CUST-0095,IntegrationHQ Technologies,Commercial,Technical,Authentication failure,High,2025-06-22,2025-06-23,47,IntegrationHQ Technologies (Commercial) reported: Authentication failure. Severity: High. Impacting business operations.,Resolved by providing configuration change. Customer satisfaction: 2/5.,2
TICKET-00603,CUST-0095,IntegrationHQ Technologies,Commercial,Training,Best practices,High,2025-01-08,2025-01-09,33,IntegrationHQ Technologies (Commercial) reported: Best practices. Severity: High. Impacting business operations.,Resolved by providing documentation. Customer satisfaction: 2/5.,2
TICKET-00604,CUST-0095,IntegrationHQ Technologies,Commercial,Feature,Feature request,Low,2026-05-17,2026-05-20,81,IntegrationHQ Technologies (Commercial) reported: Feature request. Severity: Low.,Resolved by providing configuration change. Customer satisfaction: 2/5.,2
TICKET-00605,CUST-0095,IntegrationHQ Technologies,Commercial,Feature,UI/UX feedback,Critical,2024-08-25,2024-08-25,5,IntegrationHQ Technologies (Commercial) reported: UI/UX feedback. Severity: Critical. Impacting business operations.,Resolved by providing documentation. Customer satisfaction: 4/5.,4
TICKET-00606,CUST-0095,IntegrationHQ Technologies,Commercial,Training,Documentation request,Medium,2023-11-09,2023-11-11,49,IntegrationHQ Technologies (Commercial) reported: Documentation request. Severity: Medium.,Resolved by providing feature update. Customer satisfaction: 3/5.,3
TICKET-00607,CUST-0096,BackupCloud Inc,Commercial,Billing,Invoice question,Critical,2025-03-22,2025-03-22,3,BackupCloud Inc (Commercial) reported: Invoice question. Severity: Critical. Impacting business operations.,Resolved by providing documentation. Customer satisfaction: 4/5.,4
TICKET-00608,CUST-0096,BackupCloud Inc,Commercial,Feature,Missing functionality,Medium,2025-12-24,2025-12-26,51,BackupCloud Inc (Commercial) reported: Missing functionality. Severity: Medium.,Resolved by providing feature update. Customer satisfaction: 4/5.,4
TICKET-00609,CUST-0096,BackupCloud Inc,Commercial,Feature,Missing functionality,Medium,2026-02-26,2026-02-27,45,BackupCloud Inc (Commercial) reported: Missing functionality. Severity: Medium.,Resolved by providing configuration change. Customer satisfaction: 3/5.,3
TICKET-00610,CUST-0096,BackupCloud Inc,Commercial,Feature,Feature request,High,2025-10-10,2025-10-10,12,BackupCloud Inc (Commercial) reported: Feature request. Severity: High. Impacting business operations.,Resolved by providing workaround. Customer satisfaction: 3/5.,3
TICKET-00611,CUST-0096,BackupCloud Inc,Commercial,Training,Best practices,High,2025-10-29,2025-10-29,7,BackupCloud Inc (Commercial) reported: Best practices. Severity: High. Impacting business operations.,Resolved by providing workaround. Customer satisfaction: 4/5.,4
TICKET-00612,CUST-0096,BackupCloud Inc,Commercial,Feature,Feature request,Critical,2025-11-07,2025-11-07,10,BackupCloud Inc (Commercial) reported: Feature request. Severity: Critical. Impacting business operations.,Resolved by providing documentation. Customer satisfaction: 4/5.,4
TICKET-00613,CUST-0097,QueueManager Corp,SMB,Billing,Invoice question,Critical,2026-01-12,2026-01-12,6,QueueManager Corp (SMB) reported: Invoice question. Severity: Critical. Impacting business operations.,Resolved by providing fix. Customer satisfaction: 2/5.,2
TICKET-00614,CUST-0097,QueueManager Corp,SMB,Training,How-to question,Medium,2025-09-12,2025-09-15,75,QueueManager Corp (SMB) reported: How-to question. Severity: Medium.,Resolved by providing feature update. Customer satisfaction: 1/5.,1
TICKET-00615,CUST-0097,QueueManager Corp,SMB,Billing,Payment issue,Low,2025-12-10,2025-12-14,102,QueueManager Corp (SMB) reported: Payment issue. Severity: Low.,Resolved by providing workaround. Customer satisfaction: 3/5.,3
TICKET-00616,CUST-0097,QueueManager Corp,SMB,Training,Documentation request,Medium,2025-06-25,2025-06-27,60,QueueManager Corp (SMB) reported: Documentation request. Severity: Medium.,Resolved by providing feature update. Customer satisfaction: 2/5.,2
TICKET-00617,CUST-0097,QueueManager Corp,SMB,Technical,API error,High,2025-06-16,2025-06-18,48,QueueManager Corp (SMB) reported: API error. Severity: High. Impacting business operations.,Resolved by providing configuration change. Customer satisfaction: 3/5.,3
TICKET-00618,CUST-0097,QueueManager Corp,SMB,Billing,Pricing clarification,High,2025-08-11,2025-08-12,30,QueueManager Corp (SMB) reported: Pricing clarification. Severity: High. Impacting business operations.,Resolved by providing workaround. Customer satisfaction: 3/5.,3
TICKET-00619,CUST-0097,QueueManager Corp,SMB,Technical,Performance slow,High,2025-08-11,2025-08-11,20,QueueManager Corp (SMB) reported: Performance slow. Severity: High. Impacting business operations.,Resolved by providing documentation. Customer satisfaction: 2/5.,2
TICKET-00620,CUST-0097,QueueManager Corp,SMB,Feature,UI/UX feedback,High,2025-08-11,2025-08-12,41,QueueManager Corp (SMB) reported: UI/UX feedback. Severity: High. Impacting business operations.,Resolved by providing configuration change. Customer satisfaction: 2/5.,2
TICKET-00621,CUST-0097,QueueManager Corp,SMB,Feature,UI/UX feedback,High,2025-07-07,2025-07-08,41,QueueManager Corp (SMB) reported: UI/UX feedback. Severity: High. Impacting business operations.,Resolved by providing fix. Customer satisfaction: 3/5.,3
TICKET-00622,CUST-0097,QueueManager Corp,SMB,Billing,Payment issue,High,2025-10-23,2025-10-24,41,QueueManager Corp (SMB) reported: Payment issue. Severity: High. Impacting business operations.,Resolved by providing configuration change. Customer satisfaction: 2/5.,2
TICKET-00623,CUST-0098,StreamPro Systems,SMB,Training,Best practices,High,2022-12-24,2022-12-25,42,StreamPro Systems (SMB) reported: Best practices. Severity: High. Impacting business operations.,Resolved by providing documentation. Customer satisfaction: 4/5.,4
TICKET-00624,CUST-0099,DevTools Group,Commercial,Training,How-to question,Low,2026-05-06,2026-05-08,71,DevTools Group (Commercial) reported: How-to question. Severity: Low.,Resolved by providing feature update. Customer satisfaction: 5/5.,5
TICKET-00625,CUST-0099,DevTools Group,Commercial,Technical,Performance slow,Medium,2026-03-09,2026-03-12,78,DevTools Group (Commercial) reported: Performance slow. Severity: Medium.,Resolved by providing documentation. Customer satisfaction: 4/5.,4
TICKET-00626,CUST-0100,DisasterRecovery Inc,SMB,Feature,Missing functionality,High,2023-05-02,2023-05-03,36,DisasterRecovery Inc (SMB) reported: Missing functionality. Severity: High. Impacting business operations.,Resolved by providing workaround. Customer satisfaction: 3/5.,3
TICKET-00627,CUST-0100,DisasterRecovery Inc,SMB,Billing,Pricing clarification,Medium,2024-07-14,2024-07-17,87,DisasterRecovery Inc (SMB) reported: Pricing clarification. Severity: Medium.,Resolved by providing configuration change. Customer satisfaction: 1/5.,1
TICKET-00628,CUST-0100,DisasterRecovery Inc,SMB,Billing,Pricing clarification,High,2025-01-31,2025-02-01,39,DisasterRecovery Inc (SMB) reported: Pricing clarification. Severity: High. Impacting business operations.,Resolved by providing configuration change. Customer satisfaction: 1/5.,1
TICKET-00629,CUST-0100,DisasterRecovery Inc,SMB,Feature,UI/UX feedback,Low,2024-07-25,2024-07-26,45,DisasterRecovery Inc (SMB) reported: UI/UX feedback. Severity: Low.,Resolved by providing documentation. Customer satisfaction: 2/5.,2
TICKET-00630,CUST-0100,DisasterRecovery Inc,SMB,Technical,Authentication failure,Critical,2025-05-28,2025-05-28,6,DisasterRecovery Inc (SMB) reported: Authentication failure. Severity: Critical. Impacting business operations.,Resolved by providing configuration change. Customer satisfaction: 1/5.,1
TICKET-00631,CUST-0100,DisasterRecovery Inc,SMB,Feature,Feature request,High,2023-11-13,2023-11-13,14,DisasterRecovery Inc (SMB) reported: Feature request. Severity: High. Impacting business operations.,Resolved by providing fix. Customer satisfaction: 3/5.,3
TICKET-00632,CUST-0100,DisasterRecovery Inc,SMB,Feature,Missing functionality,High,2024-01-16,2024-01-16,9,DisasterRecovery Inc (SMB) reported: Missing functionality. Severity: High. Impacting business operations.,Resolved by providing fix. Customer satisfaction: 3/5.,3
TICKET-00633,CUST-0100,DisasterRecovery Inc,SMB,Training,Setup help,Low,2025-04-24,2025-04-29,121,DisasterRecovery Inc (SMB) reported: Setup help. Severity: Low.,Resolved by providing documentation. Customer satisfaction: 1/5.,1
TICKET-00634,CUST-0100,DisasterRecovery Inc,SMB,Training,Setup help,Low,2025-07-13,2025-07-19,158,DisasterRecovery Inc (SMB) reported: Setup help. Severity: Low.,Resolved by providing workaround. Customer satisfaction: 1/5.,1
TICKET-00635,CUST-0101,IntegrationHQ Systems,Commercial,Technical,Data sync problem,Medium,2024-01-05,2024-01-06,29,IntegrationHQ Systems (Commercial) reported: Data sync problem. Severity: Medium.,Resolved by providing configuration change. Customer satisfaction: 2/5.,2
TICKET-00636,CUST-0101,IntegrationHQ Systems,Commercial,Feature,Feature request,Medium,2023-12-17,2023-12-20,86,IntegrationHQ Systems (Commercial) reported: Feature request. Severity: Medium.,Resolved by providing documentation. Customer satisfaction: 3/5.,3
TICKET-00637,CUST-0101,IntegrationHQ Systems,Commercial,Billing,Payment issue,Critical,2024-02-10,2024-02-10,10,IntegrationHQ Systems (Commercial) reported: Payment issue. Severity: Critical. Impacting business operations.,Resolved by providing feature update. Customer satisfaction: 3/5.,3
TICKET-00638,CUST-0101,IntegrationHQ Systems,Commercial,Training,Documentation request,Critical,2025-06-29,2025-06-29,11,IntegrationHQ Systems (Commercial) reported: Documentation request. Severity: Critical. Impacting business operations.,Resolved by providing workaround. Customer satisfaction: 3/5.,3
TICKET-00639,CUST-0101,IntegrationHQ Systems,Commercial,Billing,Pricing clarification,High,2024-12-17,2024-12-18,26,IntegrationHQ Systems (Commercial) reported: Pricing clarification. Severity: High. Impacting business operations.,Resolved by providing fix. Customer satisfaction: 3/5.,3
TICKET-00640,CUST-0101,IntegrationHQ Systems,Commercial,Feature,Feature request,Critical,2025-04-22,2025-04-22,10,IntegrationHQ Systems (Commercial) reported: Feature request. Severity: Critical. Impacting business operations.,Resolved by providing workaround. Customer satisfaction: 2/5.,2
TICKET-00641,CUST-0101,IntegrationHQ Systems,Commercial,Technical,Integration issue,High,2024-10-14,2024-10-15,36,IntegrationHQ Systems (Commercial) reported: Integration issue. Severity: High. Impacting business operations.,Resolved by providing fix. Customer satisfaction: 3/5.,3
TICKET-00642,CUST-0101,IntegrationHQ Systems,Commercial,Billing,Invoice question,Critical,2024-11-06,2024-11-06,11,IntegrationHQ Systems (Commercial) reported: Invoice question. Severity: Critical. Impacting business operations.,Resolved by providing documentation. Customer satisfaction: 3/5.,3
TICKET-00643,CUST-0101,IntegrationHQ Systems,Commercial,Training,How-to question,Medium,2024-01-29,2024-01-29,15,IntegrationHQ Systems (Commercial) reported: How-to question. Severity: Medium.,Resolved by providing fix. Customer satisfaction: 2/5.,2
TICKET-00644,CUST-0102,DevOpsHub Systems,SMB,Feature,Feature request,Medium,2024-08-13,2024-08-14,33,DevOpsHub Systems (SMB) reported: Feature request. Severity: Medium.,Resolved by providing configuration change. Customer satisfaction: 2/5.,2
TICKET-00645,CUST-0102,DevOpsHub Systems,SMB,Feature,Feature request,High,2024-12-08,2024-12-09,28,DevOpsHub Systems (SMB) reported: Feature request. Severity: High. Impacting business operations.,Resolved by providing configuration change. Customer satisfaction: 1/5.,1
TICKET-00646,CUST-0102,DevOpsHub Systems,SMB,Billing,Pricing clarification,Low,2024-04-14,2024-04-16,67,DevOpsHub Systems (SMB) reported: Pricing clarification. Severity: Low.,Resolved by providing workaround. Customer satisfaction: 3/5.,3
TICKET-00647,CUST-0102,DevOpsHub Systems,SMB,Training,Best practices,Critical,2024-05-25,2024-05-25,2,DevOpsHub Systems (SMB) reported: Best practices. Severity: Critical. Impacting business operations.,Resolved by providing configuration change. Customer satisfaction: 3/5.,3
TICKET-00648,CUST-0102,DevOpsHub Systems,SMB,Feature,UI/UX feedback,Critical,2023-09-08,2023-09-08,8,DevOpsHub Systems (SMB) reported: UI/UX feedback. Severity: Critical. Impacting business operations.,Resolved by providing workaround. Customer satisfaction: 3/5.,3
TICKET-00649,CUST-0102,DevOpsHub Systems,SMB,Training,Setup help,High,2023-08-25,2023-08-26,37,DevOpsHub Systems (SMB) reported: Setup help. Severity: High. Impacting business operations.,Resolved by providing feature update. Customer satisfaction: 4/5.,4
TICKET-00650,CUST-0102,DevOpsHub Systems,SMB,Training,Best practices,Critical,2023-11-05,2023-11-05,6,DevOpsHub Systems (SMB) reported: Best practices. Severity: Critical. Impacting business operations.,Resolved by providing documentation. Customer satisfaction: 4/5.,4
TICKET-00651,CUST-0102,DevOpsHub Systems,SMB,Feature,Feature request,High,2023-11-10,2023-11-10,19,DevOpsHub Systems (SMB) reported: Feature request. Severity: High. Impacting business operations.,Resolved by providing fix. Customer satisfaction: 3/5.,3
TICKET-00652,CUST-0102,DevOpsHub Systems,SMB,Billing,Payment issue,High,2023-05-17,2023-05-17,9,DevOpsHub Systems (SMB) reported: Payment issue. Severity: High. Impacting business operations.,Resolved by providing workaround. Customer satisfaction: 3/5.,3
TICKET-00653,CUST-0102,DevOpsHub Systems,SMB,Training,Best practices,High,2024-10-26,2024-10-27,31,DevOpsHub Systems (SMB) reported: Best practices. Severity: High. Impacting business operations.,Resolved by providing fix. Customer satisfaction: 2/5.,2
TICKET-00654,CUST-0102,DevOpsHub Systems,SMB,Technical,Authentication failure,High,2024-08-14,2024-08-15,24,DevOpsHub Systems (SMB) reported: Authentication failure. Severity: High. Impacting business operations.,Resolved by providing documentation. Customer satisfaction: 2/5.,2
TICKET-00655,CUST-0102,DevOpsHub Systems,SMB,Billing,Pricing clarification,Critical,2024-11-16,2024-11-16,8,DevOpsHub Systems (SMB) reported: Pricing clarification. Severity: Critical. Impacting business operations.,Resolved by providing workaround. Customer satisfaction: 3/5.,3
TICKET-00656,CUST-0102,DevOpsHub Systems,SMB,Billing,Plan change request,High,2024-05-09,2024-05-09,9,DevOpsHub Systems (SMB) reported: Plan change request. Severity: High. Impacting business operations.,Resolved by providing workaround. Customer satisfaction: 3/5.,3
TICKET-00657,CUST-0102,DevOpsHub Systems,SMB,Feature,Workflow improvement,High,2023-08-02,2023-08-02,23,DevOpsHub Systems (SMB) reported: Workflow improvement. Severity: High. Impacting business operations.,Resolved by providing documentation. Customer satisfaction: 4/5.,4
TICKET-00658,CUST-0102,DevOpsHub Systems,SMB,Feature,UI/UX feedback,Low,2024-03-21,2024-03-27,163,DevOpsHub Systems (SMB) reported: UI/UX feedback. Severity: Low.,Resolved by providing fix. Customer satisfaction: 3/5.,3
TICKET-00659,CUST-0103,CacheMaster LLC,Commercial,Feature,Workflow improvement,High,2025-10-22,2025-10-23,47,CacheMaster LLC (Commercial) reported: Workflow improvement. Severity: High. Impacting business operations.,Resolved by providing feature update. Customer satisfaction: 2/5.,2
TICKET-00660,CUST-0103,CacheMaster LLC,Commercial,Technical,Authentication failure,High,2026-02-08,2026-02-08,16,CacheMaster LLC (Commercial) reported: Authentication failure. Severity: High. Impacting business operations.,Resolved by providing documentation. Customer satisfaction: 1/5.,1
TICKET-00661,CUST-0103,CacheMaster LLC,Commercial,Billing,Pricing clarification,High,2026-04-28,2026-04-28,20,CacheMaster LLC (Commercial) reported: Pricing clarification. Severity: High. Impacting business operations.,Resolved by providing fix. Customer satisfaction: 1/5.,1
TICKET-00662,CUST-0103,CacheMaster LLC,Commercial,Training,Setup help,Low,2026-03-28,2026-04-02,128,CacheMaster LLC (Commercial) reported: Setup help. Severity: Low.,Resolved by providing feature update. Customer satisfaction: 1/5.,1
TICKET-00663,CUST-0103,CacheMaster LLC,Commercial,Technical,Authentication failure,Low,2025-11-17,2025-11-18,30,CacheMaster LLC (Commercial) reported: Authentication failure. Severity: Low.,Resolved by providing feature update. Customer satisfaction: 3/5.,3
TICKET-00664,CUST-0103,CacheMaster LLC,Commercial,Feature,Workflow improvement,High,2025-09-13,2025-09-14,44,CacheMaster LLC (Commercial) reported: Workflow improvement. Severity: High. Impacting business operations.,Resolved by providing workaround. Customer satisfaction: 2/5.,2
TICKET-00665,CUST-0103,CacheMaster LLC,Commercial,Billing,Plan change request,High,2025-08-27,2025-08-27,18,CacheMaster LLC (Commercial) reported: Plan change request. Severity: High. Impacting business operations.,Resolved by providing configuration change. Customer satisfaction: 2/5.,2
TICKET-00666,CUST-0103,CacheMaster LLC,Commercial,Feature,Workflow improvement,Medium,2026-01-20,2026-01-22,55,CacheMaster LLC (Commercial) reported: Workflow improvement. Severity: Medium.,Resolved by providing fix. Customer satisfaction: 2/5.,2
TICKET-00667,CUST-0104,LogStream Group,SMB,Feature,Workflow improvement,Medium,2025-10-13,2025-10-15,66,LogStream Group (SMB) reported: Workflow improvement. Severity: Medium.,Resolved by providing documentation. Customer satisfaction: 4/5.,4
TICKET-00668,CUST-0104,LogStream Group,SMB,Billing,Payment issue,Medium,2026-05-12,2026-05-12,12,LogStream Group (SMB) reported: Payment issue. Severity: Medium.,Resolved by providing documentation. Customer satisfaction: 4/5.,4
TICKET-00669,CUST-0104,LogStream Group,SMB,Feature,UI/UX feedback,Low,2026-02-25,2026-02-28,74,LogStream Group (SMB) reported: UI/UX feedback. Severity: Low.,Resolved by providing configuration change. Customer satisfaction: 3/5.,3
TICKET-00670,CUST-0104,LogStream Group,SMB,Technical,Performance slow,Critical,2026-02-24,2026-02-24,11,LogStream Group (SMB) reported: Performance slow. Severity: Critical. Impacting business operations.,Resolved by providing configuration change. Customer satisfaction: 3/5.,3
TICKET-00671,CUST-0104,LogStream Group,SMB,Feature,Workflow improvement,High,2025-12-26,2025-12-26,23,LogStream Group (SMB) reported: Workflow improvement. Severity: High. Impacting business operations.,Resolved by providing workaround. Customer satisfaction: 4/5.,4
TICKET-00672,CUST-0105,CodeCraft Inc,SMB,Feature,Missing functionality,Medium,2024-05-13,2024-05-14,26,CodeCraft Inc (SMB) reported: Missing functionality. Severity: Medium.,Resolved by providing feature update. Customer satisfaction: 2/5.,2
TICKET-00673,CUST-0105,CodeCraft Inc,SMB,Training,Best practices,Critical,2025-09-12,2025-09-12,1,CodeCraft Inc (SMB) reported: Best practices. Severity: Critical. Impacting business operations.,Resolved by providing workaround. Customer satisfaction: 3/5.,3
TICKET-00674,CUST-0105,CodeCraft Inc,SMB,Training,How-to question,High,2025-10-22,2025-10-23,40,CodeCraft Inc (SMB) reported: How-to question. Severity: High. Impacting business operations.,Resolved by providing fix. Customer satisfaction: 1/5.,1
TICKET-00675,CUST-0105,CodeCraft Inc,SMB,Feature,Missing functionality,Medium,2024-11-11,2024-11-14,88,CodeCraft Inc (SMB) reported: Missing functionality. Severity: Medium.,Resolved by providing workaround. Customer satisfaction: 3/5.,3
TICKET-00676,CUST-0105,CodeCraft Inc,SMB,Feature,Feature request,Medium,2024-07-03,2024-07-04,37,CodeCraft Inc (SMB) reported: Feature request. Severity: Medium.,Resolved by providing feature update. Customer satisfaction: 2/5.,2
TICKET-00677,CUST-0105,CodeCraft Inc,SMB,Billing,Plan change request,Medium,2025-05-23,2025-05-27,96,CodeCraft Inc (SMB) reported: Plan change request. Severity: Medium.,Resolved by providing fix. Customer satisfaction: 1/5.,1
TICKET-00678,CUST-0105,CodeCraft Inc,SMB,Feature,Workflow improvement,High,2023-11-23,2023-11-23,13,CodeCraft Inc (SMB) reported: Workflow improvement. Severity: High. Impacting business operations.,Resolved by providing configuration change. Customer satisfaction: 3/5.,3
TICKET-00679,CUST-0105,CodeCraft Inc,SMB,Technical,Data sync problem,High,2024-10-17,2024-10-17,18,CodeCraft Inc (SMB) reported: Data sync problem. Severity: High. Impacting business operations.,Resolved by providing workaround. Customer satisfaction: 2/5.,2
TICKET-00680,CUST-0105,CodeCraft Inc,SMB,Billing,Invoice question,Medium,2023-09-05,2023-09-08,75,CodeCraft Inc (SMB) reported: Invoice question. Severity: Medium.,Resolved by providing configuration change. Customer satisfaction: 3/5.,3
TICKET-00681,CUST-0105,CodeCraft Inc,SMB,Billing,Pricing clarification,Medium,2024-11-24,2024-11-27,89,CodeCraft Inc (SMB) reported: Pricing clarification. Severity: Medium.,Resolved by providing configuration change. Customer satisfaction: 2/5.,2
TICKET-00682,CUST-0105,CodeCraft Inc,SMB,Feature,Missing functionality,Low,2025-08-17,2025-08-18,43,CodeCraft Inc (SMB) reported: Missing functionality. Severity: Low.,Resolved by providing documentation. Customer satisfaction: 1/5.,1
TICKET-00683,CUST-0105,CodeCraft Inc,SMB,Feature,Missing functionality,High,2023-12-23,2023-12-23,8,CodeCraft Inc (SMB) reported: Missing functionality. Severity: High. Impacting business operations.,Resolved by providing configuration change. Customer satisfaction: 3/5.,3
TICKET-00684,CUST-0105,CodeCraft Inc,SMB,Training,How-to question,High,2023-11-11,2023-11-11,23,CodeCraft Inc (SMB) reported: How-to question. Severity: High. Impacting business operations.,Resolved by providing workaround. Customer satisfaction: 2/5.,2
TICKET-00685,CUST-0106,CloudScale Inc,Commercial,Technical,Integration issue,Medium,2026-04-19,2026-04-22,92,CloudScale Inc (Commercial) reported: Integration issue. Severity: Medium.,Resolved by providing feature update. Customer satisfaction: 3/5.,3
TICKET-00686,CUST-0106,CloudScale Inc,Commercial,Technical,Data sync problem,High,2026-03-26,2026-03-26,6,CloudScale Inc (Commercial) reported: Data sync problem. Severity: High. Impacting business operations.,Resolved by providing configuration change. Customer satisfaction: 2/5.,2
TICKET-00687,CUST-0106,CloudScale Inc,Commercial,Billing,Payment issue,Medium,2026-05-04,2026-05-05,43,CloudScale Inc (Commercial) reported: Payment issue. Severity: Medium.,Resolved by providing configuration change. Customer satisfaction: 3/5.,3
TICKET-00688,CUST-0106,CloudScale Inc,Commercial,Technical,Integration issue,High,2026-03-11,2026-03-11,19,CloudScale Inc (Commercial) reported: Integration issue. Severity: High. Impacting business operations.,Resolved by providing documentation. Customer satisfaction: 3/5.,3
TICKET-00689,CUST-0106,CloudScale Inc,Commercial,Technical,Integration issue,Medium,2026-03-03,2026-03-03,19,CloudScale Inc (Commercial) reported: Integration issue. Severity: Medium.,Resolved by providing workaround. Customer satisfaction: 2/5.,2
TICKET-00690,CUST-0106,CloudScale Inc,Commercial,Technical,API error,Medium,2026-02-20,2026-02-21,43,CloudScale Inc (Commercial) reported: API error. Severity: Medium.,Resolved by providing workaround. Customer satisfaction: 3/5.,3
TICKET-00691,CUST-0106,CloudScale Inc,Commercial,Technical,Performance slow,Medium,2026-02-21,2026-02-23,68,CloudScale Inc (Commercial) reported: Performance slow. Severity: Medium.,Resolved by providing feature update. Customer satisfaction: 3/5.,3
TICKET-00692,CUST-0107,AuditPro Labs,Enterprise,Training,Setup help,Low,2025-10-26,2025-10-27,41,AuditPro Labs (Enterprise) reported: Setup help. Severity: Low.,Resolved by providing feature update. Customer satisfaction: 3/5.,3
TICKET-00693,CUST-0107,AuditPro Labs,Enterprise,Technical,Authentication failure,High,2026-03-22,2026-03-23,41,AuditPro Labs (Enterprise) reported: Authentication failure. Severity: High. Impacting business operations.,Resolved by providing fix. Customer satisfaction: 4/5.,4
TICKET-00694,CUST-0108,DevTools LLC,Enterprise,Technical,Authentication failure,Low,2025-11-02,2025-11-07,124,DevTools LLC (Enterprise) reported: Authentication failure. Severity: Low.,Resolved by providing workaround. Customer satisfaction: 4/5.,4
TICKET-00695,CUST-0109,MonitorPlus Labs,SMB,Technical,Authentication failure,Medium,2024-03-21,2024-03-22,34,MonitorPlus Labs (SMB) reported: Authentication failure. Severity: Medium.,Resolved by providing feature update. Customer satisfaction: 3/5.,3
TICKET-00696,CUST-0110,ContainerOps Solutions,SMB,Technical,Integration issue,Low,2025-10-12,2025-10-15,78,ContainerOps Solutions (SMB) reported: Integration issue. Severity: Low.,Resolved by providing documentation. Customer satisfaction: 4/5.,4
TICKET-00697,CUST-0110,ContainerOps Solutions,SMB,Billing,Pricing clarification,High,2024-06-30,2024-07-01,24,ContainerOps Solutions (SMB) reported: Pricing clarification. Severity: High. Impacting business operations.,Resolved by providing documentation. Customer satisfaction: 2/5.,2
TICKET-00698,CUST-0110,ContainerOps Solutions,SMB,Billing,Pricing clarification,Medium,2025-10-20,2025-10-21,37,ContainerOps Solutions (SMB) reported: Pricing clarification. Severity: Medium.,Resolved by providing feature update. Customer satisfaction: 3/5.,3
TICKET-00699,CUST-0110,ContainerOps Solutions,SMB,Feature,Workflow improvement,Medium,2025-04-20,2025-04-22,71,ContainerOps Solutions (SMB) reported: Workflow improvement. Severity: Medium.,Resolved by providing documentation. Customer satisfaction: 4/5.,4
TICKET-00700,CUST-0110,ContainerOps Solutions,SMB,Training,Best practices,Low,2025-07-15,2025-07-19,116,ContainerOps Solutions (SMB) reported: Best practices. Severity: Low.,Resolved by providing configuration change. Customer satisfaction: 3/5.,3
TICKET-00701,CUST-0110,ContainerOps Solutions,SMB,Technical,Authentication failure,Low,2024-06-19,2024-06-21,65,ContainerOps Solutions (SMB) reported: Authentication failure. Severity: Low.,Resolved by providing feature update. Customer satisfaction: 4/5.,4
TICKET-00702,CUST-0110,ContainerOps Solutions,SMB,Training,Best practices,Medium,2025-08-04,2025-08-07,74,ContainerOps Solutions (SMB) reported: Best practices. Severity: Medium.,Resolved by providing fix. Customer satisfaction: 3/5.,3
TICKET-00703,CUST-0111,CloudVision Corp,Commercial,Feature,Workflow improvement,Medium,2025-03-08,2025-03-09,29,CloudVision Corp (Commercial) reported: Workflow improvement. Severity: Medium.,Resolved by providing documentation. Customer satisfaction: 2/5.,2
TICKET-00704,CUST-0111,CloudVision Corp,Commercial,Training,Best practices,Low,2024-06-02,2024-06-04,66,CloudVision Corp (Commercial) reported: Best practices. Severity: Low.,Resolved by providing feature update. Customer satisfaction: 5/5.,5
TICKET-00705,CUST-0111,CloudVision Corp,Commercial,Training,Setup help,Low,2025-06-18,2025-06-24,147,CloudVision Corp (Commercial) reported: Setup help. Severity: Low.,Resolved by providing workaround. Customer satisfaction: 3/5.,3
TICKET-00706,CUST-0111,CloudVision Corp,Commercial,Technical,Performance slow,Medium,2025-03-30,2025-03-31,33,CloudVision Corp (Commercial) reported: Performance slow. Severity: Medium.,Resolved by providing configuration change. Customer satisfaction: 2/5.,2
TICKET-00707,CUST-0111,CloudVision Corp,Commercial,Feature,Workflow improvement,Medium,2025-06-06,2025-06-09,87,CloudVision Corp (Commercial) reported: Workflow improvement. Severity: Medium.,Resolved by providing fix. Customer satisfaction: 1/5.,1
TICKET-00708,CUST-0112,MicroServe Systems,SMB,Training,How-to question,Medium,2026-04-15,2026-04-16,41,MicroServe Systems (SMB) reported: How-to question. Severity: Medium.,Resolved by providing feature update. Customer satisfaction: 5/5.,5
TICKET-00709,CUST-0112,MicroServe Systems,SMB,Technical,API error,High,2026-02-22,2026-02-23,36,MicroServe Systems (SMB) reported: API error. Severity: High. Impacting business operations.,Resolved by providing workaround. Customer satisfaction: 4/5.,4
TICKET-00710,CUST-0112,MicroServe Systems,SMB,Feature,Missing functionality,Medium,2026-01-23,2026-01-25,65,MicroServe Systems (SMB) reported: Missing functionality. Severity: Medium.,Resolved by providing documentation. Customer satisfaction: 4/5.,4
TICKET-00711,CUST-0113,IntegrationHQ Group,Commercial,Billing,Pricing clarification,Low,2026-04-02,2026-04-09,168,IntegrationHQ Group (Commercial) reported: Pricing clarification. Severity: Low.,Resolved by providing configuration change. Customer satisfaction: 5/5.,5
TICKET-00712,CUST-0114,LoadBalance Systems,Enterprise,Feature,Missing functionality,High,2024-09-13,2024-09-14,34,LoadBalance Systems (Enterprise) reported: Missing functionality. Severity: High. Impacting business operations.,Resolved by providing configuration change. Customer satisfaction: 2/5.,2
TICKET-00713,CUST-0114,LoadBalance Systems,Enterprise,Billing,Pricing clarification,High,2024-09-03,2024-09-04,34,LoadBalance Systems (Enterprise) reported: Pricing clarification. Severity: High. Impacting business operations.,Resolved by providing configuration change. Customer satisfaction: 1/5.,1
TICKET-00714,CUST-0114,LoadBalance Systems,Enterprise,Technical,Authentication failure,Critical,2024-05-14,2024-05-14,12,LoadBalance Systems (Enterprise) reported: Authentication failure. Severity: Critical. Impacting business operations.,Resolved by providing configuration change. Customer satisfaction: 1/5.,1
TICKET-00715,CUST-0114,LoadBalance Systems,Enterprise,Billing,Payment issue,High,2023-06-24,2023-06-24,16,LoadBalance Systems (Enterprise) reported: Payment issue. Severity: High. Impacting business operations.,Resolved by providing fix. Customer satisfaction: 1/5.,1
TICKET-00716,CUST-0114,LoadBalance Systems,Enterprise,Technical,Authentication failure,Critical,2024-07-04,2024-07-04,7,LoadBalance Systems (Enterprise) reported: Authentication failure. Severity: Critical. Impacting business operations.,Resolved by providing configuration change. Customer satisfaction: 1/5.,1
TICKET-00717,CUST-0114,LoadBalance Systems,Enterprise,Training,Documentation request,Critical,2024-12-08,2024-12-08,5,LoadBalance Systems (Enterprise) reported: Documentation request. Severity: Critical. Impacting business operations.,Resolved by providing configuration change. Customer satisfaction: 1/5.,1
TICKET-00718,CUST-0114,LoadBalance Systems,Enterprise,Training,Setup help,High,2023-12-04,2023-12-05,43,LoadBalance Systems (Enterprise) reported: Setup help. Severity: High. Impacting business operations.,Resolved by providing configuration change. Customer satisfaction: 3/5.,3
TICKET-00719,CUST-0114,LoadBalance Systems,Enterprise,Training,How-to question,High,2023-10-13,2023-10-13,15,LoadBalance Systems (Enterprise) reported: How-to question. Severity: High. Impacting business operations.,Resolved by providing fix. Customer satisfaction: 3/5.,3
TICKET-00720,CUST-0114,LoadBalance Systems,Enterprise,Technical,API error,High,2023-07-01,2023-07-02,26,LoadBalance Systems (Enterprise) reported: API error. Severity: High. Impacting business operations.,Resolved by providing workaround. Customer satisfaction: 2/5.,2
TICKET-00721,CUST-0114,LoadBalance Systems,Enterprise,Billing,Pricing clarification,Medium,2024-04-12,2024-04-13,24,LoadBalance Systems (Enterprise) reported: Pricing clarification. Severity: Medium.,Resolved by providing configuration change. Customer satisfaction: 2/5.,2
TICKET-00722,CUST-0114,LoadBalance Systems,Enterprise,Training,Setup help,Medium,2024-05-02,2024-05-04,60,LoadBalance Systems (Enterprise) reported: Setup help. Severity: Medium.,Resolved by providing documentation. Customer satisfaction: 2/5.,2
TICKET-00723,CUST-0114,LoadBalance Systems,Enterprise,Technical,Authentication failure,High,2023-11-12,2023-11-13,29,LoadBalance Systems (Enterprise) reported: Authentication failure. Severity: High. Impacting business operations.,Resolved by providing workaround. Customer satisfaction: 2/5.,2
TICKET-00724,CUST-0114,LoadBalance Systems,Enterprise,Feature,Missing functionality,Critical,2024-11-03,2024-11-03,2,LoadBalance Systems (Enterprise) reported: Missing functionality. Severity: Critical. Impacting business operations.,Resolved by providing workaround. Customer satisfaction: 1/5.,1
TICKET-00725,CUST-0114,LoadBalance Systems,Enterprise,Feature,Missing functionality,High,2023-07-12,2023-07-13,44,LoadBalance Systems (Enterprise) reported: Missing functionality. Severity: High. Impacting business operations.,Resolved by providing documentation. Customer satisfaction: 1/5.,1
TICKET-00726,CUST-0115,SecurityFirst LLC,SMB,Feature,Workflow improvement,Medium,2025-04-07,2025-04-08,28,SecurityFirst LLC (SMB) reported: Workflow improvement. Severity: Medium.,Resolved by providing workaround. Customer satisfaction: 3/5.,3
TICKET-00727,CUST-0115,SecurityFirst LLC,SMB,Billing,Pricing clarification,High,2026-03-23,2026-03-23,9,SecurityFirst LLC (SMB) reported: Pricing clarification. Severity: High. Impacting business operations.,Resolved by providing documentation. Customer satisfaction: 2/5.,2
TICKET-00728,CUST-0115,SecurityFirst LLC,SMB,Feature,Workflow improvement,Medium,2026-02-20,2026-02-20,20,SecurityFirst LLC (SMB) reported: Workflow improvement. Severity: Medium.,Resolved by providing configuration change. Customer satisfaction: 1/5.,1
TICKET-00729,CUST-0115,SecurityFirst LLC,SMB,Feature,Workflow improvement,Critical,2025-03-06,2025-03-06,4,SecurityFirst LLC (SMB) reported: Workflow improvement. Severity: Critical. Impacting business operations.,Resolved by providing feature update. Customer satisfaction: 3/5.,3
TICKET-00730,CUST-0115,SecurityFirst LLC,SMB,Training,How-to question,Critical,2026-05-30,2026-05-30,1,SecurityFirst LLC (SMB) reported: How-to question. Severity: Critical. Impacting business operations.,Resolved by providing fix. Customer satisfaction: 1/5.,1
TICKET-00731,CUST-0115,SecurityFirst LLC,SMB,Training,Setup help,Medium,2025-01-15,2025-01-18,92,SecurityFirst LLC (SMB) reported: Setup help. Severity: Medium.,Resolved by providing feature update. Customer satisfaction: 4/5.,4
TICKET-00732,CUST-0115,SecurityFirst LLC,SMB,Billing,Payment issue,Medium,2025-04-23,2025-04-25,57,SecurityFirst LLC (SMB) reported: Payment issue. Severity: Medium.,Resolved by providing documentation. Customer satisfaction: 3/5.,3
TICKET-00733,CUST-0115,SecurityFirst LLC,SMB,Technical,Performance slow,High,2026-03-08,2026-03-08,10,SecurityFirst LLC (SMB) reported: Performance slow. Severity: High. Impacting business operations.,Resolved by providing workaround. Customer satisfaction: 2/5.,2
TICKET-00734,CUST-0115,SecurityFirst LLC,SMB,Training,Documentation request,Medium,2025-09-06,2025-09-07,44,SecurityFirst LLC (SMB) reported: Documentation request. Severity: Medium.,Resolved by providing feature update. Customer satisfaction: 3/5.,3
TICKET-00735,CUST-0116,LogStream Corp,SMB,Billing,Pricing clarification,High,2023-07-19,2023-07-20,26,LogStream Corp (SMB) reported: Pricing clarification. Severity: High. Impacting business operations.,Resolved by providing fix. Customer satisfaction: 2/5.,2
TICKET-00736,CUST-0116,LogStream Corp,SMB,Technical,API error,Medium,2023-10-18,2023-10-19,39,LogStream Corp (SMB) reported: API error. Severity: Medium.,Resolved by providing workaround. Customer satisfaction: 1/5.,1
TICKET-00737,CUST-0116,LogStream Corp,SMB,Training,Documentation request,Low,2026-03-30,2026-04-02,94,LogStream Corp (SMB) reported: Documentation request. Severity: Low.,Resolved by providing workaround. Customer satisfaction: 3/5.,3
TICKET-00738,CUST-0116,LogStream Corp,SMB,Technical,Authentication failure,High,2024-10-26,2024-10-26,9,LogStream Corp (SMB) reported: Authentication failure. Severity: High. Impacting business operations.,Resolved by providing documentation. Customer satisfaction: 2/5.,2
TICKET-00739,CUST-0116,LogStream Corp,SMB,Feature,Missing functionality,High,2024-02-20,2024-02-21,31,LogStream Corp (SMB) reported: Missing functionality. Severity: High. Impacting business operations.,Resolved by providing fix. Customer satisfaction: 2/5.,2
TICKET-00740,CUST-0116,LogStream Corp,SMB,Technical,Integration issue,Low,2025-09-20,2025-09-26,148,LogStream Corp (SMB) reported: Integration issue. Severity: Low.,Resolved by providing configuration change. Customer satisfaction: 3/5.,3
TICKET-00741,CUST-0116,LogStream Corp,SMB,Training,Best practices,High,2024-12-27,2024-12-27,6,LogStream Corp (SMB) reported: Best practices. Severity: High. Impacting business operations.,Resolved by providing fix. Customer satisfaction: 1/5.,1
TICKET-00742,CUST-0116,LogStream Corp,SMB,Feature,Feature request,Medium,2024-06-05,2024-06-05,12,LogStream Corp (SMB) reported: Feature request. Severity: Medium.,Resolved by providing fix. Customer satisfaction: 3/5.,3
TICKET-00743,CUST-0116,LogStream Corp,SMB,Feature,Workflow improvement,High,2023-01-24,2023-01-25,28,LogStream Corp (SMB) reported: Workflow improvement. Severity: High. Impacting business operations.,Resolved by providing documentation. Customer satisfaction: 3/5.,3
TICKET-00744,CUST-0116,LogStream Corp,SMB,Training,Best practices,High,2023-01-12,2023-01-12,18,LogStream Corp (SMB) reported: Best practices. Severity: High. Impacting business operations.,Resolved by providing configuration change. Customer satisfaction: 2/5.,2
TICKET-00745,CUST-0117,DevTools Systems,SMB,Billing,Payment issue,Low,2026-04-03,2026-04-09,157,DevTools Systems (SMB) reported: Payment issue. Severity: Low.,Resolved by providing configuration change. Customer satisfaction: 5/5.,5
TICKET-00746,CUST-0117,DevTools Systems,SMB,Training,Setup help,Low,2026-04-21,2026-04-25,104,DevTools Systems (SMB) reported: Setup help. Severity: Low.,Resolved by providing documentation. Customer satisfaction: 3/5.,3
TICKET-00747,CUST-0117,DevTools Systems,SMB,Billing,Plan change request,Low,2026-04-03,2026-04-06,81,DevTools Systems (SMB) reported: Plan change request. Severity: Low.,Resolved by providing fix. Customer satisfaction: 3/5.,3
TICKET-00748,CUST-0117,DevTools Systems,SMB,Technical,Performance slow,Critical,2026-03-08,2026-03-08,2,DevTools Systems (SMB) reported: Performance slow. Severity: Critical. Impacting business operations.,Resolved by providing workaround. Customer satisfaction: 3/5.,3
TICKET-00749,CUST-0118,AIForge Solutions,Commercial,Billing,Invoice question,Medium,2025-04-06,2025-04-07,36,AIForge Solutions (Commercial) reported: Invoice question. Severity: Medium.,Resolved by providing fix. Customer satisfaction: 5/5.,5
TICKET-00750,CUST-0118,AIForge Solutions,Commercial,Technical,Integration issue,High,2025-10-06,2025-10-07,34,AIForge Solutions (Commercial) reported: Integration issue. Severity: High. Impacting business operations.,Resolved by providing feature update. Customer satisfaction: 5/5.,5
TICKET-00751,CUST-0118,AIForge Solutions,Commercial,Training,How-to question,Low,2025-03-21,2025-03-26,120,AIForge Solutions (Commercial) reported: How-to question. Severity: Low.,Resolved by providing feature update. Customer satisfaction: 4/5.,4
TICKET-00752,CUST-0119,LogStream Inc,Enterprise,Billing,Plan change request,Medium,2025-10-06,2025-10-09,94,LogStream Inc (Enterprise) reported: Plan change request. Severity: Medium.,Resolved by providing fix. Customer satisfaction: 4/5.,4
TICKET-00753,CUST-0119,LogStream Inc,Enterprise,Technical,Integration issue,Medium,2026-05-18,2026-05-21,74,LogStream Inc (Enterprise) reported: Integration issue. Severity: Medium.,Resolved by providing fix. Customer satisfaction: 4/5.,4
TICKET-00754,CUST-0119,LogStream Inc,Enterprise,Technical,Integration issue,High,2025-01-25,2025-01-26,40,LogStream Inc (Enterprise) reported: Integration issue. Severity: High. Impacting business operations.,Resolved by providing documentation. Customer satisfaction: 4/5.,4
TICKET-00755,CUST-0120,QueueManager Group,SMB,Technical,Data sync problem,Medium,2025-11-02,2025-11-05,74,QueueManager Group (SMB) reported: Data sync problem. Severity: Medium.,Resolved by providing feature update. Customer satisfaction: 4/5.,4
TICKET-00756,CUST-0120,QueueManager Group,SMB,Technical,Integration issue,Low,2024-11-19,2024-11-25,154,QueueManager Group (SMB) reported: Integration issue. Severity: Low.,Resolved by providing fix. Customer satisfaction: 3/5.,3
TICKET-00757,CUST-0121,AnalyticsCo Group,SMB,Technical,Data sync problem,High,2026-02-11,2026-02-12,46,AnalyticsCo Group (SMB) reported: Data sync problem. Severity: High. Impacting business operations.,Resolved by providing configuration change. Customer satisfaction: 4/5.,4
TICKET-00758,CUST-0121,AnalyticsCo Group,SMB,Technical,Integration issue,High,2026-06-10,2026-06-11,36,AnalyticsCo Group (SMB) reported: Integration issue. Severity: High. Impacting business operations.,Resolved by providing fix. Customer satisfaction: 5/5.,5
TICKET-00759,CUST-0121,AnalyticsCo Group,SMB,Technical,Performance slow,Critical,2026-02-06,2026-02-06,12,AnalyticsCo Group (SMB) reported: Performance slow. Severity: Critical. Impacting business operations.,Resolved by providing fix. Customer satisfaction: 5/5.,5
TICKET-00760,CUST-0121,AnalyticsCo Group,SMB,Training,Best practices,High,2026-05-18,2026-05-18,13,AnalyticsCo Group (SMB) reported: Best practices. Severity: High. Impacting business operations.,Resolved by providing configuration change. Customer satisfaction: 5/5.,5
TICKET-00761,CUST-0122,DevOpsHub Corp,SMB,Technical,Data sync problem,Critical,2024-11-02,2024-11-02,8,DevOpsHub Corp (SMB) reported: Data sync problem. Severity: Critical. Impacting business operations.,Resolved by providing feature update. Customer satisfaction: 3/5.,3
TICKET-00762,CUST-0122,DevOpsHub Corp,SMB,Technical,Integration issue,High,2024-05-26,2024-05-26,12,DevOpsHub Corp (SMB) reported: Integration issue. Severity: High. Impacting business operations.,Resolved by providing configuration change. Customer satisfaction: 4/5.,4
TICKET-00763,CUST-0122,DevOpsHub Corp,SMB,Training,How-to question,Medium,2026-01-22,2026-01-24,65,DevOpsHub Corp (SMB) reported: How-to question. Severity: Medium.,Resolved by providing configuration change. Customer satisfaction: 4/5.,4
TICKET-00764,CUST-0122,DevOpsHub Corp,SMB,Technical,API error,Medium,2026-03-24,2026-03-25,25,DevOpsHub Corp (SMB) reported: API error. Severity: Medium.,Resolved by providing workaround. Customer satisfaction: 3/5.,3
TICKET-00765,CUST-0123,CloudScale LLC,Commercial,Training,Best practices,Low,2026-02-28,2026-03-01,44,CloudScale LLC (Commercial) reported: Best practices. Severity: Low.,Resolved by providing documentation. Customer satisfaction: 5/5.,5
TICKET-00766,CUST-0123,CloudScale LLC,Commercial,Training,Documentation request,Low,2024-04-05,2024-04-10,136,CloudScale LLC (Commercial) reported: Documentation request. Severity: Low.,Resolved by providing configuration change. Customer satisfaction: 4/5.,4
TICKET-00767,CUST-0123,CloudScale LLC,Commercial,Billing,Payment issue,Low,2024-10-06,2024-10-11,132,CloudScale LLC (Commercial) reported: Payment issue. Severity: Low.,Resolved by providing documentation. Customer satisfaction: 3/5.,3
TICKET-00768,CUST-0123,CloudScale LLC,Commercial,Feature,UI/UX feedback,Medium,2024-12-28,2024-12-31,83,CloudScale LLC (Commercial) reported: UI/UX feedback. Severity: Medium.,Resolved by providing documentation. Customer satisfaction: 4/5.,4
TICKET-00769,CUST-0124,BackupCloud Labs,SMB,Training,Documentation request,Low,2026-06-05,2026-06-11,163,BackupCloud Labs (SMB) reported: Documentation request. Severity: Low.,Resolved by providing feature update. Customer satisfaction: 2/5.,2
TICKET-00770,CUST-0124,BackupCloud Labs,SMB,Feature,Workflow improvement,Medium,2025-01-12,2025-01-13,26,BackupCloud Labs (SMB) reported: Workflow improvement. Severity: Medium.,Resolved by providing documentation. Customer satisfaction: 4/5.,4
TICKET-00771,CUST-0124,BackupCloud Labs,SMB,Billing,Invoice question,Medium,2026-02-06,2026-02-08,51,BackupCloud Labs (SMB) reported: Invoice question. Severity: Medium.,Resolved by providing fix. Customer satisfaction: 2/5.,2
TICKET-00772,CUST-0124,BackupCloud Labs,SMB,Training,How-to question,Critical,2026-06-08,2026-06-08,9,BackupCloud Labs (SMB) reported: How-to question. Severity: Critical. Impacting business operations.,Resolved by providing workaround. Customer satisfaction: 2/5.,2
TICKET-00773,CUST-0124,BackupCloud Labs,SMB,Feature,Missing functionality,High,2025-08-21,2025-08-21,15,BackupCloud Labs (SMB) reported: Missing functionality. Severity: High. Impacting business operations.,Resolved by providing configuration change. Customer satisfaction: 2/5.,2
TICKET-00774,CUST-0124,BackupCloud Labs,SMB,Feature,Workflow improvement,High,2025-04-08,2025-04-09,33,BackupCloud Labs (SMB) reported: Workflow improvement. Severity: High. Impacting business operations.,Resolved by providing configuration change. Customer satisfaction: 3/5.,3
TICKET-00775,CUST-0124,BackupCloud Labs,SMB,Training,Best practices,Medium,2025-07-14,2025-07-14,16,BackupCloud Labs (SMB) reported: Best practices. Severity: Medium.,Resolved by providing documentation. Customer satisfaction: 2/5.,2
TICKET-00776,CUST-0125,DevTools Labs,SMB,Technical,Performance slow,Medium,2026-01-28,2026-01-31,80,DevTools Labs (SMB) reported: Performance slow. Severity: Medium.,Resolved by providing feature update. Customer satisfaction: 4/5.,4
TICKET-00777,CUST-0125,DevTools Labs,SMB,Technical,Integration issue,Critical,2025-11-20,2025-11-20,10,DevTools Labs (SMB) reported: Integration issue. Severity: Critical. Impacting business operations.,Resolved by providing workaround. Customer satisfaction: 5/5.,5
TICKET-00778,CUST-0125,DevTools Labs,SMB,Training,Setup help,Medium,2026-06-20,2026-06-22,64,DevTools Labs (SMB) reported: Setup help. Severity: Medium.,Resolved by providing documentation. Customer satisfaction: 2/5.,2
TICKET-00779,CUST-0125,DevTools Labs,SMB,Billing,Invoice question,Critical,2026-03-25,2026-03-25,2,DevTools Labs (SMB) reported: Invoice question. Severity: Critical. Impacting business operations.,Resolved by providing fix. Customer satisfaction: 3/5.,3
TICKET-00780,CUST-0125,DevTools Labs,SMB,Feature,Workflow improvement,Critical,2026-04-22,2026-04-22,8,DevTools Labs (SMB) reported: Workflow improvement. Severity: Critical. Impacting business operations.,Resolved by providing fix. Customer satisfaction: 2/5.,2
TICKET-00781,CUST-0125,DevTools Labs,SMB,Training,Best practices,Low,2026-02-19,2026-02-22,72,DevTools Labs (SMB) reported: Best practices. Severity: Low.,Resolved by providing configuration change. Customer satisfaction: 4/5.,4
TICKET-00782,CUST-0126,LogStream Systems,Commercial,Billing,Payment issue,Critical,2023-12-23,2023-12-23,8,LogStream Systems (Commercial) reported: Payment issue. Severity: Critical. Impacting business operations.,Resolved by providing fix. Customer satisfaction: 1/5.,1
TICKET-00783,CUST-0126,LogStream Systems,Commercial,Feature,UI/UX feedback,Medium,2023-07-11,2023-07-14,85,LogStream Systems (Commercial) reported: UI/UX feedback. Severity: Medium.,Resolved by providing fix. Customer satisfaction: 1/5.,1
TICKET-00784,CUST-0126,LogStream Systems,Commercial,Billing,Payment issue,Low,2023-07-03,2023-07-06,77,LogStream Systems (Commercial) reported: Payment issue. Severity: Low.,Resolved by providing feature update. Customer satisfaction: 1/5.,1
TICKET-00785,CUST-0126,LogStream Systems,Commercial,Training,Documentation request,Medium,2025-01-05,2025-01-06,27,LogStream Systems (Commercial) reported: Documentation request. Severity: Medium.,Resolved by providing fix. Customer satisfaction: 2/5.,2
TICKET-00786,CUST-0126,LogStream Systems,Commercial,Technical,API error,Medium,2024-07-06,2024-07-06,19,LogStream Systems (Commercial) reported: API error. Severity: Medium.,Resolved by providing documentation. Customer satisfaction: 2/5.,2
TICKET-00787,CUST-0126,LogStream Systems,Commercial,Billing,Plan change request,High,2025-05-08,2025-05-08,4,LogStream Systems (Commercial) reported: Plan change request. Severity: High. Impacting business operations.,Resolved by providing documentation. Customer satisfaction: 2/5.,2
TICKET-00788,CUST-0126,LogStream Systems,Commercial,Billing,Payment issue,Critical,2025-05-02,2025-05-02,1,LogStream Systems (Commercial) reported: Payment issue. Severity: Critical. Impacting business operations.,Resolved by providing feature update. Customer satisfaction: 1/5.,1
TICKET-00789,CUST-0126,LogStream Systems,Commercial,Feature,Workflow improvement,High,2023-06-03,2023-06-04,40,LogStream Systems (Commercial) reported: Workflow improvement. Severity: High. Impacting business operations.,Resolved by providing configuration change. Customer satisfaction: 1/5.,1
TICKET-00790,CUST-0126,LogStream Systems,Commercial,Billing,Pricing clarification,Low,2024-06-14,2024-06-20,166,LogStream Systems (Commercial) reported: Pricing clarification. Severity: Low.,Resolved by providing fix. Customer satisfaction: 1/5.,1
TICKET-00791,CUST-0126,LogStream Systems,Commercial,Training,Documentation request,Critical,2024-10-19,2024-10-19,11,LogStream Systems (Commercial) reported: Documentation request. Severity: Critical. Impacting business operations.,Resolved by providing configuration change. Customer satisfaction: 1/5.,1
TICKET-00792,CUST-0127,MetricsDash Labs,Enterprise,Training,Best practices,High,2024-01-29,2024-01-29,14,MetricsDash Labs (Enterprise) reported: Best practices. Severity: High. Impacting business operations.,Resolved by providing feature update. Customer satisfaction: 5/5.,5
TICKET-00793,CUST-0128,DevTools Technologies,Commercial,Technical,Performance slow,Low,2025-08-22,2025-08-27,137,DevTools Technologies (Commercial) reported: Performance slow. Severity: Low.,Resolved by providing workaround. Customer satisfaction: 4/5.,4
TICKET-00794,CUST-0128,DevTools Technologies,Commercial,Feature,Feature request,High,2025-12-17,2025-12-17,7,DevTools Technologies (Commercial) reported: Feature request. Severity: High. Impacting business operations.,Resolved by providing configuration change. Customer satisfaction: 4/5.,4
TICKET-00795,CUST-0128,DevTools Technologies,Commercial,Technical,Data sync problem,Low,2026-03-07,2026-03-09,65,DevTools Technologies (Commercial) reported: Data sync problem. Severity: Low.,Resolved by providing configuration change. Customer satisfaction: 3/5.,3
TICKET-00796,CUST-0128,DevTools Technologies,Commercial,Feature,Missing functionality,Low,2026-02-28,2026-03-06,144,DevTools Technologies (Commercial) reported: Missing functionality. Severity: Low.,Resolved by providing documentation. Customer satisfaction: 4/5.,4
TICKET-00797,CUST-0129,SecureNet Labs,SMB,Technical,Data sync problem,Medium,2026-04-28,2026-04-30,57,SecureNet Labs (SMB) reported: Data sync problem. Severity: Medium.,Resolved by providing workaround. Customer satisfaction: 3/5.,3
TICKET-00798,CUST-0129,SecureNet Labs,SMB,Training,Setup help,Critical,2026-02-06,2026-02-06,3,SecureNet Labs (SMB) reported: Setup help. Severity: Critical. Impacting business operations.,Resolved by providing feature update. Customer satisfaction: 4/5.,4
TICKET-00799,CUST-0129,SecureNet Labs,SMB,Feature,UI/UX feedback,Critical,2026-06-20,2026-06-20,12,SecureNet Labs (SMB) reported: UI/UX feedback. Severity: Critical. Impacting business operations.,Resolved by providing workaround. Customer satisfaction: 3/5.,3
TICKET-00800,CUST-0129,SecureNet Labs,SMB,Billing,Invoice question,Medium,2026-03-25,2026-03-27,53,SecureNet Labs (SMB) reported: Invoice question. Severity: Medium.,Resolved by providing feature update. Customer satisfaction: 4/5.,4
TICKET-00801,CUST-0129,SecureNet Labs,SMB,Technical,Data sync problem,High,2026-01-15,2026-01-16,29,SecureNet Labs (SMB) reported: Data sync problem. Severity: High. Impacting business operations.,Resolved by providing feature update. Customer satisfaction: 3/5.,3
TICKET-00802,CUST-0129,SecureNet Labs,SMB,Training,Best practices,Medium,2026-05-17,2026-05-17,21,SecureNet Labs (SMB) reported: Best practices. Severity: Medium.,Resolved by providing fix. Customer satisfaction: 3/5.,3
TICKET-00803,CUST-0130,QueueManager Systems,SMB,Billing,Pricing clarification,Critical,2024-02-24,2024-02-24,10,QueueManager Systems (SMB) reported: Pricing clarification. Severity: Critical. Impacting business operations.,Resolved by providing workaround. Customer satisfaction: 3/5.,3
TICKET-00804,CUST-0130,QueueManager Systems,SMB,Training,Best practices,Low,2026-02-20,2026-02-26,160,QueueManager Systems (SMB) reported: Best practices. Severity: Low.,Resolved by providing configuration change. Customer satisfaction: 2/5.,2
TICKET-00805,CUST-0130,QueueManager Systems,SMB,Feature,Missing functionality,Critical,2024-04-28,2024-04-28,7,QueueManager Systems (SMB) reported: Missing functionality. Severity: Critical. Impacting business operations.,Resolved by providing documentation. Customer satisfaction: 4/5.,4
TICKET-00806,CUST-0130,QueueManager Systems,SMB,Technical,API error,High,2023-03-31,2023-03-31,6,QueueManager Systems (SMB) reported: API error. Severity: High. Impacting business operations.,Resolved by providing workaround. Customer satisfaction: 4/5.,4
TICKET-00807,CUST-0130,QueueManager Systems,SMB,Billing,Plan change request,Medium,2026-04-24,2026-04-25,35,QueueManager Systems (SMB) reported: Plan change request. Severity: Medium.,Resolved by providing feature update. Customer satisfaction: 1/5.,1
TICKET-00808,CUST-0130,QueueManager Systems,SMB,Feature,Feature request,Medium,2026-06-05,2026-06-06,34,QueueManager Systems (SMB) reported: Feature request. Severity: Medium.,Resolved by providing configuration change. Customer satisfaction: 1/5.,1
TICKET-00809,CUST-0130,QueueManager Systems,SMB,Billing,Payment issue,High,2023-06-07,2023-06-07,9,QueueManager Systems (SMB) reported: Payment issue. Severity: High. Impacting business operations.,Resolved by providing documentation. Customer satisfaction: 5/5.,5
TICKET-00810,CUST-0130,QueueManager Systems,SMB,Billing,Plan change request,High,2026-02-03,2026-02-04,43,QueueManager Systems (SMB) reported: Plan change request. Severity: High. Impacting business operations.,Resolved by providing fix. Customer satisfaction: 2/5.,2
TICKET-00811,CUST-0131,ComplianceHub Technologies,SMB,Training,Documentation request,Critical,2024-01-10,2024-01-10,2,ComplianceHub Technologies (SMB) reported: Documentation request. Severity: Critical. Impacting business operations.,Resolved by providing feature update. Customer satisfaction: 2/5.,2
TICKET-00812,CUST-0131,ComplianceHub Technologies,SMB,Billing,Plan change request,High,2024-02-10,2024-02-11,35,ComplianceHub Technologies (SMB) reported: Plan change request. Severity: High. Impacting business operations.,Resolved by providing feature update. Customer satisfaction: 1/5.,1
TICKET-00813,CUST-0131,ComplianceHub Technologies,SMB,Billing,Pricing clarification,Medium,2022-11-04,2022-11-07,75,ComplianceHub Technologies (SMB) reported: Pricing clarification. Severity: Medium.,Resolved by providing workaround. Customer satisfaction: 2/5.,2
TICKET-00814,CUST-0131,ComplianceHub Technologies,SMB,Billing,Payment issue,Medium,2025-03-05,2025-03-06,37,ComplianceHub Technologies (SMB) reported: Payment issue. Severity: Medium.,Resolved by providing feature update. Customer satisfaction: 2/5.,2
TICKET-00815,CUST-0131,ComplianceHub Technologies,SMB,Technical,Authentication failure,Low,2023-01-29,2023-01-30,45,ComplianceHub Technologies (SMB) reported: Authentication failure. Severity: Low.,Resolved by providing workaround. Customer satisfaction: 2/5.,2
TICKET-00816,CUST-0131,ComplianceHub Technologies,SMB,Technical,API error,High,2024-04-02,2024-04-02,7,ComplianceHub Technologies (SMB) reported: API error. Severity: High. Impacting business operations.,Resolved by providing fix. Customer satisfaction: 1/5.,1
TICKET-00817,CUST-0131,ComplianceHub Technologies,SMB,Billing,Plan change request,Critical,2023-06-07,2023-06-07,8,ComplianceHub Technologies (SMB) reported: Plan change request. Severity: Critical. Impacting business operations.,Resolved by providing documentation. Customer satisfaction: 1/5.,1
TICKET-00818,CUST-0131,ComplianceHub Technologies,SMB,Technical,Authentication failure,High,2024-12-10,2024-12-11,24,ComplianceHub Technologies (SMB) reported: Authentication failure. Severity: High. Impacting business operations.,Resolved by providing fix. Customer satisfaction: 1/5.,1
TICKET-00819,CUST-0131,ComplianceHub Technologies,SMB,Training,Documentation request,Medium,2023-01-06,2023-01-09,85,ComplianceHub Technologies (SMB) reported: Documentation request. Severity: Medium.,Resolved by providing fix. Customer satisfaction: 2/5.,2
TICKET-00820,CUST-0132,StreamPro Inc,Commercial,Technical,Authentication failure,Low,2024-01-04,2024-01-08,109,StreamPro Inc (Commercial) reported: Authentication failure. Severity: Low.,Resolved by providing documentation. Customer satisfaction: 3/5.,3
TICKET-00821,CUST-0132,StreamPro Inc,Commercial,Billing,Payment issue,Low,2024-07-19,2024-07-22,81,StreamPro Inc (Commercial) reported: Payment issue. Severity: Low.,Resolved by providing configuration change. Customer satisfaction: 4/5.,4
TICKET-00822,CUST-0132,StreamPro Inc,Commercial,Feature,UI/UX feedback,Medium,2024-04-23,2024-04-24,38,StreamPro Inc (Commercial) reported: UI/UX feedback. Severity: Medium.,Resolved by providing documentation. Customer satisfaction: 4/5.,4
TICKET-00823,CUST-0132,StreamPro Inc,Commercial,Training,Best practices,High,2026-06-13,2026-06-13,17,StreamPro Inc (Commercial) reported: Best practices. Severity: High. Impacting business operations.,Resolved by providing fix. Customer satisfaction: 4/5.,4
TICKET-00824,CUST-0132,StreamPro Inc,Commercial,Training,Setup help,High,2025-11-08,2025-11-09,35,StreamPro Inc (Commercial) reported: Setup help. Severity: High. Impacting business operations.,Resolved by providing configuration change. Customer satisfaction: 4/5.,4
TICKET-00825,CUST-0133,ComplianceHub Systems,SMB,Training,Setup help,High,2025-12-13,2025-12-14,44,ComplianceHub Systems (SMB) reported: Setup help. Severity: High. Impacting business operations.,Resolved by providing documentation. Customer satisfaction: 3/5.,3
TICKET-00826,CUST-0133,ComplianceHub Systems,SMB,Billing,Invoice question,Medium,2026-02-12,2026-02-13,33,ComplianceHub Systems (SMB) reported: Invoice question. Severity: Medium.,Resolved by providing feature update. Customer satisfaction: 2/5.,2
TICKET-00827,CUST-0133,ComplianceHub Systems,SMB,Feature,UI/UX feedback,Low,2026-02-01,2026-02-07,145,ComplianceHub Systems (SMB) reported: UI/UX feedback. Severity: Low.,Resolved by providing workaround. Customer satisfaction: 3/5.,3
TICKET-00828,CUST-0133,ComplianceHub Systems,SMB,Billing,Pricing clarification,Critical,2026-02-20,2026-02-20,8,ComplianceHub Systems (SMB) reported: Pricing clarification. Severity: Critical. Impacting business operations.,Resolved by providing feature update. Customer satisfaction: 3/5.,3
TICKET-00829,CUST-0133,ComplianceHub Systems,SMB,Technical,Integration issue,Low,2026-03-29,2026-04-04,154,ComplianceHub Systems (SMB) reported: Integration issue. Severity: Low.,Resolved by providing fix. Customer satisfaction: 2/5.,2
TICKET-00830,CUST-0133,ComplianceHub Systems,SMB,Feature,Missing functionality,Critical,2025-12-02,2025-12-02,12,ComplianceHub Systems (SMB) reported: Missing functionality. Severity: Critical. Impacting business operations.,Resolved by providing configuration change. Customer satisfaction: 5/5.,5
TICKET-00831,CUST-0133,ComplianceHub Systems,SMB,Feature,Feature request,Medium,2025-12-07,2025-12-10,80,ComplianceHub Systems (SMB) reported: Feature request. Severity: Medium.,Resolved by providing feature update. Customer satisfaction: 3/5.,3
TICKET-00832,CUST-0133,ComplianceHub Systems,SMB,Billing,Pricing clarification,Medium,2025-12-04,2025-12-07,82,ComplianceHub Systems (SMB) reported: Pricing clarification. Severity: Medium.,Resolved by providing feature update. Customer satisfaction: 3/5.,3
TICKET-00833,CUST-0133,ComplianceHub Systems,SMB,Training,Documentation request,Medium,2026-03-22,2026-03-24,50,ComplianceHub Systems (SMB) reported: Documentation request. Severity: Medium.,Resolved by providing fix. Customer satisfaction: 4/5.,4
TICKET-00834,CUST-0134,WorkflowPro LLC,Enterprise,Training,Best practices,Critical,2025-12-08,2025-12-08,8,WorkflowPro LLC (Enterprise) reported: Best practices. Severity: Critical. Impacting business operations.,Resolved by providing fix. Customer satisfaction: 3/5.,3
TICKET-00835,CUST-0134,WorkflowPro LLC,Enterprise,Feature,UI/UX feedback,High,2025-12-21,2025-12-22,38,WorkflowPro LLC (Enterprise) reported: UI/UX feedback. Severity: High. Impacting business operations.,Resolved by providing feature update. Customer satisfaction: 4/5.,4
TICKET-00836,CUST-0134,WorkflowPro LLC,Enterprise,Feature,UI/UX feedback,Medium,2025-10-28,2025-10-31,91,WorkflowPro LLC (Enterprise) reported: UI/UX feedback. Severity: Medium.,Resolved by providing workaround. Customer satisfaction: 4/5.,4
TICKET-00837,CUST-0134,WorkflowPro LLC,Enterprise,Billing,Invoice question,Low,2025-10-16,2025-10-22,148,WorkflowPro LLC (Enterprise) reported: Invoice question. Severity: Low.,Resolved by providing feature update. Customer satisfaction: 3/5.,3
TICKET-00838,CUST-0134,WorkflowPro LLC,Enterprise,Technical,API error,Critical,2025-11-21,2025-11-21,5,WorkflowPro LLC (Enterprise) reported: API error. Severity: Critical. Impacting business operations.,Resolved by providing feature update. Customer satisfaction: 3/5.,3
TICKET-00839,CUST-0134,WorkflowPro LLC,Enterprise,Training,How-to question,High,2025-12-13,2025-12-14,26,WorkflowPro LLC (Enterprise) reported: How-to question. Severity: High. Impacting business operations.,Resolved by providing fix. Customer satisfaction: 2/5.,2
TICKET-00840,CUST-0134,WorkflowPro LLC,Enterprise,Billing,Invoice question,Critical,2025-12-30,2025-12-30,10,WorkflowPro LLC (Enterprise) reported: Invoice question. Severity: Critical. Impacting business operations.,Resolved by providing documentation. Customer satisfaction: 3/5.,3
TICKET-00841,CUST-0135,CloudScale Labs,SMB,Feature,Workflow improvement,Critical,2026-01-03,2026-01-03,3,CloudScale Labs (SMB) reported: Workflow improvement. Severity: Critical. Impacting business operations.,Resolved by providing feature update. Customer satisfaction: 5/5.,5
TICKET-00842,CUST-0136,DisasterRecovery LLC,Commercial,Billing,Plan change request,Low,2024-10-14,2024-10-19,137,DisasterRecovery LLC (Commercial) reported: Plan change request. Severity: Low.,Resolved by providing configuration change. Customer satisfaction: 2/5.,2
TICKET-00843,CUST-0136,DisasterRecovery LLC,Commercial,Technical,API error,High,2026-04-03,2026-04-03,10,DisasterRecovery LLC (Commercial) reported: API error. Severity: High. Impacting business operations.,Resolved by providing documentation. Customer satisfaction: 2/5.,2
TICKET-00844,CUST-0136,DisasterRecovery LLC,Commercial,Technical,API error,Low,2024-12-19,2024-12-24,123,DisasterRecovery LLC (Commercial) reported: API error. Severity: Low.,Resolved by providing fix. Customer satisfaction: 4/5.,4
TICKET-00845,CUST-0136,DisasterRecovery LLC,Commercial,Feature,Feature request,Low,2024-11-25,2024-11-26,45,DisasterRecovery LLC (Commercial) reported: Feature request. Severity: Low.,Resolved by providing documentation. Customer satisfaction: 3/5.,3
TICKET-00846,CUST-0136,DisasterRecovery LLC,Commercial,Feature,Workflow improvement,Critical,2025-04-13,2025-04-13,3,DisasterRecovery LLC (Commercial) reported: Workflow improvement. Severity: Critical. Impacting business operations.,Resolved by providing feature update. Customer satisfaction: 3/5.,3
TICKET-00847,CUST-0136,DisasterRecovery LLC,Commercial,Technical,Data sync problem,Low,2025-07-19,2025-07-23,102,DisasterRecovery LLC (Commercial) reported: Data sync problem. Severity: Low.,Resolved by providing documentation. Customer satisfaction: 3/5.,3
TICKET-00848,CUST-0136,DisasterRecovery LLC,Commercial,Billing,Invoice question,High,2025-12-12,2025-12-13,25,DisasterRecovery LLC (Commercial) reported: Invoice question. Severity: High. Impacting business operations.,Resolved by providing feature update. Customer satisfaction: 3/5.,3
TICKET-00849,CUST-0136,DisasterRecovery LLC,Commercial,Feature,Workflow improvement,Medium,2026-03-18,2026-03-19,25,DisasterRecovery LLC (Commercial) reported: Workflow improvement. Severity: Medium.,Resolved by providing documentation. Customer satisfaction: 3/5.,3
TICKET-00850,CUST-0136,DisasterRecovery LLC,Commercial,Training,Documentation request,Low,2025-06-10,2025-06-16,148,DisasterRecovery LLC (Commercial) reported: Documentation request. Severity: Low.,Resolved by providing documentation. Customer satisfaction: 3/5.,3
TICKET-00851,CUST-0137,DisasterRecovery Corp,Commercial,Technical,Data sync problem,Low,2024-08-13,2024-08-18,121,DisasterRecovery Corp (Commercial) reported: Data sync problem. Severity: Low.,Resolved by providing workaround. Customer satisfaction: 1/5.,1
TICKET-00852,CUST-0137,DisasterRecovery Corp,Commercial,Feature,Feature request,Low,2022-12-13,2022-12-17,109,DisasterRecovery Corp (Commercial) reported: Feature request. Severity: Low.,Resolved by providing workaround. Customer satisfaction: 3/5.,3
TICKET-00853,CUST-0137,DisasterRecovery Corp,Commercial,Feature,Workflow improvement,High,2024-05-02,2024-05-03,30,DisasterRecovery Corp (Commercial) reported: Workflow improvement. Severity: High. Impacting business operations.,Resolved by providing configuration change. Customer satisfaction: 1/5.,1
TICKET-00854,CUST-0137,DisasterRecovery Corp,Commercial,Billing,Payment issue,Critical,2023-06-28,2023-06-28,6,DisasterRecovery Corp (Commercial) reported: Payment issue. Severity: Critical. Impacting business operations.,Resolved by providing documentation. Customer satisfaction: 2/5.,2
TICKET-00855,CUST-0137,DisasterRecovery Corp,Commercial,Billing,Payment issue,High,2023-02-15,2023-02-16,33,DisasterRecovery Corp (Commercial) reported: Payment issue. Severity: High. Impacting business operations.,Resolved by providing configuration change. Customer satisfaction: 3/5.,3
TICKET-00856,CUST-0137,DisasterRecovery Corp,Commercial,Billing,Plan change request,Medium,2024-05-12,2024-05-13,40,DisasterRecovery Corp (Commercial) reported: Plan change request. Severity: Medium.,Resolved by providing documentation. Customer satisfaction: 2/5.,2
TICKET-00857,CUST-0137,DisasterRecovery Corp,Commercial,Training,Documentation request,Medium,2024-04-12,2024-04-15,85,DisasterRecovery Corp (Commercial) reported: Documentation request. Severity: Medium.,Resolved by providing documentation. Customer satisfaction: 3/5.,3
TICKET-00858,CUST-0137,DisasterRecovery Corp,Commercial,Technical,Performance slow,Critical,2023-07-31,2023-07-31,4,DisasterRecovery Corp (Commercial) reported: Performance slow. Severity: Critical. Impacting business operations.,Resolved by providing documentation. Customer satisfaction: 1/5.,1
TICKET-00859,CUST-0138,DevOpsHub Group,SMB,Technical,Integration issue,Low,2026-02-28,2026-03-02,62,DevOpsHub Group (SMB) reported: Integration issue. Severity: Low.,Resolved by providing fix. Customer satisfaction: 5/5.,5
TICKET-00860,CUST-0139,CloudVision Systems,SMB,Training,Best practices,Low,2025-11-15,2025-11-18,90,CloudVision Systems (SMB) reported: Best practices. Severity: Low.,Resolved by providing configuration change. Customer satisfaction: 2/5.,2
TICKET-00861,CUST-0139,CloudVision Systems,SMB,Training,How-to question,High,2025-12-27,2025-12-28,32,CloudVision Systems (SMB) reported: How-to question. Severity: High. Impacting business operations.,Resolved by providing documentation. Customer satisfaction: 3/5.,3
TICKET-00862,CUST-0139,CloudVision Systems,SMB,Technical,API error,High,2025-12-25,2025-12-26,46,CloudVision Systems (SMB) reported: API error. Severity: High. Impacting business operations.,Resolved by providing feature update. Customer satisfaction: 3/5.,3
TICKET-00863,CUST-0139,CloudVision Systems,SMB,Feature,Missing functionality,Critical,2026-01-02,2026-01-02,6,CloudVision Systems (SMB) reported: Missing functionality. Severity: Critical. Impacting business operations.,Resolved by providing documentation. Customer satisfaction: 2/5.,2
TICKET-00864,CUST-0139,CloudVision Systems,SMB,Training,Setup help,Critical,2025-12-06,2025-12-06,9,CloudVision Systems (SMB) reported: Setup help. Severity: Critical. Impacting business operations.,Resolved by providing fix. Customer satisfaction: 3/5.,3
TICKET-00865,CUST-0139,CloudVision Systems,SMB,Training,Documentation request,Medium,2026-03-08,2026-03-11,77,CloudVision Systems (SMB) reported: Documentation request. Severity: Medium.,Resolved by providing documentation. Customer satisfaction: 3/5.,3
TICKET-00866,CUST-0139,CloudVision Systems,SMB,Feature,Missing functionality,High,2025-12-21,2025-12-22,39,CloudVision Systems (SMB) reported: Missing functionality. Severity: High. Impacting business operations.,Resolved by providing feature update. Customer satisfaction: 2/5.,2
TICKET-00867,CUST-0140,ContainerOps Inc,Commercial,Billing,Invoice question,Critical,2025-08-13,2025-08-13,1,ContainerOps Inc (Commercial) reported: Invoice question. Severity: Critical. Impacting business operations.,Resolved by providing configuration change. Customer satisfaction: 3/5.,3
TICKET-00868,CUST-0140,ContainerOps Inc,Commercial,Technical,Authentication failure,Medium,2024-06-02,2024-06-03,34,ContainerOps Inc (Commercial) reported: Authentication failure. Severity: Medium.,Resolved by providing fix. Customer satisfaction: 3/5.,3
TICKET-00869,CUST-0140,ContainerOps Inc,Commercial,Feature,Workflow improvement,Low,2024-05-31,2024-06-04,96,ContainerOps Inc (Commercial) reported: Workflow improvement. Severity: Low.,Resolved by providing documentation. Customer satisfaction: 3/5.,3
TICKET-00870,CUST-0140,ContainerOps Inc,Commercial,Training,How-to question,Medium,2025-06-25,2025-06-26,45,ContainerOps Inc (Commercial) reported: How-to question. Severity: Medium.,Resolved by providing fix. Customer satisfaction: 2/5.,2
TICKET-00871,CUST-0140,ContainerOps Inc,Commercial,Billing,Invoice question,High,2024-09-06,2024-09-06,5,ContainerOps Inc (Commercial) reported: Invoice question. Severity: High. Impacting business operations.,Resolved by providing feature update. Customer satisfaction: 3/5.,3
TICKET-00872,CUST-0140,ContainerOps Inc,Commercial,Training,Best practices,Critical,2025-02-16,2025-02-16,8,ContainerOps Inc (Commercial) reported: Best practices. Severity: Critical. Impacting business operations.,Resolved by providing documentation. Customer satisfaction: 2/5.,2
TICKET-00873,CUST-0140,ContainerOps Inc,Commercial,Training,Best practices,Critical,2024-01-26,2024-01-26,11,ContainerOps Inc (Commercial) reported: Best practices. Severity: Critical. Impacting business operations.,Resolved by providing documentation. Customer satisfaction: 4/5.,4
TICKET-00874,CUST-0140,ContainerOps Inc,Commercial,Training,How-to question,Critical,2025-09-15,2025-09-15,5,ContainerOps Inc (Commercial) reported: How-to question. Severity: Critical. Impacting business operations.,Resolved by providing workaround. Customer satisfaction: 3/5.,3
TICKET-00875,CUST-0140,ContainerOps Inc,Commercial,Training,Best practices,Critical,2025-07-26,2025-07-26,11,ContainerOps Inc (Commercial) reported: Best practices. Severity: Critical. Impacting business operations.,Resolved by providing feature update. Customer satisfaction: 2/5.,2
TICKET-00876,CUST-0140,ContainerOps Inc,Commercial,Training,Best practices,High,2025-08-01,2025-08-01,4,ContainerOps Inc (Commercial) reported: Best practices. Severity: High. Impacting business operations.,Resolved by providing feature update. Customer satisfaction: 3/5.,3
TICKET-00877,CUST-0141,WorkflowPro Group,Commercial,Feature,Missing functionality,High,2024-11-30,2024-12-01,36,WorkflowPro Group (Commercial) reported: Missing functionality. Severity: High. Impacting business operations.,Resolved by providing fix. Customer satisfaction: 3/5.,3
TICKET-00878,CUST-0141,WorkflowPro Group,Commercial,Billing,Plan change request,Critical,2025-03-01,2025-03-01,9,WorkflowPro Group (Commercial) reported: Plan change request. Severity: Critical. Impacting business operations.,Resolved by providing fix. Customer satisfaction: 3/5.,3
TICKET-00879,CUST-0141,WorkflowPro Group,Commercial,Feature,Workflow improvement,High,2024-11-15,2024-11-15,23,WorkflowPro Group (Commercial) reported: Workflow improvement. Severity: High. Impacting business operations.,Resolved by providing configuration change. Customer satisfaction: 3/5.,3
TICKET-00880,CUST-0141,WorkflowPro Group,Commercial,Billing,Payment issue,High,2025-06-09,2025-06-09,5,WorkflowPro Group (Commercial) reported: Payment issue. Severity: High. Impacting business operations.,Resolved by providing workaround. Customer satisfaction: 1/5.,1
TICKET-00881,CUST-0141,WorkflowPro Group,Commercial,Technical,Performance slow,High,2025-04-16,2025-04-18,48,WorkflowPro Group (Commercial) reported: Performance slow. Severity: High. Impacting business operations.,Resolved by providing documentation. Customer satisfaction: 3/5.,3
TICKET-00882,CUST-0141,WorkflowPro Group,Commercial,Billing,Plan change request,Medium,2025-04-11,2025-04-13,66,WorkflowPro Group (Commercial) reported: Plan change request. Severity: Medium.,Resolved by providing workaround. Customer satisfaction: 2/5.,2
TICKET-00883,CUST-0141,WorkflowPro Group,Commercial,Technical,Integration issue,High,2025-12-02,2025-12-03,39,WorkflowPro Group (Commercial) reported: Integration issue. Severity: High. Impacting business operations.,Resolved by providing configuration change. Customer satisfaction: 2/5.,2
TICKET-00884,CUST-0141,WorkflowPro Group,Commercial,Feature,Workflow improvement,Low,2025-02-13,2025-02-19,145,WorkflowPro Group (Commercial) reported: Workflow improvement. Severity: Low.,Resolved by providing fix. Customer satisfaction: 2/5.,2
TICKET-00885,CUST-0141,WorkflowPro Group,Commercial,Training,How-to question,Medium,2026-02-10,2026-02-12,60,WorkflowPro Group (Commercial) reported: How-to question. Severity: Medium.,Resolved by providing documentation. Customer satisfaction: 2/5.,2
TICKET-00886,CUST-0141,WorkflowPro Group,Commercial,Feature,UI/UX feedback,High,2025-11-10,2025-11-10,17,WorkflowPro Group (Commercial) reported: UI/UX feedback. Severity: High. Impacting business operations.,Resolved by providing fix. Customer satisfaction: 3/5.,3
TICKET-00887,CUST-0141,WorkflowPro Group,Commercial,Technical,Integration issue,Medium,2025-05-18,2025-05-20,60,WorkflowPro Group (Commercial) reported: Integration issue. Severity: Medium.,Resolved by providing fix. Customer satisfaction: 3/5.,3
TICKET-00888,CUST-0141,WorkflowPro Group,Commercial,Technical,API error,High,2025-11-30,2025-11-30,23,WorkflowPro Group (Commercial) reported: API error. Severity: High. Impacting business operations.,Resolved by providing feature update. Customer satisfaction: 1/5.,1
TICKET-00889,CUST-0141,WorkflowPro Group,Commercial,Billing,Invoice question,Medium,2025-06-20,2025-06-23,88,WorkflowPro Group (Commercial) reported: Invoice question. Severity: Medium.,Resolved by providing fix. Customer satisfaction: 3/5.,3
TICKET-00890,CUST-0142,ScaleSystems Systems,SMB,Feature,Workflow improvement,High,2022-10-24,2022-10-24,16,ScaleSystems Systems (SMB) reported: Workflow improvement. Severity: High. Impacting business operations.,Resolved by providing fix. Customer satisfaction: 2/5.,2
TICKET-00891,CUST-0142,ScaleSystems Systems,SMB,Billing,Pricing clarification,Medium,2023-01-23,2023-01-24,40,ScaleSystems Systems (SMB) reported: Pricing clarification. Severity: Medium.,Resolved by providing documentation. Customer satisfaction: 2/5.,2
TICKET-00892,CUST-0142,ScaleSystems Systems,SMB,Billing,Pricing clarification,Medium,2024-01-18,2024-01-20,49,ScaleSystems Systems (SMB) reported: Pricing clarification. Severity: Medium.,Resolved by providing documentation. Customer satisfaction: 1/5.,1
TICKET-00893,CUST-0142,ScaleSystems Systems,SMB,Training,Documentation request,Medium,2025-01-10,2025-01-13,95,ScaleSystems Systems (SMB) reported: Documentation request. Severity: Medium.,Resolved by providing fix. Customer satisfaction: 1/5.,1
TICKET-00894,CUST-0142,ScaleSystems Systems,SMB,Feature,UI/UX feedback,Medium,2023-04-12,2023-04-14,60,ScaleSystems Systems (SMB) reported: UI/UX feedback. Severity: Medium.,Resolved by providing fix. Customer satisfaction: 2/5.,2
TICKET-00895,CUST-0142,ScaleSystems Systems,SMB,Technical,Performance slow,Medium,2024-07-28,2024-07-30,68,ScaleSystems Systems (SMB) reported: Performance slow. Severity: Medium.,Resolved by providing configuration change. Customer satisfaction: 1/5.,1
TICKET-00896,CUST-0142,ScaleSystems Systems,SMB,Technical,Integration issue,Medium,2023-02-08,2023-02-08,19,ScaleSystems Systems (SMB) reported: Integration issue. Severity: Medium.,Resolved by providing documentation. Customer satisfaction: 2/5.,2
TICKET-00897,CUST-0142,ScaleSystems Systems,SMB,Training,Documentation request,High,2023-05-26,2023-05-27,26,ScaleSystems Systems (SMB) reported: Documentation request. Severity: High. Impacting business operations.,Resolved by providing configuration change. Customer satisfaction: 2/5.,2
TICKET-00898,CUST-0142,ScaleSystems Systems,SMB,Training,Best practices,Medium,2024-05-18,2024-05-21,79,ScaleSystems Systems (SMB) reported: Best practices. Severity: Medium.,Resolved by providing configuration change. Customer satisfaction: 2/5.,2
TICKET-00899,CUST-0143,LoadBalance Labs,Commercial,Feature,UI/UX feedback,Medium,2025-04-30,2025-04-30,21,LoadBalance Labs (Commercial) reported: UI/UX feedback. Severity: Medium.,Resolved by providing workaround. Customer satisfaction: 5/5.,5
TICKET-00900,CUST-0144,LogStream Technologies,Commercial,Technical,Data sync problem,High,2025-05-16,2025-05-17,38,LogStream Technologies (Commercial) reported: Data sync problem. Severity: High. Impacting business operations.,Resolved by providing documentation. Customer satisfaction: 2/5.,2
TICKET-00901,CUST-0144,LogStream Technologies,Commercial,Billing,Plan change request,High,2025-03-22,2025-03-22,14,LogStream Technologies (Commercial) reported: Plan change request. Severity: High. Impacting business operations.,Resolved by providing documentation. Customer satisfaction: 2/5.,2
TICKET-00902,CUST-0144,LogStream Technologies,Commercial,Technical,API error,High,2025-12-16,2025-12-16,19,LogStream Technologies (Commercial) reported: API error. Severity: High. Impacting business operations.,Resolved by providing configuration change. Customer satisfaction: 3/5.,3
TICKET-00903,CUST-0144,LogStream Technologies,Commercial,Feature,UI/UX feedback,Low,2025-04-28,2025-05-04,145,LogStream Technologies (Commercial) reported: UI/UX feedback. Severity: Low.,Resolved by providing workaround. Customer satisfaction: 3/5.,3
TICKET-00904,CUST-0144,LogStream Technologies,Commercial,Technical,Authentication failure,High,2025-05-25,2025-05-25,20,LogStream Technologies (Commercial) reported: Authentication failure. Severity: High. Impacting business operations.,Resolved by providing configuration change. Customer satisfaction: 2/5.,2
TICKET-00905,CUST-0144,LogStream Technologies,Commercial,Technical,Performance slow,Medium,2025-02-13,2025-02-16,72,LogStream Technologies (Commercial) reported: Performance slow. Severity: Medium.,Resolved by providing fix. Customer satisfaction: 3/5.,3
TICKET-00906,CUST-0145,DataSync Group,Enterprise,Training,Documentation request,Low,2025-02-02,2025-02-07,141,DataSync Group (Enterprise) reported: Documentation request. Severity: Low.,Resolved by providing workaround. Customer satisfaction: 3/5.,3
TICKET-00907,CUST-0145,DataSync Group,Enterprise,Technical,Authentication failure,Low,2025-07-13,2025-07-16,95,DataSync Group (Enterprise) reported: Authentication failure. Severity: Low.,Resolved by providing documentation. Customer satisfaction: 3/5.,3
TICKET-00908,CUST-0145,DataSync Group,Enterprise,Technical,Authentication failure,Medium,2024-06-14,2024-06-14,13,DataSync Group (Enterprise) reported: Authentication failure. Severity: Medium.,Resolved by providing configuration change. Customer satisfaction: 4/5.,4
TICKET-00909,CUST-0145,DataSync Group,Enterprise,Billing,Payment issue,High,2024-06-10,2024-06-10,13,DataSync Group (Enterprise) reported: Payment issue. Severity: High. Impacting business operations.,Resolved by providing feature update. Customer satisfaction: 5/5.,5
TICKET-00910,CUST-0145,DataSync Group,Enterprise,Technical,Performance slow,Low,2024-08-03,2024-08-09,149,DataSync Group (Enterprise) reported: Performance slow. Severity: Low.,Resolved by providing documentation. Customer satisfaction: 2/5.,2
TICKET-00911,CUST-0145,DataSync Group,Enterprise,Training,Best practices,Critical,2025-06-18,2025-06-18,2,DataSync Group (Enterprise) reported: Best practices. Severity: Critical. Impacting business operations.,Resolved by providing feature update. Customer satisfaction: 3/5.,3
TICKET-00912,CUST-0146,ScaleSystems Corp,Commercial,Technical,Authentication failure,Critical,2023-08-04,2023-08-04,7,ScaleSystems Corp (Commercial) reported: Authentication failure. Severity: Critical. Impacting business operations.,Resolved by providing feature update. Customer satisfaction: 5/5.,5
TICKET-00913,CUST-0147,DisasterRecovery Systems,Enterprise,Feature,Feature request,High,2026-06-08,2026-06-09,32,DisasterRecovery Systems (Enterprise) reported: Feature request. Severity: High. Impacting business operations.,Resolved by providing fix. Customer satisfaction: 1/5.,1
TICKET-00914,CUST-0147,DisasterRecovery Systems,Enterprise,Billing,Payment issue,Low,2024-06-17,2024-06-23,159,DisasterRecovery Systems (Enterprise) reported: Payment issue. Severity: Low.,Resolved by providing feature update. Customer satisfaction: 3/5.,3
TICKET-00915,CUST-0147,DisasterRecovery Systems,Enterprise,Training,Setup help,Medium,2026-04-03,2026-04-05,62,DisasterRecovery Systems (Enterprise) reported: Setup help. Severity: Medium.,Resolved by providing feature update. Customer satisfaction: 2/5.,2
TICKET-00916,CUST-0147,DisasterRecovery Systems,Enterprise,Billing,Pricing clarification,Critical,2026-05-30,2026-05-30,8,DisasterRecovery Systems (Enterprise) reported: Pricing clarification. Severity: Critical. Impacting business operations.,Resolved by providing workaround. Customer satisfaction: 1/5.,1
TICKET-00917,CUST-0147,DisasterRecovery Systems,Enterprise,Billing,Plan change request,High,2026-05-30,2026-05-31,32,DisasterRecovery Systems (Enterprise) reported: Plan change request. Severity: High. Impacting business operations.,Resolved by providing workaround. Customer satisfaction: 1/5.,1
TICKET-00918,CUST-0147,DisasterRecovery Systems,Enterprise,Technical,Data sync problem,Medium,2025-09-04,2025-09-05,33,DisasterRecovery Systems (Enterprise) reported: Data sync problem. Severity: Medium.,Resolved by providing feature update. Customer satisfaction: 2/5.,2
TICKET-00919,CUST-0147,DisasterRecovery Systems,Enterprise,Training,Best practices,Critical,2026-03-18,2026-03-18,7,DisasterRecovery Systems (Enterprise) reported: Best practices. Severity: Critical. Impacting business operations.,Resolved by providing workaround. Customer satisfaction: 2/5.,2
TICKET-00920,CUST-0147,DisasterRecovery Systems,Enterprise,Training,Setup help,Critical,2026-03-20,2026-03-20,8,DisasterRecovery Systems (Enterprise) reported: Setup help. Severity: Critical. Impacting business operations.,Resolved by providing feature update. Customer satisfaction: 1/5.,1
TICKET-00921,CUST-0147,DisasterRecovery Systems,Enterprise,Technical,Data sync problem,High,2025-03-30,2025-03-31,30,DisasterRecovery Systems (Enterprise) reported: Data sync problem. Severity: High. Impacting business operations.,Resolved by providing configuration change. Customer satisfaction: 1/5.,1
TICKET-00922,CUST-0147,DisasterRecovery Systems,Enterprise,Technical,Performance slow,High,2025-08-20,2025-08-20,8,DisasterRecovery Systems (Enterprise) reported: Performance slow. Severity: High. Impacting business operations.,Resolved by providing feature update. Customer satisfaction: 3/5.,3
TICKET-00923,CUST-0147,DisasterRecovery Systems,Enterprise,Training,Setup help,Low,2024-09-18,2024-09-23,132,DisasterRecovery Systems (Enterprise) reported: Setup help. Severity: Low.,Resolved by providing fix. Customer satisfaction: 3/5.,3
TICKET-00924,CUST-0147,DisasterRecovery Systems,Enterprise,Billing,Payment issue,High,2024-10-01,2024-10-02,47,DisasterRecovery Systems (Enterprise) reported: Payment issue. Severity: High. Impacting business operations.,Resolved by providing feature update. Customer satisfaction: 3/5.,3
TICKET-00925,CUST-0147,DisasterRecovery Systems,Enterprise,Feature,Workflow improvement,Low,2025-07-15,2025-07-21,158,DisasterRecovery Systems (Enterprise) reported: Workflow improvement. Severity: Low.,Resolved by providing fix. Customer satisfaction: 2/5.,2
TICKET-00926,CUST-0147,DisasterRecovery Systems,Enterprise,Billing,Plan change request,Medium,2025-11-05,2025-11-07,59,DisasterRecovery Systems (Enterprise) reported: Plan change request. Severity: Medium.,Resolved by providing workaround. Customer satisfaction: 1/5.,1
TICKET-00927,CUST-0147,DisasterRecovery Systems,Enterprise,Feature,Workflow improvement,Critical,2025-09-24,2025-09-24,9,DisasterRecovery Systems (Enterprise) reported: Workflow improvement. Severity: Critical. Impacting business operations.,Resolved by providing fix. Customer satisfaction: 2/5.,2
TICKET-00928,CUST-0147,DisasterRecovery Systems,Enterprise,Technical,Data sync problem,Critical,2025-02-14,2025-02-14,3,DisasterRecovery Systems (Enterprise) reported: Data sync problem. Severity: Critical. Impacting business operations.,Resolved by providing configuration change. Customer satisfaction: 2/5.,2
TICKET-00929,CUST-0148,APIGateway Group,SMB,Feature,UI/UX feedback,Medium,2026-02-18,2026-02-19,47,APIGateway Group (SMB) reported: UI/UX feedback. Severity: Medium.,Resolved by providing workaround. Customer satisfaction: 5/5.,5
TICKET-00930,CUST-0149,AIForge LLC,SMB,Feature,Workflow improvement,Medium,2026-05-10,2026-05-10,19,AIForge LLC (SMB) reported: Workflow improvement. Severity: Medium.,Resolved by providing fix. Customer satisfaction: 1/5.,1
TICKET-00931,CUST-0149,AIForge LLC,SMB,Technical,Authentication failure,Medium,2026-01-18,2026-01-21,80,AIForge LLC (SMB) reported: Authentication failure. Severity: Medium.,Resolved by providing configuration change. Customer satisfaction: 3/5.,3
TICKET-00932,CUST-0149,AIForge LLC,SMB,Billing,Invoice question,High,2026-06-09,2026-06-10,26,AIForge LLC (SMB) reported: Invoice question. Severity: High. Impacting business operations.,Resolved by providing documentation. Customer satisfaction: 3/5.,3
TICKET-00933,CUST-0149,AIForge LLC,SMB,Billing,Payment issue,Critical,2026-03-21,2026-03-21,7,AIForge LLC (SMB) reported: Payment issue. Severity: Critical. Impacting business operations.,Resolved by providing feature update. Customer satisfaction: 3/5.,3
TICKET-00934,CUST-0149,AIForge LLC,SMB,Technical,Integration issue,Low,2026-05-01,2026-05-05,100,AIForge LLC (SMB) reported: Integration issue. Severity: Low.,Resolved by providing feature update. Customer satisfaction: 2/5.,2
TICKET-00935,CUST-0149,AIForge LLC,SMB,Billing,Invoice question,Low,2026-01-30,2026-02-04,123,AIForge LLC (SMB) reported: Invoice question. Severity: Low.,Resolved by providing documentation. Customer satisfaction: 2/5.,2
TICKET-00936,CUST-0150,MonitorPlus Inc,SMB,Feature,Feature request,Critical,2026-03-19,2026-03-19,10,MonitorPlus Inc (SMB) reported: Feature request. Severity: Critical. Impacting business operations.,Resolved by providing configuration change. Customer satisfaction: 2/5.,2
TICKET-00937,CUST-0150,MonitorPlus Inc,SMB,Billing,Payment issue,Medium,2025-03-09,2025-03-10,34,MonitorPlus Inc (SMB) reported: Payment issue. Severity: Medium.,Resolved by providing configuration change. Customer satisfaction: 3/5.,3
TICKET-00938,CUST-0150,MonitorPlus Inc,SMB,Technical,Performance slow,Critical,2025-11-29,2025-11-29,8,MonitorPlus Inc (SMB) reported: Performance slow. Severity: Critical. Impacting business operations.,Resolved by providing configuration change. Customer satisfaction: 1/5.,1
TICKET-00939,CUST-0150,MonitorPlus Inc,SMB,Feature,UI/UX feedback,Low,2023-08-19,2023-08-24,143,MonitorPlus Inc (SMB) reported: UI/UX feedback. Severity: Low.,Resolved by providing feature update. Customer satisfaction: 2/5.,2
TICKET-00940,CUST-0150,MonitorPlus Inc,SMB,Technical,Performance slow,Low,2024-07-13,2024-07-17,103,MonitorPlus Inc (SMB) reported: Performance slow. Severity: Low.,Resolved by providing configuration change. Customer satisfaction: 3/5.,3
TICKET-00941,CUST-0150,MonitorPlus Inc,SMB,Feature,Feature request,Medium,2025-07-24,2025-07-26,60,MonitorPlus Inc (SMB) reported: Feature request. Severity: Medium.,Resolved by providing feature update. Customer satisfaction: 3/5.,3
TICKET-00942,CUST-0150,MonitorPlus Inc,SMB,Feature,Workflow improvement,Medium,2023-07-18,2023-07-21,79,MonitorPlus Inc (SMB) reported: Workflow improvement. Severity: Medium.,Resolved by providing fix. Customer satisfaction: 4/5.,4
TICKET-00943,CUST-0151,DataBridge Group,SMB,Technical,Authentication failure,High,2026-05-24,2026-05-24,13,DataBridge Group (SMB) reported: Authentication failure. Severity: High. Impacting business operations.,Resolved by providing documentation. Customer satisfaction: 3/5.,3
TICKET-00944,CUST-0151,DataBridge Group,SMB,Billing,Plan change request,Critical,2026-06-27,2026-06-27,11,DataBridge Group (SMB) reported: Plan change request. Severity: Critical. Impacting business operations.,Resolved by providing documentation. Customer satisfaction: 2/5.,2
TICKET-00945,CUST-0151,DataBridge Group,SMB,Training,Documentation request,High,2026-03-30,2026-03-30,15,DataBridge Group (SMB) reported: Documentation request. Severity: High. Impacting business operations.,Resolved by providing documentation. Customer satisfaction: 2/5.,2
TICKET-00946,CUST-0151,DataBridge Group,SMB,Technical,Performance slow,High,2026-05-31,2026-05-31,21,DataBridge Group (SMB) reported: Performance slow. Severity: High. Impacting business operations.,Resolved by providing documentation. Customer satisfaction: 3/5.,3
TICKET-00947,CUST-0151,DataBridge Group,SMB,Billing,Pricing clarification,High,2026-06-18,2026-06-18,13,DataBridge Group (SMB) reported: Pricing clarification. Severity: High. Impacting business operations.,Resolved by providing fix. Customer satisfaction: 2/5.,2
TICKET-00948,CUST-0151,DataBridge Group,SMB,Feature,Workflow improvement,Medium,2025-11-12,2025-11-13,43,DataBridge Group (SMB) reported: Workflow improvement. Severity: Medium.,Resolved by providing feature update. Customer satisfaction: 4/5.,4
TICKET-00949,CUST-0151,DataBridge Group,SMB,Billing,Pricing clarification,High,2026-02-05,2026-02-05,15,DataBridge Group (SMB) reported: Pricing clarification. Severity: High. Impacting business operations.,Resolved by providing feature update. Customer satisfaction: 2/5.,2
TICKET-00950,CUST-0151,DataBridge Group,SMB,Billing,Pricing clarification,High,2026-01-17,2026-01-18,45,DataBridge Group (SMB) reported: Pricing clarification. Severity: High. Impacting business operations.,Resolved by providing workaround. Customer satisfaction: 2/5.,2
TICKET-00951,CUST-0152,SecurityFirst Solutions,Commercial,Training,Setup help,Medium,2025-11-01,2025-11-03,63,SecurityFirst Solutions (Commercial) reported: Setup help. Severity: Medium.,Resolved by providing documentation. Customer satisfaction: 5/5.,5
TICKET-00952,CUST-0152,SecurityFirst Solutions,Commercial,Technical,API error,Low,2025-09-27,2025-09-28,36,SecurityFirst Solutions (Commercial) reported: API error. Severity: Low.,Resolved by providing documentation. Customer satisfaction: 4/5.,4
TICKET-00953,CUST-0152,SecurityFirst Solutions,Commercial,Billing,Invoice question,Critical,2026-05-16,2026-05-16,8,SecurityFirst Solutions (Commercial) reported: Invoice question. Severity: Critical. Impacting business operations.,Resolved by providing configuration change. Customer satisfaction: 4/5.,4
TICKET-00954,CUST-0152,SecurityFirst Solutions,Commercial,Billing,Payment issue,Low,2026-02-16,2026-02-21,126,SecurityFirst Solutions (Commercial) reported: Payment issue. Severity: Low.,Resolved by providing feature update. Customer satisfaction: 3/5.,3
TICKET-00955,CUST-0153,QueueManager Technologies,SMB,Training,How-to question,Critical,2023-08-27,2023-08-27,8,QueueManager Technologies (SMB) reported: How-to question. Severity: Critical. Impacting business operations.,Resolved by providing configuration change. Customer satisfaction: 2/5.,2
TICKET-00956,CUST-0153,QueueManager Technologies,SMB,Billing,Payment issue,Medium,2025-06-18,2025-06-21,81,QueueManager Technologies (SMB) reported: Payment issue. Severity: Medium.,Resolved by providing feature update. Customer satisfaction: 1/5.,1
TICKET-00957,CUST-0153,QueueManager Technologies,SMB,Billing,Plan change request,High,2023-11-02,2023-11-03,44,QueueManager Technologies (SMB) reported: Plan change request. Severity: High. Impacting business operations.,Resolved by providing documentation. Customer satisfaction: 2/5.,2
TICKET-00958,CUST-0153,QueueManager Technologies,SMB,Feature,Workflow improvement,High,2024-11-02,2024-11-03,41,QueueManager Technologies (SMB) reported: Workflow improvement. Severity: High. Impacting business operations.,Resolved by providing documentation. Customer satisfaction: 2/5.,2
TICKET-00959,CUST-0153,QueueManager Technologies,SMB,Training,Best practices,High,2026-01-29,2026-01-29,22,QueueManager Technologies (SMB) reported: Best practices. Severity: High. Impacting business operations.,Resolved by providing fix. Customer satisfaction: 1/5.,1
TICKET-00960,CUST-0153,QueueManager Technologies,SMB,Feature,Workflow improvement,Critical,2023-06-28,2023-06-28,2,QueueManager Technologies (SMB) reported: Workflow improvement. Severity: Critical. Impacting business operations.,Resolved by providing fix. Customer satisfaction: 1/5.,1
TICKET-00961,CUST-0153,QueueManager Technologies,SMB,Billing,Plan change request,Medium,2025-05-11,2025-05-14,95,QueueManager Technologies (SMB) reported: Plan change request. Severity: Medium.,Resolved by providing documentation. Customer satisfaction: 1/5.,1
TICKET-00962,CUST-0153,QueueManager Technologies,SMB,Feature,Feature request,High,2024-08-04,2024-08-04,18,QueueManager Technologies (SMB) reported: Feature request. Severity: High. Impacting business operations.,Resolved by providing configuration change. Customer satisfaction: 2/5.,2
TICKET-00963,CUST-0153,QueueManager Technologies,SMB,Billing,Pricing clarification,High,2024-09-27,2024-09-27,12,QueueManager Technologies (SMB) reported: Pricing clarification. Severity: High. Impacting business operations.,Resolved by providing workaround. Customer satisfaction: 1/5.,1
TICKET-00964,CUST-0153,QueueManager Technologies,SMB,Feature,Missing functionality,High,2025-01-03,2025-01-03,14,QueueManager Technologies (SMB) reported: Missing functionality. Severity: High. Impacting business operations.,Resolved by providing workaround. Customer satisfaction: 1/5.,1
TICKET-00965,CUST-0153,QueueManager Technologies,SMB,Billing,Payment issue,Low,2024-11-28,2024-12-02,114,QueueManager Technologies (SMB) reported: Payment issue. Severity: Low.,Resolved by providing workaround. Customer satisfaction: 1/5.,1
TICKET-00966,CUST-0153,QueueManager Technologies,SMB,Feature,Workflow improvement,Medium,2024-04-16,2024-04-19,73,QueueManager Technologies (SMB) reported: Workflow improvement. Severity: Medium.,Resolved by providing workaround. Customer satisfaction: 1/5.,1
TICKET-00967,CUST-0153,QueueManager Technologies,SMB,Training,Setup help,High,2026-02-17,2026-02-17,20,QueueManager Technologies (SMB) reported: Setup help. Severity: High. Impacting business operations.,Resolved by providing workaround. Customer satisfaction: 1/5.,1
TICKET-00968,CUST-0153,QueueManager Technologies,SMB,Technical,API error,Low,2026-03-22,2026-03-27,139,QueueManager Technologies (SMB) reported: API error. Severity: Low.,Resolved by providing documentation. Customer satisfaction: 2/5.,2
TICKET-00969,CUST-0154,APIGateway Systems,Commercial,Billing,Invoice question,Critical,2026-02-18,2026-02-18,2,APIGateway Systems (Commercial) reported: Invoice question. Severity: Critical. Impacting business operations.,Resolved by providing configuration change. Customer satisfaction: 3/5.,3
TICKET-00970,CUST-0154,APIGateway Systems,Commercial,Feature,Missing functionality,Medium,2024-12-23,2024-12-24,24,APIGateway Systems (Commercial) reported: Missing functionality. Severity: Medium.,Resolved by providing workaround. Customer satisfaction: 3/5.,3
TICKET-00971,CUST-0154,APIGateway Systems,Commercial,Training,How-to question,High,2026-05-25,2026-05-26,30,APIGateway Systems (Commercial) reported: How-to question. Severity: High. Impacting business operations.,Resolved by providing feature update. Customer satisfaction: 3/5.,3
TICKET-00972,CUST-0154,APIGateway Systems,Commercial,Technical,Authentication failure,Low,2025-05-12,2025-05-18,150,APIGateway Systems (Commercial) reported: Authentication failure. Severity: Low.,Resolved by providing workaround. Customer satisfaction: 4/5.,4
TICKET-00973,CUST-0154,APIGateway Systems,Commercial,Technical,Authentication failure,Medium,2026-04-13,2026-04-16,72,APIGateway Systems (Commercial) reported: Authentication failure. Severity: Medium.,Resolved by providing feature update. Customer satisfaction: 3/5.,3
TICKET-00974,CUST-0154,APIGateway Systems,Commercial,Technical,Performance slow,Critical,2026-05-27,2026-05-27,12,APIGateway Systems (Commercial) reported: Performance slow. Severity: Critical. Impacting business operations.,Resolved by providing workaround. Customer satisfaction: 4/5.,4
TICKET-00975,CUST-0154,APIGateway Systems,Commercial,Training,Best practices,High,2025-01-06,2025-01-07,27,APIGateway Systems (Commercial) reported: Best practices. Severity: High. Impacting business operations.,Resolved by providing workaround. Customer satisfaction: 4/5.,4
TICKET-00976,CUST-0154,APIGateway Systems,Commercial,Feature,Missing functionality,Medium,2026-02-26,2026-02-27,26,APIGateway Systems (Commercial) reported: Missing functionality. Severity: Medium.,Resolved by providing feature update. Customer satisfaction: 4/5.,4
TICKET-00977,CUST-0154,APIGateway Systems,Commercial,Technical,Performance slow,Medium,2025-10-09,2025-10-11,64,APIGateway Systems (Commercial) reported: Performance slow. Severity: Medium.,Resolved by providing feature update. Customer satisfaction: 3/5.,3
TICKET-00978,CUST-0155,AnalyticsCo Corp,SMB,Technical,Integration issue,Low,2025-01-23,2025-01-24,26,AnalyticsCo Corp (SMB) reported: Integration issue. Severity: Low.,Resolved by providing feature update. Customer satisfaction: 2/5.,2
TICKET-00979,CUST-0155,AnalyticsCo Corp,SMB,Technical,Data sync problem,Medium,2024-04-12,2024-04-14,55,AnalyticsCo Corp (SMB) reported: Data sync problem. Severity: Medium.,Resolved by providing fix. Customer satisfaction: 3/5.,3
TICKET-00980,CUST-0155,AnalyticsCo Corp,SMB,Billing,Payment issue,Medium,2024-07-19,2024-07-19,18,AnalyticsCo Corp (SMB) reported: Payment issue. Severity: Medium.,Resolved by providing documentation. Customer satisfaction: 2/5.,2
TICKET-00981,CUST-0155,AnalyticsCo Corp,SMB,Billing,Plan change request,Medium,2024-05-29,2024-05-30,43,AnalyticsCo Corp (SMB) reported: Plan change request. Severity: Medium.,Resolved by providing configuration change. Customer satisfaction: 4/5.,4
TICKET-00982,CUST-0155,AnalyticsCo Corp,SMB,Feature,UI/UX feedback,Medium,2025-04-30,2025-05-03,79,AnalyticsCo Corp (SMB) reported: UI/UX feedback. Severity: Medium.,Resolved by providing documentation. Customer satisfaction: 2/5.,2
TICKET-00983,CUST-0155,AnalyticsCo Corp,SMB,Technical,Integration issue,Medium,2024-07-07,2024-07-09,56,AnalyticsCo Corp (SMB) reported: Integration issue. Severity: Medium.,Resolved by providing configuration change. Customer satisfaction: 2/5.,2
TICKET-00984,CUST-0155,AnalyticsCo Corp,SMB,Training,Best practices,High,2025-02-15,2025-02-17,48,AnalyticsCo Corp (SMB) reported: Best practices. Severity: High. Impacting business operations.,Resolved by providing documentation. Customer satisfaction: 2/5.,2
TICKET-00985,CUST-0155,AnalyticsCo Corp,SMB,Billing,Plan change request,Critical,2024-09-09,2024-09-09,1,AnalyticsCo Corp (SMB) reported: Plan change request. Severity: Critical. Impacting business operations.,Resolved by providing configuration change. Customer satisfaction: 2/5.,2
TICKET-00986,CUST-0155,AnalyticsCo Corp,SMB,Feature,Missing functionality,Medium,2024-09-26,2024-09-26,16,AnalyticsCo Corp (SMB) reported: Missing functionality. Severity: Medium.,Resolved by providing fix. Customer satisfaction: 2/5.,2
TICKET-00987,CUST-0155,AnalyticsCo Corp,SMB,Billing,Payment issue,Medium,2024-04-29,2024-04-29,16,AnalyticsCo Corp (SMB) reported: Payment issue. Severity: Medium.,Resolved by providing documentation. Customer satisfaction: 3/5.,3
TICKET-00988,CUST-0155,AnalyticsCo Corp,SMB,Training,Best practices,Low,2025-01-11,2025-01-13,53,AnalyticsCo Corp (SMB) reported: Best practices. Severity: Low.,Resolved by providing feature update. Customer satisfaction: 4/5.,4
TICKET-00989,CUST-0156,CloudVision Technologies,Commercial,Feature,Feature request,High,2026-04-04,2026-04-05,41,CloudVision Technologies (Commercial) reported: Feature request. Severity: High. Impacting business operations.,Resolved by providing configuration change. Customer satisfaction: 4/5.,4
TICKET-00990,CUST-0156,CloudVision Technologies,Commercial,Billing,Invoice question,Low,2023-08-19,2023-08-23,100,CloudVision Technologies (Commercial) reported: Invoice question. Severity: Low.,Resolved by providing configuration change. Customer satisfaction: 4/5.,4
TICKET-00991,CUST-0156,CloudVision Technologies,Commercial,Feature,Feature request,Medium,2023-11-16,2023-11-18,55,CloudVision Technologies (Commercial) reported: Feature request. Severity: Medium.,Resolved by providing workaround. Customer satisfaction: 3/5.,3
TICKET-00992,CUST-0156,CloudVision Technologies,Commercial,Billing,Invoice question,High,2025-04-23,2025-04-24,41,CloudVision Technologies (Commercial) reported: Invoice question. Severity: High. Impacting business operations.,Resolved by providing documentation. Customer satisfaction: 4/5.,4
TICKET-00993,CUST-0156,CloudVision Technologies,Commercial,Technical,API error,Medium,2023-11-07,2023-11-08,33,CloudVision Technologies (Commercial) reported: API error. Severity: Medium.,Resolved by providing documentation. Customer satisfaction: 4/5.,4
TICKET-00994,CUST-0157,AIForge Inc,Enterprise,Billing,Invoice question,High,2022-09-24,2022-09-24,16,AIForge Inc (Enterprise) reported: Invoice question. Severity: High. Impacting business operations.,Resolved by providing fix. Customer satisfaction: 2/5.,2
TICKET-00995,CUST-0157,AIForge Inc,Enterprise,Training,How-to question,High,2023-07-13,2023-07-13,4,AIForge Inc (Enterprise) reported: How-to question. Severity: High. Impacting business operations.,Resolved by providing fix. Customer satisfaction: 1/5.,1
TICKET-00996,CUST-0157,AIForge Inc,Enterprise,Billing,Plan change request,High,2025-07-22,2025-07-23,25,AIForge Inc (Enterprise) reported: Plan change request. Severity: High. Impacting business operations.,Resolved by providing documentation. Customer satisfaction: 1/5.,1
TICKET-00997,CUST-0157,AIForge Inc,Enterprise,Training,Best practices,Low,2024-03-19,2024-03-22,79,AIForge Inc (Enterprise) reported: Best practices. Severity: Low.,Resolved by providing feature update. Customer satisfaction: 2/5.,2
TICKET-00998,CUST-0157,AIForge Inc,Enterprise,Technical,API error,Low,2024-06-08,2024-06-09,47,AIForge Inc (Enterprise) reported: API error. Severity: Low.,Resolved by providing configuration change. Customer satisfaction: 1/5.,1
TICKET-00999,CUST-0157,AIForge Inc,Enterprise,Billing,Payment issue,Low,2025-09-05,2025-09-07,53,AIForge Inc (Enterprise) reported: Payment issue. Severity: Low.,Resolved by providing fix. Customer satisfaction: 2/5.,2
TICKET-01000,CUST-0157,AIForge Inc,Enterprise,Technical,Authentication failure,High,2023-09-06,2023-09-06,18,AIForge Inc (Enterprise) reported: Authentication failure. Severity: High. Impacting business operations.,Resolved by providing configuration change. Customer satisfaction: 3/5.,3
TICKET-01001,CUST-0157,AIForge Inc,Enterprise,Feature,UI/UX feedback,High,2025-05-29,2025-05-29,7,AIForge Inc (Enterprise) reported: UI/UX feedback. Severity: High. Impacting business operations.,Resolved by providing workaround. Customer satisfaction: 1/5.,1
TICKET-01002,CUST-0157,AIForge Inc,Enterprise,Billing,Pricing clarification,High,2025-09-26,2025-09-26,5,AIForge Inc (Enterprise) reported: Pricing clarification. Severity: High. Impacting business operations.,Resolved by providing configuration change. Customer satisfaction: 2/5.,2
TICKET-01003,CUST-0157,AIForge Inc,Enterprise,Billing,Plan change request,Medium,2024-03-19,2024-03-21,51,AIForge Inc (Enterprise) reported: Plan change request. Severity: Medium.,Resolved by providing fix. Customer satisfaction: 2/5.,2
TICKET-01004,CUST-0157,AIForge Inc,Enterprise,Billing,Invoice question,Critical,2024-10-07,2024-10-07,9,AIForge Inc (Enterprise) reported: Invoice question. Severity: Critical. Impacting business operations.,Resolved by providing documentation. Customer satisfaction: 1/5.,1
TICKET-01005,CUST-0157,AIForge Inc,Enterprise,Feature,Missing functionality,Medium,2024-06-09,2024-06-10,43,AIForge Inc (Enterprise) reported: Missing functionality. Severity: Medium.,Resolved by providing fix. Customer satisfaction: 1/5.,1
TICKET-01006,CUST-0157,AIForge Inc,Enterprise,Training,Best practices,Medium,2024-02-15,2024-02-18,77,AIForge Inc (Enterprise) reported: Best practices. Severity: Medium.,Resolved by providing fix. Customer satisfaction: 1/5.,1
TICKET-01007,CUST-0158,DevOpsHub LLC,SMB,Feature,Workflow improvement,Medium,2025-04-03,2025-04-04,27,DevOpsHub LLC (SMB) reported: Workflow improvement. Severity: Medium.,Resolved by providing workaround. Customer satisfaction: 1/5.,1
TICKET-01008,CUST-0158,DevOpsHub LLC,SMB,Billing,Payment issue,High,2025-03-21,2025-03-22,39,DevOpsHub LLC (SMB) reported: Payment issue. Severity: High. Impacting business operations.,Resolved by providing feature update. Customer satisfaction: 1/5.,1
TICKET-01009,CUST-0158,DevOpsHub LLC,SMB,Training,Setup help,Medium,2024-06-21,2024-06-23,65,DevOpsHub LLC (SMB) reported: Setup help. Severity: Medium.,Resolved by providing workaround. Customer satisfaction: 1/5.,1
TICKET-01010,CUST-0158,DevOpsHub LLC,SMB,Billing,Pricing clarification,High,2022-12-14,2022-12-15,35,DevOpsHub LLC (SMB) reported: Pricing clarification. Severity: High. Impacting business operations.,Resolved by providing fix. Customer satisfaction: 3/5.,3
TICKET-01011,CUST-0158,DevOpsHub LLC,SMB,Technical,Authentication failure,Low,2025-11-14,2025-11-17,84,DevOpsHub LLC (SMB) reported: Authentication failure. Severity: Low.,Resolved by providing feature update. Customer satisfaction: 1/5.,1
TICKET-01012,CUST-0158,DevOpsHub LLC,SMB,Training,How-to question,Medium,2025-11-06,2025-11-06,20,DevOpsHub LLC (SMB) reported: How-to question. Severity: Medium.,Resolved by providing feature update. Customer satisfaction: 1/5.,1
TICKET-01013,CUST-0158,DevOpsHub LLC,SMB,Feature,UI/UX feedback,High,2024-01-13,2024-01-15,48,DevOpsHub LLC (SMB) reported: UI/UX feedback. Severity: High. Impacting business operations.,Resolved by providing configuration change. Customer satisfaction: 3/5.,3
TICKET-01014,CUST-0158,DevOpsHub LLC,SMB,Training,Setup help,Low,2022-09-04,2022-09-07,87,DevOpsHub LLC (SMB) reported: Setup help. Severity: Low.,Resolved by providing documentation. Customer satisfaction: 4/5.,4
TICKET-01015,CUST-0158,DevOpsHub LLC,SMB,Training,Best practices,Critical,2025-05-16,2025-05-16,2,DevOpsHub LLC (SMB) reported: Best practices. Severity: Critical. Impacting business operations.,Resolved by providing feature update. Customer satisfaction: 1/5.,1
TICKET-01016,CUST-0158,DevOpsHub LLC,SMB,Technical,Data sync problem,Low,2024-01-08,2024-01-12,116,DevOpsHub LLC (SMB) reported: Data sync problem. Severity: Low.,Resolved by providing fix. Customer satisfaction: 1/5.,1
TICKET-01017,CUST-0158,DevOpsHub LLC,SMB,Technical,Authentication failure,Critical,2024-07-27,2024-07-27,8,DevOpsHub LLC (SMB) reported: Authentication failure. Severity: Critical. Impacting business operations.,Resolved by providing documentation. Customer satisfaction: 1/5.,1
TICKET-01018,CUST-0158,DevOpsHub LLC,SMB,Training,Best practices,High,2025-03-09,2025-03-10,29,DevOpsHub LLC (SMB) reported: Best practices. Severity: High. Impacting business operations.,Resolved by providing workaround. Customer satisfaction: 1/5.,1
TICKET-01019,CUST-0159,MetricsDash Technologies,Enterprise,Technical,Performance slow,Low,2026-02-26,2026-03-04,150,MetricsDash Technologies (Enterprise) reported: Performance slow. Severity: Low.,Resolved by providing documentation. Customer satisfaction: 4/5.,4
TICKET-01020,CUST-0159,MetricsDash Technologies,Enterprise,Training,Documentation request,Medium,2026-06-09,2026-06-10,35,MetricsDash Technologies (Enterprise) reported: Documentation request. Severity: Medium.,Resolved by providing workaround. Customer satisfaction: 5/5.,5
TICKET-01021,CUST-0160,MetricsDash Group,SMB,Billing,Invoice question,Medium,2025-07-28,2025-07-28,16,MetricsDash Group (SMB) reported: Invoice question. Severity: Medium.,Resolved by providing fix. Customer satisfaction: 3/5.,3
TICKET-01022,CUST-0160,MetricsDash Group,SMB,Technical,Authentication failure,High,2025-07-17,2025-07-18,34,MetricsDash Group (SMB) reported: Authentication failure. Severity: High. Impacting business operations.,Resolved by providing feature update. Customer satisfaction: 2/5.,2
TICKET-01023,CUST-0160,MetricsDash Group,SMB,Feature,UI/UX feedback,High,2026-06-25,2026-06-26,35,MetricsDash Group (SMB) reported: UI/UX feedback. Severity: High. Impacting business operations.,Resolved by providing configuration change. Customer satisfaction: 2/5.,2
TICKET-01024,CUST-0160,MetricsDash Group,SMB,Training,How-to question,Low,2025-12-31,2026-01-06,166,MetricsDash Group (SMB) reported: How-to question. Severity: Low.,Resolved by providing feature update. Customer satisfaction: 2/5.,2
TICKET-01025,CUST-0160,MetricsDash Group,SMB,Technical,API error,Critical,2025-08-21,2025-08-21,11,MetricsDash Group (SMB) reported: API error. Severity: Critical. Impacting business operations.,Resolved by providing fix. Customer satisfaction: 3/5.,3
TICKET-01026,CUST-0160,MetricsDash Group,SMB,Billing,Invoice question,Medium,2025-10-10,2025-10-13,90,MetricsDash Group (SMB) reported: Invoice question. Severity: Medium.,Resolved by providing feature update. Customer satisfaction: 2/5.,2
TICKET-01027,CUST-0160,MetricsDash Group,SMB,Feature,Missing functionality,High,2025-12-20,2025-12-21,34,MetricsDash Group (SMB) reported: Missing functionality. Severity: High. Impacting business operations.,Resolved by providing configuration change. Customer satisfaction: 2/5.,2
TICKET-01028,CUST-0160,MetricsDash Group,SMB,Technical,Authentication failure,High,2025-05-23,2025-05-24,44,MetricsDash Group (SMB) reported: Authentication failure. Severity: High. Impacting business operations.,Resolved by providing configuration change. Customer satisfaction: 3/5.,3
TICKET-01029,CUST-0161,AnalyticsCo Solutions,SMB,Training,Setup help,Critical,2025-01-04,2025-01-04,1,AnalyticsCo Solutions (SMB) reported: Setup help. Severity: Critical. Impacting business operations.,Resolved by providing fix. Customer satisfaction: 4/5.,4
TICKET-01030,CUST-0161,AnalyticsCo Solutions,SMB,Billing,Plan change request,Critical,2024-10-28,2024-10-28,3,AnalyticsCo Solutions (SMB) reported: Plan change request. Severity: Critical. Impacting business operations.,Resolved by providing documentation. Customer satisfaction: 2/5.,2
TICKET-01031,CUST-0161,AnalyticsCo Solutions,SMB,Training,How-to question,Low,2025-09-12,2025-09-16,114,AnalyticsCo Solutions (SMB) reported: How-to question. Severity: Low.,Resolved by providing feature update. Customer satisfaction: 1/5.,1
TICKET-01032,CUST-0161,AnalyticsCo Solutions,SMB,Technical,Performance slow,High,2024-12-20,2024-12-21,33,AnalyticsCo Solutions (SMB) reported: Performance slow. Severity: High. Impacting business operations.,Resolved by providing feature update. Customer satisfaction: 3/5.,3
TICKET-01033,CUST-0161,AnalyticsCo Solutions,SMB,Billing,Pricing clarification,High,2026-01-30,2026-02-01,48,AnalyticsCo Solutions (SMB) reported: Pricing clarification. Severity: High. Impacting business operations.,Resolved by providing configuration change. Customer satisfaction: 2/5.,2
TICKET-01034,CUST-0161,AnalyticsCo Solutions,SMB,Training,Documentation request,Low,2025-02-18,2025-02-21,84,AnalyticsCo Solutions (SMB) reported: Documentation request. Severity: Low.,Resolved by providing workaround. Customer satisfaction: 2/5.,2
TICKET-01035,CUST-0161,AnalyticsCo Solutions,SMB,Technical,Data sync problem,Low,2025-10-05,2025-10-08,95,AnalyticsCo Solutions (SMB) reported: Data sync problem. Severity: Low.,Resolved by providing workaround. Customer satisfaction: 1/5.,1
TICKET-01036,CUST-0161,AnalyticsCo Solutions,SMB,Training,How-to question,Medium,2025-09-21,2025-09-24,77,AnalyticsCo Solutions (SMB) reported: How-to question. Severity: Medium.,Resolved by providing fix. Customer satisfaction: 2/5.,2
TICKET-01037,CUST-0161,AnalyticsCo Solutions,SMB,Feature,Missing functionality,Low,2026-02-23,2026-02-24,35,AnalyticsCo Solutions (SMB) reported: Missing functionality. Severity: Low.,Resolved by providing fix. Customer satisfaction: 2/5.,2
TICKET-01038,CUST-0161,AnalyticsCo Solutions,SMB,Training,Setup help,Medium,2024-08-25,2024-08-26,46,AnalyticsCo Solutions (SMB) reported: Setup help. Severity: Medium.,Resolved by providing documentation. Customer satisfaction: 3/5.,3
TICKET-01039,CUST-0161,AnalyticsCo Solutions,SMB,Billing,Invoice question,Medium,2024-04-09,2024-04-10,46,AnalyticsCo Solutions (SMB) reported: Invoice question. Severity: Medium.,Resolved by providing feature update. Customer satisfaction: 3/5.,3
TICKET-01040,CUST-0161,AnalyticsCo Solutions,SMB,Technical,Data sync problem,Medium,2025-04-29,2025-04-29,19,AnalyticsCo Solutions (SMB) reported: Data sync problem. Severity: Medium.,Resolved by providing feature update. Customer satisfaction: 2/5.,2
TICKET-01041,CUST-0161,AnalyticsCo Solutions,SMB,Training,Documentation request,Medium,2024-05-14,2024-05-17,76,AnalyticsCo Solutions (SMB) reported: Documentation request. Severity: Medium.,Resolved by providing fix. Customer satisfaction: 3/5.,3
TICKET-01042,CUST-0161,AnalyticsCo Solutions,SMB,Billing,Invoice question,High,2025-12-28,2025-12-29,43,AnalyticsCo Solutions (SMB) reported: Invoice question. Severity: High. Impacting business operations.,Resolved by providing documentation. Customer satisfaction: 2/5.,2
TICKET-01043,CUST-0161,AnalyticsCo Solutions,SMB,Technical,Performance slow,Medium,2025-11-27,2025-11-30,87,AnalyticsCo Solutions (SMB) reported: Performance slow. Severity: Medium.,Resolved by providing workaround. Customer satisfaction: 1/5.,1
TICKET-01044,CUST-0162,MetricsDash LLC,Enterprise,Technical,Data sync problem,Low,2026-02-08,2026-02-14,153,MetricsDash LLC (Enterprise) reported: Data sync problem. Severity: Low.,Resolved by providing documentation. Customer satisfaction: 5/5.,5
TICKET-01045,CUST-0162,MetricsDash LLC,Enterprise,Billing,Payment issue,Low,2026-03-24,2026-03-26,52,MetricsDash LLC (Enterprise) reported: Payment issue. Severity: Low.,Resolved by providing fix. Customer satisfaction: 4/5.,4
TICKET-01046,CUST-0162,MetricsDash LLC,Enterprise,Billing,Payment issue,Medium,2026-06-17,2026-06-17,15,MetricsDash LLC (Enterprise) reported: Payment issue. Severity: Medium.,Resolved by providing documentation. Customer satisfaction: 5/5.,5
TICKET-01047,CUST-0163,DataBridge Inc,SMB,Billing,Plan change request,Critical,2024-10-16,2024-10-16,9,DataBridge Inc (SMB) reported: Plan change request. Severity: Critical. Impacting business operations.,Resolved by providing configuration change. Customer satisfaction: 3/5.,3
TICKET-01048,CUST-0163,DataBridge Inc,SMB,Feature,Workflow improvement,Medium,2026-01-09,2026-01-11,68,DataBridge Inc (SMB) reported: Workflow improvement. Severity: Medium.,Resolved by providing fix. Customer satisfaction: 4/5.,4
TICKET-01049,CUST-0163,DataBridge Inc,SMB,Billing,Invoice question,Low,2026-01-14,2026-01-20,157,DataBridge Inc (SMB) reported: Invoice question. Severity: Low.,Resolved by providing configuration change. Customer satisfaction: 3/5.,3
TICKET-01050,CUST-0163,DataBridge Inc,SMB,Technical,Data sync problem,Low,2024-11-14,2024-11-16,61,DataBridge Inc (SMB) reported: Data sync problem. Severity: Low.,Resolved by providing feature update. Customer satisfaction: 3/5.,3
TICKET-01051,CUST-0164,AuditPro Group,SMB,Feature,UI/UX feedback,Medium,2025-11-27,2025-11-29,50,AuditPro Group (SMB) reported: UI/UX feedback. Severity: Medium.,Resolved by providing fix. Customer satisfaction: 3/5.,3
TICKET-01052,CUST-0164,AuditPro Group,SMB,Technical,Performance slow,Low,2026-02-10,2026-02-15,137,AuditPro Group (SMB) reported: Performance slow. Severity: Low.,Resolved by providing feature update. Customer satisfaction: 2/5.,2
TICKET-01053,CUST-0164,AuditPro Group,SMB,Training,Documentation request,High,2025-10-12,2025-10-12,13,AuditPro Group (SMB) reported: Documentation request. Severity: High. Impacting business operations.,Resolved by providing documentation. Customer satisfaction: 3/5.,3
TICKET-01054,CUST-0164,AuditPro Group,SMB,Technical,Integration issue,High,2025-08-16,2025-08-17,29,AuditPro Group (SMB) reported: Integration issue. Severity: High. Impacting business operations.,Resolved by providing configuration change. Customer satisfaction: 4/5.,4
TICKET-01055,CUST-0164,AuditPro Group,SMB,Feature,UI/UX feedback,Medium,2025-10-03,2025-10-05,68,AuditPro Group (SMB) reported: UI/UX feedback. Severity: Medium.,Resolved by providing documentation. Customer satisfaction: 3/5.,3
TICKET-01056,CUST-0164,AuditPro Group,SMB,Billing,Pricing clarification,Low,2026-02-25,2026-02-26,32,AuditPro Group (SMB) reported: Pricing clarification. Severity: Low.,Resolved by providing workaround. Customer satisfaction: 3/5.,3
TICKET-01057,CUST-0164,AuditPro Group,SMB,Feature,Feature request,High,2026-01-06,2026-01-06,23,AuditPro Group (SMB) reported: Feature request. Severity: High. Impacting business operations.,Resolved by providing workaround. Customer satisfaction: 2/5.,2
TICKET-01058,CUST-0165,ComplianceHub Labs,SMB,Feature,UI/UX feedback,Medium,2025-06-20,2025-06-23,90,ComplianceHub Labs (SMB) reported: UI/UX feedback. Severity: Medium.,Resolved by providing configuration change. Customer satisfaction: 5/5.,5
TICKET-01059,CUST-0166,InnovateLabs Solutions,Commercial,Technical,Performance slow,High,2024-12-06,2024-12-07,34,InnovateLabs Solutions (Commercial) reported: Performance slow. Severity: High. Impacting business operations.,Resolved by providing workaround. Customer satisfaction: 2/5.,2
TICKET-01060,CUST-0166,InnovateLabs Solutions,Commercial,Technical,Integration issue,Critical,2024-06-25,2024-06-25,5,InnovateLabs Solutions (Commercial) reported: Integration issue. Severity: Critical. Impacting business operations.,Resolved by providing workaround. Customer satisfaction: 1/5.,1
TICKET-01061,CUST-0166,InnovateLabs Solutions,Commercial,Feature,Workflow improvement,High,2024-02-28,2024-02-29,44,InnovateLabs Solutions (Commercial) reported: Workflow improvement. Severity: High. Impacting business operations.,Resolved by providing configuration change. Customer satisfaction: 2/5.,2
TICKET-01062,CUST-0166,InnovateLabs Solutions,Commercial,Billing,Invoice question,Critical,2025-10-17,2025-10-17,11,InnovateLabs Solutions (Commercial) reported: Invoice question. Severity: Critical. Impacting business operations.,Resolved by providing feature update. Customer satisfaction: 2/5.,2
TICKET-01063,CUST-0166,InnovateLabs Solutions,Commercial,Technical,API error,Low,2025-09-11,2025-09-15,109,InnovateLabs Solutions (Commercial) reported: API error. Severity: Low.,Resolved by providing feature update. Customer satisfaction: 1/5.,1
TICKET-01064,CUST-0166,InnovateLabs Solutions,Commercial,Feature,Missing functionality,High,2024-11-20,2024-11-20,4,InnovateLabs Solutions (Commercial) reported: Missing functionality. Severity: High. Impacting business operations.,Resolved by providing workaround. Customer satisfaction: 1/5.,1
TICKET-01065,CUST-0166,InnovateLabs Solutions,Commercial,Training,Documentation request,High,2025-05-14,2025-05-14,6,InnovateLabs Solutions (Commercial) reported: Documentation request. Severity: High. Impacting business operations.,Resolved by providing documentation. Customer satisfaction: 1/5.,1
TICKET-01066,CUST-0166,InnovateLabs Solutions,Commercial,Feature,UI/UX feedback,Medium,2025-04-06,2025-04-06,19,InnovateLabs Solutions (Commercial) reported: UI/UX feedback. Severity: Medium.,Resolved by providing feature update. Customer satisfaction: 2/5.,2
TICKET-01067,CUST-0166,InnovateLabs Solutions,Commercial,Technical,Data sync problem,Medium,2024-07-15,2024-07-18,92,InnovateLabs Solutions (Commercial) reported: Data sync problem. Severity: Medium.,Resolved by providing fix. Customer satisfaction: 2/5.,2
TICKET-01068,CUST-0166,InnovateLabs Solutions,Commercial,Billing,Pricing clarification,High,2025-03-18,2025-03-19,34,InnovateLabs Solutions (Commercial) reported: Pricing clarification. Severity: High. Impacting business operations.,Resolved by providing configuration change. Customer satisfaction: 1/5.,1
TICKET-01069,CUST-0166,InnovateLabs Solutions,Commercial,Technical,API error,High,2025-03-09,2025-03-09,5,InnovateLabs Solutions (Commercial) reported: API error. Severity: High. Impacting business operations.,Resolved by providing fix. Customer satisfaction: 1/5.,1
TICKET-01070,CUST-0166,InnovateLabs Solutions,Commercial,Billing,Payment issue,Low,2024-06-03,2024-06-06,79,InnovateLabs Solutions (Commercial) reported: Payment issue. Severity: Low.,Resolved by providing workaround. Customer satisfaction: 1/5.,1
TICKET-01071,CUST-0166,InnovateLabs Solutions,Commercial,Feature,Feature request,High,2025-05-15,2025-05-15,17,InnovateLabs Solutions (Commercial) reported: Feature request. Severity: High. Impacting business operations.,Resolved by providing documentation. Customer satisfaction: 2/5.,2
TICKET-01072,CUST-0166,InnovateLabs Solutions,Commercial,Billing,Invoice question,Critical,2024-05-06,2024-05-06,12,InnovateLabs Solutions (Commercial) reported: Invoice question. Severity: Critical. Impacting business operations.,Resolved by providing fix. Customer satisfaction: 3/5.,3
TICKET-01073,CUST-0167,LoadBalance Corp,Enterprise,Billing,Payment issue,Critical,2025-03-28,2025-03-28,4,LoadBalance Corp (Enterprise) reported: Payment issue. Severity: Critical. Impacting business operations.,Resolved by providing configuration change. Customer satisfaction: 4/5.,4
TICKET-01074,CUST-0167,LoadBalance Corp,Enterprise,Technical,Data sync problem,Medium,2026-05-07,2026-05-07,14,LoadBalance Corp (Enterprise) reported: Data sync problem. Severity: Medium.,Resolved by providing configuration change. Customer satisfaction: 2/5.,2
TICKET-01075,CUST-0167,LoadBalance Corp,Enterprise,Billing,Pricing clarification,High,2025-02-14,2025-02-15,44,LoadBalance Corp (Enterprise) reported: Pricing clarification. Severity: High. Impacting business operations.,Resolved by providing configuration change. Customer satisfaction: 4/5.,4
TICKET-01076,CUST-0167,LoadBalance Corp,Enterprise,Technical,API error,Low,2026-03-08,2026-03-14,166,LoadBalance Corp (Enterprise) reported: API error. Severity: Low.,Resolved by providing feature update. Customer satisfaction: 2/5.,2
TICKET-01077,CUST-0167,LoadBalance Corp,Enterprise,Training,Documentation request,High,2025-11-06,2025-11-06,11,LoadBalance Corp (Enterprise) reported: Documentation request. Severity: High. Impacting business operations.,Resolved by providing documentation. Customer satisfaction: 3/5.,3
TICKET-01078,CUST-0167,LoadBalance Corp,Enterprise,Feature,UI/UX feedback,Critical,2026-03-19,2026-03-19,6,LoadBalance Corp (Enterprise) reported: UI/UX feedback. Severity: Critical. Impacting business operations.,Resolved by providing configuration change. Customer satisfaction: 3/5.,3
TICKET-01079,CUST-0167,LoadBalance Corp,Enterprise,Training,Best practices,Low,2026-05-17,2026-05-19,57,LoadBalance Corp (Enterprise) reported: Best practices. Severity: Low.,Resolved by providing configuration change. Customer satisfaction: 1/5.,1
TICKET-01080,CUST-0167,LoadBalance Corp,Enterprise,Feature,Missing functionality,High,2025-12-27,2025-12-27,15,LoadBalance Corp (Enterprise) reported: Missing functionality. Severity: High. Impacting business operations.,Resolved by providing fix. Customer satisfaction: 3/5.,3
TICKET-01081,CUST-0168,SecurityFirst Inc,SMB,Feature,UI/UX feedback,High,2026-02-27,2026-02-28,40,SecurityFirst Inc (SMB) reported: UI/UX feedback. Severity: High. Impacting business operations.,Resolved by providing fix. Customer satisfaction: 2/5.,2
TICKET-01082,CUST-0168,SecurityFirst Inc,SMB,Feature,Feature request,Medium,2026-02-10,2026-02-13,95,SecurityFirst Inc (SMB) reported: Feature request. Severity: Medium.,Resolved by providing feature update. Customer satisfaction: 3/5.,3
TICKET-01083,CUST-0168,SecurityFirst Inc,SMB,Feature,Feature request,Medium,2026-04-14,2026-04-17,88,SecurityFirst Inc (SMB) reported: Feature request. Severity: Medium.,Resolved by providing fix. Customer satisfaction: 2/5.,2
TICKET-01084,CUST-0168,SecurityFirst Inc,SMB,Technical,Integration issue,Critical,2026-02-20,2026-02-20,2,SecurityFirst Inc (SMB) reported: Integration issue. Severity: Critical. Impacting business operations.,Resolved by providing documentation. Customer satisfaction: 3/5.,3
TICKET-01085,CUST-0168,SecurityFirst Inc,SMB,Training,Documentation request,High,2026-03-11,2026-03-12,38,SecurityFirst Inc (SMB) reported: Documentation request. Severity: High. Impacting business operations.,Resolved by providing configuration change. Customer satisfaction: 1/5.,1
TICKET-01086,CUST-0168,SecurityFirst Inc,SMB,Billing,Plan change request,High,2026-05-08,2026-05-09,36,SecurityFirst Inc (SMB) reported: Plan change request. Severity: High. Impacting business operations.,Resolved by providing documentation. Customer satisfaction: 3/5.,3
TICKET-01087,CUST-0169,CodeCraft Technologies,Commercial,Technical,Authentication failure,High,2024-12-08,2024-12-09,42,CodeCraft Technologies (Commercial) reported: Authentication failure. Severity: High. Impacting business operations.,Resolved by providing configuration change. Customer satisfaction: 5/5.,5
TICKET-01088,CUST-0170,SecureNet Technologies,Enterprise,Feature,Feature request,Medium,2025-08-04,2025-08-06,61,SecureNet Technologies (Enterprise) reported: Feature request. Severity: Medium.,Resolved by providing configuration change. Customer satisfaction: 4/5.,4
TICKET-01089,CUST-0170,SecureNet Technologies,Enterprise,Technical,Authentication failure,Medium,2025-11-26,2025-11-28,52,SecureNet Technologies (Enterprise) reported: Authentication failure. Severity: Medium.,Resolved by providing documentation. Customer satisfaction: 3/5.,3
TICKET-01090,CUST-0170,SecureNet Technologies,Enterprise,Feature,Feature request,High,2026-02-22,2026-02-22,6,SecureNet Technologies (Enterprise) reported: Feature request. Severity: High. Impacting business operations.,Resolved by providing workaround. Customer satisfaction: 4/5.,4
TICKET-01091,CUST-0170,SecureNet Technologies,Enterprise,Feature,UI/UX feedback,Medium,2025-12-18,2025-12-20,70,SecureNet Technologies (Enterprise) reported: UI/UX feedback. Severity: Medium.,Resolved by providing workaround. Customer satisfaction: 2/5.,2
TICKET-01092,CUST-0170,SecureNet Technologies,Enterprise,Training,Documentation request,High,2026-05-06,2026-05-06,18,SecureNet Technologies (Enterprise) reported: Documentation request. Severity: High. Impacting business operations.,Resolved by providing feature update. Customer satisfaction: 2/5.,2
TICKET-01093,CUST-0170,SecureNet Technologies,Enterprise,Feature,Workflow improvement,High,2025-08-21,2025-08-22,27,SecureNet Technologies (Enterprise) reported: Workflow improvement. Severity: High. Impacting business operations.,Resolved by providing fix. Customer satisfaction: 3/5.,3
TICKET-01094,CUST-0170,SecureNet Technologies,Enterprise,Training,Setup help,Low,2025-07-28,2025-07-30,70,SecureNet Technologies (Enterprise) reported: Setup help. Severity: Low.,Resolved by providing documentation. Customer satisfaction: 5/5.,5
TICKET-01095,CUST-0170,SecureNet Technologies,Enterprise,Technical,Authentication failure,High,2026-06-01,2026-06-01,17,SecureNet Technologies (Enterprise) reported: Authentication failure. Severity: High. Impacting business operations.,Resolved by providing configuration change. Customer satisfaction: 1/5.,1
TICKET-01096,CUST-0170,SecureNet Technologies,Enterprise,Billing,Plan change request,Medium,2025-11-09,2025-11-10,39,SecureNet Technologies (Enterprise) reported: Plan change request. Severity: Medium.,Resolved by providing fix. Customer satisfaction: 4/5.,4
TICKET-01097,CUST-0170,SecureNet Technologies,Enterprise,Training,Documentation request,Medium,2025-12-28,2025-12-31,87,SecureNet Technologies (Enterprise) reported: Documentation request. Severity: Medium.,Resolved by providing configuration change. Customer satisfaction: 4/5.,4
TICKET-01098,CUST-0170,SecureNet Technologies,Enterprise,Training,Best practices,Medium,2025-07-30,2025-08-01,65,SecureNet Technologies (Enterprise) reported: Best practices. Severity: Medium.,Resolved by providing fix. Customer satisfaction: 5/5.,5
TICKET-01099,CUST-0171,LogStream Solutions,SMB,Training,How-to question,Medium,2026-04-01,2026-04-02,45,LogStream Solutions (SMB) reported: How-to question. Severity: Medium.,Resolved by providing configuration change. Customer satisfaction: 4/5.,4
TICKET-01100,CUST-0171,LogStream Solutions,SMB,Feature,UI/UX feedback,Medium,2025-11-19,2025-11-22,81,LogStream Solutions (SMB) reported: UI/UX feedback. Severity: Medium.,Resolved by providing configuration change. Customer satisfaction: 4/5.,4
TICKET-01101,CUST-0171,LogStream Solutions,SMB,Feature,Feature request,Medium,2025-11-29,2025-12-02,72,LogStream Solutions (SMB) reported: Feature request. Severity: Medium.,Resolved by providing feature update. Customer satisfaction: 4/5.,4
TICKET-01102,CUST-0171,LogStream Solutions,SMB,Technical,API error,Medium,2026-03-30,2026-03-30,20,LogStream Solutions (SMB) reported: API error. Severity: Medium.,Resolved by providing fix. Customer satisfaction: 4/5.,4
TICKET-01103,CUST-0172,ComplianceHub Solutions,Commercial,Feature,Missing functionality,Medium,2024-06-22,2024-06-25,81,ComplianceHub Solutions (Commercial) reported: Missing functionality. Severity: Medium.,Resolved by providing fix. Customer satisfaction: 1/5.,1
TICKET-01104,CUST-0172,ComplianceHub Solutions,Commercial,Technical,Authentication failure,Medium,2023-01-18,2023-01-21,73,ComplianceHub Solutions (Commercial) reported: Authentication failure. Severity: Medium.,Resolved by providing configuration change. Customer satisfaction: 2/5.,2
TICKET-01105,CUST-0172,ComplianceHub Solutions,Commercial,Training,How-to question,Medium,2026-01-13,2026-01-14,44,ComplianceHub Solutions (Commercial) reported: How-to question. Severity: Medium.,Resolved by providing fix. Customer satisfaction: 1/5.,1
TICKET-01106,CUST-0172,ComplianceHub Solutions,Commercial,Technical,Performance slow,Critical,2023-08-17,2023-08-17,10,ComplianceHub Solutions (Commercial) reported: Performance slow. Severity: Critical. Impacting business operations.,Resolved by providing fix. Customer satisfaction: 2/5.,2
TICKET-01107,CUST-0172,ComplianceHub Solutions,Commercial,Feature,UI/UX feedback,Medium,2025-12-23,2025-12-24,43,ComplianceHub Solutions (Commercial) reported: UI/UX feedback. Severity: Medium.,Resolved by providing configuration change. Customer satisfaction: 2/5.,2
TICKET-01108,CUST-0172,ComplianceHub Solutions,Commercial,Billing,Payment issue,High,2023-12-23,2023-12-24,34,ComplianceHub Solutions (Commercial) reported: Payment issue. Severity: High. Impacting business operations.,Resolved by providing documentation. Customer satisfaction: 1/5.,1
TICKET-01109,CUST-0172,ComplianceHub Solutions,Commercial,Technical,API error,High,2026-06-11,2026-06-12,34,ComplianceHub Solutions (Commercial) reported: API error. Severity: High. Impacting business operations.,Resolved by providing feature update. Customer satisfaction: 1/5.,1
TICKET-01110,CUST-0172,ComplianceHub Solutions,Commercial,Training,How-to question,High,2023-09-03,2023-09-04,27,ComplianceHub Solutions (Commercial) reported: How-to question. Severity: High. Impacting business operations.,Resolved by providing configuration change. Customer satisfaction: 3/5.,3
TICKET-01111,CUST-0172,ComplianceHub Solutions,Commercial,Billing,Invoice question,Medium,2025-01-03,2025-01-04,46,ComplianceHub Solutions (Commercial) reported: Invoice question. Severity: Medium.,Resolved by providing workaround. Customer satisfaction: 1/5.,1
TICKET-01112,CUST-0172,ComplianceHub Solutions,Commercial,Technical,Data sync problem,Critical,2026-05-07,2026-05-07,2,ComplianceHub Solutions (Commercial) reported: Data sync problem. Severity: Critical. Impacting business operations.,Resolved by providing workaround. Customer satisfaction: 2/5.,2
TICKET-01113,CUST-0172,ComplianceHub Solutions,Commercial,Billing,Pricing clarification,Critical,2023-10-29,2023-10-29,10,ComplianceHub Solutions (Commercial) reported: Pricing clarification. Severity: Critical. Impacting business operations.,Resolved by providing fix. Customer satisfaction: 2/5.,2
TICKET-01114,CUST-0172,ComplianceHub Solutions,Commercial,Feature,Workflow improvement,High,2025-07-26,2025-07-26,15,ComplianceHub Solutions (Commercial) reported: Workflow improvement. Severity: High. Impacting business operations.,Resolved by providing documentation. Customer satisfaction: 1/5.,1
TICKET-01115,CUST-0172,ComplianceHub Solutions,Commercial,Billing,Pricing clarification,Low,2024-07-28,2024-07-31,79,ComplianceHub Solutions (Commercial) reported: Pricing clarification. Severity: Low.,Resolved by providing workaround. Customer satisfaction: 4/5.,4
TICKET-01116,CUST-0173,CloudVision Solutions,Commercial,Billing,Invoice question,High,2024-11-09,2024-11-09,7,CloudVision Solutions (Commercial) reported: Invoice question. Severity: High. Impacting business operations.,Resolved by providing documentation. Customer satisfaction: 4/5.,4
TICKET-01117,CUST-0173,CloudVision Solutions,Commercial,Technical,Integration issue,Critical,2025-07-13,2025-07-13,5,CloudVision Solutions (Commercial) reported: Integration issue. Severity: Critical. Impacting business operations.,Resolved by providing workaround. Customer satisfaction: 2/5.,2
TICKET-01118,CUST-0173,CloudVision Solutions,Commercial,Billing,Plan change request,Low,2024-02-02,2024-02-07,142,CloudVision Solutions (Commercial) reported: Plan change request. Severity: Low.,Resolved by providing workaround. Customer satisfaction: 4/5.,4
TICKET-01119,CUST-0173,CloudVision Solutions,Commercial,Technical,Performance slow,Medium,2025-08-29,2025-08-29,13,CloudVision Solutions (Commercial) reported: Performance slow. Severity: Medium.,Resolved by providing documentation. Customer satisfaction: 3/5.,3
TICKET-01120,CUST-0173,CloudVision Solutions,Commercial,Billing,Pricing clarification,Low,2025-04-14,2025-04-20,150,CloudVision Solutions (Commercial) reported: Pricing clarification. Severity: Low.,Resolved by providing feature update. Customer satisfaction: 2/5.,2
TICKET-01121,CUST-0173,CloudVision Solutions,Commercial,Feature,Missing functionality,High,2025-10-07,2025-10-08,26,CloudVision Solutions (Commercial) reported: Missing functionality. Severity: High. Impacting business operations.,Resolved by providing feature update. Customer satisfaction: 4/5.,4
TICKET-01122,CUST-0173,CloudVision Solutions,Commercial,Billing,Pricing clarification,Low,2025-02-05,2025-02-09,117,CloudVision Solutions (Commercial) reported: Pricing clarification. Severity: Low.,Resolved by providing configuration change. Customer satisfaction: 2/5.,2
TICKET-01123,CUST-0173,CloudVision Solutions,Commercial,Feature,Workflow improvement,Medium,2024-04-30,2024-05-03,77,CloudVision Solutions (Commercial) reported: Workflow improvement. Severity: Medium.,Resolved by providing fix. Customer satisfaction: 4/5.,4
TICKET-01124,CUST-0173,CloudVision Solutions,Commercial,Training,Best practices,Medium,2026-06-15,2026-06-18,75,CloudVision Solutions (Commercial) reported: Best practices. Severity: Medium.,Resolved by providing configuration change. Customer satisfaction: 1/5.,1
TICKET-01125,CUST-0173,CloudVision Solutions,Commercial,Training,How-to question,High,2025-06-05,2025-06-05,15,CloudVision Solutions (Commercial) reported: How-to question. Severity: High. Impacting business operations.,Resolved by providing fix. Customer satisfaction: 2/5.,2
TICKET-01126,CUST-0174,DevOpsHub Solutions,Commercial,Training,Documentation request,Medium,2024-12-02,2024-12-05,83,DevOpsHub Solutions (Commercial) reported: Documentation request. Severity: Medium.,Resolved by providing feature update. Customer satisfaction: 4/5.,4
TICKET-01127,CUST-0175,MicroServe Corp,Commercial,Billing,Payment issue,High,2026-04-18,2026-04-18,11,MicroServe Corp (Commercial) reported: Payment issue. Severity: High. Impacting business operations.,Resolved by providing configuration change. Customer satisfaction: 3/5.,3
TICKET-01128,CUST-0175,MicroServe Corp,Commercial,Billing,Pricing clarification,Low,2025-12-31,2026-01-03,81,MicroServe Corp (Commercial) reported: Pricing clarification. Severity: Low.,Resolved by providing fix. Customer satisfaction: 3/5.,3
TICKET-01129,CUST-0175,MicroServe Corp,Commercial,Training,Documentation request,Low,2025-12-15,2025-12-20,125,MicroServe Corp (Commercial) reported: Documentation request. Severity: Low.,Resolved by providing feature update. Customer satisfaction: 2/5.,2
TICKET-01130,CUST-0175,MicroServe Corp,Commercial,Training,Documentation request,High,2025-05-01,2025-05-02,42,MicroServe Corp (Commercial) reported: Documentation request. Severity: High. Impacting business operations.,Resolved by providing documentation. Customer satisfaction: 2/5.,2
TICKET-01131,CUST-0175,MicroServe Corp,Commercial,Training,Best practices,Critical,2025-09-15,2025-09-15,8,MicroServe Corp (Commercial) reported: Best practices. Severity: Critical. Impacting business operations.,Resolved by providing documentation. Customer satisfaction: 5/5.,5
TICKET-01132,CUST-0175,MicroServe Corp,Commercial,Technical,Authentication failure,Medium,2025-08-07,2025-08-08,47,MicroServe Corp (Commercial) reported: Authentication failure. Severity: Medium.,Resolved by providing fix. Customer satisfaction: 3/5.,3
TICKET-01133,CUST-0175,MicroServe Corp,Commercial,Feature,Workflow improvement,Low,2025-08-26,2025-09-02,168,MicroServe Corp (Commercial) reported: Workflow improvement. Severity: Low.,Resolved by providing feature update. Customer satisfaction: 4/5.,4
TICKET-01134,CUST-0176,MetricsDash Inc,SMB,Training,How-to question,Low,2025-06-26,2025-06-30,105,MetricsDash Inc (SMB) reported: How-to question. Severity: Low.,Resolved by providing feature update. Customer satisfaction: 1/5.,1
TICKET-01135,CUST-0176,MetricsDash Inc,SMB,Feature,Feature request,High,2025-12-13,2025-12-13,14,MetricsDash Inc (SMB) reported: Feature request. Severity: High. Impacting business operations.,Resolved by providing configuration change. Customer satisfaction: 1/5.,1
TICKET-01136,CUST-0176,MetricsDash Inc,SMB,Technical,Authentication failure,Medium,2025-12-27,2025-12-29,52,MetricsDash Inc (SMB) reported: Authentication failure. Severity: Medium.,Resolved by providing fix. Customer satisfaction: 2/5.,2
TICKET-01137,CUST-0176,MetricsDash Inc,SMB,Technical,API error,Critical,2025-03-08,2025-03-08,1,MetricsDash Inc (SMB) reported: API error. Severity: Critical. Impacting business operations.,Resolved by providing documentation. Customer satisfaction: 4/5.,4
TICKET-01138,CUST-0176,MetricsDash Inc,SMB,Feature,UI/UX feedback,High,2025-04-28,2025-04-28,4,MetricsDash Inc (SMB) reported: UI/UX feedback. Severity: High. Impacting business operations.,Resolved by providing workaround. Customer satisfaction: 3/5.,3
TICKET-01139,CUST-0176,MetricsDash Inc,SMB,Technical,Integration issue,High,2025-08-22,2025-08-23,46,MetricsDash Inc (SMB) reported: Integration issue. Severity: High. Impacting business operations.,Resolved by providing documentation. Customer satisfaction: 1/5.,1
TICKET-01140,CUST-0176,MetricsDash Inc,SMB,Training,Setup help,Medium,2025-10-21,2025-10-23,63,MetricsDash Inc (SMB) reported: Setup help. Severity: Medium.,Resolved by providing documentation. Customer satisfaction: 1/5.,1
TICKET-01141,CUST-0176,MetricsDash Inc,SMB,Training,Documentation request,Medium,2025-02-11,2025-02-12,40,MetricsDash Inc (SMB) reported: Documentation request. Severity: Medium.,Resolved by providing documentation. Customer satisfaction: 1/5.,1
TICKET-01142,CUST-0176,MetricsDash Inc,SMB,Billing,Payment issue,High,2025-12-15,2025-12-15,4,MetricsDash Inc (SMB) reported: Payment issue. Severity: High. Impacting business operations.,Resolved by providing configuration change. Customer satisfaction: 2/5.,2
TICKET-01143,CUST-0177,ContainerOps Group,SMB,Billing,Invoice question,Medium,2026-02-07,2026-02-10,78,ContainerOps Group (SMB) reported: Invoice question. Severity: Medium.,Resolved by providing configuration change. Customer satisfaction: 2/5.,2
TICKET-01144,CUST-0177,ContainerOps Group,SMB,Feature,Missing functionality,Critical,2026-03-10,2026-03-10,9,ContainerOps Group (SMB) reported: Missing functionality. Severity: Critical. Impacting business operations.,Resolved by providing workaround. Customer satisfaction: 2/5.,2
TICKET-01145,CUST-0177,ContainerOps Group,SMB,Billing,Invoice question,High,2025-12-23,2025-12-23,19,ContainerOps Group (SMB) reported: Invoice question. Severity: High. Impacting business operations.,Resolved by providing fix. Customer satisfaction: 4/5.,4
TICKET-01146,CUST-0177,ContainerOps Group,SMB,Feature,Feature request,Low,2026-01-16,2026-01-18,71,ContainerOps Group (SMB) reported: Feature request. Severity: Low.,Resolved by providing configuration change. Customer satisfaction: 4/5.,4
TICKET-01147,CUST-0177,ContainerOps Group,SMB,Feature,Missing functionality,High,2026-01-10,2026-01-10,4,ContainerOps Group (SMB) reported: Missing functionality. Severity: High. Impacting business operations.,Resolved by providing workaround. Customer satisfaction: 3/5.,3
TICKET-01148,CUST-0177,ContainerOps Group,SMB,Training,Best practices,Critical,2025-09-23,2025-09-23,5,ContainerOps Group (SMB) reported: Best practices. Severity: Critical. Impacting business operations.,Resolved by providing configuration change. Customer satisfaction: 3/5.,3
TICKET-01149,CUST-0177,ContainerOps Group,SMB,Billing,Pricing clarification,High,2026-06-23,2026-06-24,41,ContainerOps Group (SMB) reported: Pricing clarification. Severity: High. Impacting business operations.,Resolved by providing configuration change. Customer satisfaction: 2/5.,2
TICKET-01150,CUST-0177,ContainerOps Group,SMB,Technical,Performance slow,Medium,2026-04-22,2026-04-23,35,ContainerOps Group (SMB) reported: Performance slow. Severity: Medium.,Resolved by providing feature update. Customer satisfaction: 2/5.,2
TICKET-01151,CUST-0177,ContainerOps Group,SMB,Technical,Performance slow,High,2026-03-05,2026-03-05,8,ContainerOps Group (SMB) reported: Performance slow. Severity: High. Impacting business operations.,Resolved by providing workaround. Customer satisfaction: 2/5.,2
TICKET-01152,CUST-0178,MonitorPlus Systems,Enterprise,Billing,Invoice question,Critical,2023-06-14,2023-06-14,12,MonitorPlus Systems (Enterprise) reported: Invoice question. Severity: Critical. Impacting business operations.,Resolved by providing configuration change. Customer satisfaction: 3/5.,3
TICKET-01153,CUST-0178,MonitorPlus Systems,Enterprise,Billing,Pricing clarification,Critical,2024-06-20,2024-06-20,11,MonitorPlus Systems (Enterprise) reported: Pricing clarification. Severity: Critical. Impacting business operations.,Resolved by providing configuration change. Customer satisfaction: 4/5.,4
TICKET-01154,CUST-0178,MonitorPlus Systems,Enterprise,Technical,Performance slow,Medium,2024-01-04,2024-01-06,64,MonitorPlus Systems (Enterprise) reported: Performance slow. Severity: Medium.,Resolved by providing fix. Customer satisfaction: 3/5.,3
TICKET-01155,CUST-0178,MonitorPlus Systems,Enterprise,Feature,Workflow improvement,Low,2022-11-21,2022-11-25,111,MonitorPlus Systems (Enterprise) reported: Workflow improvement. Severity: Low.,Resolved by providing documentation. Customer satisfaction: 3/5.,3
TICKET-01156,CUST-0178,MonitorPlus Systems,Enterprise,Feature,Workflow improvement,Critical,2023-09-22,2023-09-22,12,MonitorPlus Systems (Enterprise) reported: Workflow improvement. Severity: Critical. Impacting business operations.,Resolved by providing workaround. Customer satisfaction: 3/5.,3
TICKET-01157,CUST-0178,MonitorPlus Systems,Enterprise,Feature,Workflow improvement,Medium,2024-06-03,2024-06-04,41,MonitorPlus Systems (Enterprise) reported: Workflow improvement. Severity: Medium.,Resolved by providing fix. Customer satisfaction: 3/5.,3
TICKET-01158,CUST-0178,MonitorPlus Systems,Enterprise,Technical,Data sync problem,Medium,2025-06-24,2025-06-25,44,MonitorPlus Systems (Enterprise) reported: Data sync problem. Severity: Medium.,Resolved by providing documentation. Customer satisfaction: 2/5.,2
TICKET-01159,CUST-0179,CodeCraft Corp,Commercial,Feature,Feature request,Medium,2025-07-19,2025-07-22,82,CodeCraft Corp (Commercial) reported: Feature request. Severity: Medium.,Resolved by providing workaround. Customer satisfaction: 1/5.,1
TICKET-01160,CUST-0179,CodeCraft Corp,Commercial,Technical,Data sync problem,Medium,2023-12-17,2023-12-20,74,CodeCraft Corp (Commercial) reported: Data sync problem. Severity: Medium.,Resolved by providing feature update. Customer satisfaction: 4/5.,4
TICKET-01161,CUST-0179,CodeCraft Corp,Commercial,Billing,Pricing clarification,Critical,2025-01-20,2025-01-20,8,CodeCraft Corp (Commercial) reported: Pricing clarification. Severity: Critical. Impacting business operations.,Resolved by providing feature update. Customer satisfaction: 2/5.,2
TICKET-01162,CUST-0179,CodeCraft Corp,Commercial,Training,Setup help,Critical,2024-05-11,2024-05-11,1,CodeCraft Corp (Commercial) reported: Setup help. Severity: Critical. Impacting business operations.,Resolved by providing documentation. Customer satisfaction: 2/5.,2
TICKET-01163,CUST-0179,CodeCraft Corp,Commercial,Technical,API error,High,2024-04-07,2024-04-07,22,CodeCraft Corp (Commercial) reported: API error. Severity: High. Impacting business operations.,Resolved by providing configuration change. Customer satisfaction: 3/5.,3
TICKET-01164,CUST-0179,CodeCraft Corp,Commercial,Technical,Performance slow,Low,2023-01-26,2023-01-30,113,CodeCraft Corp (Commercial) reported: Performance slow. Severity: Low.,Resolved by providing workaround. Customer satisfaction: 3/5.,3
TICKET-01165,CUST-0179,CodeCraft Corp,Commercial,Training,Setup help,Medium,2024-04-12,2024-04-12,22,CodeCraft Corp (Commercial) reported: Setup help. Severity: Medium.,Resolved by providing feature update. Customer satisfaction: 3/5.,3
TICKET-01166,CUST-0179,CodeCraft Corp,Commercial,Training,Documentation request,Medium,2025-05-29,2025-05-29,18,CodeCraft Corp (Commercial) reported: Documentation request. Severity: Medium.,Resolved by providing workaround. Customer satisfaction: 3/5.,3
TICKET-01167,CUST-0179,CodeCraft Corp,Commercial,Training,Best practices,High,2025-07-01,2025-07-02,28,CodeCraft Corp (Commercial) reported: Best practices. Severity: High. Impacting business operations.,Resolved by providing fix. Customer satisfaction: 2/5.,2
TICKET-01168,CUST-0179,CodeCraft Corp,Commercial,Training,How-to question,Low,2023-02-23,2023-02-28,124,CodeCraft Corp (Commercial) reported: How-to question. Severity: Low.,Resolved by providing feature update. Customer satisfaction: 5/5.,5
TICKET-01169,CUST-0179,CodeCraft Corp,Commercial,Training,How-to question,Critical,2024-08-05,2024-08-05,4,CodeCraft Corp (Commercial) reported: How-to question. Severity: Critical. Impacting business operations.,Resolved by providing documentation. Customer satisfaction: 3/5.,3
TICKET-01170,CUST-0179,CodeCraft Corp,Commercial,Training,Setup help,Critical,2024-07-16,2024-07-16,10,CodeCraft Corp (Commercial) reported: Setup help. Severity: Critical. Impacting business operations.,Resolved by providing documentation. Customer satisfaction: 3/5.,3
TICKET-01171,CUST-0180,APIGateway LLC,Commercial,Feature,Missing functionality,High,2022-09-19,2022-09-19,22,APIGateway LLC (Commercial) reported: Missing functionality. Severity: High. Impacting business operations.,Resolved by providing documentation. Customer satisfaction: 4/5.,4
TICKET-01172,CUST-0180,APIGateway LLC,Commercial,Training,Best practices,Medium,2025-07-07,2025-07-10,92,APIGateway LLC (Commercial) reported: Best practices. Severity: Medium.,Resolved by providing fix. Customer satisfaction: 2/5.,2
TICKET-01173,CUST-0180,APIGateway LLC,Commercial,Training,Best practices,Low,2025-11-04,2025-11-08,118,APIGateway LLC (Commercial) reported: Best practices. Severity: Low.,Resolved by providing configuration change. Customer satisfaction: 2/5.,2
TICKET-01174,CUST-0180,APIGateway LLC,Commercial,Technical,Performance slow,High,2025-08-17,2025-08-18,41,APIGateway LLC (Commercial) reported: Performance slow. Severity: High. Impacting business operations.,Resolved by providing configuration change. Customer satisfaction: 1/5.,1
TICKET-01175,CUST-0180,APIGateway LLC,Commercial,Billing,Pricing clarification,Critical,2024-10-12,2024-10-12,12,APIGateway LLC (Commercial) reported: Pricing clarification. Severity: Critical. Impacting business operations.,Resolved by providing fix. Customer satisfaction: 1/5.,1
TICKET-01176,CUST-0180,APIGateway LLC,Commercial,Feature,Feature request,Medium,2025-08-26,2025-08-29,85,APIGateway LLC (Commercial) reported: Feature request. Severity: Medium.,Resolved by providing workaround. Customer satisfaction: 1/5.,1
TICKET-01177,CUST-0180,APIGateway LLC,Commercial,Feature,Workflow improvement,Low,2024-09-25,2024-10-01,147,APIGateway LLC (Commercial) reported: Workflow improvement. Severity: Low.,Resolved by providing configuration change. Customer satisfaction: 1/5.,1
TICKET-01178,CUST-0180,APIGateway LLC,Commercial,Training,Documentation request,Critical,2022-10-12,2022-10-12,12,APIGateway LLC (Commercial) reported: Documentation request. Severity: Critical. Impacting business operations.,Resolved by providing workaround. Customer satisfaction: 5/5.,5
TICKET-01179,CUST-0180,APIGateway LLC,Commercial,Technical,Authentication failure,Medium,2023-11-19,2023-11-22,73,APIGateway LLC (Commercial) reported: Authentication failure. Severity: Medium.,Resolved by providing workaround. Customer satisfaction: 2/5.,2
TICKET-01180,CUST-0180,APIGateway LLC,Commercial,Billing,Pricing clarification,Critical,2026-01-15,2026-01-15,9,APIGateway LLC (Commercial) reported: Pricing clarification. Severity: Critical. Impacting business operations.,Resolved by providing workaround. Customer satisfaction: 1/5.,1
TICKET-01181,CUST-0180,APIGateway LLC,Commercial,Feature,Feature request,High,2024-05-18,2024-05-18,4,APIGateway LLC (Commercial) reported: Feature request. Severity: High. Impacting business operations.,Resolved by providing workaround. Customer satisfaction: 1/5.,1
TICKET-01182,CUST-0180,APIGateway LLC,Commercial,Training,Best practices,Critical,2024-02-22,2024-02-22,8,APIGateway LLC (Commercial) reported: Best practices. Severity: Critical. Impacting business operations.,Resolved by providing configuration change. Customer satisfaction: 3/5.,3
TICKET-01183,CUST-0181,CloudVision Inc,SMB,Billing,Plan change request,Medium,2025-01-01,2025-01-04,73,CloudVision Inc (SMB) reported: Plan change request. Severity: Medium.,Resolved by providing fix. Customer satisfaction: 3/5.,3
TICKET-01184,CUST-0181,CloudVision Inc,SMB,Technical,Authentication failure,Medium,2025-05-22,2025-05-23,43,CloudVision Inc (SMB) reported: Authentication failure. Severity: Medium.,Resolved by providing configuration change. Customer satisfaction: 3/5.,3
TICKET-01185,CUST-0182,WorkflowPro Systems,Commercial,Feature,Workflow improvement,High,2024-01-30,2024-01-31,35,WorkflowPro Systems (Commercial) reported: Workflow improvement. Severity: High. Impacting business operations.,Resolved by providing documentation. Customer satisfaction: 2/5.,2
TICKET-01186,CUST-0182,WorkflowPro Systems,Commercial,Billing,Pricing clarification,Medium,2023-03-18,2023-03-21,79,WorkflowPro Systems (Commercial) reported: Pricing clarification. Severity: Medium.,Resolved by providing workaround. Customer satisfaction: 5/5.,5
TICKET-01187,CUST-0182,WorkflowPro Systems,Commercial,Billing,Invoice question,High,2023-09-27,2023-09-28,27,WorkflowPro Systems (Commercial) reported: Invoice question. Severity: High. Impacting business operations.,Resolved by providing feature update. Customer satisfaction: 3/5.,3
TICKET-01188,CUST-0182,WorkflowPro Systems,Commercial,Feature,UI/UX feedback,High,2024-03-02,2024-03-04,48,WorkflowPro Systems (Commercial) reported: UI/UX feedback. Severity: High. Impacting business operations.,Resolved by providing documentation. Customer satisfaction: 2/5.,2
TICKET-01189,CUST-0182,WorkflowPro Systems,Commercial,Technical,Authentication failure,High,2023-12-14,2023-12-14,19,WorkflowPro Systems (Commercial) reported: Authentication failure. Severity: High. Impacting business operations.,Resolved by providing configuration change. Customer satisfaction: 3/5.,3
TICKET-01190,CUST-0182,WorkflowPro Systems,Commercial,Billing,Invoice question,High,2023-11-30,2023-11-30,10,WorkflowPro Systems (Commercial) reported: Invoice question. Severity: High. Impacting business operations.,Resolved by providing feature update. Customer satisfaction: 2/5.,2
TICKET-01191,CUST-0182,WorkflowPro Systems,Commercial,Feature,Workflow improvement,Medium,2024-05-28,2024-05-31,72,WorkflowPro Systems (Commercial) reported: Workflow improvement. Severity: Medium.,Resolved by providing configuration change. Customer satisfaction: 2/5.,2
TICKET-01192,CUST-0182,WorkflowPro Systems,Commercial,Technical,API error,High,2024-05-13,2024-05-13,14,WorkflowPro Systems (Commercial) reported: API error. Severity: High. Impacting business operations.,Resolved by providing workaround. Customer satisfaction: 2/5.,2
TICKET-01193,CUST-0183,InnovateLabs Labs,Commercial,Technical,Integration issue,Critical,2025-10-29,2025-10-29,4,InnovateLabs Labs (Commercial) reported: Integration issue. Severity: Critical. Impacting business operations.,Resolved by providing documentation. Customer satisfaction: 5/5.,5
TICKET-01194,CUST-0183,InnovateLabs Labs,Commercial,Training,Best practices,High,2025-10-03,2025-10-03,11,InnovateLabs Labs (Commercial) reported: Best practices. Severity: High. Impacting business operations.,Resolved by providing feature update. Customer satisfaction: 4/5.,4
TICKET-01195,CUST-0183,InnovateLabs Labs,Commercial,Training,Documentation request,High,2026-01-07,2026-01-08,26,InnovateLabs Labs (Commercial) reported: Documentation request. Severity: High. Impacting business operations.,Resolved by providing documentation. Customer satisfaction: 5/5.,5
TICKET-01196,CUST-0184,APIGateway Solutions,Enterprise,Feature,UI/UX feedback,Critical,2024-10-20,2024-10-20,4,APIGateway Solutions (Enterprise) reported: UI/UX feedback. Severity: Critical. Impacting business operations.,Resolved by providing feature update. Customer satisfaction: 5/5.,5
TICKET-01197,CUST-0184,APIGateway Solutions,Enterprise,Billing,Plan change request,Medium,2025-12-20,2025-12-23,75,APIGateway Solutions (Enterprise) reported: Plan change request. Severity: Medium.,Resolved by providing configuration change. Customer satisfaction: 4/5.,4
TICKET-01198,CUST-0184,APIGateway Solutions,Enterprise,Technical,Performance slow,Medium,2025-08-12,2025-08-13,25,APIGateway Solutions (Enterprise) reported: Performance slow. Severity: Medium.,Resolved by providing workaround. Customer satisfaction: 4/5.,4
TICKET-01199,CUST-0184,APIGateway Solutions,Enterprise,Training,How-to question,Low,2026-03-21,2026-03-22,41,APIGateway Solutions (Enterprise) reported: How-to question. Severity: Low.,Resolved by providing configuration change. Customer satisfaction: 4/5.,4
TICKET-01200,CUST-0185,DataBridge LLC,Enterprise,Training,Documentation request,High,2022-11-30,2022-11-30,4,DataBridge LLC (Enterprise) reported: Documentation request. Severity: High. Impacting business operations.,Resolved by providing workaround. Customer satisfaction: 4/5.,4
TICKET-01201,CUST-0185,DataBridge LLC,Enterprise,Training,Setup help,Medium,2023-03-26,2023-03-29,94,DataBridge LLC (Enterprise) reported: Setup help. Severity: Medium.,Resolved by providing fix. Customer satisfaction: 5/5.,5
TICKET-01202,CUST-0185,DataBridge LLC,Enterprise,Training,Documentation request,Low,2024-03-12,2024-03-13,31,DataBridge LLC (Enterprise) reported: Documentation request. Severity: Low.,Resolved by providing configuration change. Customer satisfaction: 3/5.,3
TICKET-01203,CUST-0185,DataBridge LLC,Enterprise,Technical,Integration issue,Low,2023-01-01,2023-01-07,145,DataBridge LLC (Enterprise) reported: Integration issue. Severity: Low.,Resolved by providing workaround. Customer satisfaction: 4/5.,4
TICKET-01204,CUST-0185,DataBridge LLC,Enterprise,Billing,Payment issue,Medium,2023-09-13,2023-09-15,58,DataBridge LLC (Enterprise) reported: Payment issue. Severity: Medium.,Resolved by providing fix. Customer satisfaction: 4/5.,4
TICKET-01205,CUST-0185,DataBridge LLC,Enterprise,Feature,Feature request,Medium,2023-06-06,2023-06-09,89,DataBridge LLC (Enterprise) reported: Feature request. Severity: Medium.,Resolved by providing workaround. Customer satisfaction: 4/5.,4
TICKET-01206,CUST-0185,DataBridge LLC,Enterprise,Billing,Plan change request,High,2026-03-24,2026-03-24,22,DataBridge LLC (Enterprise) reported: Plan change request. Severity: High. Impacting business operations.,Resolved by providing documentation. Customer satisfaction: 1/5.,1
TICKET-01207,CUST-0185,DataBridge LLC,Enterprise,Training,Setup help,High,2024-07-17,2024-07-18,44,DataBridge LLC (Enterprise) reported: Setup help. Severity: High. Impacting business operations.,Resolved by providing documentation. Customer satisfaction: 3/5.,3
TICKET-01208,CUST-0185,DataBridge LLC,Enterprise,Technical,Performance slow,High,2024-08-24,2024-08-25,39,DataBridge LLC (Enterprise) reported: Performance slow. Severity: High. Impacting business operations.,Resolved by providing configuration change. Customer satisfaction: 3/5.,3
TICKET-01209,CUST-0185,DataBridge LLC,Enterprise,Training,Setup help,High,2024-07-25,2024-07-26,43,DataBridge LLC (Enterprise) reported: Setup help. Severity: High. Impacting business operations.,Resolved by providing fix. Customer satisfaction: 3/5.,3
TICKET-01210,CUST-0185,DataBridge LLC,Enterprise,Technical,API error,High,2025-03-31,2025-04-01,25,DataBridge LLC (Enterprise) reported: API error. Severity: High. Impacting business operations.,Resolved by providing feature update. Customer satisfaction: 3/5.,3
TICKET-01211,CUST-0185,DataBridge LLC,Enterprise,Technical,Integration issue,Low,2024-07-30,2024-08-05,154,DataBridge LLC (Enterprise) reported: Integration issue. Severity: Low.,Resolved by providing configuration change. Customer satisfaction: 3/5.,3
TICKET-01212,CUST-0185,DataBridge LLC,Enterprise,Feature,Workflow improvement,Medium,2025-02-05,2025-02-05,21,DataBridge LLC (Enterprise) reported: Workflow improvement. Severity: Medium.,Resolved by providing configuration change. Customer satisfaction: 3/5.,3
TICKET-01213,CUST-0185,DataBridge LLC,Enterprise,Training,Documentation request,Medium,2022-11-30,2022-12-02,48,DataBridge LLC (Enterprise) reported: Documentation request. Severity: Medium.,Resolved by providing feature update. Customer satisfaction: 5/5.,5
TICKET-01214,CUST-0185,DataBridge LLC,Enterprise,Training,Setup help,Medium,2024-10-12,2024-10-14,55,DataBridge LLC (Enterprise) reported: Setup help. Severity: Medium.,Resolved by providing configuration change. Customer satisfaction: 2/5.,2
TICKET-01215,CUST-0186,DataSync Corp,Enterprise,Billing,Payment issue,Medium,2025-04-06,2025-04-08,65,DataSync Corp (Enterprise) reported: Payment issue. Severity: Medium.,Resolved by providing fix. Customer satisfaction: 2/5.,2
TICKET-01216,CUST-0186,DataSync Corp,Enterprise,Billing,Pricing clarification,High,2025-11-28,2025-11-29,46,DataSync Corp (Enterprise) reported: Pricing clarification. Severity: High. Impacting business operations.,Resolved by providing documentation. Customer satisfaction: 2/5.,2
TICKET-01217,CUST-0186,DataSync Corp,Enterprise,Training,How-to question,High,2024-10-10,2024-10-11,34,DataSync Corp (Enterprise) reported: How-to question. Severity: High. Impacting business operations.,Resolved by providing configuration change. Customer satisfaction: 3/5.,3
TICKET-01218,CUST-0186,DataSync Corp,Enterprise,Feature,Missing functionality,Medium,2024-10-30,2024-10-30,18,DataSync Corp (Enterprise) reported: Missing functionality. Severity: Medium.,Resolved by providing feature update. Customer satisfaction: 4/5.,4
TICKET-01219,CUST-0186,DataSync Corp,Enterprise,Feature,Workflow improvement,High,2025-11-16,2025-11-17,30,DataSync Corp (Enterprise) reported: Workflow improvement. Severity: High. Impacting business operations.,Resolved by providing feature update. Customer satisfaction: 1/5.,1
TICKET-01220,CUST-0186,DataSync Corp,Enterprise,Feature,Feature request,High,2025-06-28,2025-06-28,22,DataSync Corp (Enterprise) reported: Feature request. Severity: High. Impacting business operations.,Resolved by providing fix. Customer satisfaction: 2/5.,2
TICKET-01221,CUST-0186,DataSync Corp,Enterprise,Training,Setup help,High,2025-09-22,2025-09-24,48,DataSync Corp (Enterprise) reported: Setup help. Severity: High. Impacting business operations.,Resolved by providing workaround. Customer satisfaction: 2/5.,2
TICKET-01222,CUST-0186,DataSync Corp,Enterprise,Billing,Invoice question,Medium,2025-11-17,2025-11-17,21,DataSync Corp (Enterprise) reported: Invoice question. Severity: Medium.,Resolved by providing configuration change. Customer satisfaction: 2/5.,2
TICKET-01223,CUST-0186,DataSync Corp,Enterprise,Technical,Integration issue,Low,2024-08-05,2024-08-10,133,DataSync Corp (Enterprise) reported: Integration issue. Severity: Low.,Resolved by providing feature update. Customer satisfaction: 4/5.,4
TICKET-01224,CUST-0186,DataSync Corp,Enterprise,Training,How-to question,Medium,2024-12-01,2024-12-03,57,DataSync Corp (Enterprise) reported: How-to question. Severity: Medium.,Resolved by providing documentation. Customer satisfaction: 3/5.,3
TICKET-01225,CUST-0187,AIForge Corp,SMB,Billing,Payment issue,High,2024-07-16,2024-07-16,14,AIForge Corp (SMB) reported: Payment issue. Severity: High. Impacting business operations.,Resolved by providing feature update. Customer satisfaction: 3/5.,3
TICKET-01226,CUST-0187,AIForge Corp,SMB,Technical,Authentication failure,High,2023-10-19,2023-10-20,36,AIForge Corp (SMB) reported: Authentication failure. Severity: High. Impacting business operations.,Resolved by providing fix. Customer satisfaction: 2/5.,2
TICKET-01227,CUST-0187,AIForge Corp,SMB,Billing,Pricing clarification,Medium,2024-03-24,2024-03-26,54,AIForge Corp (SMB) reported: Pricing clarification. Severity: Medium.,Resolved by providing feature update. Customer satisfaction: 2/5.,2
TICKET-01228,CUST-0187,AIForge Corp,SMB,Technical,Integration issue,Critical,2024-03-06,2024-03-06,6,AIForge Corp (SMB) reported: Integration issue. Severity: Critical. Impacting business operations.,Resolved by providing documentation. Customer satisfaction: 2/5.,2
TICKET-01229,CUST-0187,AIForge Corp,SMB,Training,How-to question,Low,2024-10-06,2024-10-09,76,AIForge Corp (SMB) reported: How-to question. Severity: Low.,Resolved by providing workaround. Customer satisfaction: 2/5.,2
TICKET-01230,CUST-0187,AIForge Corp,SMB,Feature,Missing functionality,High,2024-01-30,2024-01-31,38,AIForge Corp (SMB) reported: Missing functionality. Severity: High. Impacting business operations.,Resolved by providing feature update. Customer satisfaction: 3/5.,3
TICKET-01231,CUST-0187,AIForge Corp,SMB,Technical,Data sync problem,Medium,2024-04-17,2024-04-19,59,AIForge Corp (SMB) reported: Data sync problem. Severity: Medium.,Resolved by providing documentation. Customer satisfaction: 2/5.,2
TICKET-01232,CUST-0187,AIForge Corp,SMB,Technical,Data sync problem,Low,2023-08-20,2023-08-23,92,AIForge Corp (SMB) reported: Data sync problem. Severity: Low.,Resolved by providing feature update. Customer satisfaction: 2/5.,2
TICKET-01233,CUST-0187,AIForge Corp,SMB,Feature,Workflow improvement,High,2024-11-13,2024-11-14,35,AIForge Corp (SMB) reported: Workflow improvement. Severity: High. Impacting business operations.,Resolved by providing workaround. Customer satisfaction: 2/5.,2
TICKET-01234,CUST-0187,AIForge Corp,SMB,Billing,Invoice question,High,2023-09-21,2023-09-22,44,AIForge Corp (SMB) reported: Invoice question. Severity: High. Impacting business operations.,Resolved by providing configuration change. Customer satisfaction: 3/5.,3
TICKET-01235,CUST-0188,LoadBalance Solutions,SMB,Billing,Pricing clarification,Critical,2024-11-09,2024-11-09,6,LoadBalance Solutions (SMB) reported: Pricing clarification. Severity: Critical. Impacting business operations.,Resolved by providing documentation. Customer satisfaction: 4/5.,4
TICKET-01236,CUST-0188,LoadBalance Solutions,SMB,Training,Setup help,Medium,2025-05-01,2025-05-02,34,LoadBalance Solutions (SMB) reported: Setup help. Severity: Medium.,Resolved by providing feature update. Customer satisfaction: 4/5.,4
TICKET-01237,CUST-0188,LoadBalance Solutions,SMB,Training,How-to question,Medium,2024-08-09,2024-08-10,33,LoadBalance Solutions (SMB) reported: How-to question. Severity: Medium.,Resolved by providing fix. Customer satisfaction: 2/5.,2
TICKET-01238,CUST-0188,LoadBalance Solutions,SMB,Technical,Data sync problem,Low,2025-01-30,2025-02-03,104,LoadBalance Solutions (SMB) reported: Data sync problem. Severity: Low.,Resolved by providing feature update. Customer satisfaction: 3/5.,3
TICKET-01239,CUST-0188,LoadBalance Solutions,SMB,Feature,Feature request,Critical,2024-11-10,2024-11-10,11,LoadBalance Solutions (SMB) reported: Feature request. Severity: Critical. Impacting business operations.,Resolved by providing feature update. Customer satisfaction: 4/5.,4
TICKET-01240,CUST-0188,LoadBalance Solutions,SMB,Billing,Plan change request,Low,2024-09-05,2024-09-07,67,LoadBalance Solutions (SMB) reported: Plan change request. Severity: Low.,Resolved by providing fix. Customer satisfaction: 3/5.,3
TICKET-01241,CUST-0188,LoadBalance Solutions,SMB,Billing,Invoice question,Medium,2024-12-05,2024-12-07,67,LoadBalance Solutions (SMB) reported: Invoice question. Severity: Medium.,Resolved by providing documentation. Customer satisfaction: 4/5.,4
TICKET-01242,CUST-0188,LoadBalance Solutions,SMB,Training,Best practices,Medium,2024-10-29,2024-11-01,87,LoadBalance Solutions (SMB) reported: Best practices. Severity: Medium.,Resolved by providing fix. Customer satisfaction: 4/5.,4
TICKET-01243,CUST-0189,MetricsDash Systems,SMB,Training,Best practices,Low,2025-12-01,2025-12-03,54,MetricsDash Systems (SMB) reported: Best practices. Severity: Low.,Resolved by providing fix. Customer satisfaction: 3/5.,3
TICKET-01244,CUST-0189,MetricsDash Systems,SMB,Billing,Plan change request,Medium,2026-03-24,2026-03-25,42,MetricsDash Systems (SMB) reported: Plan change request. Severity: Medium.,Resolved by providing documentation. Customer satisfaction: 4/5.,4
TICKET-01245,CUST-0189,MetricsDash Systems,SMB,Feature,UI/UX feedback,Critical,2026-02-28,2026-02-28,10,MetricsDash Systems (SMB) reported: UI/UX feedback. Severity: Critical. Impacting business operations.,Resolved by providing fix. Customer satisfaction: 3/5.,3
TICKET-01246,CUST-0189,MetricsDash Systems,SMB,Training,Documentation request,High,2025-11-28,2025-11-29,25,MetricsDash Systems (SMB) reported: Documentation request. Severity: High. Impacting business operations.,Resolved by providing configuration change. Customer satisfaction: 3/5.,3
TICKET-01247,CUST-0189,MetricsDash Systems,SMB,Technical,Performance slow,High,2026-02-03,2026-02-04,34,MetricsDash Systems (SMB) reported: Performance slow. Severity: High. Impacting business operations.,Resolved by providing feature update. Customer satisfaction: 3/5.,3
TICKET-01248,CUST-0189,MetricsDash Systems,SMB,Billing,Invoice question,Critical,2026-04-14,2026-04-14,1,MetricsDash Systems (SMB) reported: Invoice question. Severity: Critical. Impacting business operations.,Resolved by providing documentation. Customer satisfaction: 3/5.,3
TICKET-01249,CUST-0190,MetricsDash Corp,Commercial,Billing,Payment issue,Low,2025-03-30,2025-03-31,38,MetricsDash Corp (Commercial) reported: Payment issue. Severity: Low.,Resolved by providing workaround. Customer satisfaction: 3/5.,3
TICKET-01250,CUST-0190,MetricsDash Corp,Commercial,Training,Best practices,Medium,2024-11-03,2024-11-05,62,MetricsDash Corp (Commercial) reported: Best practices. Severity: Medium.,Resolved by providing feature update. Customer satisfaction: 2/5.,2
TICKET-01251,CUST-0190,MetricsDash Corp,Commercial,Technical,Authentication failure,Low,2025-02-15,2025-02-16,27,MetricsDash Corp (Commercial) reported: Authentication failure. Severity: Low.,Resolved by providing configuration change. Customer satisfaction: 2/5.,2
TICKET-01252,CUST-0190,MetricsDash Corp,Commercial,Technical,Integration issue,Low,2024-04-20,2024-04-21,30,MetricsDash Corp (Commercial) reported: Integration issue. Severity: Low.,Resolved by providing configuration change. Customer satisfaction: 4/5.,4
TICKET-01253,CUST-0190,MetricsDash Corp,Commercial,Feature,Missing functionality,Medium,2023-05-27,2023-05-30,94,MetricsDash Corp (Commercial) reported: Missing functionality. Severity: Medium.,Resolved by providing documentation. Customer satisfaction: 5/5.,5
TICKET-01254,CUST-0190,MetricsDash Corp,Commercial,Feature,UI/UX feedback,Critical,2024-10-28,2024-10-28,7,MetricsDash Corp (Commercial) reported: UI/UX feedback. Severity: Critical. Impacting business operations.,Resolved by providing configuration change. Customer satisfaction: 2/5.,2
TICKET-01255,CUST-0190,MetricsDash Corp,Commercial,Training,Best practices,High,2023-07-07,2023-07-08,25,MetricsDash Corp (Commercial) reported: Best practices. Severity: High. Impacting business operations.,Resolved by providing workaround. Customer satisfaction: 4/5.,4
TICKET-01256,CUST-0190,MetricsDash Corp,Commercial,Technical,API error,Medium,2023-08-08,2023-08-11,86,MetricsDash Corp (Commercial) reported: API error. Severity: Medium.,Resolved by providing workaround. Customer satisfaction: 5/5.,5
TICKET-01257,CUST-0190,MetricsDash Corp,Commercial,Feature,Workflow improvement,High,2024-07-22,2024-07-22,10,MetricsDash Corp (Commercial) reported: Workflow improvement. Severity: High. Impacting business operations.,Resolved by providing fix. Customer satisfaction: 3/5.,3
TICKET-01258,CUST-0190,MetricsDash Corp,Commercial,Feature,Missing functionality,Low,2024-04-03,2024-04-07,96,MetricsDash Corp (Commercial) reported: Missing functionality. Severity: Low.,Resolved by providing workaround. Customer satisfaction: 3/5.,3
TICKET-01259,CUST-0190,MetricsDash Corp,Commercial,Billing,Payment issue,Critical,2024-01-18,2024-01-18,10,MetricsDash Corp (Commercial) reported: Payment issue. Severity: Critical. Impacting business operations.,Resolved by providing documentation. Customer satisfaction: 4/5.,4
TICKET-01260,CUST-0190,MetricsDash Corp,Commercial,Technical,Data sync problem,Medium,2023-05-20,2023-05-20,14,MetricsDash Corp (Commercial) reported: Data sync problem. Severity: Medium.,Resolved by providing documentation. Customer satisfaction: 4/5.,4
TICKET-01261,CUST-0190,MetricsDash Corp,Commercial,Billing,Pricing clarification,Low,2024-02-20,2024-02-26,157,MetricsDash Corp (Commercial) reported: Pricing clarification. Severity: Low.,Resolved by providing workaround. Customer satisfaction: 4/5.,4
TICKET-01262,CUST-0191,InnovateLabs Systems,SMB,Technical,Integration issue,High,2025-02-22,2025-02-23,46,InnovateLabs Systems (SMB) reported: Integration issue. Severity: High. Impacting business operations.,Resolved by providing workaround. Customer satisfaction: 3/5.,3
TICKET-01263,CUST-0192,WorkflowPro Solutions,SMB,Feature,UI/UX feedback,Medium,2026-03-18,2026-03-21,92,WorkflowPro Solutions (SMB) reported: UI/UX feedback. Severity: Medium.,Resolved by providing configuration change. Customer satisfaction: 5/5.,5
TICKET-01264,CUST-0192,WorkflowPro Solutions,SMB,Training,Documentation request,High,2026-02-06,2026-02-06,5,WorkflowPro Solutions (SMB) reported: Documentation request. Severity: High. Impacting business operations.,Resolved by providing fix. Customer satisfaction: 4/5.,4
TICKET-01265,CUST-0193,LoadBalance LLC,Commercial,Technical,Integration issue,Medium,2024-05-23,2024-05-26,94,LoadBalance LLC (Commercial) reported: Integration issue. Severity: Medium.,Resolved by providing workaround. Customer satisfaction: 5/5.,5
TICKET-01266,CUST-0194,CacheMaster Group,SMB,Technical,Data sync problem,Medium,2025-08-16,2025-08-18,52,CacheMaster Group (SMB) reported: Data sync problem. Severity: Medium.,Resolved by providing documentation. Customer satisfaction: 4/5.,4
TICKET-01267,CUST-0195,ScaleSystems Group,SMB,Technical,API error,Medium,2026-06-02,2026-06-03,42,ScaleSystems Group (SMB) reported: API error. Severity: Medium.,Resolved by providing fix. Customer satisfaction: 2/5.,2
TICKET-01268,CUST-0195,ScaleSystems Group,SMB,Technical,Authentication failure,Medium,2025-04-16,2025-04-17,24,ScaleSystems Group (SMB) reported: Authentication failure. Severity: Medium.,Resolved by providing workaround. Customer satisfaction: 2/5.,2
TICKET-01269,CUST-0195,ScaleSystems Group,SMB,Training,How-to question,Critical,2026-05-15,2026-05-15,8,ScaleSystems Group (SMB) reported: How-to question. Severity: Critical. Impacting business operations.,Resolved by providing fix. Customer satisfaction: 3/5.,3
TICKET-01270,CUST-0195,ScaleSystems Group,SMB,Billing,Pricing clarification,Medium,2025-05-18,2025-05-20,63,ScaleSystems Group (SMB) reported: Pricing clarification. Severity: Medium.,Resolved by providing feature update. Customer satisfaction: 3/5.,3
TICKET-01271,CUST-0195,ScaleSystems Group,SMB,Technical,Integration issue,High,2025-05-29,2025-05-29,15,ScaleSystems Group (SMB) reported: Integration issue. Severity: High. Impacting business operations.,Resolved by providing feature update. Customer satisfaction: 4/5.,4
TICKET-01272,CUST-0195,ScaleSystems Group,SMB,Feature,Feature request,High,2026-06-24,2026-06-24,6,ScaleSystems Group (SMB) reported: Feature request. Severity: High. Impacting business operations.,Resolved by providing feature update. Customer satisfaction: 3/5.,3
TICKET-01273,CUST-0195,ScaleSystems Group,SMB,Training,Best practices,Critical,2025-02-27,2025-02-27,11,ScaleSystems Group (SMB) reported: Best practices. Severity: Critical. Impacting business operations.,Resolved by providing workaround. Customer satisfaction: 4/5.,4
TICKET-01274,CUST-0195,ScaleSystems Group,SMB,Technical,Integration issue,Low,2024-12-07,2024-12-12,130,ScaleSystems Group (SMB) reported: Integration issue. Severity: Low.,Resolved by providing fix. Customer satisfaction: 2/5.,2
TICKET-01275,CUST-0195,ScaleSystems Group,SMB,Billing,Payment issue,Low,2025-05-12,2025-05-14,52,ScaleSystems Group (SMB) reported: Payment issue. Severity: Low.,Resolved by providing feature update. Customer satisfaction: 4/5.,4
TICKET-01276,CUST-0195,ScaleSystems Group,SMB,Technical,Authentication failure,Medium,2025-01-27,2025-01-28,41,ScaleSystems Group (SMB) reported: Authentication failure. Severity: Medium.,Resolved by providing documentation. Customer satisfaction: 3/5.,3
TICKET-01277,CUST-0195,ScaleSystems Group,SMB,Training,How-to question,Low,2025-03-09,2025-03-12,94,ScaleSystems Group (SMB) reported: How-to question. Severity: Low.,Resolved by providing documentation. Customer satisfaction: 3/5.,3
TICKET-01278,CUST-0196,AuditPro Corp,SMB,Technical,Data sync problem,Critical,2026-01-01,2026-01-01,6,AuditPro Corp (SMB) reported: Data sync problem. Severity: Critical. Impacting business operations.,Resolved by providing documentation. Customer satisfaction: 2/5.,2
TICKET-01279,CUST-0196,AuditPro Corp,SMB,Billing,Payment issue,High,2026-03-03,2026-03-03,20,AuditPro Corp (SMB) reported: Payment issue. Severity: High. Impacting business operations.,Resolved by providing workaround. Customer satisfaction: 1/5.,1
TICKET-01280,CUST-0196,AuditPro Corp,SMB,Feature,Feature request,Low,2025-05-12,2025-05-14,51,AuditPro Corp (SMB) reported: Feature request. Severity: Low.,Resolved by providing feature update. Customer satisfaction: 3/5.,3
TICKET-01281,CUST-0196,AuditPro Corp,SMB,Training,Best practices,Critical,2024-04-21,2024-04-21,9,AuditPro Corp (SMB) reported: Best practices. Severity: Critical. Impacting business operations.,Resolved by providing configuration change. Customer satisfaction: 3/5.,3
TICKET-01282,CUST-0196,AuditPro Corp,SMB,Billing,Pricing clarification,High,2026-02-23,2026-02-24,39,AuditPro Corp (SMB) reported: Pricing clarification. Severity: High. Impacting business operations.,Resolved by providing workaround. Customer satisfaction: 3/5.,3
TICKET-01283,CUST-0196,AuditPro Corp,SMB,Feature,UI/UX feedback,Low,2024-03-03,2024-03-05,60,AuditPro Corp (SMB) reported: UI/UX feedback. Severity: Low.,Resolved by providing workaround. Customer satisfaction: 3/5.,3
TICKET-01284,CUST-0196,AuditPro Corp,SMB,Feature,Missing functionality,Low,2025-09-10,2025-09-11,26,AuditPro Corp (SMB) reported: Missing functionality. Severity: Low.,Resolved by providing configuration change. Customer satisfaction: 2/5.,2
TICKET-01285,CUST-0196,AuditPro Corp,SMB,Billing,Plan change request,Medium,2026-05-29,2026-06-01,79,AuditPro Corp (SMB) reported: Plan change request. Severity: Medium.,Resolved by providing workaround. Customer satisfaction: 3/5.,3
TICKET-01286,CUST-0197,LoadBalance Inc,SMB,Billing,Payment issue,Low,2026-06-01,2026-06-06,143,LoadBalance Inc (SMB) reported: Payment issue. Severity: Low.,Resolved by providing fix. Customer satisfaction: 3/5.,3
TICKET-01287,CUST-0197,LoadBalance Inc,SMB,Technical,Authentication failure,High,2026-04-02,2026-04-02,22,LoadBalance Inc (SMB) reported: Authentication failure. Severity: High. Impacting business operations.,Resolved by providing workaround. Customer satisfaction: 2/5.,2
TICKET-01288,CUST-0197,LoadBalance Inc,SMB,Training,Best practices,Medium,2026-06-30,2026-07-01,36,LoadBalance Inc (SMB) reported: Best practices. Severity: Medium.,Resolved by providing workaround. Customer satisfaction: 3/5.,3
TICKET-01289,CUST-0197,LoadBalance Inc,SMB,Training,Setup help,Low,2026-05-31,2026-06-01,44,LoadBalance Inc (SMB) reported: Setup help. Severity: Low.,Resolved by providing workaround. Customer satisfaction: 3/5.,3
TICKET-01290,CUST-0197,LoadBalance Inc,SMB,Training,How-to question,Medium,2026-03-11,2026-03-14,86,LoadBalance Inc (SMB) reported: How-to question. Severity: Medium.,Resolved by providing documentation. Customer satisfaction: 3/5.,3
TICKET-01291,CUST-0197,LoadBalance Inc,SMB,Training,Setup help,High,2026-04-08,2026-04-09,44,LoadBalance Inc (SMB) reported: Setup help. Severity: High. Impacting business operations.,Resolved by providing fix. Customer satisfaction: 4/5.,4
TICKET-01292,CUST-0197,LoadBalance Inc,SMB,Feature,Missing functionality,Low,2026-04-12,2026-04-16,113,LoadBalance Inc (SMB) reported: Missing functionality. Severity: Low.,Resolved by providing fix. Customer satisfaction: 4/5.,4
TICKET-01293,CUST-0197,LoadBalance Inc,SMB,Billing,Plan change request,Medium,2026-06-24,2026-06-25,37,LoadBalance Inc (SMB) reported: Plan change request. Severity: Medium.,Resolved by providing workaround. Customer satisfaction: 4/5.,4
TICKET-01294,CUST-0198,StreamPro Labs,Commercial,Training,Setup help,High,2025-11-02,2025-11-04,48,StreamPro Labs (Commercial) reported: Setup help. Severity: High. Impacting business operations.,Resolved by providing workaround. Customer satisfaction: 4/5.,4
TICKET-01295,CUST-0198,StreamPro Labs,Commercial,Feature,Missing functionality,Medium,2025-08-02,2025-08-03,33,StreamPro Labs (Commercial) reported: Missing functionality. Severity: Medium.,Resolved by providing fix. Customer satisfaction: 4/5.,4
TICKET-01296,CUST-0198,StreamPro Labs,Commercial,Training,How-to question,High,2025-10-19,2025-10-20,27,StreamPro Labs (Commercial) reported: How-to question. Severity: High. Impacting business operations.,Resolved by providing feature update. Customer satisfaction: 3/5.,3
TICKET-01297,CUST-0198,StreamPro Labs,Commercial,Billing,Pricing clarification,Medium,2025-10-05,2025-10-08,92,StreamPro Labs (Commercial) reported: Pricing clarification. Severity: Medium.,Resolved by providing configuration change. Customer satisfaction: 4/5.,4
TICKET-01298,CUST-0198,StreamPro Labs,Commercial,Training,How-to question,High,2026-05-10,2026-05-10,4,StreamPro Labs (Commercial) reported: How-to question. Severity: High. Impacting business operations.,Resolved by providing workaround. Customer satisfaction: 1/5.,1
TICKET-01299,CUST-0198,StreamPro Labs,Commercial,Technical,API error,High,2025-07-23,2025-07-24,46,StreamPro Labs (Commercial) reported: API error. Severity: High. Impacting business operations.,Resolved by providing documentation. Customer satisfaction: 3/5.,3
TICKET-01300,CUST-0199,BackupCloud LLC,Commercial,Billing,Plan change request,Medium,2025-03-24,2025-03-24,19,BackupCloud LLC (Commercial) reported: Plan change request. Severity: Medium.,Resolved by providing feature update. Customer satisfaction: 1/5.,1
TICKET-01301,CUST-0199,BackupCloud LLC,Commercial,Technical,Authentication failure,Medium,2024-08-18,2024-08-19,46,BackupCloud LLC (Commercial) reported: Authentication failure. Severity: Medium.,Resolved by providing configuration change. Customer satisfaction: 1/5.,1
TICKET-01302,CUST-0199,BackupCloud LLC,Commercial,Feature,Feature request,Medium,2025-07-18,2025-07-20,67,BackupCloud LLC (Commercial) reported: Feature request. Severity: Medium.,Resolved by providing fix. Customer satisfaction: 1/5.,1
TICKET-01303,CUST-0199,BackupCloud LLC,Commercial,Technical,Integration issue,High,2024-02-22,2024-02-23,34,BackupCloud LLC (Commercial) reported: Integration issue. Severity: High. Impacting business operations.,Resolved by providing feature update. Customer satisfaction: 4/5.,4
TICKET-01304,CUST-0199,BackupCloud LLC,Commercial,Billing,Pricing clarification,Medium,2024-05-10,2024-05-13,95,BackupCloud LLC (Commercial) reported: Pricing clarification. Severity: Medium.,Resolved by providing feature update. Customer satisfaction: 3/5.,3
TICKET-01305,CUST-0199,BackupCloud LLC,Commercial,Feature,Missing functionality,Critical,2024-06-28,2024-06-28,5,BackupCloud LLC (Commercial) reported: Missing functionality. Severity: Critical. Impacting business operations.,Resolved by providing configuration change. Customer satisfaction: 1/5.,1
TICKET-01306,CUST-0199,BackupCloud LLC,Commercial,Training,How-to question,Medium,2024-05-09,2024-05-09,14,BackupCloud LLC (Commercial) reported: How-to question. Severity: Medium.,Resolved by providing workaround. Customer satisfaction: 1/5.,1
TICKET-01307,CUST-0199,BackupCloud LLC,Commercial,Billing,Invoice question,Medium,2025-09-09,2025-09-12,84,BackupCloud LLC (Commercial) reported: Invoice question. Severity: Medium.,Resolved by providing fix. Customer satisfaction: 1/5.,1
TICKET-01308,CUST-0199,BackupCloud LLC,Commercial,Feature,Missing functionality,Critical,2024-08-24,2024-08-24,4,BackupCloud LLC (Commercial) reported: Missing functionality. Severity: Critical. Impacting business operations.,Resolved by providing configuration change. Customer satisfaction: 2/5.,2
TICKET-01309,CUST-0199,BackupCloud LLC,Commercial,Training,How-to question,Medium,2025-09-18,2025-09-20,56,BackupCloud LLC (Commercial) reported: How-to question. Severity: Medium.,Resolved by providing configuration change. Customer satisfaction: 1/5.,1
TICKET-01310,CUST-0199,BackupCloud LLC,Commercial,Feature,Missing functionality,Critical,2024-04-04,2024-04-04,7,BackupCloud LLC (Commercial) reported: Missing functionality. Severity: Critical. Impacting business operations.,Resolved by providing fix. Customer satisfaction: 1/5.,1
TICKET-01311,CUST-0200,ScaleSystems Labs,SMB,Training,Documentation request,Medium,2026-06-08,2026-06-09,42,ScaleSystems Labs (SMB) reported: Documentation request. Severity: Medium.,Resolved by providing workaround. Customer satisfaction: 4/5.,4
