Method,faithfulness,answer_relevancy,context_recall,context_precision,answer_correctness,semantic_similarity
naive,0.6134044386985563,0.5616570423425781,0.7666666666666666,0.79999999992,0.5812505876294934,0.943421102204107
multi_query,0.7365759240759242,0.5609597145658493,0.7833333333333334,0.6416666666095834,0.6601098448890647,0.942226532968097
contextual_compression,0.42343073593073594,0.5699430210766439,0.4004761904761905,0.29999999997,0.45632055020084017,0.9212814253049124
parent_document,0.6877605085921515,0.6530072206575637,0.9466666666666667,0.89999999991,0.6310697291665612,0.9581767530734233
reranking,0.6159722222222221,0.5611565596164632,0.7783333333333333,0.74999999993,0.6153195654337,0.9418091950261134
